storm_id,year,time_utc,lat,lon,source
WP012017,2017,2017-01-07T12:00:00Z,7.90,127.80,JTWC b-deck
WP012017,2017,2017-01-07T18:00:00Z,8.40,127.50,JTWC b-deck
WP012017,2017,2017-01-08T00:00:00Z,9.00,127.10,JTWC b-deck
WP012017,2017,2017-01-08T06:00:00Z,9.50,126.50,JTWC b-deck
WP012017,2017,2017-01-08T12:00:00Z,9.80,125.90,JTWC b-deck
WP012017,2017,2017-01-08T18:00:00Z,10.00,125.40,JTWC b-deck
WP012017,2017,2017-01-09T00:00:00Z,10.20,124.90,JTWC b-deck
WP012017,2017,2017-01-09T06:00:00Z,10.30,124.00,JTWC b-deck
WP012017,2017,2017-01-09T12:00:00Z,10.00,122.90,JTWC b-deck
WP012017,2017,2017-01-09T18:00:00Z,9.20,122.00,JTWC b-deck
WP012017,2017,2017-01-10T00:00:00Z,8.30,121.40,JTWC b-deck
WP012017,2017,2017-01-10T06:00:00Z,7.90,120.40,JTWC b-deck
WP012017,2017,2017-01-10T12:00:00Z,8.00,119.70,JTWC b-deck
WP012017,2017,2017-01-10T18:00:00Z,8.40,118.80,JTWC b-deck
WP012017,2017,2017-01-11T00:00:00Z,9.20,117.70,JTWC b-deck
WP012017,2017,2017-01-11T06:00:00Z,9.60,116.50,JTWC b-deck
WP012017,2017,2017-01-11T12:00:00Z,9.90,115.30,JTWC b-deck
WP012017,2017,2017-01-11T18:00:00Z,10.20,114.10,JTWC b-deck
WP012017,2017,2017-01-12T00:00:00Z,10.50,113.20,JTWC b-deck
WP012017,2017,2017-01-12T06:00:00Z,10.80,112.50,JTWC b-deck
WP012017,2017,2017-01-12T12:00:00Z,10.60,112.70,JTWC b-deck
WP012017,2017,2017-01-12T18:00:00Z,10.80,112.60,JTWC b-deck
WP012017,2017,2017-01-13T00:00:00Z,11.00,112.50,JTWC b-deck
WP012017,2017,2017-01-13T06:00:00Z,11.30,112.20,JTWC b-deck
WP012017,2017,2017-01-13T12:00:00Z,10.90,112.00,JTWC b-deck
WP012017,2017,2017-01-13T18:00:00Z,10.50,111.60,JTWC b-deck
WP012017,2017,2017-01-14T00:00:00Z,10.30,111.20,JTWC b-deck
WP012017,2017,2017-01-14T06:00:00Z,10.00,111.00,JTWC b-deck
WP012017,2017,2017-01-14T12:00:00Z,9.60,110.70,JTWC b-deck
WP012017,2017,2017-01-14T18:00:00Z,9.40,110.00,JTWC b-deck
WP012017,2017,2017-01-15T00:00:00Z,9.50,109.80,JTWC b-deck
WP012017,2017,2017-01-15T06:00:00Z,9.60,109.40,JTWC b-deck
WP012017,2017,2017-01-15T12:00:00Z,9.50,109.00,JTWC b-deck
WP012017,2017,2017-01-15T18:00:00Z,9.30,108.30,JTWC b-deck
WP012017,2017,2017-01-16T00:00:00Z,9.10,107.50,JTWC b-deck
WP012018,2018,2017-12-31T18:00:00Z,8.60,131.00,JTWC b-deck
WP012018,2018,2018-01-01T00:00:00Z,8.90,129.30,JTWC b-deck
WP012018,2018,2018-01-01T06:00:00Z,9.20,127.60,JTWC b-deck
WP012018,2018,2018-01-01T12:00:00Z,9.30,126.40,JTWC b-deck
WP012018,2018,2018-01-01T18:00:00Z,9.40,124.60,JTWC b-deck
WP012018,2018,2018-01-02T00:00:00Z,9.40,122.50,JTWC b-deck
WP012018,2018,2018-01-02T06:00:00Z,9.30,120.60,JTWC b-deck
WP012018,2018,2018-01-02T12:00:00Z,9.10,119.10,JTWC b-deck
WP012018,2018,2018-01-02T18:00:00Z,9.70,117.60,JTWC b-deck
WP012018,2018,2018-01-03T00:00:00Z,10.40,115.90,JTWC b-deck
WP012018,2018,2018-01-03T06:00:00Z,11.00,114.60,JTWC b-deck
WP012018,2018,2018-01-03T12:00:00Z,11.50,113.20,JTWC b-deck
WP012018,2018,2018-01-03T18:00:00Z,11.90,111.90,JTWC b-deck
WP012018,2018,2018-01-04T00:00:00Z,12.30,111.00,JTWC b-deck
WP012018,2018,2018-01-04T06:00:00Z,12.20,110.10,JTWC b-deck
WP012019,2019,2019-01-04T00:00:00Z,2.60,174.80,JTWC b-deck
WP012019,2019,2019-01-04T06:00:00Z,2.80,174.80,JTWC b-deck
WP012019,2019,2019-01-04T12:00:00Z,2.90,174.70,JTWC b-deck
WP012019,2019,2019-01-04T18:00:00Z,3.10,174.60,JTWC b-deck
WP012019,2019,2019-01-05T00:00:00Z,3.30,174.60,JTWC b-deck
WP012019,2019,2019-01-05T06:00:00Z,3.60,174.80,JTWC b-deck
WP012019,2019,2019-01-05T12:00:00Z,3.80,174.80,JTWC b-deck
WP012019,2019,2019-01-05T18:00:00Z,4.20,174.80,JTWC b-deck
WP012019,2019,2019-01-06T00:00:00Z,4.50,174.70,JTWC b-deck
WP012019,2019,2019-01-06T06:00:00Z,4.80,174.40,JTWC b-deck
WP012019,2019,2019-01-06T12:00:00Z,5.10,173.90,JTWC b-deck
WP012019,2019,2019-01-06T18:00:00Z,4.80,173.40,JTWC b-deck
WP012019,2019,2019-01-07T00:00:00Z,4.60,173.60,JTWC b-deck
WP012019,2019,2019-01-07T06:00:00Z,4.10,173.60,JTWC b-deck
WP012019,2019,2019-01-07T12:00:00Z,3.50,173.20,JTWC b-deck
WP012019,2019,2019-01-07T18:00:00Z,3.60,172.50,JTWC b-deck
WP012019,2019,2019-01-08T00:00:00Z,3.70,172.00,JTWC b-deck
WP012019,2019,2019-01-08T06:00:00Z,4.00,171.40,JTWC b-deck
WP012019,2019,2019-01-08T12:00:00Z,4.20,170.60,JTWC b-deck
WP012019,2019,2019-01-08T18:00:00Z,4.10,169.50,JTWC b-deck
WP012019,2019,2019-01-09T00:00:00Z,3.80,168.30,JTWC b-deck
WP012019,2019,2019-01-09T06:00:00Z,3.10,167.30,JTWC b-deck
WP012019,2019,2019-01-09T12:00:00Z,2.20,166.90,JTWC b-deck
WP012019,2019,2019-01-09T18:00:00Z,2.80,165.60,JTWC b-deck
WP012019,2019,2019-01-10T00:00:00Z,3.80,164.70,JTWC b-deck
WP012019,2019,2019-01-10T06:00:00Z,4.70,163.80,JTWC b-deck
WP012019,2019,2019-01-10T12:00:00Z,5.00,162.60,JTWC b-deck
WP012019,2019,2019-01-10T18:00:00Z,5.20,161.30,JTWC b-deck
WP012019,2019,2019-01-11T00:00:00Z,5.20,160.20,JTWC b-deck
WP012019,2019,2019-01-11T06:00:00Z,5.20,159.50,JTWC b-deck
WP012019,2019,2019-01-11T12:00:00Z,5.30,159.00,JTWC b-deck
WP012019,2019,2019-01-11T18:00:00Z,5.40,158.60,JTWC b-deck
WP012019,2019,2019-01-12T00:00:00Z,5.50,158.30,JTWC b-deck
WP012019,2019,2019-01-12T06:00:00Z,5.60,158.10,JTWC b-deck
WP012019,2019,2019-01-12T12:00:00Z,5.60,157.80,JTWC b-deck
WP012019,2019,2019-01-12T18:00:00Z,5.50,157.40,JTWC b-deck
WP012019,2019,2019-01-13T00:00:00Z,5.40,157.00,JTWC b-deck
WP012019,2019,2019-01-13T06:00:00Z,5.30,156.60,JTWC b-deck
WP012019,2019,2019-01-13T12:00:00Z,5.10,156.00,JTWC b-deck
WP012019,2019,2019-01-13T18:00:00Z,4.80,155.30,JTWC b-deck
WP012019,2019,2019-01-14T00:00:00Z,4.60,154.40,JTWC b-deck
WP012019,2019,2019-01-14T06:00:00Z,4.50,153.60,JTWC b-deck
WP012019,2019,2019-01-14T12:00:00Z,4.50,153.00,JTWC b-deck
WP012019,2019,2019-01-14T18:00:00Z,4.50,152.50,JTWC b-deck
WP012019,2019,2019-01-15T00:00:00Z,4.40,152.10,JTWC b-deck
WP012019,2019,2019-01-15T06:00:00Z,4.20,151.60,JTWC b-deck
WP012019,2019,2019-01-15T12:00:00Z,4.00,151.00,JTWC b-deck
WP012019,2019,2019-01-15T18:00:00Z,4.10,150.30,JTWC b-deck
WP012019,2019,2019-01-16T00:00:00Z,4.10,149.40,JTWC b-deck
WP012019,2019,2019-01-16T06:00:00Z,4.40,148.10,JTWC b-deck
WP012019,2019,2019-01-16T12:00:00Z,5.30,147.10,JTWC b-deck
WP012019,2019,2019-01-16T18:00:00Z,5.90,146.00,JTWC b-deck
WP012019,2019,2019-01-17T00:00:00Z,5.90,144.60,JTWC b-deck
WP012019,2019,2019-01-17T06:00:00Z,6.10,143.20,JTWC b-deck
WP012019,2019,2019-01-17T12:00:00Z,6.30,141.70,JTWC b-deck
WP012019,2019,2019-01-17T18:00:00Z,6.30,140.20,JTWC b-deck
WP012019,2019,2019-01-18T00:00:00Z,6.40,138.90,JTWC b-deck
WP012019,2019,2019-01-18T06:00:00Z,6.60,138.20,JTWC b-deck
WP012019,2019,2019-01-18T12:00:00Z,6.90,137.80,JTWC b-deck
WP012019,2019,2019-01-18T18:00:00Z,7.00,136.50,JTWC b-deck
WP012019,2019,2019-01-19T00:00:00Z,6.60,134.60,JTWC b-deck
WP012019,2019,2019-01-19T06:00:00Z,6.50,132.30,JTWC b-deck
WP012019,2019,2019-01-19T12:00:00Z,7.00,131.00,JTWC b-deck
WP012019,2019,2019-01-19T18:00:00Z,7.40,129.70,JTWC b-deck
WP012019,2019,2019-01-20T00:00:00Z,7.70,128.30,JTWC b-deck
WP012019,2019,2019-01-20T06:00:00Z,8.80,127.40,JTWC b-deck
WP012019,2019,2019-01-20T12:00:00Z,9.70,126.70,JTWC b-deck
WP012019,2019,2019-01-20T18:00:00Z,10.30,126.50,JTWC b-deck
WP012019,2019,2019-01-21T00:00:00Z,10.90,126.40,JTWC b-deck
WP012019,2019,2019-01-21T06:00:00Z,11.60,126.30,JTWC b-deck
WP012019,2019,2019-01-21T12:00:00Z,12.60,126.20,JTWC b-deck
WP012019,2019,2019-01-21T18:00:00Z,13.10,126.20,JTWC b-deck
WP012019,2019,2019-01-22T00:00:00Z,13.30,125.90,JTWC b-deck
WP012019,2019,2019-01-22T06:00:00Z,12.60,125.70,JTWC b-deck
WP012019,2019,2019-01-22T12:00:00Z,12.00,125.70,JTWC b-deck
WP012020,2020,2020-05-08T06:00:00Z,7.20,133.90,JTWC b-deck
WP012020,2020,2020-05-08T12:00:00Z,7.20,133.90,JTWC b-deck
WP012020,2020,2020-05-08T18:00:00Z,6.80,133.50,JTWC b-deck
WP012020,2020,2020-05-09T00:00:00Z,6.50,133.20,JTWC b-deck
WP012020,2020,2020-05-09T06:00:00Z,6.50,132.80,JTWC b-deck
WP012020,2020,2020-05-09T12:00:00Z,6.80,132.40,JTWC b-deck
WP012020,2020,2020-05-09T18:00:00Z,7.00,132.00,JTWC b-deck
WP012020,2020,2020-05-10T00:00:00Z,7.30,131.50,JTWC b-deck
WP012020,2020,2020-05-10T06:00:00Z,7.70,130.80,JTWC b-deck
WP012020,2020,2020-05-10T12:00:00Z,8.00,130.40,JTWC b-deck
WP012020,2020,2020-05-10T18:00:00Z,8.20,130.10,JTWC b-deck
WP012020,2020,2020-05-11T00:00:00Z,8.50,129.80,JTWC b-deck
WP012020,2020,2020-05-11T06:00:00Z,8.80,129.50,JTWC b-deck
WP012020,2020,2020-05-11T12:00:00Z,9.10,129.10,JTWC b-deck
WP012020,2020,2020-05-11T18:00:00Z,9.60,128.90,JTWC b-deck
WP012020,2020,2020-05-12T00:00:00Z,10.30,129.10,JTWC b-deck
WP012020,2020,2020-05-12T06:00:00Z,10.90,129.70,JTWC b-deck
WP012020,2020,2020-05-12T12:00:00Z,11.40,129.70,JTWC b-deck
WP012020,2020,2020-05-12T18:00:00Z,11.70,129.20,JTWC b-deck
WP012020,2020,2020-05-12T18:00:00Z,11.70,129.20,JTWC b-deck
WP012020,2020,2020-05-13T00:00:00Z,11.90,128.90,JTWC b-deck
WP012020,2020,2020-05-13T00:00:00Z,11.90,128.90,JTWC b-deck
WP012020,2020,2020-05-13T06:00:00Z,12.00,128.50,JTWC b-deck
WP012020,2020,2020-05-13T06:00:00Z,12.00,128.50,JTWC b-deck
WP012020,2020,2020-05-13T06:00:00Z,12.00,128.50,JTWC b-deck
WP012020,2020,2020-05-13T12:00:00Z,12.10,127.90,JTWC b-deck
WP012020,2020,2020-05-13T12:00:00Z,12.10,127.90,JTWC b-deck
WP012020,2020,2020-05-13T12:00:00Z,12.10,127.90,JTWC b-deck
WP012020,2020,2020-05-13T18:00:00Z,12.10,127.00,JTWC b-deck
WP012020,2020,2020-05-13T18:00:00Z,12.10,127.00,JTWC b-deck
WP012020,2020,2020-05-13T18:00:00Z,12.10,127.00,JTWC b-deck
WP012020,2020,2020-05-14T00:00:00Z,12.10,126.20,JTWC b-deck
WP012020,2020,2020-05-14T00:00:00Z,12.10,126.20,JTWC b-deck
WP012020,2020,2020-05-14T00:00:00Z,12.10,126.20,JTWC b-deck
WP012020,2020,2020-05-14T06:00:00Z,12.20,125.30,JTWC b-deck
WP012020,2020,2020-05-14T06:00:00Z,12.20,125.30,JTWC b-deck
WP012020,2020,2020-05-14T06:00:00Z,12.20,125.30,JTWC b-deck
WP012020,2020,2020-05-14T12:00:00Z,12.30,124.60,JTWC b-deck
WP012020,2020,2020-05-14T12:00:00Z,12.30,124.60,JTWC b-deck
WP012020,2020,2020-05-14T12:00:00Z,12.30,124.60,JTWC b-deck
WP012020,2020,2020-05-14T18:00:00Z,12.50,123.60,JTWC b-deck
WP012020,2020,2020-05-14T18:00:00Z,12.50,123.60,JTWC b-deck
WP012020,2020,2020-05-14T18:00:00Z,12.50,123.60,JTWC b-deck
WP012020,2020,2020-05-15T00:00:00Z,13.30,122.70,JTWC b-deck
WP012020,2020,2020-05-15T00:00:00Z,13.30,122.70,JTWC b-deck
WP012020,2020,2020-05-15T06:00:00Z,14.00,122.00,JTWC b-deck
WP012020,2020,2020-05-15T06:00:00Z,14.00,122.00,JTWC b-deck
WP012020,2020,2020-05-15T12:00:00Z,15.20,121.50,JTWC b-deck
WP012020,2020,2020-05-15T12:00:00Z,15.20,121.50,JTWC b-deck
WP012020,2020,2020-05-15T18:00:00Z,16.20,121.10,JTWC b-deck
WP012020,2020,2020-05-16T00:00:00Z,18.00,120.00,JTWC b-deck
WP012020,2020,2020-05-16T06:00:00Z,18.70,120.00,JTWC b-deck
WP012020,2020,2020-05-16T12:00:00Z,19.20,120.30,JTWC b-deck
WP012020,2020,2020-05-16T18:00:00Z,20.30,120.50,JTWC b-deck
WP012020,2020,2020-05-17T00:00:00Z,20.60,120.20,JTWC b-deck
WP012020,2020,2020-05-17T06:00:00Z,21.20,120.70,JTWC b-deck
WP012021,2021,2021-02-14T12:00:00Z,5.90,141.60,JTWC b-deck
WP012021,2021,2021-02-14T18:00:00Z,6.20,141.10,JTWC b-deck
WP012021,2021,2021-02-15T00:00:00Z,6.40,140.90,JTWC b-deck
WP012021,2021,2021-02-15T06:00:00Z,6.20,140.40,JTWC b-deck
WP012021,2021,2021-02-15T12:00:00Z,6.00,139.90,JTWC b-deck
WP012021,2021,2021-02-15T18:00:00Z,5.90,139.00,JTWC b-deck
WP012021,2021,2021-02-16T00:00:00Z,6.10,138.00,JTWC b-deck
WP012021,2021,2021-02-16T06:00:00Z,6.50,136.90,JTWC b-deck
WP012021,2021,2021-02-16T12:00:00Z,6.70,136.40,JTWC b-deck
WP012021,2021,2021-02-16T18:00:00Z,6.80,135.10,JTWC b-deck
WP012021,2021,2021-02-17T00:00:00Z,6.60,134.30,JTWC b-deck
WP012021,2021,2021-02-17T06:00:00Z,6.70,133.70,JTWC b-deck
WP012021,2021,2021-02-17T12:00:00Z,6.80,133.10,JTWC b-deck
WP012021,2021,2021-02-17T18:00:00Z,6.90,132.80,JTWC b-deck
WP012021,2021,2021-02-18T00:00:00Z,7.10,132.50,JTWC b-deck
WP012021,2021,2021-02-18T06:00:00Z,7.30,132.10,JTWC b-deck
WP012021,2021,2021-02-18T12:00:00Z,7.20,131.90,JTWC b-deck
WP012021,2021,2021-02-18T18:00:00Z,7.10,131.80,JTWC b-deck
WP012021,2021,2021-02-19T00:00:00Z,7.10,131.40,JTWC b-deck
WP012021,2021,2021-02-19T06:00:00Z,7.00,130.40,JTWC b-deck
WP012021,2021,2021-02-19T12:00:00Z,6.30,130.60,JTWC b-deck
WP012021,2021,2021-02-19T18:00:00Z,6.20,131.00,JTWC b-deck
WP012021,2021,2021-02-20T00:00:00Z,6.40,131.30,JTWC b-deck
WP012021,2021,2021-02-20T06:00:00Z,6.90,131.70,JTWC b-deck
WP012021,2021,2021-02-20T12:00:00Z,7.80,131.20,JTWC b-deck
WP012021,2021,2021-02-20T18:00:00Z,8.20,130.30,JTWC b-deck
WP012021,2021,2021-02-21T00:00:00Z,8.50,129.00,JTWC b-deck
WP012021,2021,2021-02-21T06:00:00Z,8.80,128.20,JTWC b-deck
WP012021,2021,2021-02-21T12:00:00Z,8.90,127.70,JTWC b-deck
WP012021,2021,2021-02-21T18:00:00Z,9.90,126.80,JTWC b-deck
WP012021,2021,2021-02-22T00:00:00Z,10.90,126.20,JTWC b-deck
WP012021,2021,2021-02-22T06:00:00Z,12.00,125.10,JTWC b-deck
WP012022,2022,2022-03-29T00:00:00Z,9.40,116.40,JTWC b-deck
WP012022,2022,2022-03-29T06:00:00Z,10.30,115.40,JTWC b-deck
WP012022,2022,2022-03-29T12:00:00Z,10.90,114.30,JTWC b-deck
WP012022,2022,2022-03-29T18:00:00Z,11.40,112.90,JTWC b-deck
WP012022,2022,2022-03-30T00:00:00Z,11.60,111.60,JTWC b-deck
WP012022,2022,2022-03-30T06:00:00Z,11.90,110.50,JTWC b-deck
WP012022,2022,2022-03-30T12:00:00Z,11.70,110.10,JTWC b-deck
WP012022,2022,2022-03-30T18:00:00Z,12.50,109.70,JTWC b-deck
WP012022,2022,2022-03-31T00:00:00Z,12.90,109.30,JTWC b-deck
WP012022,2022,2022-03-31T06:00:00Z,13.50,108.10,JTWC b-deck
WP012022,2022,2022-03-31T12:00:00Z,13.80,107.10,JTWC b-deck
WP012022,2022,2022-03-31T18:00:00Z,14.00,106.60,JTWC b-deck
WP012022,2022,2022-04-01T00:00:00Z,14.70,106.00,JTWC b-deck
WP012022,2022,2022-04-01T06:00:00Z,15.20,104.90,JTWC b-deck
WP012023,2023,2023-04-18T00:00:00Z,2.60,159.60,JTWC b-deck
WP012023,2023,2023-04-18T06:00:00Z,2.80,159.90,JTWC b-deck
WP012023,2023,2023-04-18T12:00:00Z,3.00,160.10,JTWC b-deck
WP012023,2023,2023-04-18T18:00:00Z,3.40,160.00,JTWC b-deck
WP012023,2023,2023-04-19T00:00:00Z,3.90,159.80,JTWC b-deck
WP012023,2023,2023-04-19T06:00:00Z,4.70,159.20,JTWC b-deck
WP012023,2023,2023-04-19T12:00:00Z,5.50,158.50,JTWC b-deck
WP012023,2023,2023-04-19T18:00:00Z,6.60,158.10,JTWC b-deck
WP012023,2023,2023-04-20T00:00:00Z,7.90,157.90,JTWC b-deck
WP012023,2023,2023-04-20T06:00:00Z,9.00,157.40,JTWC b-deck
WP012023,2023,2023-04-20T12:00:00Z,9.30,156.60,JTWC b-deck
WP012023,2023,2023-04-20T18:00:00Z,9.70,156.40,JTWC b-deck
WP012023,2023,2023-04-21T00:00:00Z,9.90,156.30,JTWC b-deck
WP012023,2023,2023-04-21T06:00:00Z,10.00,156.10,JTWC b-deck
WP012023,2023,2023-04-21T12:00:00Z,10.20,155.70,JTWC b-deck
WP012023,2023,2023-04-21T18:00:00Z,10.20,154.80,JTWC b-deck
WP012023,2023,2023-04-22T00:00:00Z,10.10,154.00,JTWC b-deck
WP012023,2023,2023-04-22T06:00:00Z,10.10,153.40,JTWC b-deck
WP012023,2023,2023-04-22T12:00:00Z,10.30,153.00,JTWC b-deck
WP012023,2023,2023-04-22T18:00:00Z,10.70,152.70,JTWC b-deck
WP012023,2023,2023-04-23T00:00:00Z,10.70,152.50,JTWC b-deck
WP012023,2023,2023-04-23T06:00:00Z,10.60,152.40,JTWC b-deck
WP012023,2023,2023-04-23T12:00:00Z,10.50,152.30,JTWC b-deck
WP012023,2023,2023-04-23T18:00:00Z,10.50,152.20,JTWC b-deck
WP012023,2023,2023-04-24T00:00:00Z,10.50,152.00,JTWC b-deck
WP012023,2023,2023-04-24T06:00:00Z,10.80,151.20,JTWC b-deck
WP012023,2023,2023-04-24T12:00:00Z,10.90,150.40,JTWC b-deck
WP012023,2023,2023-04-24T18:00:00Z,11.00,149.60,JTWC b-deck
WP012023,2023,2023-04-25T00:00:00Z,10.70,149.00,JTWC b-deck
WP012023,2023,2023-04-25T06:00:00Z,10.50,148.60,JTWC b-deck
WP012023,2023,2023-04-25T12:00:00Z,10.40,148.30,JTWC b-deck
WP012023,2023,2023-04-25T18:00:00Z,10.20,147.80,JTWC b-deck
WP012023,2023,2023-04-26T00:00:00Z,10.00,147.20,JTWC b-deck
WP012023,2023,2023-04-26T06:00:00Z,9.90,146.30,JTWC b-deck
WP012023,2023,2023-04-26T12:00:00Z,10.20,145.10,JTWC b-deck
WP012023,2023,2023-04-26T18:00:00Z,10.50,143.60,JTWC b-deck
WP012024,2024,2024-05-20T00:00:00Z,2.50,142.20,JTWC b-deck
WP012024,2024,2024-05-20T06:00:00Z,2.20,140.90,JTWC b-deck
WP012024,2024,2024-05-20T12:00:00Z,1.90,139.70,JTWC b-deck
WP012024,2024,2024-05-20T18:00:00Z,2.60,138.90,JTWC b-deck
WP012024,2024,2024-05-21T00:00:00Z,3.10,138.10,JTWC b-deck
WP012024,2024,2024-05-21T06:00:00Z,3.70,137.50,JTWC b-deck
WP012024,2024,2024-05-21T12:00:00Z,4.20,136.90,JTWC b-deck
WP012024,2024,2024-05-21T18:00:00Z,4.60,136.40,JTWC b-deck
WP012024,2024,2024-05-22T00:00:00Z,5.10,135.90,JTWC b-deck
WP012024,2024,2024-05-22T06:00:00Z,5.30,135.10,JTWC b-deck
WP012024,2024,2024-05-22T12:00:00Z,5.40,134.30,JTWC b-deck
WP012024,2024,2024-05-22T18:00:00Z,5.60,133.60,JTWC b-deck
WP012024,2024,2024-05-23T00:00:00Z,5.80,132.90,JTWC b-deck
WP012024,2024,2024-05-23T06:00:00Z,6.90,132.50,JTWC b-deck
WP012024,2024,2024-05-23T12:00:00Z,7.80,130.80,JTWC b-deck
WP012024,2024,2024-05-23T18:00:00Z,8.10,129.10,JTWC b-deck
WP012024,2024,2024-05-24T00:00:00Z,8.40,127.60,JTWC b-deck
WP012024,2024,2024-05-24T06:00:00Z,9.40,126.90,JTWC b-deck
WP012024,2024,2024-05-24T12:00:00Z,10.40,126.10,JTWC b-deck
WP012024,2024,2024-05-24T18:00:00Z,11.30,125.00,JTWC b-deck
WP012024,2024,2024-05-25T00:00:00Z,12.30,123.80,JTWC b-deck
WP012024,2024,2024-05-25T06:00:00Z,12.70,122.80,JTWC b-deck
WP012024,2024,2024-05-25T12:00:00Z,13.20,122.30,JTWC b-deck
WP012024,2024,2024-05-25T18:00:00Z,13.60,121.90,JTWC b-deck
WP012024,2024,2024-05-25T18:00:00Z,13.60,121.90,JTWC b-deck
WP012024,2024,2024-05-26T00:00:00Z,14.00,121.40,JTWC b-deck
WP012024,2024,2024-05-26T00:00:00Z,14.00,121.40,JTWC b-deck
WP012024,2024,2024-05-26T06:00:00Z,14.40,121.80,JTWC b-deck
WP012024,2024,2024-05-26T06:00:00Z,14.40,121.80,JTWC b-deck
WP012024,2024,2024-05-26T12:00:00Z,14.90,122.20,JTWC b-deck
WP012024,2024,2024-05-26T12:00:00Z,14.90,122.20,JTWC b-deck
WP012024,2024,2024-05-26T12:00:00Z,14.90,122.20,JTWC b-deck
WP012024,2024,2024-05-26T18:00:00Z,15.50,122.50,JTWC b-deck
WP012024,2024,2024-05-26T18:00:00Z,15.50,122.50,JTWC b-deck
WP012024,2024,2024-05-26T18:00:00Z,15.50,122.50,JTWC b-deck
WP012024,2024,2024-05-26T21:00:00Z,15.70,122.70,JTWC b-deck
WP012024,2024,2024-05-26T21:00:00Z,15.70,122.70,JTWC b-deck
WP012024,2024,2024-05-26T21:00:00Z,15.70,122.70,JTWC b-deck
WP012024,2024,2024-05-27T00:00:00Z,15.80,122.80,JTWC b-deck
WP012024,2024,2024-05-27T00:00:00Z,15.80,122.80,JTWC b-deck
WP012024,2024,2024-05-27T00:00:00Z,15.80,122.80,JTWC b-deck
WP012024,2024,2024-05-27T06:00:00Z,16.40,123.50,JTWC b-deck
WP012024,2024,2024-05-27T06:00:00Z,16.40,123.50,JTWC b-deck
WP012024,2024,2024-05-27T06:00:00Z,16.40,123.50,JTWC b-deck
WP012024,2024,2024-05-27T12:00:00Z,17.10,124.00,JTWC b-deck
WP012024,2024,2024-05-27T12:00:00Z,17.10,124.00,JTWC b-deck
WP012024,2024,2024-05-27T12:00:00Z,17.10,124.00,JTWC b-deck
WP012024,2024,2024-05-27T18:00:00Z,17.80,124.60,JTWC b-deck
WP012024,2024,2024-05-27T18:00:00Z,17.80,124.60,JTWC b-deck
WP012024,2024,2024-05-27T18:00:00Z,17.80,124.60,JTWC b-deck
WP012024,2024,2024-05-28T00:00:00Z,18.70,125.70,JTWC b-deck
WP012024,2024,2024-05-28T00:00:00Z,18.70,125.70,JTWC b-deck
WP012024,2024,2024-05-28T00:00:00Z,18.70,125.70,JTWC b-deck
WP012024,2024,2024-05-28T06:00:00Z,19.90,126.80,JTWC b-deck
WP012024,2024,2024-05-28T06:00:00Z,19.90,126.80,JTWC b-deck
WP012024,2024,2024-05-28T06:00:00Z,19.90,126.80,JTWC b-deck
WP012024,2024,2024-05-28T12:00:00Z,21.30,128.10,JTWC b-deck
WP012024,2024,2024-05-28T12:00:00Z,21.30,128.10,JTWC b-deck
WP012024,2024,2024-05-28T12:00:00Z,21.30,128.10,JTWC b-deck
WP012024,2024,2024-05-28T18:00:00Z,22.80,129.30,JTWC b-deck
WP012024,2024,2024-05-28T18:00:00Z,22.80,129.30,JTWC b-deck
WP012024,2024,2024-05-28T18:00:00Z,22.80,129.30,JTWC b-deck
WP012024,2024,2024-05-29T00:00:00Z,24.30,130.80,JTWC b-deck
WP012024,2024,2024-05-29T00:00:00Z,24.30,130.80,JTWC b-deck
WP012024,2024,2024-05-29T00:00:00Z,24.30,130.80,JTWC b-deck
WP012024,2024,2024-05-29T06:00:00Z,25.30,132.00,JTWC b-deck
WP012024,2024,2024-05-29T06:00:00Z,25.30,132.00,JTWC b-deck
WP012024,2024,2024-05-29T06:00:00Z,25.30,132.00,JTWC b-deck
WP012024,2024,2024-05-29T12:00:00Z,26.30,132.90,JTWC b-deck
WP012024,2024,2024-05-29T12:00:00Z,26.30,132.90,JTWC b-deck
WP012024,2024,2024-05-29T12:00:00Z,26.30,132.90,JTWC b-deck
WP012024,2024,2024-05-29T18:00:00Z,27.40,133.80,JTWC b-deck
WP012024,2024,2024-05-29T18:00:00Z,27.40,133.80,JTWC b-deck
WP012024,2024,2024-05-30T00:00:00Z,28.20,134.70,JTWC b-deck
WP012024,2024,2024-05-30T00:00:00Z,28.20,134.70,JTWC b-deck
WP012024,2024,2024-05-30T06:00:00Z,28.90,135.70,JTWC b-deck
WP012024,2024,2024-05-30T12:00:00Z,30.10,136.80,JTWC b-deck
WP012024,2024,2024-05-30T18:00:00Z,31.40,138.10,JTWC b-deck
WP012024,2024,2024-05-31T00:00:00Z,33.20,140.10,JTWC b-deck
WP012024,2024,2024-05-31T06:00:00Z,34.60,143.20,JTWC b-deck
WP012025,2025,2025-06-10T12:00:00Z,15.40,114.30,IBTrACS v04r01 (CMA)
WP012025,2025,2025-06-10T15:00:00Z,15.50,114.20,IBTrACS v04r01 (CMA)
WP012025,2025,2025-06-10T18:00:00Z,15.70,114.20,IBTrACS v04r01 (CMA)
WP012025,2025,2025-06-10T21:00:00Z,15.90,114.20,IBTrACS v04r01 (CMA)
WP012025,2025,2025-06-11T00:00:00Z,16.20,113.90,IBTrACS v04r01 (CMA)
WP012025,2025,2025-06-11T03:00:00Z,16.50,113.20,IBTrACS v04r01 (CMA)
WP012025,2025,2025-06-11T06:00:00Z,16.70,112.40,IBTrACS v04r01 (CMA)
WP012025,2025,2025-06-11T09:00:00Z,16.60,111.80,IBTrACS v04r01 (CMA)
WP012025,2025,2025-06-11T12:00:00Z,16.40,111.40,IBTrACS v04r01 (CMA)
WP012025,2025,2025-06-11T15:00:00Z,16.40,111.10,IBTrACS v04r01 (CMA)
WP012025,2025,2025-06-11T18:00:00Z,16.60,110.90,IBTrACS v04r01 (CMA)
WP012025,2025,2025-06-11T21:00:00Z,16.80,110.60,IBTrACS v04r01 (CMA)
WP012025,2025,2025-06-12T00:00:00Z,17.00,110.30,IBTrACS v04r01 (CMA)
WP012025,2025,2025-06-12T03:00:00Z,17.10,110.10,IBTrACS v04r01 (CMA)
WP012025,2025,2025-06-12T06:00:00Z,17.20,109.90,IBTrACS v04r01 (CMA)
WP012025,2025,2025-06-12T09:00:00Z,17.20,109.80,IBTrACS v04r01 (CMA)
WP012025,2025,2025-06-12T12:00:00Z,17.30,109.60,IBTrACS v04r01 (CMA)
WP012025,2025,2025-06-12T15:00:00Z,17.50,109.30,IBTrACS v04r01 (CMA)
WP012025,2025,2025-06-12T18:00:00Z,17.80,109.10,IBTrACS v04r01 (CMA)
WP012025,2025,2025-06-12T21:00:00Z,18.10,108.80,IBTrACS v04r01 (CMA)
WP012025,2025,2025-06-13T00:00:00Z,18.30,108.60,IBTrACS v04r01 (CMA)
WP012025,2025,2025-06-13T03:00:00Z,18.40,108.50,IBTrACS v04r01 (CMA)
WP012025,2025,2025-06-13T06:00:00Z,18.60,108.30,IBTrACS v04r01 (CMA)
WP012025,2025,2025-06-13T09:00:00Z,18.70,108.30,IBTrACS v04r01 (CMA)
WP012025,2025,2025-06-13T12:00:00Z,18.80,108.40,IBTrACS v04r01 (CMA)
WP012025,2025,2025-06-13T15:00:00Z,19.10,108.70,IBTrACS v04r01 (CMA)
WP012025,2025,2025-06-13T18:00:00Z,19.70,108.80,IBTrACS v04r01 (CMA)
WP012025,2025,2025-06-13T21:00:00Z,20.00,108.90,IBTrACS v04r01 (CMA)
WP012025,2025,2025-06-14T00:00:00Z,20.30,109.10,IBTrACS v04r01 (CMA)
WP012025,2025,2025-06-14T03:00:00Z,20.70,109.50,IBTrACS v04r01 (CMA)
WP012025,2025,2025-06-14T06:00:00Z,21.30,109.90,IBTrACS v04r01 (CMA)
WP012025,2025,2025-06-14T09:00:00Z,21.70,110.20,IBTrACS v04r01 (CMA)
WP022017,2017,2017-04-16T12:00:00Z,13.10,119.60,JTWC b-deck
WP022017,2017,2017-04-16T18:00:00Z,13.60,118.70,JTWC b-deck
WP022017,2017,2017-04-17T00:00:00Z,14.00,117.90,JTWC b-deck
WP022017,2017,2017-04-17T06:00:00Z,14.40,117.20,JTWC b-deck
WP022017,2017,2017-04-17T12:00:00Z,14.70,117.00,JTWC b-deck
WP022017,2017,2017-04-17T18:00:00Z,15.00,116.90,JTWC b-deck
WP022017,2017,2017-04-18T00:00:00Z,15.30,116.90,JTWC b-deck
WP022017,2017,2017-04-18T06:00:00Z,15.90,117.30,JTWC b-deck
WP022017,2017,2017-04-18T12:00:00Z,16.30,117.70,JTWC b-deck
WP022017,2017,2017-04-18T18:00:00Z,16.70,117.90,JTWC b-deck
WP022017,2017,2017-04-19T00:00:00Z,17.30,118.00,JTWC b-deck
WP022017,2017,2017-04-19T06:00:00Z,18.20,118.20,JTWC b-deck
WP022017,2017,2017-04-19T12:00:00Z,19.10,118.80,JTWC b-deck
WP022017,2017,2017-04-19T18:00:00Z,19.90,119.80,JTWC b-deck
WP022017,2017,2017-04-20T00:00:00Z,20.70,120.90,JTWC b-deck
WP022017,2017,2017-04-20T06:00:00Z,21.70,122.20,JTWC b-deck
WP022018,2018,2018-02-08T06:00:00Z,9.50,149.80,JTWC b-deck
WP022018,2018,2018-02-08T12:00:00Z,10.20,148.80,JTWC b-deck
WP022018,2018,2018-02-08T18:00:00Z,10.50,147.80,JTWC b-deck
WP022018,2018,2018-02-09T00:00:00Z,10.60,147.10,JTWC b-deck
WP022018,2018,2018-02-09T06:00:00Z,10.50,146.00,JTWC b-deck
WP022018,2018,2018-02-09T12:00:00Z,10.10,145.10,JTWC b-deck
WP022018,2018,2018-02-09T18:00:00Z,9.20,144.30,JTWC b-deck
WP022018,2018,2018-02-10T00:00:00Z,8.20,143.50,JTWC b-deck
WP022018,2018,2018-02-10T06:00:00Z,7.00,141.70,JTWC b-deck
WP022018,2018,2018-02-10T12:00:00Z,6.40,140.00,JTWC b-deck
WP022018,2018,2018-02-10T18:00:00Z,6.40,138.20,JTWC b-deck
WP022018,2018,2018-02-11T00:00:00Z,6.60,137.40,JTWC b-deck
WP022018,2018,2018-02-11T06:00:00Z,6.90,135.90,JTWC b-deck
WP022018,2018,2018-02-11T12:00:00Z,7.10,134.40,JTWC b-deck
WP022018,2018,2018-02-11T18:00:00Z,6.80,132.90,JTWC b-deck
WP022018,2018,2018-02-12T00:00:00Z,6.90,132.00,JTWC b-deck
WP022018,2018,2018-02-12T06:00:00Z,7.10,130.60,JTWC b-deck
WP022018,2018,2018-02-12T12:00:00Z,8.10,129.00,JTWC b-deck
WP022018,2018,2018-02-12T18:00:00Z,9.00,127.30,JTWC b-deck
WP022018,2018,2018-02-13T00:00:00Z,9.60,126.10,JTWC b-deck
WP022018,2018,2018-02-13T06:00:00Z,9.80,124.90,JTWC b-deck
WP022018,2018,2018-02-13T12:00:00Z,9.30,123.30,JTWC b-deck
WP022018,2018,2018-02-13T18:00:00Z,8.80,121.80,JTWC b-deck
WP022018,2018,2018-02-14T00:00:00Z,8.40,120.40,JTWC b-deck
WP022018,2018,2018-02-14T06:00:00Z,7.70,120.00,JTWC b-deck
WP022018,2018,2018-02-14T12:00:00Z,7.60,119.80,JTWC b-deck
WP022018,2018,2018-02-14T18:00:00Z,7.80,119.90,JTWC b-deck
WP022018,2018,2018-02-15T00:00:00Z,8.00,119.80,JTWC b-deck
WP022018,2018,2018-02-15T06:00:00Z,8.70,119.20,JTWC b-deck
WP022018,2018,2018-02-15T12:00:00Z,9.10,118.20,JTWC b-deck
WP022018,2018,2018-02-15T18:00:00Z,9.30,117.40,JTWC b-deck
WP022019,2019,2019-02-18T12:00:00Z,4.60,162.80,JTWC b-deck
WP022019,2019,2019-02-18T18:00:00Z,4.90,161.30,JTWC b-deck
WP022019,2019,2019-02-19T00:00:00Z,5.00,159.70,JTWC b-deck
WP022019,2019,2019-02-19T06:00:00Z,4.90,158.40,JTWC b-deck
WP022019,2019,2019-02-19T12:00:00Z,4.60,157.00,JTWC b-deck
WP022019,2019,2019-02-19T18:00:00Z,4.60,155.90,JTWC b-deck
WP022019,2019,2019-02-20T00:00:00Z,4.70,154.60,JTWC b-deck
WP022019,2019,2019-02-20T06:00:00Z,5.00,153.60,JTWC b-deck
WP022019,2019,2019-02-20T06:00:00Z,5.00,153.60,JTWC b-deck
WP022019,2019,2019-02-20T12:00:00Z,5.30,152.50,JTWC b-deck
WP022019,2019,2019-02-20T12:00:00Z,5.30,152.50,JTWC b-deck
WP022019,2019,2019-02-20T18:00:00Z,5.80,151.30,JTWC b-deck
WP022019,2019,2019-02-20T18:00:00Z,5.80,151.30,JTWC b-deck
WP022019,2019,2019-02-21T00:00:00Z,6.20,150.40,JTWC b-deck
WP022019,2019,2019-02-21T00:00:00Z,6.20,150.40,JTWC b-deck
WP022019,2019,2019-02-21T00:00:00Z,6.20,150.40,JTWC b-deck
WP022019,2019,2019-02-21T06:00:00Z,6.60,149.60,JTWC b-deck
WP022019,2019,2019-02-21T06:00:00Z,6.60,149.60,JTWC b-deck
WP022019,2019,2019-02-21T06:00:00Z,6.60,149.60,JTWC b-deck
WP022019,2019,2019-02-21T12:00:00Z,7.10,148.80,JTWC b-deck
WP022019,2019,2019-02-21T12:00:00Z,7.10,148.80,JTWC b-deck
WP022019,2019,2019-02-21T12:00:00Z,7.10,148.80,JTWC b-deck
WP022019,2019,2019-02-21T18:00:00Z,7.70,148.00,JTWC b-deck
WP022019,2019,2019-02-21T18:00:00Z,7.70,148.00,JTWC b-deck
WP022019,2019,2019-02-21T18:00:00Z,7.70,148.00,JTWC b-deck
WP022019,2019,2019-02-22T00:00:00Z,8.30,147.10,JTWC b-deck
WP022019,2019,2019-02-22T00:00:00Z,8.30,147.10,JTWC b-deck
WP022019,2019,2019-02-22T00:00:00Z,8.30,147.10,JTWC b-deck
WP022019,2019,2019-02-22T06:00:00Z,9.10,146.10,JTWC b-deck
WP022019,2019,2019-02-22T06:00:00Z,9.10,146.10,JTWC b-deck
WP022019,2019,2019-02-22T06:00:00Z,9.10,146.10,JTWC b-deck
WP022019,2019,2019-02-22T12:00:00Z,9.90,145.00,JTWC b-deck
WP022019,2019,2019-02-22T12:00:00Z,9.90,145.00,JTWC b-deck
WP022019,2019,2019-02-22T12:00:00Z,9.90,145.00,JTWC b-deck
WP022019,2019,2019-02-22T18:00:00Z,10.20,144.10,JTWC b-deck
WP022019,2019,2019-02-22T18:00:00Z,10.20,144.10,JTWC b-deck
WP022019,2019,2019-02-22T18:00:00Z,10.20,144.10,JTWC b-deck
WP022019,2019,2019-02-23T00:00:00Z,10.70,143.70,JTWC b-deck
WP022019,2019,2019-02-23T00:00:00Z,10.70,143.70,JTWC b-deck
WP022019,2019,2019-02-23T00:00:00Z,10.70,143.70,JTWC b-deck
WP022019,2019,2019-02-23T06:00:00Z,11.40,143.20,JTWC b-deck
WP022019,2019,2019-02-23T06:00:00Z,11.40,143.20,JTWC b-deck
WP022019,2019,2019-02-23T06:00:00Z,11.40,143.20,JTWC b-deck
WP022019,2019,2019-02-23T10:00:00Z,11.90,142.90,JTWC b-deck
WP022019,2019,2019-02-23T10:00:00Z,11.90,142.90,JTWC b-deck
WP022019,2019,2019-02-23T10:00:00Z,11.90,142.90,JTWC b-deck
WP022019,2019,2019-02-23T12:00:00Z,12.00,142.80,JTWC b-deck
WP022019,2019,2019-02-23T12:00:00Z,12.00,142.80,JTWC b-deck
WP022019,2019,2019-02-23T12:00:00Z,12.00,142.80,JTWC b-deck
WP022019,2019,2019-02-23T18:00:00Z,12.40,142.40,JTWC b-deck
WP022019,2019,2019-02-23T18:00:00Z,12.40,142.40,JTWC b-deck
WP022019,2019,2019-02-23T18:00:00Z,12.40,142.40,JTWC b-deck
WP022019,2019,2019-02-24T00:00:00Z,12.60,142.10,JTWC b-deck
WP022019,2019,2019-02-24T00:00:00Z,12.60,142.10,JTWC b-deck
WP022019,2019,2019-02-24T00:00:00Z,12.60,142.10,JTWC b-deck
WP022019,2019,2019-02-24T06:00:00Z,12.90,141.70,JTWC b-deck
WP022019,2019,2019-02-24T06:00:00Z,12.90,141.70,JTWC b-deck
WP022019,2019,2019-02-24T06:00:00Z,12.90,141.70,JTWC b-deck
WP022019,2019,2019-02-24T12:00:00Z,13.00,141.10,JTWC b-deck
WP022019,2019,2019-02-24T12:00:00Z,13.00,141.10,JTWC b-deck
WP022019,2019,2019-02-24T12:00:00Z,13.00,141.10,JTWC b-deck
WP022019,2019,2019-02-24T18:00:00Z,13.10,140.70,JTWC b-deck
WP022019,2019,2019-02-24T18:00:00Z,13.10,140.70,JTWC b-deck
WP022019,2019,2019-02-24T18:00:00Z,13.10,140.70,JTWC b-deck
WP022019,2019,2019-02-25T00:00:00Z,13.40,140.40,JTWC b-deck
WP022019,2019,2019-02-25T00:00:00Z,13.40,140.40,JTWC b-deck
WP022019,2019,2019-02-25T00:00:00Z,13.40,140.40,JTWC b-deck
WP022019,2019,2019-02-25T06:00:00Z,13.80,140.20,JTWC b-deck
WP022019,2019,2019-02-25T06:00:00Z,13.80,140.20,JTWC b-deck
WP022019,2019,2019-02-25T06:00:00Z,13.80,140.20,JTWC b-deck
WP022019,2019,2019-02-25T12:00:00Z,14.20,140.10,JTWC b-deck
WP022019,2019,2019-02-25T12:00:00Z,14.20,140.10,JTWC b-deck
WP022019,2019,2019-02-25T12:00:00Z,14.20,140.10,JTWC b-deck
WP022019,2019,2019-02-25T18:00:00Z,14.60,139.90,JTWC b-deck
WP022019,2019,2019-02-25T18:00:00Z,14.60,139.90,JTWC b-deck
WP022019,2019,2019-02-25T18:00:00Z,14.60,139.90,JTWC b-deck
WP022019,2019,2019-02-26T00:00:00Z,14.90,139.90,JTWC b-deck
WP022019,2019,2019-02-26T00:00:00Z,14.90,139.90,JTWC b-deck
WP022019,2019,2019-02-26T00:00:00Z,14.90,139.90,JTWC b-deck
WP022019,2019,2019-02-26T06:00:00Z,15.20,139.90,JTWC b-deck
WP022019,2019,2019-02-26T06:00:00Z,15.20,139.90,JTWC b-deck
WP022019,2019,2019-02-26T06:00:00Z,15.20,139.90,JTWC b-deck
WP022019,2019,2019-02-26T12:00:00Z,15.40,140.10,JTWC b-deck
WP022019,2019,2019-02-26T12:00:00Z,15.40,140.10,JTWC b-deck
WP022019,2019,2019-02-26T12:00:00Z,15.40,140.10,JTWC b-deck
WP022019,2019,2019-02-26T18:00:00Z,15.60,140.10,JTWC b-deck
WP022019,2019,2019-02-26T18:00:00Z,15.60,140.10,JTWC b-deck
WP022019,2019,2019-02-26T18:00:00Z,15.60,140.10,JTWC b-deck
WP022019,2019,2019-02-27T00:00:00Z,15.80,140.10,JTWC b-deck
WP022019,2019,2019-02-27T00:00:00Z,15.80,140.10,JTWC b-deck
WP022019,2019,2019-02-27T00:00:00Z,15.80,140.10,JTWC b-deck
WP022019,2019,2019-02-27T06:00:00Z,16.20,139.90,JTWC b-deck
WP022019,2019,2019-02-27T06:00:00Z,16.20,139.90,JTWC b-deck
WP022019,2019,2019-02-27T06:00:00Z,16.20,139.90,JTWC b-deck
WP022019,2019,2019-02-27T12:00:00Z,16.40,139.00,JTWC b-deck
WP022019,2019,2019-02-27T12:00:00Z,16.40,139.00,JTWC b-deck
WP022019,2019,2019-02-27T18:00:00Z,16.70,137.80,JTWC b-deck
WP022019,2019,2019-02-28T00:00:00Z,17.10,136.70,JTWC b-deck
WP022019,2019,2019-02-28T06:00:00Z,17.50,135.60,JTWC b-deck
WP022019,2019,2019-02-28T12:00:00Z,18.10,134.90,JTWC b-deck
WP022019,2019,2019-02-28T18:00:00Z,18.50,134.60,JTWC b-deck
WP022019,2019,2019-03-01T00:00:00Z,19.00,134.30,JTWC b-deck
WP022020,2020,2020-06-08T00:00:00Z,10.40,132.50,JTWC b-deck
WP022020,2020,2020-06-08T06:00:00Z,10.30,131.50,JTWC b-deck
WP022020,2020,2020-06-08T12:00:00Z,10.30,130.40,JTWC b-deck
WP022020,2020,2020-06-08T18:00:00Z,10.60,129.20,JTWC b-deck
WP022020,2020,2020-06-09T00:00:00Z,10.80,128.00,JTWC b-deck
WP022020,2020,2020-06-09T06:00:00Z,11.00,127.20,JTWC b-deck
WP022020,2020,2020-06-09T12:00:00Z,11.10,126.40,JTWC b-deck
WP022020,2020,2020-06-09T18:00:00Z,11.30,125.90,JTWC b-deck
WP022020,2020,2020-06-10T00:00:00Z,11.50,125.60,JTWC b-deck
WP022020,2020,2020-06-10T06:00:00Z,11.80,125.30,JTWC b-deck
WP022020,2020,2020-06-10T12:00:00Z,12.60,125.00,JTWC b-deck
WP022020,2020,2020-06-10T18:00:00Z,13.30,124.50,JTWC b-deck
WP022020,2020,2020-06-11T00:00:00Z,14.10,123.90,JTWC b-deck
WP022020,2020,2020-06-11T06:00:00Z,14.80,123.00,JTWC b-deck
WP022020,2020,2020-06-11T12:00:00Z,15.40,122.00,JTWC b-deck
WP022020,2020,2020-06-11T18:00:00Z,15.90,120.80,JTWC b-deck
WP022020,2020,2020-06-12T00:00:00Z,16.40,119.40,JTWC b-deck
WP022020,2020,2020-06-12T06:00:00Z,16.90,118.20,JTWC b-deck
WP022020,2020,2020-06-12T12:00:00Z,17.40,117.20,JTWC b-deck
WP022020,2020,2020-06-12T18:00:00Z,17.90,116.20,JTWC b-deck
WP022020,2020,2020-06-13T00:00:00Z,18.50,115.40,JTWC b-deck
WP022020,2020,2020-06-13T06:00:00Z,19.20,114.60,JTWC b-deck
WP022020,2020,2020-06-13T12:00:00Z,19.90,113.90,JTWC b-deck
WP022020,2020,2020-06-13T18:00:00Z,20.70,113.10,JTWC b-deck
WP022020,2020,2020-06-14T00:00:00Z,21.40,112.20,JTWC b-deck
WP022020,2020,2020-06-14T06:00:00Z,22.20,111.30,JTWC b-deck
WP022020,2020,2020-06-14T12:00:00Z,23.20,109.90,JTWC b-deck
WP022021,2021,2021-04-11T12:00:00Z,5.50,143.80,JTWC b-deck
WP022021,2021,2021-04-11T18:00:00Z,5.60,143.10,JTWC b-deck
WP022021,2021,2021-04-12T00:00:00Z,5.70,142.30,JTWC b-deck
WP022021,2021,2021-04-12T06:00:00Z,6.10,141.50,JTWC b-deck
WP022021,2021,2021-04-12T12:00:00Z,6.50,140.60,JTWC b-deck
WP022021,2021,2021-04-12T18:00:00Z,6.90,139.70,JTWC b-deck
WP022021,2021,2021-04-13T00:00:00Z,7.40,139.20,JTWC b-deck
WP022021,2021,2021-04-13T06:00:00Z,7.90,138.80,JTWC b-deck
WP022021,2021,2021-04-13T12:00:00Z,8.00,138.30,JTWC b-deck
WP022021,2021,2021-04-13T18:00:00Z,8.20,137.90,JTWC b-deck
WP022021,2021,2021-04-14T00:00:00Z,8.40,137.60,JTWC b-deck
WP022021,2021,2021-04-14T06:00:00Z,8.70,137.30,JTWC b-deck
WP022021,2021,2021-04-14T12:00:00Z,8.80,137.10,JTWC b-deck
WP022021,2021,2021-04-14T18:00:00Z,8.90,136.80,JTWC b-deck
WP022021,2021,2021-04-15T00:00:00Z,8.90,136.50,JTWC b-deck
WP022021,2021,2021-04-15T00:00:00Z,8.90,136.50,JTWC b-deck
WP022021,2021,2021-04-15T06:00:00Z,8.70,136.20,JTWC b-deck
WP022021,2021,2021-04-15T06:00:00Z,8.70,136.20,JTWC b-deck
WP022021,2021,2021-04-15T12:00:00Z,8.60,135.70,JTWC b-deck
WP022021,2021,2021-04-15T12:00:00Z,8.60,135.70,JTWC b-deck
WP022021,2021,2021-04-15T18:00:00Z,8.60,135.20,JTWC b-deck
WP022021,2021,2021-04-15T18:00:00Z,8.60,135.20,JTWC b-deck
WP022021,2021,2021-04-15T18:00:00Z,8.60,135.20,JTWC b-deck
WP022021,2021,2021-04-16T00:00:00Z,8.90,134.60,JTWC b-deck
WP022021,2021,2021-04-16T00:00:00Z,8.90,134.60,JTWC b-deck
WP022021,2021,2021-04-16T00:00:00Z,8.90,134.60,JTWC b-deck
WP022021,2021,2021-04-16T06:00:00Z,9.10,133.70,JTWC b-deck
WP022021,2021,2021-04-16T06:00:00Z,9.10,133.70,JTWC b-deck
WP022021,2021,2021-04-16T06:00:00Z,9.10,133.70,JTWC b-deck
WP022021,2021,2021-04-16T12:00:00Z,9.40,133.10,JTWC b-deck
WP022021,2021,2021-04-16T12:00:00Z,9.40,133.10,JTWC b-deck
WP022021,2021,2021-04-16T12:00:00Z,9.40,133.10,JTWC b-deck
WP022021,2021,2021-04-16T18:00:00Z,10.00,132.10,JTWC b-deck
WP022021,2021,2021-04-16T18:00:00Z,10.00,132.10,JTWC b-deck
WP022021,2021,2021-04-16T18:00:00Z,10.00,132.10,JTWC b-deck
WP022021,2021,2021-04-17T00:00:00Z,10.70,131.10,JTWC b-deck
WP022021,2021,2021-04-17T00:00:00Z,10.70,131.10,JTWC b-deck
WP022021,2021,2021-04-17T00:00:00Z,10.70,131.10,JTWC b-deck
WP022021,2021,2021-04-17T06:00:00Z,11.40,130.10,JTWC b-deck
WP022021,2021,2021-04-17T06:00:00Z,11.40,130.10,JTWC b-deck
WP022021,2021,2021-04-17T06:00:00Z,11.40,130.10,JTWC b-deck
WP022021,2021,2021-04-17T12:00:00Z,12.00,129.20,JTWC b-deck
WP022021,2021,2021-04-17T12:00:00Z,12.00,129.20,JTWC b-deck
WP022021,2021,2021-04-17T12:00:00Z,12.00,129.20,JTWC b-deck
WP022021,2021,2021-04-17T18:00:00Z,12.60,128.40,JTWC b-deck
WP022021,2021,2021-04-17T18:00:00Z,12.60,128.40,JTWC b-deck
WP022021,2021,2021-04-17T18:00:00Z,12.60,128.40,JTWC b-deck
WP022021,2021,2021-04-18T00:00:00Z,13.10,127.70,JTWC b-deck
WP022021,2021,2021-04-18T00:00:00Z,13.10,127.70,JTWC b-deck
WP022021,2021,2021-04-18T00:00:00Z,13.10,127.70,JTWC b-deck
WP022021,2021,2021-04-18T06:00:00Z,13.40,127.00,JTWC b-deck
WP022021,2021,2021-04-18T06:00:00Z,13.40,127.00,JTWC b-deck
WP022021,2021,2021-04-18T06:00:00Z,13.40,127.00,JTWC b-deck
WP022021,2021,2021-04-18T12:00:00Z,13.60,126.80,JTWC b-deck
WP022021,2021,2021-04-18T12:00:00Z,13.60,126.80,JTWC b-deck
WP022021,2021,2021-04-18T12:00:00Z,13.60,126.80,JTWC b-deck
WP022021,2021,2021-04-18T18:00:00Z,13.90,126.50,JTWC b-deck
WP022021,2021,2021-04-18T18:00:00Z,13.90,126.50,JTWC b-deck
WP022021,2021,2021-04-18T18:00:00Z,13.90,126.50,JTWC b-deck
WP022021,2021,2021-04-19T00:00:00Z,14.20,126.40,JTWC b-deck
WP022021,2021,2021-04-19T00:00:00Z,14.20,126.40,JTWC b-deck
WP022021,2021,2021-04-19T00:00:00Z,14.20,126.40,JTWC b-deck
WP022021,2021,2021-04-19T06:00:00Z,14.50,126.30,JTWC b-deck
WP022021,2021,2021-04-19T06:00:00Z,14.50,126.30,JTWC b-deck
WP022021,2021,2021-04-19T06:00:00Z,14.50,126.30,JTWC b-deck
WP022021,2021,2021-04-19T12:00:00Z,14.70,126.30,JTWC b-deck
WP022021,2021,2021-04-19T12:00:00Z,14.70,126.30,JTWC b-deck
WP022021,2021,2021-04-19T12:00:00Z,14.70,126.30,JTWC b-deck
WP022021,2021,2021-04-19T18:00:00Z,15.10,126.20,JTWC b-deck
WP022021,2021,2021-04-19T18:00:00Z,15.10,126.20,JTWC b-deck
WP022021,2021,2021-04-19T18:00:00Z,15.10,126.20,JTWC b-deck
WP022021,2021,2021-04-20T00:00:00Z,15.40,126.20,JTWC b-deck
WP022021,2021,2021-04-20T00:00:00Z,15.40,126.20,JTWC b-deck
WP022021,2021,2021-04-20T00:00:00Z,15.40,126.20,JTWC b-deck
WP022021,2021,2021-04-20T06:00:00Z,15.90,126.00,JTWC b-deck
WP022021,2021,2021-04-20T06:00:00Z,15.90,126.00,JTWC b-deck
WP022021,2021,2021-04-20T06:00:00Z,15.90,126.00,JTWC b-deck
WP022021,2021,2021-04-20T12:00:00Z,16.40,125.90,JTWC b-deck
WP022021,2021,2021-04-20T12:00:00Z,16.40,125.90,JTWC b-deck
WP022021,2021,2021-04-20T12:00:00Z,16.40,125.90,JTWC b-deck
WP022021,2021,2021-04-20T18:00:00Z,16.90,125.50,JTWC b-deck
WP022021,2021,2021-04-20T18:00:00Z,16.90,125.50,JTWC b-deck
WP022021,2021,2021-04-20T18:00:00Z,16.90,125.50,JTWC b-deck
WP022021,2021,2021-04-21T00:00:00Z,17.50,125.20,JTWC b-deck
WP022021,2021,2021-04-21T00:00:00Z,17.50,125.20,JTWC b-deck
WP022021,2021,2021-04-21T00:00:00Z,17.50,125.20,JTWC b-deck
WP022021,2021,2021-04-21T06:00:00Z,18.10,124.90,JTWC b-deck
WP022021,2021,2021-04-21T06:00:00Z,18.10,124.90,JTWC b-deck
WP022021,2021,2021-04-21T06:00:00Z,18.10,124.90,JTWC b-deck
WP022021,2021,2021-04-21T12:00:00Z,18.80,124.80,JTWC b-deck
WP022021,2021,2021-04-21T12:00:00Z,18.80,124.80,JTWC b-deck
WP022021,2021,2021-04-21T12:00:00Z,18.80,124.80,JTWC b-deck
WP022021,2021,2021-04-21T18:00:00Z,19.30,124.80,JTWC b-deck
WP022021,2021,2021-04-21T18:00:00Z,19.30,124.80,JTWC b-deck
WP022021,2021,2021-04-21T18:00:00Z,19.30,124.80,JTWC b-deck
WP022021,2021,2021-04-22T00:00:00Z,19.70,125.00,JTWC b-deck
WP022021,2021,2021-04-22T00:00:00Z,19.70,125.00,JTWC b-deck
WP022021,2021,2021-04-22T00:00:00Z,19.70,125.00,JTWC b-deck
WP022021,2021,2021-04-22T06:00:00Z,20.30,125.30,JTWC b-deck
WP022021,2021,2021-04-22T06:00:00Z,20.30,125.30,JTWC b-deck
WP022021,2021,2021-04-22T06:00:00Z,20.30,125.30,JTWC b-deck
WP022021,2021,2021-04-22T12:00:00Z,21.10,126.10,JTWC b-deck
WP022021,2021,2021-04-22T12:00:00Z,21.10,126.10,JTWC b-deck
WP022021,2021,2021-04-22T12:00:00Z,21.10,126.10,JTWC b-deck
WP022021,2021,2021-04-22T18:00:00Z,21.60,126.90,JTWC b-deck
WP022021,2021,2021-04-22T18:00:00Z,21.60,126.90,JTWC b-deck
WP022021,2021,2021-04-22T18:00:00Z,21.60,126.90,JTWC b-deck
WP022021,2021,2021-04-23T00:00:00Z,22.30,128.00,JTWC b-deck
WP022021,2021,2021-04-23T00:00:00Z,22.30,128.00,JTWC b-deck
WP022021,2021,2021-04-23T00:00:00Z,22.30,128.00,JTWC b-deck
WP022021,2021,2021-04-23T06:00:00Z,22.90,129.20,JTWC b-deck
WP022021,2021,2021-04-23T06:00:00Z,22.90,129.20,JTWC b-deck
WP022021,2021,2021-04-23T06:00:00Z,22.90,129.20,JTWC b-deck
WP022021,2021,2021-04-23T12:00:00Z,23.30,129.90,JTWC b-deck
WP022021,2021,2021-04-23T12:00:00Z,23.30,129.90,JTWC b-deck
WP022021,2021,2021-04-23T18:00:00Z,23.20,130.50,JTWC b-deck
WP022021,2021,2021-04-23T18:00:00Z,23.20,130.50,JTWC b-deck
WP022021,2021,2021-04-24T00:00:00Z,23.00,131.20,JTWC b-deck
WP022021,2021,2021-04-24T06:00:00Z,22.70,131.90,JTWC b-deck
WP022021,2021,2021-04-24T12:00:00Z,22.20,132.80,JTWC b-deck
WP022021,2021,2021-04-24T18:00:00Z,21.70,134.10,JTWC b-deck
WP022021,2021,2021-04-25T00:00:00Z,22.00,136.10,JTWC b-deck
WP022021,2021,2021-04-25T06:00:00Z,22.90,138.50,JTWC b-deck
WP022022,2022,2022-04-06T18:00:00Z,3.40,149.10,JTWC b-deck
WP022022,2022,2022-04-07T00:00:00Z,3.70,148.40,JTWC b-deck
WP022022,2022,2022-04-07T06:00:00Z,4.00,147.60,JTWC b-deck
WP022022,2022,2022-04-07T12:00:00Z,4.20,147.10,JTWC b-deck
WP022022,2022,2022-04-07T18:00:00Z,4.30,146.50,JTWC b-deck
WP022022,2022,2022-04-08T00:00:00Z,5.10,146.30,JTWC b-deck
WP022022,2022,2022-04-08T06:00:00Z,5.60,145.80,JTWC b-deck
WP022022,2022,2022-04-08T12:00:00Z,6.10,145.50,JTWC b-deck
WP022022,2022,2022-04-08T18:00:00Z,6.60,144.90,JTWC b-deck
WP022022,2022,2022-04-09T00:00:00Z,7.10,144.40,JTWC b-deck
WP022022,2022,2022-04-09T06:00:00Z,7.60,143.70,JTWC b-deck
WP022022,2022,2022-04-09T12:00:00Z,8.70,142.60,JTWC b-deck
WP022022,2022,2022-04-09T18:00:00Z,9.60,141.70,JTWC b-deck
WP022022,2022,2022-04-09T18:00:00Z,9.60,141.70,JTWC b-deck
WP022022,2022,2022-04-10T00:00:00Z,10.50,140.10,JTWC b-deck
WP022022,2022,2022-04-10T00:00:00Z,10.50,140.10,JTWC b-deck
WP022022,2022,2022-04-10T06:00:00Z,11.20,138.80,JTWC b-deck
WP022022,2022,2022-04-10T06:00:00Z,11.20,138.80,JTWC b-deck
WP022022,2022,2022-04-10T12:00:00Z,11.50,137.90,JTWC b-deck
WP022022,2022,2022-04-10T12:00:00Z,11.50,137.90,JTWC b-deck
WP022022,2022,2022-04-10T18:00:00Z,12.00,137.00,JTWC b-deck
WP022022,2022,2022-04-10T18:00:00Z,12.00,137.00,JTWC b-deck
WP022022,2022,2022-04-11T00:00:00Z,12.50,136.50,JTWC b-deck
WP022022,2022,2022-04-11T00:00:00Z,12.50,136.50,JTWC b-deck
WP022022,2022,2022-04-11T06:00:00Z,13.10,136.10,JTWC b-deck
WP022022,2022,2022-04-11T06:00:00Z,13.10,136.10,JTWC b-deck
WP022022,2022,2022-04-11T12:00:00Z,13.70,135.80,JTWC b-deck
WP022022,2022,2022-04-11T12:00:00Z,13.70,135.80,JTWC b-deck
WP022022,2022,2022-04-11T18:00:00Z,14.60,135.40,JTWC b-deck
WP022022,2022,2022-04-11T18:00:00Z,14.60,135.40,JTWC b-deck
WP022022,2022,2022-04-12T00:00:00Z,15.40,135.00,JTWC b-deck
WP022022,2022,2022-04-12T00:00:00Z,15.40,135.00,JTWC b-deck
WP022022,2022,2022-04-12T06:00:00Z,15.80,135.00,JTWC b-deck
WP022022,2022,2022-04-12T06:00:00Z,15.80,135.00,JTWC b-deck
WP022022,2022,2022-04-12T12:00:00Z,16.10,135.30,JTWC b-deck
WP022022,2022,2022-04-12T12:00:00Z,16.10,135.30,JTWC b-deck
WP022022,2022,2022-04-12T18:00:00Z,16.50,135.80,JTWC b-deck
WP022022,2022,2022-04-12T18:00:00Z,16.50,135.80,JTWC b-deck
WP022022,2022,2022-04-12T18:00:00Z,16.50,135.80,JTWC b-deck
WP022022,2022,2022-04-13T00:00:00Z,17.30,136.40,JTWC b-deck
WP022022,2022,2022-04-13T00:00:00Z,17.30,136.40,JTWC b-deck
WP022022,2022,2022-04-13T00:00:00Z,17.30,136.40,JTWC b-deck
WP022022,2022,2022-04-13T06:00:00Z,17.90,137.00,JTWC b-deck
WP022022,2022,2022-04-13T06:00:00Z,17.90,137.00,JTWC b-deck
WP022022,2022,2022-04-13T06:00:00Z,17.90,137.00,JTWC b-deck
WP022022,2022,2022-04-13T12:00:00Z,19.00,137.60,JTWC b-deck
WP022022,2022,2022-04-13T12:00:00Z,19.00,137.60,JTWC b-deck
WP022022,2022,2022-04-13T12:00:00Z,19.00,137.60,JTWC b-deck
WP022022,2022,2022-04-13T18:00:00Z,19.70,137.50,JTWC b-deck
WP022022,2022,2022-04-13T18:00:00Z,19.70,137.50,JTWC b-deck
WP022022,2022,2022-04-13T18:00:00Z,19.70,137.50,JTWC b-deck
WP022022,2022,2022-04-14T00:00:00Z,20.70,138.00,JTWC b-deck
WP022022,2022,2022-04-14T00:00:00Z,20.70,138.00,JTWC b-deck
WP022022,2022,2022-04-14T00:00:00Z,20.70,138.00,JTWC b-deck
WP022022,2022,2022-04-14T06:00:00Z,21.70,138.50,JTWC b-deck
WP022022,2022,2022-04-14T06:00:00Z,21.70,138.50,JTWC b-deck
WP022022,2022,2022-04-14T06:00:00Z,21.70,138.50,JTWC b-deck
WP022022,2022,2022-04-14T12:00:00Z,22.60,139.20,JTWC b-deck
WP022022,2022,2022-04-14T12:00:00Z,22.60,139.20,JTWC b-deck
WP022022,2022,2022-04-14T12:00:00Z,22.60,139.20,JTWC b-deck
WP022022,2022,2022-04-14T18:00:00Z,24.50,139.60,JTWC b-deck
WP022022,2022,2022-04-14T18:00:00Z,24.50,139.60,JTWC b-deck
WP022022,2022,2022-04-14T18:00:00Z,24.50,139.60,JTWC b-deck
WP022022,2022,2022-04-15T00:00:00Z,26.30,140.60,JTWC b-deck
WP022022,2022,2022-04-15T00:00:00Z,26.30,140.60,JTWC b-deck
WP022022,2022,2022-04-15T06:00:00Z,27.90,141.70,JTWC b-deck
WP022022,2022,2022-04-15T06:00:00Z,27.90,141.70,JTWC b-deck
WP022022,2022,2022-04-15T12:00:00Z,30.20,143.90,JTWC b-deck
WP022023,2023,2023-05-18T00:00:00Z,5.40,150.90,JTWC b-deck
WP022023,2023,2023-05-18T06:00:00Z,5.00,150.60,JTWC b-deck
WP022023,2023,2023-05-18T12:00:00Z,4.70,150.40,JTWC b-deck
WP022023,2023,2023-05-18T18:00:00Z,4.50,150.10,JTWC b-deck
WP022023,2023,2023-05-19T00:00:00Z,4.40,149.70,JTWC b-deck
WP022023,2023,2023-05-19T06:00:00Z,4.40,149.30,JTWC b-deck
WP022023,2023,2023-05-19T12:00:00Z,4.60,149.10,JTWC b-deck
WP022023,2023,2023-05-19T18:00:00Z,4.90,149.10,JTWC b-deck
WP022023,2023,2023-05-20T00:00:00Z,5.20,149.50,JTWC b-deck
WP022023,2023,2023-05-20T06:00:00Z,5.40,149.50,JTWC b-deck
WP022023,2023,2023-05-20T12:00:00Z,5.60,149.40,JTWC b-deck
WP022023,2023,2023-05-20T18:00:00Z,6.60,149.10,JTWC b-deck
WP022023,2023,2023-05-21T00:00:00Z,7.00,148.90,JTWC b-deck
WP022023,2023,2023-05-21T00:00:00Z,7.00,148.90,JTWC b-deck
WP022023,2023,2023-05-21T06:00:00Z,7.60,148.10,JTWC b-deck
WP022023,2023,2023-05-21T06:00:00Z,7.60,148.10,JTWC b-deck
WP022023,2023,2023-05-21T12:00:00Z,8.00,147.80,JTWC b-deck
WP022023,2023,2023-05-21T12:00:00Z,8.00,147.80,JTWC b-deck
WP022023,2023,2023-05-21T12:00:00Z,8.00,147.80,JTWC b-deck
WP022023,2023,2023-05-21T18:00:00Z,8.40,147.80,JTWC b-deck
WP022023,2023,2023-05-21T18:00:00Z,8.40,147.80,JTWC b-deck
WP022023,2023,2023-05-21T18:00:00Z,8.40,147.80,JTWC b-deck
WP022023,2023,2023-05-22T00:00:00Z,9.00,147.40,JTWC b-deck
WP022023,2023,2023-05-22T00:00:00Z,9.00,147.40,JTWC b-deck
WP022023,2023,2023-05-22T00:00:00Z,9.00,147.40,JTWC b-deck
WP022023,2023,2023-05-22T06:00:00Z,9.40,147.00,JTWC b-deck
WP022023,2023,2023-05-22T06:00:00Z,9.40,147.00,JTWC b-deck
WP022023,2023,2023-05-22T06:00:00Z,9.40,147.00,JTWC b-deck
WP022023,2023,2023-05-22T12:00:00Z,10.00,146.90,JTWC b-deck
WP022023,2023,2023-05-22T12:00:00Z,10.00,146.90,JTWC b-deck
WP022023,2023,2023-05-22T12:00:00Z,10.00,146.90,JTWC b-deck
WP022023,2023,2023-05-22T18:00:00Z,10.50,146.80,JTWC b-deck
WP022023,2023,2023-05-22T18:00:00Z,10.50,146.80,JTWC b-deck
WP022023,2023,2023-05-22T18:00:00Z,10.50,146.80,JTWC b-deck
WP022023,2023,2023-05-23T00:00:00Z,11.20,146.80,JTWC b-deck
WP022023,2023,2023-05-23T00:00:00Z,11.20,146.80,JTWC b-deck
WP022023,2023,2023-05-23T00:00:00Z,11.20,146.80,JTWC b-deck
WP022023,2023,2023-05-23T06:00:00Z,11.80,146.40,JTWC b-deck
WP022023,2023,2023-05-23T06:00:00Z,11.80,146.40,JTWC b-deck
WP022023,2023,2023-05-23T06:00:00Z,11.80,146.40,JTWC b-deck
WP022023,2023,2023-05-23T12:00:00Z,12.20,146.00,JTWC b-deck
WP022023,2023,2023-05-23T12:00:00Z,12.20,146.00,JTWC b-deck
WP022023,2023,2023-05-23T12:00:00Z,12.20,146.00,JTWC b-deck
WP022023,2023,2023-05-23T18:00:00Z,12.70,145.70,JTWC b-deck
WP022023,2023,2023-05-23T18:00:00Z,12.70,145.70,JTWC b-deck
WP022023,2023,2023-05-23T18:00:00Z,12.70,145.70,JTWC b-deck
WP022023,2023,2023-05-24T00:00:00Z,13.00,145.60,JTWC b-deck
WP022023,2023,2023-05-24T00:00:00Z,13.00,145.60,JTWC b-deck
WP022023,2023,2023-05-24T00:00:00Z,13.00,145.60,JTWC b-deck
WP022023,2023,2023-05-24T06:00:00Z,13.60,145.30,JTWC b-deck
WP022023,2023,2023-05-24T06:00:00Z,13.60,145.30,JTWC b-deck
WP022023,2023,2023-05-24T06:00:00Z,13.60,145.30,JTWC b-deck
WP022023,2023,2023-05-24T12:00:00Z,13.80,144.70,JTWC b-deck
WP022023,2023,2023-05-24T12:00:00Z,13.80,144.70,JTWC b-deck
WP022023,2023,2023-05-24T12:00:00Z,13.80,144.70,JTWC b-deck
WP022023,2023,2023-05-24T18:00:00Z,14.10,144.20,JTWC b-deck
WP022023,2023,2023-05-24T18:00:00Z,14.10,144.20,JTWC b-deck
WP022023,2023,2023-05-24T18:00:00Z,14.10,144.20,JTWC b-deck
WP022023,2023,2023-05-25T00:00:00Z,14.20,143.50,JTWC b-deck
WP022023,2023,2023-05-25T00:00:00Z,14.20,143.50,JTWC b-deck
WP022023,2023,2023-05-25T00:00:00Z,14.20,143.50,JTWC b-deck
WP022023,2023,2023-05-25T06:00:00Z,14.50,142.80,JTWC b-deck
WP022023,2023,2023-05-25T06:00:00Z,14.50,142.80,JTWC b-deck
WP022023,2023,2023-05-25T06:00:00Z,14.50,142.80,JTWC b-deck
WP022023,2023,2023-05-25T12:00:00Z,14.70,141.50,JTWC b-deck
WP022023,2023,2023-05-25T12:00:00Z,14.70,141.50,JTWC b-deck
WP022023,2023,2023-05-25T12:00:00Z,14.70,141.50,JTWC b-deck
WP022023,2023,2023-05-25T18:00:00Z,14.90,140.40,JTWC b-deck
WP022023,2023,2023-05-25T18:00:00Z,14.90,140.40,JTWC b-deck
WP022023,2023,2023-05-25T18:00:00Z,14.90,140.40,JTWC b-deck
WP022023,2023,2023-05-26T00:00:00Z,15.10,139.20,JTWC b-deck
WP022023,2023,2023-05-26T00:00:00Z,15.10,139.20,JTWC b-deck
WP022023,2023,2023-05-26T00:00:00Z,15.10,139.20,JTWC b-deck
WP022023,2023,2023-05-26T06:00:00Z,15.30,137.90,JTWC b-deck
WP022023,2023,2023-05-26T06:00:00Z,15.30,137.90,JTWC b-deck
WP022023,2023,2023-05-26T06:00:00Z,15.30,137.90,JTWC b-deck
WP022023,2023,2023-05-26T12:00:00Z,15.70,136.50,JTWC b-deck
WP022023,2023,2023-05-26T12:00:00Z,15.70,136.50,JTWC b-deck
WP022023,2023,2023-05-26T12:00:00Z,15.70,136.50,JTWC b-deck
WP022023,2023,2023-05-26T18:00:00Z,16.00,134.90,JTWC b-deck
WP022023,2023,2023-05-26T18:00:00Z,16.00,134.90,JTWC b-deck
WP022023,2023,2023-05-26T18:00:00Z,16.00,134.90,JTWC b-deck
WP022023,2023,2023-05-27T00:00:00Z,16.30,133.50,JTWC b-deck
WP022023,2023,2023-05-27T00:00:00Z,16.30,133.50,JTWC b-deck
WP022023,2023,2023-05-27T00:00:00Z,16.30,133.50,JTWC b-deck
WP022023,2023,2023-05-27T06:00:00Z,16.60,132.20,JTWC b-deck
WP022023,2023,2023-05-27T06:00:00Z,16.60,132.20,JTWC b-deck
WP022023,2023,2023-05-27T06:00:00Z,16.60,132.20,JTWC b-deck
WP022023,2023,2023-05-27T12:00:00Z,16.80,130.90,JTWC b-deck
WP022023,2023,2023-05-27T12:00:00Z,16.80,130.90,JTWC b-deck
WP022023,2023,2023-05-27T12:00:00Z,16.80,130.90,JTWC b-deck
WP022023,2023,2023-05-27T18:00:00Z,17.00,129.70,JTWC b-deck
WP022023,2023,2023-05-27T18:00:00Z,17.00,129.70,JTWC b-deck
WP022023,2023,2023-05-27T18:00:00Z,17.00,129.70,JTWC b-deck
WP022023,2023,2023-05-28T00:00:00Z,17.20,128.70,JTWC b-deck
WP022023,2023,2023-05-28T00:00:00Z,17.20,128.70,JTWC b-deck
WP022023,2023,2023-05-28T00:00:00Z,17.20,128.70,JTWC b-deck
WP022023,2023,2023-05-28T06:00:00Z,17.60,127.90,JTWC b-deck
WP022023,2023,2023-05-28T06:00:00Z,17.60,127.90,JTWC b-deck
WP022023,2023,2023-05-28T06:00:00Z,17.60,127.90,JTWC b-deck
WP022023,2023,2023-05-28T12:00:00Z,18.00,127.30,JTWC b-deck
WP022023,2023,2023-05-28T12:00:00Z,18.00,127.30,JTWC b-deck
WP022023,2023,2023-05-28T12:00:00Z,18.00,127.30,JTWC b-deck
WP022023,2023,2023-05-28T18:00:00Z,18.60,126.70,JTWC b-deck
WP022023,2023,2023-05-28T18:00:00Z,18.60,126.70,JTWC b-deck
WP022023,2023,2023-05-28T18:00:00Z,18.60,126.70,JTWC b-deck
WP022023,2023,2023-05-29T00:00:00Z,19.00,126.20,JTWC b-deck
WP022023,2023,2023-05-29T00:00:00Z,19.00,126.20,JTWC b-deck
WP022023,2023,2023-05-29T00:00:00Z,19.00,126.20,JTWC b-deck
WP022023,2023,2023-05-29T06:00:00Z,19.40,125.80,JTWC b-deck
WP022023,2023,2023-05-29T06:00:00Z,19.40,125.80,JTWC b-deck
WP022023,2023,2023-05-29T06:00:00Z,19.40,125.80,JTWC b-deck
WP022023,2023,2023-05-29T12:00:00Z,19.70,125.60,JTWC b-deck
WP022023,2023,2023-05-29T12:00:00Z,19.70,125.60,JTWC b-deck
WP022023,2023,2023-05-29T12:00:00Z,19.70,125.60,JTWC b-deck
WP022023,2023,2023-05-29T18:00:00Z,20.10,125.40,JTWC b-deck
WP022023,2023,2023-05-29T18:00:00Z,20.10,125.40,JTWC b-deck
WP022023,2023,2023-05-29T18:00:00Z,20.10,125.40,JTWC b-deck
WP022023,2023,2023-05-30T00:00:00Z,20.40,125.10,JTWC b-deck
WP022023,2023,2023-05-30T00:00:00Z,20.40,125.10,JTWC b-deck
WP022023,2023,2023-05-30T00:00:00Z,20.40,125.10,JTWC b-deck
WP022023,2023,2023-05-30T06:00:00Z,20.60,125.00,JTWC b-deck
WP022023,2023,2023-05-30T06:00:00Z,20.60,125.00,JTWC b-deck
WP022023,2023,2023-05-30T06:00:00Z,20.60,125.00,JTWC b-deck
WP022023,2023,2023-05-30T12:00:00Z,20.90,125.10,JTWC b-deck
WP022023,2023,2023-05-30T12:00:00Z,20.90,125.10,JTWC b-deck
WP022023,2023,2023-05-30T12:00:00Z,20.90,125.10,JTWC b-deck
WP022023,2023,2023-05-30T18:00:00Z,21.20,125.00,JTWC b-deck
WP022023,2023,2023-05-30T18:00:00Z,21.20,125.00,JTWC b-deck
WP022023,2023,2023-05-30T18:00:00Z,21.20,125.00,JTWC b-deck
WP022023,2023,2023-05-31T00:00:00Z,21.50,125.10,JTWC b-deck
WP022023,2023,2023-05-31T00:00:00Z,21.50,125.10,JTWC b-deck
WP022023,2023,2023-05-31T00:00:00Z,21.50,125.10,JTWC b-deck
WP022023,2023,2023-05-31T06:00:00Z,22.30,125.40,JTWC b-deck
WP022023,2023,2023-05-31T06:00:00Z,22.30,125.40,JTWC b-deck
WP022023,2023,2023-05-31T12:00:00Z,22.70,125.50,JTWC b-deck
WP022023,2023,2023-05-31T12:00:00Z,22.70,125.50,JTWC b-deck
WP022023,2023,2023-05-31T18:00:00Z,23.50,125.30,JTWC b-deck
WP022023,2023,2023-05-31T18:00:00Z,23.50,125.30,JTWC b-deck
WP022023,2023,2023-06-01T00:00:00Z,24.20,125.90,JTWC b-deck
WP022023,2023,2023-06-01T06:00:00Z,24.90,126.40,JTWC b-deck
WP022023,2023,2023-06-01T12:00:00Z,25.80,127.30,JTWC b-deck
WP022023,2023,2023-06-01T18:00:00Z,26.80,128.10,JTWC b-deck
WP022023,2023,2023-06-02T00:00:00Z,27.50,129.60,JTWC b-deck
WP022023,2023,2023-06-02T06:00:00Z,28.30,131.30,JTWC b-deck
WP022023,2023,2023-06-02T12:00:00Z,28.90,133.20,JTWC b-deck
WP022023,2023,2023-06-02T18:00:00Z,29.80,135.30,JTWC b-deck
WP022023,2023,2023-06-03T00:00:00Z,30.70,137.60,JTWC b-deck
WP022024,2024,2024-05-30T00:00:00Z,17.50,113.10,JTWC b-deck
WP022024,2024,2024-05-30T06:00:00Z,17.40,112.80,JTWC b-deck
WP022024,2024,2024-05-30T12:00:00Z,17.30,112.50,JTWC b-deck
WP022024,2024,2024-05-30T18:00:00Z,18.90,112.30,JTWC b-deck
WP022024,2024,2024-05-31T00:00:00Z,19.80,112.80,JTWC b-deck
WP022024,2024,2024-05-31T06:00:00Z,20.40,112.10,JTWC b-deck
WP022024,2024,2024-05-31T12:00:00Z,20.90,111.50,JTWC b-deck
WP022024,2024,2024-05-31T18:00:00Z,21.50,111.40,JTWC b-deck
WP022024,2024,2024-06-01T00:00:00Z,22.20,111.70,JTWC b-deck
WP022024,2024,2024-06-01T06:00:00Z,23.40,112.90,JTWC b-deck
WP022025,2025,2025-06-22T12:00:00Z,23.20,146.00,IBTrACS v04r01 (CMA)
WP022025,2025,2025-06-22T15:00:00Z,23.50,145.70,IBTrACS v04r01 (CMA)
WP022025,2025,2025-06-22T18:00:00Z,23.90,145.30,IBTrACS v04r01 (CMA)
WP022025,2025,2025-06-22T21:00:00Z,24.20,145.00,IBTrACS v04r01 (CMA)
WP022025,2025,2025-06-23T00:00:00Z,24.60,144.70,IBTrACS v04r01 (CMA)
WP022025,2025,2025-06-23T03:00:00Z,25.20,144.40,IBTrACS v04r01 (CMA)
WP022025,2025,2025-06-23T06:00:00Z,25.80,144.00,IBTrACS v04r01 (CMA)
WP022025,2025,2025-06-23T09:00:00Z,26.40,143.50,IBTrACS v04r01 (CMA)
WP022025,2025,2025-06-23T12:00:00Z,27.00,143.00,IBTrACS v04r01 (CMA)
WP022025,2025,2025-06-23T15:00:00Z,27.70,142.40,IBTrACS v04r01 (CMA)
WP022025,2025,2025-06-23T18:00:00Z,28.40,141.90,IBTrACS v04r01 (CMA)
WP022025,2025,2025-06-23T21:00:00Z,28.90,141.40,IBTrACS v04r01 (CMA)
WP022025,2025,2025-06-24T00:00:00Z,29.30,141.00,IBTrACS v04r01 (CMA)
WP022025,2025,2025-06-24T03:00:00Z,29.70,140.70,IBTrACS v04r01 (CMA)
WP022025,2025,2025-06-24T06:00:00Z,30.00,140.40,IBTrACS v04r01 (CMA)
WP022025,2025,2025-06-24T09:00:00Z,30.20,140.20,IBTrACS v04r01 (CMA)
WP022025,2025,2025-06-24T12:00:00Z,30.50,140.10,IBTrACS v04r01 (CMA)
WP022025,2025,2025-06-24T15:00:00Z,30.90,140.00,IBTrACS v04r01 (CMA)
WP022025,2025,2025-06-24T18:00:00Z,31.30,139.80,IBTrACS v04r01 (CMA)
WP022025,2025,2025-06-24T21:00:00Z,31.70,139.60,IBTrACS v04r01 (CMA)
WP022025,2025,2025-06-25T00:00:00Z,32.00,139.50,IBTrACS v04r01 (CMA)
WP022025,2025,2025-06-25T03:00:00Z,32.40,139.50,IBTrACS v04r01 (CMA)
WP022025,2025,2025-06-25T06:00:00Z,32.80,139.60,IBTrACS v04r01 (CMA)
WP022025,2025,2025-06-25T09:00:00Z,33.10,139.60,IBTrACS v04r01 (CMA)
WP022025,2025,2025-06-25T12:00:00Z,33.50,139.70,IBTrACS v04r01 (CMA)
WP022025,2025,2025-06-25T15:00:00Z,34.00,139.90,IBTrACS v04r01 (CMA)
WP022025,2025,2025-06-25T18:00:00Z,34.50,140.30,IBTrACS v04r01 (CMA)
WP022025,2025,2025-06-25T21:00:00Z,35.10,140.70,IBTrACS v04r01 (CMA)
WP022025,2025,2025-06-26T00:00:00Z,35.80,141.40,IBTrACS v04r01 (CMA)
WP022025,2025,2025-06-26T03:00:00Z,36.40,142.50,IBTrACS v04r01 (CMA)
WP022025,2025,2025-06-26T06:00:00Z,37.10,143.60,IBTrACS v04r01 (CMA)
WP022025,2025,2025-06-26T09:00:00Z,37.80,144.50,IBTrACS v04r01 (CMA)
WP032017,2017,2017-04-24T18:00:00Z,12.40,136.50,JTWC b-deck
WP032017,2017,2017-04-25T00:00:00Z,12.60,136.30,JTWC b-deck
WP032017,2017,2017-04-25T06:00:00Z,12.70,136.10,JTWC b-deck
WP032017,2017,2017-04-25T12:00:00Z,12.80,135.90,JTWC b-deck
WP032017,2017,2017-04-25T18:00:00Z,12.90,135.40,JTWC b-deck
WP032017,2017,2017-04-26T00:00:00Z,13.00,134.80,JTWC b-deck
WP032017,2017,2017-04-26T06:00:00Z,13.30,134.40,JTWC b-deck
WP032017,2017,2017-04-26T12:00:00Z,13.80,134.20,JTWC b-deck
WP032017,2017,2017-04-26T18:00:00Z,14.60,134.30,JTWC b-deck
WP032017,2017,2017-04-27T00:00:00Z,15.20,134.50,JTWC b-deck
WP032017,2017,2017-04-27T06:00:00Z,15.90,134.60,JTWC b-deck
WP032017,2017,2017-04-27T12:00:00Z,17.00,134.60,JTWC b-deck
WP032017,2017,2017-04-27T18:00:00Z,17.90,134.80,JTWC b-deck
WP032017,2017,2017-04-28T00:00:00Z,18.40,135.50,JTWC b-deck
WP032017,2017,2017-04-28T06:00:00Z,18.90,136.30,JTWC b-deck
WP032018,2018,2018-03-23T06:00:00Z,4.40,147.40,JTWC b-deck
WP032018,2018,2018-03-23T12:00:00Z,4.80,146.90,JTWC b-deck
WP032018,2018,2018-03-23T18:00:00Z,5.10,146.40,JTWC b-deck
WP032018,2018,2018-03-24T00:00:00Z,5.30,145.90,JTWC b-deck
WP032018,2018,2018-03-24T06:00:00Z,5.60,145.20,JTWC b-deck
WP032018,2018,2018-03-24T12:00:00Z,5.80,143.90,JTWC b-deck
WP032018,2018,2018-03-24T18:00:00Z,6.00,142.50,JTWC b-deck
WP032018,2018,2018-03-25T00:00:00Z,6.20,141.10,JTWC b-deck
WP032018,2018,2018-03-25T06:00:00Z,6.30,140.30,JTWC b-deck
WP032018,2018,2018-03-25T12:00:00Z,6.50,139.30,JTWC b-deck
WP032018,2018,2018-03-25T18:00:00Z,6.90,138.30,JTWC b-deck
WP032018,2018,2018-03-26T00:00:00Z,7.50,137.40,JTWC b-deck
WP032018,2018,2018-03-26T06:00:00Z,8.20,136.70,JTWC b-deck
WP032018,2018,2018-03-26T12:00:00Z,8.70,136.10,JTWC b-deck
WP032018,2018,2018-03-26T18:00:00Z,9.10,135.50,JTWC b-deck
WP032018,2018,2018-03-27T00:00:00Z,9.50,134.80,JTWC b-deck
WP032018,2018,2018-03-27T06:00:00Z,9.70,135.20,JTWC b-deck
WP032018,2018,2018-03-27T12:00:00Z,10.40,135.30,JTWC b-deck
WP032018,2018,2018-03-27T18:00:00Z,11.20,135.40,JTWC b-deck
WP032018,2018,2018-03-28T00:00:00Z,12.30,135.50,JTWC b-deck
WP032018,2018,2018-03-28T06:00:00Z,13.70,135.50,JTWC b-deck
WP032018,2018,2018-03-28T12:00:00Z,14.40,135.40,JTWC b-deck
WP032018,2018,2018-03-28T12:00:00Z,14.40,135.40,JTWC b-deck
WP032018,2018,2018-03-28T18:00:00Z,15.20,135.40,JTWC b-deck
WP032018,2018,2018-03-28T18:00:00Z,15.20,135.40,JTWC b-deck
WP032018,2018,2018-03-29T00:00:00Z,15.20,135.70,JTWC b-deck
WP032018,2018,2018-03-29T00:00:00Z,15.20,135.70,JTWC b-deck
WP032018,2018,2018-03-29T06:00:00Z,15.20,135.90,JTWC b-deck
WP032018,2018,2018-03-29T06:00:00Z,15.20,135.90,JTWC b-deck
WP032018,2018,2018-03-29T12:00:00Z,15.20,136.30,JTWC b-deck
WP032018,2018,2018-03-29T12:00:00Z,15.20,136.30,JTWC b-deck
WP032018,2018,2018-03-29T18:00:00Z,15.30,136.90,JTWC b-deck
WP032018,2018,2018-03-29T18:00:00Z,15.30,136.90,JTWC b-deck
WP032018,2018,2018-03-29T18:00:00Z,15.30,136.90,JTWC b-deck
WP032018,2018,2018-03-30T00:00:00Z,15.70,137.40,JTWC b-deck
WP032018,2018,2018-03-30T00:00:00Z,15.70,137.40,JTWC b-deck
WP032018,2018,2018-03-30T00:00:00Z,15.70,137.40,JTWC b-deck
WP032018,2018,2018-03-30T06:00:00Z,16.20,138.10,JTWC b-deck
WP032018,2018,2018-03-30T06:00:00Z,16.20,138.10,JTWC b-deck
WP032018,2018,2018-03-30T06:00:00Z,16.20,138.10,JTWC b-deck
WP032018,2018,2018-03-30T12:00:00Z,16.80,139.10,JTWC b-deck
WP032018,2018,2018-03-30T12:00:00Z,16.80,139.10,JTWC b-deck
WP032018,2018,2018-03-30T12:00:00Z,16.80,139.10,JTWC b-deck
WP032018,2018,2018-03-30T18:00:00Z,17.50,139.90,JTWC b-deck
WP032018,2018,2018-03-30T18:00:00Z,17.50,139.90,JTWC b-deck
WP032018,2018,2018-03-30T18:00:00Z,17.50,139.90,JTWC b-deck
WP032018,2018,2018-03-31T00:00:00Z,18.10,140.70,JTWC b-deck
WP032018,2018,2018-03-31T00:00:00Z,18.10,140.70,JTWC b-deck
WP032018,2018,2018-03-31T00:00:00Z,18.10,140.70,JTWC b-deck
WP032018,2018,2018-03-31T06:00:00Z,18.30,141.60,JTWC b-deck
WP032018,2018,2018-03-31T06:00:00Z,18.30,141.60,JTWC b-deck
WP032018,2018,2018-03-31T06:00:00Z,18.30,141.60,JTWC b-deck
WP032018,2018,2018-03-31T12:00:00Z,18.40,142.50,JTWC b-deck
WP032018,2018,2018-03-31T12:00:00Z,18.40,142.50,JTWC b-deck
WP032018,2018,2018-03-31T18:00:00Z,18.80,144.40,JTWC b-deck
WP032018,2018,2018-03-31T18:00:00Z,18.80,144.40,JTWC b-deck
WP032018,2018,2018-04-01T00:00:00Z,19.30,145.30,JTWC b-deck
WP032018,2018,2018-04-01T06:00:00Z,19.80,146.00,JTWC b-deck
WP032018,2018,2018-04-01T12:00:00Z,19.90,146.80,JTWC b-deck
WP032018,2018,2018-04-01T18:00:00Z,19.90,147.80,JTWC b-deck
WP032018,2018,2018-04-02T00:00:00Z,19.90,148.60,JTWC b-deck
WP032018,2018,2018-04-02T06:00:00Z,19.80,149.30,JTWC b-deck
WP032018,2018,2018-04-02T12:00:00Z,19.70,150.10,JTWC b-deck
WP032019,2019,2019-03-11T18:00:00Z,3.70,160.50,JTWC b-deck
WP032019,2019,2019-03-12T00:00:00Z,4.00,159.40,JTWC b-deck
WP032019,2019,2019-03-12T06:00:00Z,4.20,158.50,JTWC b-deck
WP032019,2019,2019-03-12T12:00:00Z,4.50,157.50,JTWC b-deck
WP032019,2019,2019-03-12T18:00:00Z,4.80,156.60,JTWC b-deck
WP032019,2019,2019-03-13T00:00:00Z,5.30,155.30,JTWC b-deck
WP032019,2019,2019-03-13T06:00:00Z,5.70,153.90,JTWC b-deck
WP032019,2019,2019-03-13T12:00:00Z,6.00,152.50,JTWC b-deck
WP032019,2019,2019-03-13T18:00:00Z,6.50,151.10,JTWC b-deck
WP032019,2019,2019-03-14T00:00:00Z,7.00,149.80,JTWC b-deck
WP032019,2019,2019-03-14T06:00:00Z,7.50,148.30,JTWC b-deck
WP032019,2019,2019-03-14T12:00:00Z,7.70,146.90,JTWC b-deck
WP032019,2019,2019-03-14T18:00:00Z,7.90,145.60,JTWC b-deck
WP032019,2019,2019-03-15T00:00:00Z,8.00,144.20,JTWC b-deck
WP032019,2019,2019-03-15T06:00:00Z,8.00,143.00,JTWC b-deck
WP032019,2019,2019-03-15T12:00:00Z,7.90,141.90,JTWC b-deck
WP032019,2019,2019-03-15T18:00:00Z,7.80,140.90,JTWC b-deck
WP032019,2019,2019-03-16T00:00:00Z,7.70,139.90,JTWC b-deck
WP032019,2019,2019-03-16T06:00:00Z,7.60,138.70,JTWC b-deck
WP032019,2019,2019-03-16T12:00:00Z,7.50,137.50,JTWC b-deck
WP032019,2019,2019-03-16T18:00:00Z,7.40,136.10,JTWC b-deck
WP032019,2019,2019-03-17T00:00:00Z,7.40,134.80,JTWC b-deck
WP032019,2019,2019-03-17T06:00:00Z,7.50,133.70,JTWC b-deck
WP032019,2019,2019-03-17T12:00:00Z,7.30,132.80,JTWC b-deck
WP032019,2019,2019-03-17T18:00:00Z,7.10,131.40,JTWC b-deck
WP032019,2019,2019-03-18T00:00:00Z,6.80,130.00,JTWC b-deck
WP032019,2019,2019-03-18T06:00:00Z,6.70,128.70,JTWC b-deck
WP032019,2019,2019-03-18T12:00:00Z,6.60,127.50,JTWC b-deck
WP032019,2019,2019-03-18T18:00:00Z,6.60,126.20,JTWC b-deck
WP032019,2019,2019-03-19T00:00:00Z,6.60,124.60,JTWC b-deck
WP032019,2019,2019-03-19T06:00:00Z,6.70,123.10,JTWC b-deck
WP032019,2019,2019-03-19T12:00:00Z,6.80,122.10,JTWC b-deck
WP032020,2020,2020-07-31T06:00:00Z,17.00,130.00,JTWC b-deck
WP032020,2020,2020-07-31T12:00:00Z,17.60,129.70,JTWC b-deck
WP032020,2020,2020-07-31T18:00:00Z,18.40,129.60,JTWC b-deck
WP032020,2020,2020-08-01T00:00:00Z,19.70,129.00,JTWC b-deck
WP032020,2020,2020-08-01T06:00:00Z,20.90,127.90,JTWC b-deck
WP032020,2020,2020-08-01T12:00:00Z,21.40,127.10,JTWC b-deck
WP032020,2020,2020-08-01T18:00:00Z,22.00,126.10,JTWC b-deck
WP032020,2020,2020-08-02T00:00:00Z,22.50,125.20,JTWC b-deck
WP032020,2020,2020-08-02T06:00:00Z,23.20,124.60,JTWC b-deck
WP032020,2020,2020-08-02T12:00:00Z,23.70,124.30,JTWC b-deck
WP032020,2020,2020-08-02T18:00:00Z,24.20,124.00,JTWC b-deck
WP032020,2020,2020-08-02T18:00:00Z,24.20,124.00,JTWC b-deck
WP032020,2020,2020-08-03T00:00:00Z,25.00,123.50,JTWC b-deck
WP032020,2020,2020-08-03T00:00:00Z,25.00,123.50,JTWC b-deck
WP032020,2020,2020-08-03T06:00:00Z,26.20,122.50,JTWC b-deck
WP032020,2020,2020-08-03T06:00:00Z,26.20,122.50,JTWC b-deck
WP032020,2020,2020-08-03T06:00:00Z,26.20,122.50,JTWC b-deck
WP032020,2020,2020-08-03T12:00:00Z,26.80,121.70,JTWC b-deck
WP032020,2020,2020-08-03T12:00:00Z,26.80,121.70,JTWC b-deck
WP032020,2020,2020-08-03T12:00:00Z,26.80,121.70,JTWC b-deck
WP032020,2020,2020-08-03T18:00:00Z,27.80,121.10,JTWC b-deck
WP032020,2020,2020-08-03T18:00:00Z,27.80,121.10,JTWC b-deck
WP032020,2020,2020-08-03T18:00:00Z,27.80,121.10,JTWC b-deck
WP032020,2020,2020-08-04T00:00:00Z,28.80,120.60,JTWC b-deck
WP032020,2020,2020-08-04T06:00:00Z,29.60,120.30,JTWC b-deck
WP032020,2020,2020-08-04T12:00:00Z,30.80,120.20,JTWC b-deck
WP032020,2020,2020-08-04T18:00:00Z,32.30,120.70,JTWC b-deck
WP032020,2020,2020-08-05T00:00:00Z,34.00,120.70,JTWC b-deck
WP032020,2020,2020-08-05T06:00:00Z,35.20,121.50,JTWC b-deck
WP032020,2020,2020-08-05T12:00:00Z,36.30,122.60,JTWC b-deck
WP032020,2020,2020-08-05T18:00:00Z,37.70,124.80,JTWC b-deck
WP032020,2020,2020-08-06T00:00:00Z,39.40,128.60,JTWC b-deck
WP032021,2021,2021-05-11T18:00:00Z,6.10,131.70,JTWC b-deck
WP032021,2021,2021-05-12T00:00:00Z,6.40,131.40,JTWC b-deck
WP032021,2021,2021-05-12T06:00:00Z,6.70,131.00,JTWC b-deck
WP032021,2021,2021-05-12T12:00:00Z,6.70,130.40,JTWC b-deck
WP032021,2021,2021-05-12T18:00:00Z,7.00,129.80,JTWC b-deck
WP032021,2021,2021-05-13T00:00:00Z,7.20,129.20,JTWC b-deck
WP032021,2021,2021-05-13T06:00:00Z,7.40,127.80,JTWC b-deck
WP032021,2021,2021-05-13T12:00:00Z,7.50,126.70,JTWC b-deck
WP032021,2021,2021-05-13T18:00:00Z,7.60,126.10,JTWC b-deck
WP032021,2021,2021-05-14T00:00:00Z,7.50,125.30,JTWC b-deck
WP032021,2021,2021-05-14T06:00:00Z,7.80,123.90,JTWC b-deck
WP032021,2021,2021-05-14T12:00:00Z,8.50,122.60,JTWC b-deck
WP032022,2022,2022-04-08T12:00:00Z,10.50,127.50,JTWC b-deck
WP032022,2022,2022-04-08T18:00:00Z,10.60,127.10,JTWC b-deck
WP032022,2022,2022-04-09T00:00:00Z,10.70,126.90,JTWC b-deck
WP032022,2022,2022-04-09T06:00:00Z,10.80,126.70,JTWC b-deck
WP032022,2022,2022-04-09T12:00:00Z,10.90,126.50,JTWC b-deck
WP032022,2022,2022-04-09T18:00:00Z,10.70,126.40,JTWC b-deck
WP032022,2022,2022-04-10T00:00:00Z,10.70,126.00,JTWC b-deck
WP032022,2022,2022-04-10T06:00:00Z,10.80,125.60,JTWC b-deck
WP032022,2022,2022-04-10T12:00:00Z,10.80,125.20,JTWC b-deck
WP032022,2022,2022-04-10T18:00:00Z,10.90,124.70,JTWC b-deck
WP032022,2022,2022-04-11T00:00:00Z,11.00,124.30,JTWC b-deck
WP032022,2022,2022-04-11T06:00:00Z,11.20,123.80,JTWC b-deck
WP032022,2022,2022-04-11T12:00:00Z,11.40,124.00,JTWC b-deck
WP032022,2022,2022-04-11T18:00:00Z,11.40,124.50,JTWC b-deck
WP032022,2022,2022-04-12T00:00:00Z,11.20,124.80,JTWC b-deck
WP032022,2022,2022-04-12T06:00:00Z,11.00,125.20,JTWC b-deck
WP032022,2022,2022-04-12T12:00:00Z,10.60,126.00,JTWC b-deck
WP032022,2022,2022-04-12T18:00:00Z,10.30,126.70,JTWC b-deck
WP032022,2022,2022-04-13T00:00:00Z,10.20,127.40,JTWC b-deck
WP032022,2022,2022-04-13T06:00:00Z,9.90,128.40,JTWC b-deck
WP032023,2023,2023-06-04T18:00:00Z,11.70,135.00,JTWC b-deck
WP032023,2023,2023-06-05T00:00:00Z,11.90,134.60,JTWC b-deck
WP032023,2023,2023-06-05T06:00:00Z,12.30,134.50,JTWC b-deck
WP032023,2023,2023-06-05T12:00:00Z,12.70,134.50,JTWC b-deck
WP032023,2023,2023-06-05T18:00:00Z,13.10,134.60,JTWC b-deck
WP032023,2023,2023-06-06T00:00:00Z,13.50,134.70,JTWC b-deck
WP032023,2023,2023-06-06T06:00:00Z,13.90,134.80,JTWC b-deck
WP032023,2023,2023-06-06T12:00:00Z,14.20,134.90,JTWC b-deck
WP032023,2023,2023-06-06T18:00:00Z,14.40,134.50,JTWC b-deck
WP032023,2023,2023-06-07T00:00:00Z,14.60,134.10,JTWC b-deck
WP032023,2023,2023-06-07T06:00:00Z,15.00,133.60,JTWC b-deck
WP032023,2023,2023-06-07T12:00:00Z,15.30,133.00,JTWC b-deck
WP032023,2023,2023-06-07T12:00:00Z,15.30,133.00,JTWC b-deck
WP032023,2023,2023-06-07T18:00:00Z,15.60,132.40,JTWC b-deck
WP032023,2023,2023-06-07T18:00:00Z,15.60,132.40,JTWC b-deck
WP032023,2023,2023-06-08T00:00:00Z,15.90,131.80,JTWC b-deck
WP032023,2023,2023-06-08T00:00:00Z,15.90,131.80,JTWC b-deck
WP032023,2023,2023-06-08T00:00:00Z,15.90,131.80,JTWC b-deck
WP032023,2023,2023-06-08T06:00:00Z,16.20,131.20,JTWC b-deck
WP032023,2023,2023-06-08T06:00:00Z,16.20,131.20,JTWC b-deck
WP032023,2023,2023-06-08T06:00:00Z,16.20,131.20,JTWC b-deck
WP032023,2023,2023-06-08T12:00:00Z,16.40,130.90,JTWC b-deck
WP032023,2023,2023-06-08T12:00:00Z,16.40,130.90,JTWC b-deck
WP032023,2023,2023-06-08T12:00:00Z,16.40,130.90,JTWC b-deck
WP032023,2023,2023-06-08T18:00:00Z,16.80,130.40,JTWC b-deck
WP032023,2023,2023-06-08T18:00:00Z,16.80,130.40,JTWC b-deck
WP032023,2023,2023-06-08T18:00:00Z,16.80,130.40,JTWC b-deck
WP032023,2023,2023-06-09T00:00:00Z,17.30,130.20,JTWC b-deck
WP032023,2023,2023-06-09T00:00:00Z,17.30,130.20,JTWC b-deck
WP032023,2023,2023-06-09T00:00:00Z,17.30,130.20,JTWC b-deck
WP032023,2023,2023-06-09T06:00:00Z,17.90,130.00,JTWC b-deck
WP032023,2023,2023-06-09T06:00:00Z,17.90,130.00,JTWC b-deck
WP032023,2023,2023-06-09T06:00:00Z,17.90,130.00,JTWC b-deck
WP032023,2023,2023-06-09T12:00:00Z,18.20,130.00,JTWC b-deck
WP032023,2023,2023-06-09T12:00:00Z,18.20,130.00,JTWC b-deck
WP032023,2023,2023-06-09T12:00:00Z,18.20,130.00,JTWC b-deck
WP032023,2023,2023-06-09T18:00:00Z,18.60,129.90,JTWC b-deck
WP032023,2023,2023-06-09T18:00:00Z,18.60,129.90,JTWC b-deck
WP032023,2023,2023-06-09T18:00:00Z,18.60,129.90,JTWC b-deck
WP032023,2023,2023-06-10T00:00:00Z,19.10,129.90,JTWC b-deck
WP032023,2023,2023-06-10T00:00:00Z,19.10,129.90,JTWC b-deck
WP032023,2023,2023-06-10T00:00:00Z,19.10,129.90,JTWC b-deck
WP032023,2023,2023-06-10T06:00:00Z,20.20,130.20,JTWC b-deck
WP032023,2023,2023-06-10T06:00:00Z,20.20,130.20,JTWC b-deck
WP032023,2023,2023-06-10T06:00:00Z,20.20,130.20,JTWC b-deck
WP032023,2023,2023-06-10T12:00:00Z,20.70,130.60,JTWC b-deck
WP032023,2023,2023-06-10T12:00:00Z,20.70,130.60,JTWC b-deck
WP032023,2023,2023-06-10T12:00:00Z,20.70,130.60,JTWC b-deck
WP032023,2023,2023-06-10T18:00:00Z,22.20,130.80,JTWC b-deck
WP032023,2023,2023-06-10T18:00:00Z,22.20,130.80,JTWC b-deck
WP032023,2023,2023-06-10T18:00:00Z,22.20,130.80,JTWC b-deck
WP032023,2023,2023-06-11T00:00:00Z,23.20,131.70,JTWC b-deck
WP032023,2023,2023-06-11T00:00:00Z,23.20,131.70,JTWC b-deck
WP032023,2023,2023-06-11T00:00:00Z,23.20,131.70,JTWC b-deck
WP032023,2023,2023-06-11T06:00:00Z,24.20,132.20,JTWC b-deck
WP032023,2023,2023-06-11T06:00:00Z,24.20,132.20,JTWC b-deck
WP032023,2023,2023-06-11T06:00:00Z,24.20,132.20,JTWC b-deck
WP032023,2023,2023-06-11T12:00:00Z,25.50,133.60,JTWC b-deck
WP032023,2023,2023-06-11T12:00:00Z,25.50,133.60,JTWC b-deck
WP032023,2023,2023-06-11T18:00:00Z,26.90,134.70,JTWC b-deck
WP032023,2023,2023-06-12T00:00:00Z,28.10,136.60,JTWC b-deck
WP032023,2023,2023-06-12T00:00:00Z,28.10,136.60,JTWC b-deck
WP032023,2023,2023-06-12T06:00:00Z,29.40,138.00,JTWC b-deck
WP032023,2023,2023-06-12T12:00:00Z,30.60,139.50,JTWC b-deck
WP032023,2023,2023-06-12T18:00:00Z,32.30,141.70,JTWC b-deck
WP032023,2023,2023-06-13T00:00:00Z,34.10,144.00,JTWC b-deck
WP032024,2024,2024-07-13T18:00:00Z,14.00,112.00,JTWC b-deck
WP032024,2024,2024-07-14T00:00:00Z,14.40,111.70,JTWC b-deck
WP032024,2024,2024-07-14T06:00:00Z,14.70,111.50,JTWC b-deck
WP032024,2024,2024-07-14T12:00:00Z,14.90,111.30,JTWC b-deck
WP032024,2024,2024-07-14T18:00:00Z,15.30,110.70,JTWC b-deck
WP032024,2024,2024-07-15T00:00:00Z,16.20,109.20,JTWC b-deck
WP032024,2024,2024-07-15T06:00:00Z,17.20,107.40,JTWC b-deck
WP032024,2024,2024-07-15T12:00:00Z,17.80,106.20,JTWC b-deck
WP032024,2024,2024-07-15T18:00:00Z,18.20,105.40,JTWC b-deck
WP032025,2025,2025-06-25T06:00:00Z,17.80,113.10,IBTrACS v04r01 (CMA)
WP032025,2025,2025-06-25T09:00:00Z,18.20,112.70,IBTrACS v04r01 (CMA)
WP032025,2025,2025-06-25T12:00:00Z,18.60,112.40,IBTrACS v04r01 (CMA)
WP032025,2025,2025-06-25T15:00:00Z,19.00,111.90,IBTrACS v04r01 (CMA)
WP032025,2025,2025-06-25T18:00:00Z,19.40,111.50,IBTrACS v04r01 (CMA)
WP032025,2025,2025-06-25T21:00:00Z,19.80,111.00,IBTrACS v04r01 (CMA)
WP032025,2025,2025-06-26T00:00:00Z,20.20,110.70,IBTrACS v04r01 (CMA)
WP032025,2025,2025-06-26T03:00:00Z,20.60,110.40,IBTrACS v04r01 (CMA)
WP032025,2025,2025-06-26T06:00:00Z,20.90,110.20,IBTrACS v04r01 (CMA)
WP032025,2025,2025-06-26T09:00:00Z,21.30,110.00,IBTrACS v04r01 (CMA)
WP032025,2025,2025-06-26T12:00:00Z,21.60,109.80,IBTrACS v04r01 (CMA)
WP032025,2025,2025-06-26T15:00:00Z,22.00,109.40,IBTrACS v04r01 (CMA)
WP042017,2017,2017-06-10T00:00:00Z,13.40,119.40,JTWC b-deck
WP042017,2017,2017-06-10T06:00:00Z,13.80,118.80,JTWC b-deck
WP042017,2017,2017-06-10T12:00:00Z,14.70,118.10,JTWC b-deck
WP042017,2017,2017-06-10T18:00:00Z,15.60,117.50,JTWC b-deck
WP042017,2017,2017-06-11T00:00:00Z,16.50,117.00,JTWC b-deck
WP042017,2017,2017-06-11T06:00:00Z,17.60,116.40,JTWC b-deck
WP042017,2017,2017-06-11T12:00:00Z,18.30,116.10,JTWC b-deck
WP042017,2017,2017-06-11T18:00:00Z,19.50,115.50,JTWC b-deck
WP042017,2017,2017-06-12T00:00:00Z,20.20,115.00,JTWC b-deck
WP042017,2017,2017-06-12T06:00:00Z,21.30,114.60,JTWC b-deck
WP042017,2017,2017-06-12T12:00:00Z,22.10,114.40,JTWC b-deck
WP042017,2017,2017-06-12T18:00:00Z,23.00,114.60,JTWC b-deck
WP042017,2017,2017-06-13T00:00:00Z,23.80,114.90,JTWC b-deck
WP042018,2018,2018-05-09T00:00:00Z,14.50,153.00,JTWC b-deck
WP042018,2018,2018-05-09T06:00:00Z,14.60,152.90,JTWC b-deck
WP042018,2018,2018-05-09T12:00:00Z,14.90,153.10,JTWC b-deck
WP042018,2018,2018-05-09T18:00:00Z,15.10,153.10,JTWC b-deck
WP042018,2018,2018-05-10T00:00:00Z,15.30,153.10,JTWC b-deck
WP042018,2018,2018-05-10T03:00:00Z,15.90,153.20,JTWC b-deck
WP042018,2018,2018-05-10T06:00:00Z,16.20,152.90,JTWC b-deck
WP042018,2018,2018-05-10T12:00:00Z,16.50,152.50,JTWC b-deck
WP042018,2018,2018-05-10T18:00:00Z,16.70,151.90,JTWC b-deck
WP042018,2018,2018-05-11T00:00:00Z,16.80,151.30,JTWC b-deck
WP042018,2018,2018-05-11T06:00:00Z,17.00,150.70,JTWC b-deck
WP042018,2018,2018-05-11T12:00:00Z,17.50,150.10,JTWC b-deck
WP042018,2018,2018-05-11T18:00:00Z,18.10,149.50,JTWC b-deck
WP042018,2018,2018-05-12T00:00:00Z,18.50,148.90,JTWC b-deck
WP042018,2018,2018-05-12T06:00:00Z,18.70,148.20,JTWC b-deck
WP042018,2018,2018-05-12T12:00:00Z,18.80,147.50,JTWC b-deck
WP042018,2018,2018-05-12T18:00:00Z,19.00,147.00,JTWC b-deck
WP042018,2018,2018-05-13T00:00:00Z,19.40,146.50,JTWC b-deck
WP042018,2018,2018-05-13T06:00:00Z,20.10,145.80,JTWC b-deck
WP042018,2018,2018-05-13T12:00:00Z,20.40,145.00,JTWC b-deck
WP042018,2018,2018-05-13T18:00:00Z,20.90,144.50,JTWC b-deck
WP042018,2018,2018-05-14T00:00:00Z,21.40,144.40,JTWC b-deck
WP042018,2018,2018-05-14T06:00:00Z,22.30,144.20,JTWC b-deck
WP042018,2018,2018-05-14T12:00:00Z,23.00,144.10,JTWC b-deck
WP042018,2018,2018-05-14T18:00:00Z,23.30,144.90,JTWC b-deck
WP042019,2019,2019-06-27T00:00:00Z,10.30,137.20,JTWC b-deck
WP042019,2019,2019-06-27T06:00:00Z,10.70,136.10,JTWC b-deck
WP042019,2019,2019-06-27T12:00:00Z,11.30,135.30,JTWC b-deck
WP042019,2019,2019-06-27T18:00:00Z,11.70,134.70,JTWC b-deck
WP042019,2019,2019-06-28T00:00:00Z,12.30,134.20,JTWC b-deck
WP042019,2019,2019-06-28T06:00:00Z,12.90,134.00,JTWC b-deck
WP042019,2019,2019-06-28T12:00:00Z,13.30,133.30,JTWC b-deck
WP042019,2019,2019-06-28T18:00:00Z,13.70,132.70,JTWC b-deck
WP042019,2019,2019-06-29T00:00:00Z,14.00,132.10,JTWC b-deck
WP042019,2019,2019-06-29T06:00:00Z,14.40,131.70,JTWC b-deck
WP042019,2019,2019-06-29T12:00:00Z,14.80,131.20,JTWC b-deck
WP042019,2019,2019-06-29T18:00:00Z,15.40,130.20,JTWC b-deck
WP042019,2019,2019-06-30T00:00:00Z,16.00,129.20,JTWC b-deck
WP042019,2019,2019-06-30T06:00:00Z,17.10,127.70,JTWC b-deck
WP042019,2019,2019-06-30T12:00:00Z,19.00,126.50,JTWC b-deck
WP042019,2019,2019-06-30T18:00:00Z,20.00,125.40,JTWC b-deck
WP042019,2019,2019-07-01T00:00:00Z,21.20,124.00,JTWC b-deck
WP042019,2019,2019-07-01T06:00:00Z,22.30,122.40,JTWC b-deck
WP042020,2020,2020-07-29T00:00:00Z,14.40,123.90,JTWC b-deck
WP042020,2020,2020-07-29T06:00:00Z,14.80,122.40,JTWC b-deck
WP042020,2020,2020-07-29T12:00:00Z,15.30,121.00,JTWC b-deck
WP042020,2020,2020-07-29T18:00:00Z,15.50,119.40,JTWC b-deck
WP042020,2020,2020-07-30T00:00:00Z,16.00,117.70,JTWC b-deck
WP042020,2020,2020-07-30T06:00:00Z,16.10,116.40,JTWC b-deck
WP042020,2020,2020-07-30T12:00:00Z,16.20,115.10,JTWC b-deck
WP042020,2020,2020-07-30T18:00:00Z,16.30,114.00,JTWC b-deck
WP042020,2020,2020-07-31T00:00:00Z,16.50,113.20,JTWC b-deck
WP042020,2020,2020-07-31T06:00:00Z,17.00,112.60,JTWC b-deck
WP042020,2020,2020-07-31T12:00:00Z,17.00,111.70,JTWC b-deck
WP042020,2020,2020-07-31T18:00:00Z,17.30,111.00,JTWC b-deck
WP042020,2020,2020-08-01T00:00:00Z,17.80,110.00,JTWC b-deck
WP042020,2020,2020-08-01T06:00:00Z,18.50,108.60,JTWC b-deck
WP042020,2020,2020-08-01T12:00:00Z,18.70,107.70,JTWC b-deck
WP042020,2020,2020-08-01T18:00:00Z,19.00,107.10,JTWC b-deck
WP042020,2020,2020-08-02T00:00:00Z,19.40,106.50,JTWC b-deck
WP042020,2020,2020-08-02T06:00:00Z,19.70,105.80,JTWC b-deck
WP042020,2020,2020-08-02T12:00:00Z,19.70,104.90,JTWC b-deck
WP042020,2020,2020-08-02T18:00:00Z,19.20,103.10,JTWC b-deck
WP042021,2021,2021-05-28T00:00:00Z,4.80,142.10,JTWC b-deck
WP042021,2021,2021-05-28T06:00:00Z,5.20,141.00,JTWC b-deck
WP042021,2021,2021-05-28T12:00:00Z,5.60,139.90,JTWC b-deck
WP042021,2021,2021-05-28T18:00:00Z,5.90,138.60,JTWC b-deck
WP042021,2021,2021-05-29T00:00:00Z,6.10,137.20,JTWC b-deck
WP042021,2021,2021-05-29T06:00:00Z,5.90,135.90,JTWC b-deck
WP042021,2021,2021-05-29T12:00:00Z,5.80,135.10,JTWC b-deck
WP042021,2021,2021-05-29T18:00:00Z,6.30,134.30,JTWC b-deck
WP042021,2021,2021-05-30T00:00:00Z,6.50,133.50,JTWC b-deck
WP042021,2021,2021-05-30T06:00:00Z,6.70,132.70,JTWC b-deck
WP042021,2021,2021-05-30T12:00:00Z,6.80,131.80,JTWC b-deck
WP042021,2021,2021-05-30T18:00:00Z,7.30,131.10,JTWC b-deck
WP042021,2021,2021-05-31T00:00:00Z,8.10,130.40,JTWC b-deck
WP042021,2021,2021-05-31T06:00:00Z,8.90,129.70,JTWC b-deck
WP042021,2021,2021-05-31T12:00:00Z,9.50,129.10,JTWC b-deck
WP042021,2021,2021-05-31T18:00:00Z,9.80,128.30,JTWC b-deck
WP042021,2021,2021-06-01T00:00:00Z,10.10,127.30,JTWC b-deck
WP042021,2021,2021-06-01T06:00:00Z,11.10,126.70,JTWC b-deck
WP042021,2021,2021-06-01T12:00:00Z,11.70,125.60,JTWC b-deck
WP042021,2021,2021-06-01T18:00:00Z,11.90,124.00,JTWC b-deck
WP042021,2021,2021-06-02T00:00:00Z,12.70,122.30,JTWC b-deck
WP042021,2021,2021-06-02T06:00:00Z,13.30,121.50,JTWC b-deck
WP042021,2021,2021-06-02T12:00:00Z,13.70,120.70,JTWC b-deck
WP042021,2021,2021-06-02T18:00:00Z,14.60,119.80,JTWC b-deck
WP042021,2021,2021-06-03T00:00:00Z,16.40,119.10,JTWC b-deck
WP042021,2021,2021-06-03T06:00:00Z,17.70,118.10,JTWC b-deck
WP042021,2021,2021-06-03T12:00:00Z,18.50,118.30,JTWC b-deck
WP042021,2021,2021-06-03T18:00:00Z,19.50,118.50,JTWC b-deck
WP042021,2021,2021-06-04T00:00:00Z,20.40,118.70,JTWC b-deck
WP042021,2021,2021-06-04T06:00:00Z,21.00,119.60,JTWC b-deck
WP042021,2021,2021-06-04T12:00:00Z,21.90,121.20,JTWC b-deck
WP042021,2021,2021-06-04T18:00:00Z,23.10,122.50,JTWC b-deck
WP042021,2021,2021-06-05T00:00:00Z,24.80,123.80,JTWC b-deck
WP042021,2021,2021-06-05T06:00:00Z,26.50,125.90,JTWC b-deck
WP042021,2021,2021-06-05T12:00:00Z,28.80,130.00,JTWC b-deck
WP042022,2022,2022-06-29T00:00:00Z,14.90,116.50,JTWC b-deck
WP042022,2022,2022-06-29T06:00:00Z,15.10,116.00,JTWC b-deck
WP042022,2022,2022-06-29T12:00:00Z,15.30,115.60,JTWC b-deck
WP042022,2022,2022-06-29T18:00:00Z,15.60,115.40,JTWC b-deck
WP042022,2022,2022-06-30T00:00:00Z,15.90,115.40,JTWC b-deck
WP042022,2022,2022-06-30T06:00:00Z,16.20,115.40,JTWC b-deck
WP042022,2022,2022-06-30T12:00:00Z,17.20,115.10,JTWC b-deck
WP042022,2022,2022-06-30T18:00:00Z,17.70,114.60,JTWC b-deck
WP042022,2022,2022-07-01T00:00:00Z,18.30,114.10,JTWC b-deck
WP042022,2022,2022-07-01T00:00:00Z,18.30,114.10,JTWC b-deck
WP042022,2022,2022-07-01T06:00:00Z,18.90,113.40,JTWC b-deck
WP042022,2022,2022-07-01T06:00:00Z,18.90,113.40,JTWC b-deck
WP042022,2022,2022-07-01T12:00:00Z,19.30,112.90,JTWC b-deck
WP042022,2022,2022-07-01T12:00:00Z,19.30,112.90,JTWC b-deck
WP042022,2022,2022-07-01T18:00:00Z,20.20,112.20,JTWC b-deck
WP042022,2022,2022-07-01T18:00:00Z,20.20,112.20,JTWC b-deck
WP042022,2022,2022-07-01T18:00:00Z,20.20,112.20,JTWC b-deck
WP042022,2022,2022-07-02T00:00:00Z,20.60,111.70,JTWC b-deck
WP042022,2022,2022-07-02T00:00:00Z,20.60,111.70,JTWC b-deck
WP042022,2022,2022-07-02T00:00:00Z,20.60,111.70,JTWC b-deck
WP042022,2022,2022-07-02T06:00:00Z,21.20,111.30,JTWC b-deck
WP042022,2022,2022-07-02T06:00:00Z,21.20,111.30,JTWC b-deck
WP042022,2022,2022-07-02T06:00:00Z,21.20,111.30,JTWC b-deck
WP042022,2022,2022-07-02T12:00:00Z,21.90,110.90,JTWC b-deck
WP042022,2022,2022-07-02T12:00:00Z,21.90,110.90,JTWC b-deck
WP042022,2022,2022-07-02T18:00:00Z,22.70,110.60,JTWC b-deck
WP042022,2022,2022-07-03T00:00:00Z,23.80,110.80,JTWC b-deck
WP042022,2022,2022-07-03T06:00:00Z,24.60,110.90,JTWC b-deck
WP042022,2022,2022-07-03T12:00:00Z,25.20,111.10,JTWC b-deck
WP042022,2022,2022-07-03T18:00:00Z,25.70,111.50,JTWC b-deck
WP042022,2022,2022-07-04T00:00:00Z,26.20,111.90,JTWC b-deck
WP042022,2022,2022-07-04T06:00:00Z,26.50,112.20,JTWC b-deck
WP042022,2022,2022-07-04T12:00:00Z,26.90,112.90,JTWC b-deck
WP042023,2023,2023-07-14T00:00:00Z,16.70,118.90,JTWC b-deck
WP042023,2023,2023-07-14T06:00:00Z,17.00,118.70,JTWC b-deck
WP042023,2023,2023-07-14T12:00:00Z,17.30,118.50,JTWC b-deck
WP042023,2023,2023-07-14T18:00:00Z,17.50,118.40,JTWC b-deck
WP042023,2023,2023-07-15T00:00:00Z,17.70,118.30,JTWC b-deck
WP042023,2023,2023-07-15T06:00:00Z,18.10,117.80,JTWC b-deck
WP042023,2023,2023-07-15T12:00:00Z,18.50,117.20,JTWC b-deck
WP042023,2023,2023-07-15T18:00:00Z,18.80,116.80,JTWC b-deck
WP042023,2023,2023-07-16T00:00:00Z,19.10,116.30,JTWC b-deck
WP042023,2023,2023-07-16T06:00:00Z,19.30,115.60,JTWC b-deck
WP042023,2023,2023-07-16T06:00:00Z,19.30,115.60,JTWC b-deck
WP042023,2023,2023-07-16T12:00:00Z,19.60,114.60,JTWC b-deck
WP042023,2023,2023-07-16T12:00:00Z,19.60,114.60,JTWC b-deck
WP042023,2023,2023-07-16T18:00:00Z,19.80,113.90,JTWC b-deck
WP042023,2023,2023-07-16T18:00:00Z,19.80,113.90,JTWC b-deck
WP042023,2023,2023-07-16T18:00:00Z,19.80,113.90,JTWC b-deck
WP042023,2023,2023-07-17T00:00:00Z,20.00,113.30,JTWC b-deck
WP042023,2023,2023-07-17T00:00:00Z,20.00,113.30,JTWC b-deck
WP042023,2023,2023-07-17T00:00:00Z,20.00,113.30,JTWC b-deck
WP042023,2023,2023-07-17T06:00:00Z,20.80,112.10,JTWC b-deck
WP042023,2023,2023-07-17T06:00:00Z,20.80,112.10,JTWC b-deck
WP042023,2023,2023-07-17T06:00:00Z,20.80,112.10,JTWC b-deck
WP042023,2023,2023-07-17T12:00:00Z,21.20,110.80,JTWC b-deck
WP042023,2023,2023-07-17T12:00:00Z,21.20,110.80,JTWC b-deck
WP042023,2023,2023-07-17T12:00:00Z,21.20,110.80,JTWC b-deck
WP042023,2023,2023-07-17T18:00:00Z,21.60,109.80,JTWC b-deck
WP042023,2023,2023-07-17T18:00:00Z,21.60,109.80,JTWC b-deck
WP042023,2023,2023-07-17T18:00:00Z,21.60,109.80,JTWC b-deck
WP042023,2023,2023-07-18T00:00:00Z,21.90,108.80,JTWC b-deck
WP042023,2023,2023-07-18T00:00:00Z,21.90,108.80,JTWC b-deck
WP042023,2023,2023-07-18T06:00:00Z,22.30,107.60,JTWC b-deck
WP042023,2023,2023-07-18T06:00:00Z,22.30,107.60,JTWC b-deck
WP042023,2023,2023-07-18T12:00:00Z,22.50,106.30,JTWC b-deck
WP042023,2023,2023-07-18T18:00:00Z,22.50,105.70,JTWC b-deck
WP042023,2023,2023-07-19T00:00:00Z,22.80,104.40,JTWC b-deck
WP042023,2023,2023-07-19T06:00:00Z,23.40,103.30,JTWC b-deck
WP042024,2024,2024-07-15T12:00:00Z,7.70,129.70,JTWC b-deck
WP042024,2024,2024-07-15T18:00:00Z,8.90,128.60,JTWC b-deck
WP042024,2024,2024-07-16T00:00:00Z,9.70,127.80,JTWC b-deck
WP042024,2024,2024-07-16T06:00:00Z,10.10,127.40,JTWC b-deck
WP042024,2024,2024-07-16T12:00:00Z,10.50,127.00,JTWC b-deck
WP042024,2024,2024-07-16T18:00:00Z,10.80,126.80,JTWC b-deck
WP042024,2024,2024-07-17T00:00:00Z,11.10,126.70,JTWC b-deck
WP042024,2024,2024-07-17T06:00:00Z,11.40,126.30,JTWC b-deck
WP042024,2024,2024-07-17T12:00:00Z,11.70,125.70,JTWC b-deck
WP042024,2024,2024-07-17T18:00:00Z,12.10,124.00,JTWC b-deck
WP042024,2024,2024-07-18T00:00:00Z,12.50,122.50,JTWC b-deck
WP042024,2024,2024-07-18T06:00:00Z,12.60,121.70,JTWC b-deck
WP042024,2024,2024-07-18T12:00:00Z,12.80,121.00,JTWC b-deck
WP042024,2024,2024-07-18T18:00:00Z,13.10,120.00,JTWC b-deck
WP042024,2024,2024-07-19T00:00:00Z,13.50,119.10,JTWC b-deck
WP042024,2024,2024-07-19T06:00:00Z,14.10,117.80,JTWC b-deck
WP042024,2024,2024-07-19T12:00:00Z,14.60,116.80,JTWC b-deck
WP042024,2024,2024-07-19T18:00:00Z,15.00,115.80,JTWC b-deck
WP042024,2024,2024-07-20T00:00:00Z,15.60,114.60,JTWC b-deck
WP042024,2024,2024-07-20T06:00:00Z,15.90,113.80,JTWC b-deck
WP042024,2024,2024-07-20T12:00:00Z,16.20,112.90,JTWC b-deck
WP042024,2024,2024-07-20T18:00:00Z,16.00,111.70,JTWC b-deck
WP042024,2024,2024-07-21T00:00:00Z,16.30,111.50,JTWC b-deck
WP042024,2024,2024-07-21T06:00:00Z,17.20,111.20,JTWC b-deck
WP042024,2024,2024-07-21T12:00:00Z,18.00,110.80,JTWC b-deck
WP042024,2024,2024-07-21T18:00:00Z,18.90,110.30,JTWC b-deck
WP042024,2024,2024-07-22T00:00:00Z,19.60,109.20,JTWC b-deck
WP042024,2024,2024-07-22T06:00:00Z,20.10,108.70,JTWC b-deck
WP042024,2024,2024-07-22T06:00:00Z,20.10,108.70,JTWC b-deck
WP042024,2024,2024-07-22T12:00:00Z,20.30,108.30,JTWC b-deck
WP042024,2024,2024-07-22T12:00:00Z,20.30,108.30,JTWC b-deck
WP042024,2024,2024-07-22T18:00:00Z,21.10,107.90,JTWC b-deck
WP042024,2024,2024-07-22T18:00:00Z,21.10,107.90,JTWC b-deck
WP042024,2024,2024-07-23T00:00:00Z,21.40,107.60,JTWC b-deck
WP042024,2024,2024-07-23T06:00:00Z,21.60,107.40,JTWC b-deck
WP042024,2024,2024-07-23T12:00:00Z,21.80,107.20,JTWC b-deck
WP042025,2025,2025-07-01T18:00:00Z,24.20,147.60,IBTrACS v04r01 (CMA)
WP042025,2025,2025-07-01T21:00:00Z,24.70,147.50,IBTrACS v04r01 (CMA)
WP042025,2025,2025-07-02T00:00:00Z,25.10,147.40,IBTrACS v04r01 (CMA)
WP042025,2025,2025-07-02T03:00:00Z,25.40,147.10,IBTrACS v04r01 (CMA)
WP042025,2025,2025-07-02T06:00:00Z,25.60,146.80,IBTrACS v04r01 (CMA)
WP042025,2025,2025-07-02T09:00:00Z,25.80,146.50,IBTrACS v04r01 (CMA)
WP042025,2025,2025-07-02T12:00:00Z,26.10,146.30,IBTrACS v04r01 (CMA)
WP042025,2025,2025-07-02T15:00:00Z,26.40,146.00,IBTrACS v04r01 (CMA)
WP042025,2025,2025-07-02T18:00:00Z,26.60,145.80,IBTrACS v04r01 (CMA)
WP042025,2025,2025-07-02T21:00:00Z,26.70,145.60,IBTrACS v04r01 (CMA)
WP042025,2025,2025-07-03T00:00:00Z,26.80,145.40,IBTrACS v04r01 (CMA)
WP042025,2025,2025-07-03T03:00:00Z,27.20,145.40,IBTrACS v04r01 (CMA)
WP042025,2025,2025-07-03T06:00:00Z,27.60,145.40,IBTrACS v04r01 (CMA)
WP042025,2025,2025-07-03T09:00:00Z,28.00,145.40,IBTrACS v04r01 (CMA)
WP042025,2025,2025-07-03T12:00:00Z,28.40,145.40,IBTrACS v04r01 (CMA)
WP042025,2025,2025-07-03T15:00:00Z,28.70,145.20,IBTrACS v04r01 (CMA)
WP042025,2025,2025-07-03T18:00:00Z,29.00,145.10,IBTrACS v04r01 (CMA)
WP042025,2025,2025-07-03T21:00:00Z,29.30,145.10,IBTrACS v04r01 (CMA)
WP042025,2025,2025-07-04T00:00:00Z,29.60,145.20,IBTrACS v04r01 (CMA)
WP042025,2025,2025-07-04T03:00:00Z,29.90,145.30,IBTrACS v04r01 (CMA)
WP042025,2025,2025-07-04T06:00:00Z,30.10,145.40,IBTrACS v04r01 (CMA)
WP042025,2025,2025-07-04T09:00:00Z,30.40,145.50,IBTrACS v04r01 (CMA)
WP042025,2025,2025-07-04T12:00:00Z,30.60,145.70,IBTrACS v04r01 (CMA)
WP042025,2025,2025-07-04T15:00:00Z,30.80,145.80,IBTrACS v04r01 (CMA)
WP042025,2025,2025-07-04T18:00:00Z,30.90,145.90,IBTrACS v04r01 (CMA)
WP042025,2025,2025-07-04T21:00:00Z,31.00,146.10,IBTrACS v04r01 (CMA)
WP042025,2025,2025-07-05T00:00:00Z,31.10,146.30,IBTrACS v04r01 (CMA)
WP042025,2025,2025-07-05T03:00:00Z,31.00,146.60,IBTrACS v04r01 (CMA)
WP042025,2025,2025-07-05T06:00:00Z,31.00,147.00,IBTrACS v04r01 (CMA)
WP042025,2025,2025-07-05T09:00:00Z,31.10,147.40,IBTrACS v04r01 (CMA)
WP042025,2025,2025-07-05T12:00:00Z,31.30,147.90,IBTrACS v04r01 (CMA)
WP042025,2025,2025-07-05T15:00:00Z,31.50,148.30,IBTrACS v04r01 (CMA)
WP042025,2025,2025-07-05T18:00:00Z,31.70,148.70,IBTrACS v04r01 (CMA)
WP042025,2025,2025-07-05T21:00:00Z,31.90,148.90,IBTrACS v04r01 (CMA)
WP042025,2025,2025-07-06T00:00:00Z,32.20,149.10,IBTrACS v04r01 (CMA)
WP042025,2025,2025-07-06T03:00:00Z,32.40,149.30,IBTrACS v04r01 (CMA)
WP042025,2025,2025-07-06T06:00:00Z,32.60,149.50,IBTrACS v04r01 (CMA)
WP042025,2025,2025-07-06T09:00:00Z,33.00,149.60,IBTrACS v04r01 (CMA)
WP042025,2025,2025-07-06T12:00:00Z,33.40,149.60,IBTrACS v04r01 (CMA)
WP042025,2025,2025-07-06T15:00:00Z,33.60,149.60,IBTrACS v04r01 (CMA)
WP042025,2025,2025-07-06T18:00:00Z,33.90,149.50,IBTrACS v04r01 (CMA)
WP042025,2025,2025-07-06T21:00:00Z,34.30,149.20,IBTrACS v04r01 (CMA)
WP042025,2025,2025-07-07T00:00:00Z,34.70,148.90,IBTrACS v04r01 (CMA)
WP042025,2025,2025-07-07T03:00:00Z,35.20,148.60,IBTrACS v04r01 (CMA)
WP042025,2025,2025-07-07T06:00:00Z,35.70,148.40,IBTrACS v04r01 (CMA)
WP042025,2025,2025-07-07T09:00:00Z,36.20,148.10,IBTrACS v04r01 (CMA)
WP042025,2025,2025-07-07T12:00:00Z,36.70,148.00,IBTrACS v04r01 (CMA)
WP042025,2025,2025-07-07T15:00:00Z,37.40,148.10,IBTrACS v04r01 (CMA)
WP042025,2025,2025-07-07T18:00:00Z,38.10,148.30,IBTrACS v04r01 (CMA)
WP042025,2025,2025-07-07T21:00:00Z,38.70,148.60,IBTrACS v04r01 (CMA)
WP042025,2025,2025-07-08T00:00:00Z,39.30,149.10,IBTrACS v04r01 (CMA)
WP042025,2025,2025-07-08T03:00:00Z,40.10,149.70,IBTrACS v04r01 (CMA)
WP052017,2017,2017-07-01T12:00:00Z,18.20,129.40,JTWC b-deck
WP052017,2017,2017-07-01T18:00:00Z,19.40,128.20,JTWC b-deck
WP052017,2017,2017-07-02T00:00:00Z,20.70,126.90,JTWC b-deck
WP052017,2017,2017-07-02T06:00:00Z,22.30,125.60,JTWC b-deck
WP052017,2017,2017-07-02T12:00:00Z,23.60,124.60,JTWC b-deck
WP052017,2017,2017-07-02T18:00:00Z,24.90,124.10,JTWC b-deck
WP052017,2017,2017-07-03T00:00:00Z,26.20,124.20,JTWC b-deck
WP052017,2017,2017-07-03T00:00:00Z,26.20,124.20,JTWC b-deck
WP052017,2017,2017-07-03T06:00:00Z,27.80,125.00,JTWC b-deck
WP052017,2017,2017-07-03T06:00:00Z,27.80,125.00,JTWC b-deck
WP052017,2017,2017-07-03T09:00:00Z,28.70,125.60,JTWC b-deck
WP052017,2017,2017-07-03T09:00:00Z,28.70,125.60,JTWC b-deck
WP052017,2017,2017-07-03T09:00:00Z,28.70,125.60,JTWC b-deck
WP052017,2017,2017-07-03T12:00:00Z,29.60,126.10,JTWC b-deck
WP052017,2017,2017-07-03T12:00:00Z,29.60,126.10,JTWC b-deck
WP052017,2017,2017-07-03T18:00:00Z,31.30,127.70,JTWC b-deck
WP052017,2017,2017-07-03T18:00:00Z,31.30,127.70,JTWC b-deck
WP052017,2017,2017-07-04T00:00:00Z,32.80,130.40,JTWC b-deck
WP052017,2017,2017-07-04T06:00:00Z,33.50,134.20,JTWC b-deck
WP052017,2017,2017-07-04T12:00:00Z,34.30,138.40,JTWC b-deck
WP052017,2017,2017-07-04T18:00:00Z,35.20,142.10,JTWC b-deck
WP052017,2017,2017-07-05T00:00:00Z,36.00,145.90,JTWC b-deck
WP052017,2017,2017-07-05T06:00:00Z,36.90,150.10,JTWC b-deck
WP052018,2018,2018-06-02T06:00:00Z,12.30,112.60,JTWC b-deck
WP052018,2018,2018-06-02T12:00:00Z,12.60,111.40,JTWC b-deck
WP052018,2018,2018-06-02T18:00:00Z,13.20,111.00,JTWC b-deck
WP052018,2018,2018-06-03T00:00:00Z,13.80,110.80,JTWC b-deck
WP052018,2018,2018-06-03T06:00:00Z,14.80,110.50,JTWC b-deck
WP052018,2018,2018-06-03T12:00:00Z,15.10,110.50,JTWC b-deck
WP052018,2018,2018-06-03T18:00:00Z,15.40,110.40,JTWC b-deck
WP052018,2018,2018-06-04T00:00:00Z,15.60,110.20,JTWC b-deck
WP052018,2018,2018-06-04T06:00:00Z,15.80,110.40,JTWC b-deck
WP052018,2018,2018-06-04T12:00:00Z,16.10,110.90,JTWC b-deck
WP052018,2018,2018-06-04T18:00:00Z,16.70,111.30,JTWC b-deck
WP052018,2018,2018-06-05T00:00:00Z,17.50,111.40,JTWC b-deck
WP052018,2018,2018-06-05T06:00:00Z,18.60,111.50,JTWC b-deck
WP052018,2018,2018-06-05T12:00:00Z,19.90,111.40,JTWC b-deck
WP052018,2018,2018-06-05T18:00:00Z,20.40,110.90,JTWC b-deck
WP052018,2018,2018-06-06T00:00:00Z,20.20,110.40,JTWC b-deck
WP052018,2018,2018-06-06T06:00:00Z,20.20,110.20,JTWC b-deck
WP052018,2018,2018-06-06T12:00:00Z,20.30,110.60,JTWC b-deck
WP052018,2018,2018-06-06T18:00:00Z,20.40,110.80,JTWC b-deck
WP052018,2018,2018-06-07T00:00:00Z,20.60,111.10,JTWC b-deck
WP052018,2018,2018-06-07T06:00:00Z,21.00,111.60,JTWC b-deck
WP052018,2018,2018-06-07T12:00:00Z,21.60,112.10,JTWC b-deck
WP052018,2018,2018-06-07T18:00:00Z,22.20,112.20,JTWC b-deck
WP052018,2018,2018-06-08T00:00:00Z,22.70,112.30,JTWC b-deck
WP052018,2018,2018-06-08T06:00:00Z,23.10,112.40,JTWC b-deck
WP052018,2018,2018-06-08T12:00:00Z,23.30,112.50,JTWC b-deck
WP052019,2019,2019-07-01T06:00:00Z,18.10,114.40,JTWC b-deck
WP052019,2019,2019-07-01T12:00:00Z,18.00,114.00,JTWC b-deck
WP052019,2019,2019-07-01T18:00:00Z,18.00,113.60,JTWC b-deck
WP052019,2019,2019-07-02T00:00:00Z,18.40,113.30,JTWC b-deck
WP052019,2019,2019-07-02T06:00:00Z,18.70,112.40,JTWC b-deck
WP052019,2019,2019-07-02T12:00:00Z,18.90,111.30,JTWC b-deck
WP052019,2019,2019-07-02T18:00:00Z,19.10,110.30,JTWC b-deck
WP052019,2019,2019-07-03T00:00:00Z,18.80,109.00,JTWC b-deck
WP052019,2019,2019-07-03T06:00:00Z,18.50,108.10,JTWC b-deck
WP052019,2019,2019-07-03T12:00:00Z,19.70,107.70,JTWC b-deck
WP052019,2019,2019-07-03T18:00:00Z,20.10,106.90,JTWC b-deck
WP052019,2019,2019-07-04T00:00:00Z,20.50,106.20,JTWC b-deck
WP052019,2019,2019-07-04T06:00:00Z,21.50,105.40,JTWC b-deck
WP052019,2019,2019-07-04T12:00:00Z,22.60,105.00,JTWC b-deck
WP052020,2020,2020-08-08T00:00:00Z,17.20,126.70,JTWC b-deck
WP052020,2020,2020-08-08T06:00:00Z,18.10,126.30,JTWC b-deck
WP052020,2020,2020-08-08T12:00:00Z,19.30,126.10,JTWC b-deck
WP052020,2020,2020-08-08T18:00:00Z,21.20,126.10,JTWC b-deck
WP052020,2020,2020-08-09T00:00:00Z,23.00,125.90,JTWC b-deck
WP052020,2020,2020-08-09T06:00:00Z,25.20,126.20,JTWC b-deck
WP052020,2020,2020-08-09T12:00:00Z,27.40,126.20,JTWC b-deck
WP052020,2020,2020-08-09T18:00:00Z,29.70,126.70,JTWC b-deck
WP052020,2020,2020-08-10T00:00:00Z,32.20,127.60,JTWC b-deck
WP052020,2020,2020-08-10T06:00:00Z,34.60,128.60,JTWC b-deck
WP052020,2020,2020-08-10T12:00:00Z,37.20,130.00,JTWC b-deck
WP052020,2020,2020-08-10T18:00:00Z,39.80,132.40,JTWC b-deck
WP052020,2020,2020-08-11T00:00:00Z,42.90,136.00,JTWC b-deck
WP052021,2021,2021-06-10T06:00:00Z,17.60,115.40,JTWC b-deck
WP052021,2021,2021-06-10T12:00:00Z,17.80,114.80,JTWC b-deck
WP052021,2021,2021-06-10T18:00:00Z,17.90,114.20,JTWC b-deck
WP052021,2021,2021-06-11T00:00:00Z,17.80,113.40,JTWC b-deck
WP052021,2021,2021-06-11T06:00:00Z,17.70,112.70,JTWC b-deck
WP052021,2021,2021-06-11T12:00:00Z,17.60,112.00,JTWC b-deck
WP052021,2021,2021-06-11T18:00:00Z,17.70,111.30,JTWC b-deck
WP052021,2021,2021-06-12T00:00:00Z,18.20,110.20,JTWC b-deck
WP052021,2021,2021-06-12T06:00:00Z,19.00,108.80,JTWC b-deck
WP052021,2021,2021-06-12T12:00:00Z,19.80,107.50,JTWC b-deck
WP052021,2021,2021-06-12T18:00:00Z,20.00,106.40,JTWC b-deck
WP052021,2021,2021-06-13T00:00:00Z,20.00,105.80,JTWC b-deck
WP052021,2021,2021-06-13T06:00:00Z,19.90,104.70,JTWC b-deck
WP052022,2022,2022-06-29T00:00:00Z,15.40,130.30,JTWC b-deck
WP052022,2022,2022-06-29T06:00:00Z,16.40,130.30,JTWC b-deck
WP052022,2022,2022-06-29T12:00:00Z,17.50,130.40,JTWC b-deck
WP052022,2022,2022-06-29T18:00:00Z,17.90,131.20,JTWC b-deck
WP052022,2022,2022-06-30T00:00:00Z,18.40,132.00,JTWC b-deck
WP052022,2022,2022-06-30T06:00:00Z,19.10,130.90,JTWC b-deck
WP052022,2022,2022-06-30T12:00:00Z,19.40,130.80,JTWC b-deck
WP052022,2022,2022-06-30T18:00:00Z,19.90,130.90,JTWC b-deck
WP052022,2022,2022-07-01T00:00:00Z,20.40,131.20,JTWC b-deck
WP052022,2022,2022-07-01T06:00:00Z,21.00,131.20,JTWC b-deck
WP052022,2022,2022-07-01T12:00:00Z,22.40,131.30,JTWC b-deck
WP052022,2022,2022-07-01T18:00:00Z,23.20,131.30,JTWC b-deck
WP052022,2022,2022-07-02T00:00:00Z,24.60,130.50,JTWC b-deck
WP052022,2022,2022-07-02T06:00:00Z,25.80,129.50,JTWC b-deck
WP052022,2022,2022-07-02T12:00:00Z,26.50,128.30,JTWC b-deck
WP052022,2022,2022-07-02T18:00:00Z,27.40,127.50,JTWC b-deck
WP052022,2022,2022-07-03T00:00:00Z,27.80,127.20,JTWC b-deck
WP052022,2022,2022-07-03T06:00:00Z,28.20,126.90,JTWC b-deck
WP052022,2022,2022-07-03T12:00:00Z,28.60,126.50,JTWC b-deck
WP052022,2022,2022-07-03T18:00:00Z,29.20,126.80,JTWC b-deck
WP052022,2022,2022-07-04T00:00:00Z,30.00,127.40,JTWC b-deck
WP052022,2022,2022-07-04T06:00:00Z,30.90,127.80,JTWC b-deck
WP052022,2022,2022-07-04T12:00:00Z,31.70,128.60,JTWC b-deck
WP052022,2022,2022-07-04T18:00:00Z,32.80,129.50,JTWC b-deck
WP052022,2022,2022-07-05T00:00:00Z,33.20,130.50,JTWC b-deck
WP052022,2022,2022-07-05T06:00:00Z,33.40,132.20,JTWC b-deck
WP052022,2022,2022-07-05T12:00:00Z,33.60,133.90,JTWC b-deck
WP052022,2022,2022-07-05T18:00:00Z,33.60,135.30,JTWC b-deck
WP052022,2022,2022-07-06T00:00:00Z,33.50,138.30,JTWC b-deck
WP052022,2022,2022-07-06T06:00:00Z,33.90,142.20,JTWC b-deck
WP052022,2022,2022-07-06T12:00:00Z,33.90,143.20,JTWC b-deck
WP052022,2022,2022-07-06T18:00:00Z,34.00,144.30,JTWC b-deck
WP052022,2022,2022-07-07T00:00:00Z,34.00,145.30,JTWC b-deck
WP052022,2022,2022-07-07T06:00:00Z,34.00,145.90,JTWC b-deck
WP052022,2022,2022-07-07T12:00:00Z,34.20,146.30,JTWC b-deck
WP052022,2022,2022-07-07T18:00:00Z,34.70,146.10,JTWC b-deck
WP052022,2022,2022-07-08T00:00:00Z,34.20,144.90,JTWC b-deck
WP052022,2022,2022-07-08T06:00:00Z,34.60,144.90,JTWC b-deck
WP052022,2022,2022-07-08T12:00:00Z,34.10,144.20,JTWC b-deck
WP052022,2022,2022-07-08T18:00:00Z,34.70,144.80,JTWC b-deck
WP052022,2022,2022-07-09T00:00:00Z,36.00,144.80,JTWC b-deck
WP052022,2022,2022-07-09T06:00:00Z,37.70,145.00,JTWC b-deck
WP052022,2022,2022-07-09T12:00:00Z,39.10,143.70,JTWC b-deck
WP052022,2022,2022-07-09T18:00:00Z,39.90,143.30,JTWC b-deck
WP052022,2022,2022-07-10T00:00:00Z,40.90,142.70,JTWC b-deck
WP052022,2022,2022-07-10T06:00:00Z,41.30,142.70,JTWC b-deck
WP052022,2022,2022-07-10T12:00:00Z,41.40,143.20,JTWC b-deck
WP052022,2022,2022-07-10T18:00:00Z,42.00,143.80,JTWC b-deck
WP052022,2022,2022-07-11T00:00:00Z,42.90,144.30,JTWC b-deck
WP052023,2023,2023-07-21T00:00:00Z,13.60,132.40,JTWC b-deck
WP052023,2023,2023-07-21T06:00:00Z,14.30,132.20,JTWC b-deck
WP052023,2023,2023-07-21T12:00:00Z,14.60,131.70,JTWC b-deck
WP052023,2023,2023-07-21T18:00:00Z,14.20,130.80,JTWC b-deck
WP052023,2023,2023-07-22T00:00:00Z,14.30,130.50,JTWC b-deck
WP052023,2023,2023-07-22T06:00:00Z,14.30,130.30,JTWC b-deck
WP052023,2023,2023-07-22T12:00:00Z,14.40,130.10,JTWC b-deck
WP052023,2023,2023-07-22T18:00:00Z,14.60,129.50,JTWC b-deck
WP052023,2023,2023-07-23T00:00:00Z,14.80,129.00,JTWC b-deck
WP052023,2023,2023-07-23T00:00:00Z,14.80,129.00,JTWC b-deck
WP052023,2023,2023-07-23T06:00:00Z,14.90,128.30,JTWC b-deck
WP052023,2023,2023-07-23T06:00:00Z,14.90,128.30,JTWC b-deck
WP052023,2023,2023-07-23T06:00:00Z,14.90,128.30,JTWC b-deck
WP052023,2023,2023-07-23T12:00:00Z,15.00,127.70,JTWC b-deck
WP052023,2023,2023-07-23T12:00:00Z,15.00,127.70,JTWC b-deck
WP052023,2023,2023-07-23T12:00:00Z,15.00,127.70,JTWC b-deck
WP052023,2023,2023-07-23T18:00:00Z,15.10,127.00,JTWC b-deck
WP052023,2023,2023-07-23T18:00:00Z,15.10,127.00,JTWC b-deck
WP052023,2023,2023-07-23T18:00:00Z,15.10,127.00,JTWC b-deck
WP052023,2023,2023-07-24T00:00:00Z,15.20,126.60,JTWC b-deck
WP052023,2023,2023-07-24T00:00:00Z,15.20,126.60,JTWC b-deck
WP052023,2023,2023-07-24T00:00:00Z,15.20,126.60,JTWC b-deck
WP052023,2023,2023-07-24T06:00:00Z,15.80,126.30,JTWC b-deck
WP052023,2023,2023-07-24T06:00:00Z,15.80,126.30,JTWC b-deck
WP052023,2023,2023-07-24T06:00:00Z,15.80,126.30,JTWC b-deck
WP052023,2023,2023-07-24T12:00:00Z,16.50,125.80,JTWC b-deck
WP052023,2023,2023-07-24T12:00:00Z,16.50,125.80,JTWC b-deck
WP052023,2023,2023-07-24T12:00:00Z,16.50,125.80,JTWC b-deck
WP052023,2023,2023-07-24T18:00:00Z,17.00,125.10,JTWC b-deck
WP052023,2023,2023-07-24T18:00:00Z,17.00,125.10,JTWC b-deck
WP052023,2023,2023-07-24T18:00:00Z,17.00,125.10,JTWC b-deck
WP052023,2023,2023-07-25T00:00:00Z,17.70,124.60,JTWC b-deck
WP052023,2023,2023-07-25T00:00:00Z,17.70,124.60,JTWC b-deck
WP052023,2023,2023-07-25T00:00:00Z,17.70,124.60,JTWC b-deck
WP052023,2023,2023-07-25T06:00:00Z,18.30,123.80,JTWC b-deck
WP052023,2023,2023-07-25T06:00:00Z,18.30,123.80,JTWC b-deck
WP052023,2023,2023-07-25T06:00:00Z,18.30,123.80,JTWC b-deck
WP052023,2023,2023-07-25T12:00:00Z,18.90,122.70,JTWC b-deck
WP052023,2023,2023-07-25T12:00:00Z,18.90,122.70,JTWC b-deck
WP052023,2023,2023-07-25T12:00:00Z,18.90,122.70,JTWC b-deck
WP052023,2023,2023-07-25T18:00:00Z,19.00,121.50,JTWC b-deck
WP052023,2023,2023-07-25T18:00:00Z,19.00,121.50,JTWC b-deck
WP052023,2023,2023-07-25T18:00:00Z,19.00,121.50,JTWC b-deck
WP052023,2023,2023-07-26T00:00:00Z,18.90,121.40,JTWC b-deck
WP052023,2023,2023-07-26T00:00:00Z,18.90,121.40,JTWC b-deck
WP052023,2023,2023-07-26T00:00:00Z,18.90,121.40,JTWC b-deck
WP052023,2023,2023-07-26T06:00:00Z,19.30,121.00,JTWC b-deck
WP052023,2023,2023-07-26T06:00:00Z,19.30,121.00,JTWC b-deck
WP052023,2023,2023-07-26T06:00:00Z,19.30,121.00,JTWC b-deck
WP052023,2023,2023-07-26T12:00:00Z,19.60,120.60,JTWC b-deck
WP052023,2023,2023-07-26T12:00:00Z,19.60,120.60,JTWC b-deck
WP052023,2023,2023-07-26T12:00:00Z,19.60,120.60,JTWC b-deck
WP052023,2023,2023-07-26T18:00:00Z,20.00,120.00,JTWC b-deck
WP052023,2023,2023-07-26T18:00:00Z,20.00,120.00,JTWC b-deck
WP052023,2023,2023-07-26T18:00:00Z,20.00,120.00,JTWC b-deck
WP052023,2023,2023-07-26T21:00:00Z,20.40,119.80,JTWC b-deck
WP052023,2023,2023-07-26T21:00:00Z,20.40,119.80,JTWC b-deck
WP052023,2023,2023-07-26T21:00:00Z,20.40,119.80,JTWC b-deck
WP052023,2023,2023-07-27T00:00:00Z,20.80,119.70,JTWC b-deck
WP052023,2023,2023-07-27T00:00:00Z,20.80,119.70,JTWC b-deck
WP052023,2023,2023-07-27T00:00:00Z,20.80,119.70,JTWC b-deck
WP052023,2023,2023-07-27T03:00:00Z,20.80,119.40,JTWC b-deck
WP052023,2023,2023-07-27T03:00:00Z,20.80,119.40,JTWC b-deck
WP052023,2023,2023-07-27T03:00:00Z,20.80,119.40,JTWC b-deck
WP052023,2023,2023-07-27T06:00:00Z,21.00,119.30,JTWC b-deck
WP052023,2023,2023-07-27T06:00:00Z,21.00,119.30,JTWC b-deck
WP052023,2023,2023-07-27T06:00:00Z,21.00,119.30,JTWC b-deck
WP052023,2023,2023-07-27T12:00:00Z,21.80,119.10,JTWC b-deck
WP052023,2023,2023-07-27T12:00:00Z,21.80,119.10,JTWC b-deck
WP052023,2023,2023-07-27T12:00:00Z,21.80,119.10,JTWC b-deck
WP052023,2023,2023-07-27T18:00:00Z,22.70,119.00,JTWC b-deck
WP052023,2023,2023-07-27T18:00:00Z,22.70,119.00,JTWC b-deck
WP052023,2023,2023-07-27T18:00:00Z,22.70,119.00,JTWC b-deck
WP052023,2023,2023-07-28T00:00:00Z,24.30,118.70,JTWC b-deck
WP052023,2023,2023-07-28T00:00:00Z,24.30,118.70,JTWC b-deck
WP052023,2023,2023-07-28T00:00:00Z,24.30,118.70,JTWC b-deck
WP052023,2023,2023-07-28T06:00:00Z,25.80,118.40,JTWC b-deck
WP052023,2023,2023-07-28T06:00:00Z,25.80,118.40,JTWC b-deck
WP052023,2023,2023-07-28T06:00:00Z,25.80,118.40,JTWC b-deck
WP052023,2023,2023-07-28T12:00:00Z,27.40,117.90,JTWC b-deck
WP052023,2023,2023-07-28T18:00:00Z,29.00,117.20,JTWC b-deck
WP052023,2023,2023-07-29T00:00:00Z,30.40,116.50,JTWC b-deck
WP052024,2024,2024-07-19T06:00:00Z,13.00,132.30,JTWC b-deck
WP052024,2024,2024-07-19T12:00:00Z,13.90,130.70,JTWC b-deck
WP052024,2024,2024-07-19T18:00:00Z,14.70,129.70,JTWC b-deck
WP052024,2024,2024-07-20T00:00:00Z,15.70,128.80,JTWC b-deck
WP052024,2024,2024-07-20T06:00:00Z,16.10,128.20,JTWC b-deck
WP052024,2024,2024-07-20T12:00:00Z,16.50,127.60,JTWC b-deck
WP052024,2024,2024-07-20T18:00:00Z,16.70,126.70,JTWC b-deck
WP052024,2024,2024-07-21T00:00:00Z,16.90,125.80,JTWC b-deck
WP052024,2024,2024-07-21T06:00:00Z,16.90,125.70,JTWC b-deck
WP052024,2024,2024-07-21T12:00:00Z,17.00,125.60,JTWC b-deck
WP052024,2024,2024-07-21T12:00:00Z,17.00,125.60,JTWC b-deck
WP052024,2024,2024-07-21T18:00:00Z,17.10,125.50,JTWC b-deck
WP052024,2024,2024-07-21T18:00:00Z,17.10,125.50,JTWC b-deck
WP052024,2024,2024-07-22T00:00:00Z,17.40,125.50,JTWC b-deck
WP052024,2024,2024-07-22T00:00:00Z,17.40,125.50,JTWC b-deck
WP052024,2024,2024-07-22T06:00:00Z,17.90,125.40,JTWC b-deck
WP052024,2024,2024-07-22T06:00:00Z,17.90,125.40,JTWC b-deck
WP052024,2024,2024-07-22T06:00:00Z,17.90,125.40,JTWC b-deck
WP052024,2024,2024-07-22T12:00:00Z,18.50,125.30,JTWC b-deck
WP052024,2024,2024-07-22T12:00:00Z,18.50,125.30,JTWC b-deck
WP052024,2024,2024-07-22T12:00:00Z,18.50,125.30,JTWC b-deck
WP052024,2024,2024-07-22T18:00:00Z,19.10,125.10,JTWC b-deck
WP052024,2024,2024-07-22T18:00:00Z,19.10,125.10,JTWC b-deck
WP052024,2024,2024-07-22T18:00:00Z,19.10,125.10,JTWC b-deck
WP052024,2024,2024-07-23T00:00:00Z,19.70,124.90,JTWC b-deck
WP052024,2024,2024-07-23T00:00:00Z,19.70,124.90,JTWC b-deck
WP052024,2024,2024-07-23T00:00:00Z,19.70,124.90,JTWC b-deck
WP052024,2024,2024-07-23T06:00:00Z,20.80,125.10,JTWC b-deck
WP052024,2024,2024-07-23T06:00:00Z,20.80,125.10,JTWC b-deck
WP052024,2024,2024-07-23T06:00:00Z,20.80,125.10,JTWC b-deck
WP052024,2024,2024-07-23T12:00:00Z,22.00,124.40,JTWC b-deck
WP052024,2024,2024-07-23T12:00:00Z,22.00,124.40,JTWC b-deck
WP052024,2024,2024-07-23T12:00:00Z,22.00,124.40,JTWC b-deck
WP052024,2024,2024-07-23T18:00:00Z,22.90,123.50,JTWC b-deck
WP052024,2024,2024-07-23T18:00:00Z,22.90,123.50,JTWC b-deck
WP052024,2024,2024-07-23T18:00:00Z,22.90,123.50,JTWC b-deck
WP052024,2024,2024-07-24T00:00:00Z,23.50,123.30,JTWC b-deck
WP052024,2024,2024-07-24T00:00:00Z,23.50,123.30,JTWC b-deck
WP052024,2024,2024-07-24T00:00:00Z,23.50,123.30,JTWC b-deck
WP052024,2024,2024-07-24T06:00:00Z,24.20,122.40,JTWC b-deck
WP052024,2024,2024-07-24T06:00:00Z,24.20,122.40,JTWC b-deck
WP052024,2024,2024-07-24T06:00:00Z,24.20,122.40,JTWC b-deck
WP052024,2024,2024-07-24T12:00:00Z,23.70,121.60,JTWC b-deck
WP052024,2024,2024-07-24T12:00:00Z,23.70,121.60,JTWC b-deck
WP052024,2024,2024-07-24T12:00:00Z,23.70,121.60,JTWC b-deck
WP052024,2024,2024-07-24T18:00:00Z,24.50,121.40,JTWC b-deck
WP052024,2024,2024-07-24T18:00:00Z,24.50,121.40,JTWC b-deck
WP052024,2024,2024-07-24T18:00:00Z,24.50,121.40,JTWC b-deck
WP052024,2024,2024-07-25T00:00:00Z,25.20,120.30,JTWC b-deck
WP052024,2024,2024-07-25T00:00:00Z,25.20,120.30,JTWC b-deck
WP052024,2024,2024-07-25T00:00:00Z,25.20,120.30,JTWC b-deck
WP052024,2024,2024-07-25T06:00:00Z,25.30,119.60,JTWC b-deck
WP052024,2024,2024-07-25T06:00:00Z,25.30,119.60,JTWC b-deck
WP052024,2024,2024-07-25T12:00:00Z,25.50,119.10,JTWC b-deck
WP052024,2024,2024-07-25T12:00:00Z,25.50,119.10,JTWC b-deck
WP052024,2024,2024-07-25T18:00:00Z,25.60,118.60,JTWC b-deck
WP052024,2024,2024-07-26T00:00:00Z,26.00,117.80,JTWC b-deck
WP052024,2024,2024-07-26T06:00:00Z,27.60,117.30,JTWC b-deck
WP052024,2024,2024-07-26T12:00:00Z,28.20,117.20,JTWC b-deck
WP052025,2025,2025-07-04T00:00:00Z,19.70,118.90,IBTrACS v04r01 (CMA)
WP052025,2025,2025-07-04T03:00:00Z,19.70,118.60,IBTrACS v04r01 (CMA)
WP052025,2025,2025-07-04T06:00:00Z,19.80,118.30,IBTrACS v04r01 (CMA)
WP052025,2025,2025-07-04T09:00:00Z,19.90,118.00,IBTrACS v04r01 (CMA)
WP052025,2025,2025-07-04T12:00:00Z,20.00,117.70,IBTrACS v04r01 (CMA)
WP052025,2025,2025-07-04T15:00:00Z,20.10,117.60,IBTrACS v04r01 (CMA)
WP052025,2025,2025-07-04T18:00:00Z,20.10,117.50,IBTrACS v04r01 (CMA)
WP052025,2025,2025-07-04T21:00:00Z,20.10,117.50,IBTrACS v04r01 (CMA)
WP052025,2025,2025-07-05T00:00:00Z,20.20,117.50,IBTrACS v04r01 (CMA)
WP052025,2025,2025-07-05T03:00:00Z,20.30,117.60,IBTrACS v04r01 (CMA)
WP052025,2025,2025-07-05T06:00:00Z,20.50,117.70,IBTrACS v04r01 (CMA)
WP052025,2025,2025-07-05T09:00:00Z,20.60,117.80,IBTrACS v04r01 (CMA)
WP052025,2025,2025-07-05T12:00:00Z,20.70,117.80,IBTrACS v04r01 (CMA)
WP052025,2025,2025-07-05T15:00:00Z,20.80,117.90,IBTrACS v04r01 (CMA)
WP052025,2025,2025-07-05T18:00:00Z,21.00,118.00,IBTrACS v04r01 (CMA)
WP052025,2025,2025-07-05T21:00:00Z,21.30,118.10,IBTrACS v04r01 (CMA)
WP052025,2025,2025-07-06T00:00:00Z,21.60,118.20,IBTrACS v04r01 (CMA)
WP052025,2025,2025-07-06T03:00:00Z,21.80,118.40,IBTrACS v04r01 (CMA)
WP052025,2025,2025-07-06T06:00:00Z,22.10,118.80,IBTrACS v04r01 (CMA)
WP052025,2025,2025-07-06T09:00:00Z,22.50,119.20,IBTrACS v04r01 (CMA)
WP052025,2025,2025-07-06T12:00:00Z,22.90,119.60,IBTrACS v04r01 (CMA)
WP052025,2025,2025-07-06T15:00:00Z,23.30,120.00,IBTrACS v04r01 (CMA)
WP052025,2025,2025-07-06T18:00:00Z,24.00,120.70,IBTrACS v04r01 (CMA)
WP052025,2025,2025-07-06T21:00:00Z,25.10,121.00,IBTrACS v04r01 (CMA)
WP052025,2025,2025-07-07T00:00:00Z,25.70,121.10,IBTrACS v04r01 (CMA)
WP052025,2025,2025-07-07T03:00:00Z,26.10,121.20,IBTrACS v04r01 (CMA)
WP052025,2025,2025-07-07T06:00:00Z,26.50,121.40,IBTrACS v04r01 (CMA)
WP052025,2025,2025-07-07T09:00:00Z,26.70,121.60,IBTrACS v04r01 (CMA)
WP052025,2025,2025-07-07T12:00:00Z,27.00,121.80,IBTrACS v04r01 (CMA)
WP052025,2025,2025-07-07T15:00:00Z,27.30,122.10,IBTrACS v04r01 (CMA)
WP052025,2025,2025-07-07T18:00:00Z,27.60,122.40,IBTrACS v04r01 (CMA)
WP052025,2025,2025-07-07T21:00:00Z,27.90,122.40,IBTrACS v04r01 (CMA)
WP052025,2025,2025-07-08T00:00:00Z,28.00,122.30,IBTrACS v04r01 (CMA)
WP052025,2025,2025-07-08T03:00:00Z,28.00,122.10,IBTrACS v04r01 (CMA)
WP052025,2025,2025-07-08T06:00:00Z,28.00,121.90,IBTrACS v04r01 (CMA)
WP052025,2025,2025-07-08T09:00:00Z,27.90,121.70,IBTrACS v04r01 (CMA)
WP052025,2025,2025-07-08T12:00:00Z,27.80,121.40,IBTrACS v04r01 (CMA)
WP052025,2025,2025-07-08T15:00:00Z,27.80,120.90,IBTrACS v04r01 (CMA)
WP052025,2025,2025-07-08T18:00:00Z,27.40,120.10,IBTrACS v04r01 (CMA)
WP052025,2025,2025-07-08T21:00:00Z,27.10,119.50,IBTrACS v04r01 (CMA)
WP062017,2017,2017-07-15T00:00:00Z,16.90,112.30,JTWC b-deck
WP062017,2017,2017-07-15T06:00:00Z,17.10,111.80,JTWC b-deck
WP062017,2017,2017-07-15T12:00:00Z,17.30,111.20,JTWC b-deck
WP062017,2017,2017-07-15T18:00:00Z,17.60,110.10,JTWC b-deck
WP062017,2017,2017-07-16T00:00:00Z,18.00,109.30,JTWC b-deck
WP062017,2017,2017-07-16T06:00:00Z,18.30,108.30,JTWC b-deck
WP062017,2017,2017-07-16T06:00:00Z,18.30,108.30,JTWC b-deck
WP062017,2017,2017-07-16T12:00:00Z,18.50,107.10,JTWC b-deck
WP062017,2017,2017-07-16T12:00:00Z,18.50,107.10,JTWC b-deck
WP062017,2017,2017-07-16T18:00:00Z,18.80,105.70,JTWC b-deck
WP062017,2017,2017-07-17T00:00:00Z,18.90,103.70,JTWC b-deck
WP062017,2017,2017-07-17T06:00:00Z,19.00,101.90,JTWC b-deck
WP062017,2017,2017-07-17T12:00:00Z,19.50,100.20,JTWC b-deck
WP062018,2018,2018-06-07T00:00:00Z,15.60,127.00,JTWC b-deck
WP062018,2018,2018-06-07T06:00:00Z,15.60,126.70,JTWC b-deck
WP062018,2018,2018-06-07T12:00:00Z,15.80,126.40,JTWC b-deck
WP062018,2018,2018-06-07T18:00:00Z,16.50,126.70,JTWC b-deck
WP062018,2018,2018-06-08T00:00:00Z,17.70,127.10,JTWC b-deck
WP062018,2018,2018-06-08T06:00:00Z,19.00,127.10,JTWC b-deck
WP062018,2018,2018-06-08T12:00:00Z,19.90,126.80,JTWC b-deck
WP062018,2018,2018-06-08T18:00:00Z,20.70,126.80,JTWC b-deck
WP062018,2018,2018-06-09T00:00:00Z,21.40,126.90,JTWC b-deck
WP062018,2018,2018-06-09T00:00:00Z,21.40,126.90,JTWC b-deck
WP062018,2018,2018-06-09T06:00:00Z,22.30,127.40,JTWC b-deck
WP062018,2018,2018-06-09T06:00:00Z,22.30,127.40,JTWC b-deck
WP062018,2018,2018-06-09T12:00:00Z,22.90,128.20,JTWC b-deck
WP062018,2018,2018-06-09T12:00:00Z,22.90,128.20,JTWC b-deck
WP062018,2018,2018-06-09T18:00:00Z,24.10,129.30,JTWC b-deck
WP062018,2018,2018-06-09T18:00:00Z,24.10,129.30,JTWC b-deck
WP062018,2018,2018-06-10T00:00:00Z,25.30,130.70,JTWC b-deck
WP062018,2018,2018-06-10T00:00:00Z,25.30,130.70,JTWC b-deck
WP062018,2018,2018-06-10T06:00:00Z,26.40,132.00,JTWC b-deck
WP062018,2018,2018-06-10T06:00:00Z,26.40,132.00,JTWC b-deck
WP062018,2018,2018-06-10T12:00:00Z,27.80,134.20,JTWC b-deck
WP062018,2018,2018-06-10T12:00:00Z,27.80,134.20,JTWC b-deck
WP062018,2018,2018-06-10T18:00:00Z,29.20,136.40,JTWC b-deck
WP062018,2018,2018-06-10T18:00:00Z,29.20,136.40,JTWC b-deck
WP062018,2018,2018-06-11T00:00:00Z,30.90,138.50,JTWC b-deck
WP062018,2018,2018-06-11T00:00:00Z,30.90,138.50,JTWC b-deck
WP062018,2018,2018-06-11T06:00:00Z,32.90,141.40,JTWC b-deck
WP062018,2018,2018-06-11T12:00:00Z,34.90,144.50,JTWC b-deck
WP062018,2018,2018-06-11T18:00:00Z,36.90,147.00,JTWC b-deck
WP062019,2019,2019-07-14T12:00:00Z,15.00,135.10,JTWC b-deck
WP062019,2019,2019-07-14T18:00:00Z,15.40,134.00,JTWC b-deck
WP062019,2019,2019-07-15T00:00:00Z,15.70,133.20,JTWC b-deck
WP062019,2019,2019-07-15T06:00:00Z,16.30,132.20,JTWC b-deck
WP062019,2019,2019-07-15T12:00:00Z,16.70,130.60,JTWC b-deck
WP062019,2019,2019-07-15T18:00:00Z,16.70,128.60,JTWC b-deck
WP062019,2019,2019-07-16T00:00:00Z,16.60,126.30,JTWC b-deck
WP062019,2019,2019-07-16T06:00:00Z,16.90,124.80,JTWC b-deck
WP062019,2019,2019-07-16T12:00:00Z,17.30,123.80,JTWC b-deck
WP062019,2019,2019-07-16T18:00:00Z,17.30,123.30,JTWC b-deck
WP062019,2019,2019-07-17T00:00:00Z,18.10,123.50,JTWC b-deck
WP062019,2019,2019-07-17T06:00:00Z,19.00,123.70,JTWC b-deck
WP062019,2019,2019-07-17T12:00:00Z,20.50,124.00,JTWC b-deck
WP062019,2019,2019-07-17T18:00:00Z,22.00,124.10,JTWC b-deck
WP062019,2019,2019-07-18T00:00:00Z,23.90,124.30,JTWC b-deck
WP062019,2019,2019-07-18T06:00:00Z,25.60,124.00,JTWC b-deck
WP062019,2019,2019-07-18T12:00:00Z,26.90,123.70,JTWC b-deck
WP062019,2019,2019-07-18T18:00:00Z,28.20,123.70,JTWC b-deck
WP062019,2019,2019-07-19T00:00:00Z,29.00,124.00,JTWC b-deck
WP062019,2019,2019-07-19T06:00:00Z,30.20,124.40,JTWC b-deck
WP062019,2019,2019-07-19T12:00:00Z,31.70,124.90,JTWC b-deck
WP062019,2019,2019-07-19T18:00:00Z,33.10,125.30,JTWC b-deck
WP062019,2019,2019-07-20T00:00:00Z,34.20,125.60,JTWC b-deck
WP062019,2019,2019-07-20T06:00:00Z,34.90,125.80,JTWC b-deck
WP062019,2019,2019-07-20T12:00:00Z,35.70,126.30,JTWC b-deck
WP062019,2019,2019-07-20T18:00:00Z,36.30,127.80,JTWC b-deck
WP062019,2019,2019-07-21T00:00:00Z,37.50,129.30,JTWC b-deck
WP062019,2019,2019-07-21T06:00:00Z,39.10,130.90,JTWC b-deck
WP062019,2019,2019-07-21T12:00:00Z,40.90,130.60,JTWC b-deck
WP062020,2020,2020-08-09T00:00:00Z,25.90,148.90,JTWC b-deck
WP062020,2020,2020-08-09T06:00:00Z,26.00,148.40,JTWC b-deck
WP062020,2020,2020-08-09T12:00:00Z,26.10,147.90,JTWC b-deck
WP062020,2020,2020-08-09T18:00:00Z,26.10,146.90,JTWC b-deck
WP062020,2020,2020-08-10T00:00:00Z,26.20,146.20,JTWC b-deck
WP062020,2020,2020-08-10T06:00:00Z,26.20,145.30,JTWC b-deck
WP062020,2020,2020-08-10T12:00:00Z,26.30,144.30,JTWC b-deck
WP062020,2020,2020-08-10T18:00:00Z,26.50,142.90,JTWC b-deck
WP062020,2020,2020-08-11T00:00:00Z,26.60,141.50,JTWC b-deck
WP062020,2020,2020-08-11T06:00:00Z,26.60,140.50,JTWC b-deck
WP062020,2020,2020-08-11T12:00:00Z,26.60,139.50,JTWC b-deck
WP062020,2020,2020-08-11T18:00:00Z,26.50,137.70,JTWC b-deck
WP062020,2020,2020-08-12T00:00:00Z,26.30,136.70,JTWC b-deck
WP062020,2020,2020-08-12T06:00:00Z,25.80,135.40,JTWC b-deck
WP062020,2020,2020-08-12T12:00:00Z,25.60,134.30,JTWC b-deck
WP062020,2020,2020-08-12T18:00:00Z,24.70,132.60,JTWC b-deck
WP062021,2021,2021-06-19T18:00:00Z,8.60,151.50,JTWC b-deck
WP062021,2021,2021-06-20T00:00:00Z,9.30,151.00,JTWC b-deck
WP062021,2021,2021-06-20T06:00:00Z,10.00,150.30,JTWC b-deck
WP062021,2021,2021-06-20T12:00:00Z,10.50,149.30,JTWC b-deck
WP062021,2021,2021-06-20T18:00:00Z,10.90,148.30,JTWC b-deck
WP062021,2021,2021-06-21T00:00:00Z,11.30,147.30,JTWC b-deck
WP062021,2021,2021-06-21T06:00:00Z,11.70,146.40,JTWC b-deck
WP062021,2021,2021-06-21T12:00:00Z,12.10,145.50,JTWC b-deck
WP062021,2021,2021-06-21T18:00:00Z,12.60,144.50,JTWC b-deck
WP062021,2021,2021-06-22T00:00:00Z,13.20,143.50,JTWC b-deck
WP062021,2021,2021-06-22T06:00:00Z,13.90,142.40,JTWC b-deck
WP062021,2021,2021-06-22T12:00:00Z,14.20,141.50,JTWC b-deck
WP062021,2021,2021-06-22T18:00:00Z,14.60,140.80,JTWC b-deck
WP062021,2021,2021-06-23T00:00:00Z,15.50,140.30,JTWC b-deck
WP062021,2021,2021-06-23T06:00:00Z,16.40,140.70,JTWC b-deck
WP062021,2021,2021-06-23T12:00:00Z,17.30,140.40,JTWC b-deck
WP062021,2021,2021-06-23T18:00:00Z,17.90,140.10,JTWC b-deck
WP062021,2021,2021-06-24T00:00:00Z,18.60,140.10,JTWC b-deck
WP062021,2021,2021-06-24T06:00:00Z,19.20,140.00,JTWC b-deck
WP062021,2021,2021-06-24T06:00:00Z,19.20,140.00,JTWC b-deck
WP062021,2021,2021-06-24T12:00:00Z,19.80,139.70,JTWC b-deck
WP062021,2021,2021-06-24T12:00:00Z,19.80,139.70,JTWC b-deck
WP062021,2021,2021-06-24T18:00:00Z,20.40,139.50,JTWC b-deck
WP062021,2021,2021-06-24T18:00:00Z,20.40,139.50,JTWC b-deck
WP062021,2021,2021-06-25T00:00:00Z,21.30,139.30,JTWC b-deck
WP062021,2021,2021-06-25T00:00:00Z,21.30,139.30,JTWC b-deck
WP062021,2021,2021-06-25T06:00:00Z,22.20,139.30,JTWC b-deck
WP062021,2021,2021-06-25T06:00:00Z,22.20,139.30,JTWC b-deck
WP062021,2021,2021-06-25T06:00:00Z,22.20,139.30,JTWC b-deck
WP062021,2021,2021-06-25T12:00:00Z,23.00,139.30,JTWC b-deck
WP062021,2021,2021-06-25T12:00:00Z,23.00,139.30,JTWC b-deck
WP062021,2021,2021-06-25T12:00:00Z,23.00,139.30,JTWC b-deck
WP062021,2021,2021-06-25T18:00:00Z,24.10,139.50,JTWC b-deck
WP062021,2021,2021-06-25T18:00:00Z,24.10,139.50,JTWC b-deck
WP062021,2021,2021-06-26T00:00:00Z,24.80,139.70,JTWC b-deck
WP062021,2021,2021-06-26T00:00:00Z,24.80,139.70,JTWC b-deck
WP062021,2021,2021-06-26T06:00:00Z,25.90,140.00,JTWC b-deck
WP062021,2021,2021-06-26T06:00:00Z,25.90,140.00,JTWC b-deck
WP062021,2021,2021-06-26T12:00:00Z,26.80,140.20,JTWC b-deck
WP062021,2021,2021-06-26T12:00:00Z,26.80,140.20,JTWC b-deck
WP062021,2021,2021-06-26T18:00:00Z,28.30,140.80,JTWC b-deck
WP062021,2021,2021-06-27T00:00:00Z,29.90,141.40,JTWC b-deck
WP062021,2021,2021-06-27T06:00:00Z,31.90,142.50,JTWC b-deck
WP062021,2021,2021-06-27T12:00:00Z,33.80,144.10,JTWC b-deck
WP062021,2021,2021-06-27T18:00:00Z,36.00,145.20,JTWC b-deck
WP062022,2022,2022-07-29T18:00:00Z,30.80,128.00,JTWC b-deck
WP062022,2022,2022-07-30T00:00:00Z,31.20,126.20,JTWC b-deck
WP062022,2022,2022-07-30T06:00:00Z,31.80,125.00,JTWC b-deck
WP062022,2022,2022-07-30T12:00:00Z,32.40,124.00,JTWC b-deck
WP062022,2022,2022-07-30T18:00:00Z,33.00,123.60,JTWC b-deck
WP062022,2022,2022-07-31T00:00:00Z,33.50,123.30,JTWC b-deck
WP062022,2022,2022-07-31T06:00:00Z,34.00,123.20,JTWC b-deck
WP062022,2022,2022-07-31T12:00:00Z,34.20,123.10,JTWC b-deck
WP062022,2022,2022-07-31T18:00:00Z,34.80,123.00,JTWC b-deck
WP062022,2022,2022-08-01T00:00:00Z,35.30,123.20,JTWC b-deck
WP062022,2022,2022-08-01T06:00:00Z,35.30,123.30,JTWC b-deck
WP062023,2023,2023-07-26T06:00:00Z,9.00,141.10,JTWC b-deck
WP062023,2023,2023-07-26T12:00:00Z,9.70,141.30,JTWC b-deck
WP062023,2023,2023-07-26T18:00:00Z,10.60,141.00,JTWC b-deck
WP062023,2023,2023-07-27T00:00:00Z,11.50,140.70,JTWC b-deck
WP062023,2023,2023-07-27T06:00:00Z,12.00,139.70,JTWC b-deck
WP062023,2023,2023-07-27T12:00:00Z,12.30,138.70,JTWC b-deck
WP062023,2023,2023-07-27T18:00:00Z,12.50,137.90,JTWC b-deck
WP062023,2023,2023-07-28T00:00:00Z,12.80,136.70,JTWC b-deck
WP062023,2023,2023-07-28T06:00:00Z,13.30,135.90,JTWC b-deck
WP062023,2023,2023-07-28T12:00:00Z,13.80,135.40,JTWC b-deck
WP062023,2023,2023-07-28T18:00:00Z,14.60,134.70,JTWC b-deck
WP062023,2023,2023-07-29T00:00:00Z,15.80,133.80,JTWC b-deck
WP062023,2023,2023-07-29T06:00:00Z,16.30,133.50,JTWC b-deck
WP062023,2023,2023-07-29T12:00:00Z,16.90,133.20,JTWC b-deck
WP062023,2023,2023-07-29T18:00:00Z,17.80,132.90,JTWC b-deck
WP062023,2023,2023-07-29T18:00:00Z,17.80,132.90,JTWC b-deck
WP062023,2023,2023-07-30T00:00:00Z,18.90,132.70,JTWC b-deck
WP062023,2023,2023-07-30T00:00:00Z,18.90,132.70,JTWC b-deck
WP062023,2023,2023-07-30T06:00:00Z,20.00,132.40,JTWC b-deck
WP062023,2023,2023-07-30T06:00:00Z,20.00,132.40,JTWC b-deck
WP062023,2023,2023-07-30T06:00:00Z,20.00,132.40,JTWC b-deck
WP062023,2023,2023-07-30T12:00:00Z,20.40,132.40,JTWC b-deck
WP062023,2023,2023-07-30T12:00:00Z,20.40,132.40,JTWC b-deck
WP062023,2023,2023-07-30T12:00:00Z,20.40,132.40,JTWC b-deck
WP062023,2023,2023-07-30T18:00:00Z,21.20,132.20,JTWC b-deck
WP062023,2023,2023-07-30T18:00:00Z,21.20,132.20,JTWC b-deck
WP062023,2023,2023-07-30T18:00:00Z,21.20,132.20,JTWC b-deck
WP062023,2023,2023-07-31T00:00:00Z,22.00,131.90,JTWC b-deck
WP062023,2023,2023-07-31T00:00:00Z,22.00,131.90,JTWC b-deck
WP062023,2023,2023-07-31T00:00:00Z,22.00,131.90,JTWC b-deck
WP062023,2023,2023-07-31T06:00:00Z,22.80,131.50,JTWC b-deck
WP062023,2023,2023-07-31T06:00:00Z,22.80,131.50,JTWC b-deck
WP062023,2023,2023-07-31T06:00:00Z,22.80,131.50,JTWC b-deck
WP062023,2023,2023-07-31T12:00:00Z,23.50,131.00,JTWC b-deck
WP062023,2023,2023-07-31T12:00:00Z,23.50,131.00,JTWC b-deck
WP062023,2023,2023-07-31T12:00:00Z,23.50,131.00,JTWC b-deck
WP062023,2023,2023-07-31T18:00:00Z,24.10,130.20,JTWC b-deck
WP062023,2023,2023-07-31T18:00:00Z,24.10,130.20,JTWC b-deck
WP062023,2023,2023-07-31T18:00:00Z,24.10,130.20,JTWC b-deck
WP062023,2023,2023-08-01T00:00:00Z,24.60,129.40,JTWC b-deck
WP062023,2023,2023-08-01T00:00:00Z,24.60,129.40,JTWC b-deck
WP062023,2023,2023-08-01T00:00:00Z,24.60,129.40,JTWC b-deck
WP062023,2023,2023-08-01T06:00:00Z,25.00,128.70,JTWC b-deck
WP062023,2023,2023-08-01T06:00:00Z,25.00,128.70,JTWC b-deck
WP062023,2023,2023-08-01T06:00:00Z,25.00,128.70,JTWC b-deck
WP062023,2023,2023-08-01T12:00:00Z,25.30,128.00,JTWC b-deck
WP062023,2023,2023-08-01T12:00:00Z,25.30,128.00,JTWC b-deck
WP062023,2023,2023-08-01T12:00:00Z,25.30,128.00,JTWC b-deck
WP062023,2023,2023-08-01T18:00:00Z,25.60,127.40,JTWC b-deck
WP062023,2023,2023-08-01T18:00:00Z,25.60,127.40,JTWC b-deck
WP062023,2023,2023-08-01T18:00:00Z,25.60,127.40,JTWC b-deck
WP062023,2023,2023-08-02T00:00:00Z,25.80,126.90,JTWC b-deck
WP062023,2023,2023-08-02T00:00:00Z,25.80,126.90,JTWC b-deck
WP062023,2023,2023-08-02T00:00:00Z,25.80,126.90,JTWC b-deck
WP062023,2023,2023-08-02T06:00:00Z,26.10,126.00,JTWC b-deck
WP062023,2023,2023-08-02T06:00:00Z,26.10,126.00,JTWC b-deck
WP062023,2023,2023-08-02T06:00:00Z,26.10,126.00,JTWC b-deck
WP062023,2023,2023-08-02T12:00:00Z,26.20,125.60,JTWC b-deck
WP062023,2023,2023-08-02T12:00:00Z,26.20,125.60,JTWC b-deck
WP062023,2023,2023-08-02T12:00:00Z,26.20,125.60,JTWC b-deck
WP062023,2023,2023-08-02T18:00:00Z,26.50,125.00,JTWC b-deck
WP062023,2023,2023-08-02T18:00:00Z,26.50,125.00,JTWC b-deck
WP062023,2023,2023-08-02T18:00:00Z,26.50,125.00,JTWC b-deck
WP062023,2023,2023-08-03T00:00:00Z,26.60,124.70,JTWC b-deck
WP062023,2023,2023-08-03T00:00:00Z,26.60,124.70,JTWC b-deck
WP062023,2023,2023-08-03T00:00:00Z,26.60,124.70,JTWC b-deck
WP062023,2023,2023-08-03T06:00:00Z,26.70,124.30,JTWC b-deck
WP062023,2023,2023-08-03T06:00:00Z,26.70,124.30,JTWC b-deck
WP062023,2023,2023-08-03T06:00:00Z,26.70,124.30,JTWC b-deck
WP062023,2023,2023-08-03T12:00:00Z,26.70,124.20,JTWC b-deck
WP062023,2023,2023-08-03T12:00:00Z,26.70,124.20,JTWC b-deck
WP062023,2023,2023-08-03T12:00:00Z,26.70,124.20,JTWC b-deck
WP062023,2023,2023-08-03T18:00:00Z,27.00,124.30,JTWC b-deck
WP062023,2023,2023-08-03T18:00:00Z,27.00,124.30,JTWC b-deck
WP062023,2023,2023-08-03T18:00:00Z,27.00,124.30,JTWC b-deck
WP062023,2023,2023-08-04T00:00:00Z,27.00,124.50,JTWC b-deck
WP062023,2023,2023-08-04T00:00:00Z,27.00,124.50,JTWC b-deck
WP062023,2023,2023-08-04T00:00:00Z,27.00,124.50,JTWC b-deck
WP062023,2023,2023-08-04T06:00:00Z,27.20,125.10,JTWC b-deck
WP062023,2023,2023-08-04T06:00:00Z,27.20,125.10,JTWC b-deck
WP062023,2023,2023-08-04T12:00:00Z,27.40,125.70,JTWC b-deck
WP062023,2023,2023-08-04T12:00:00Z,27.40,125.70,JTWC b-deck
WP062023,2023,2023-08-04T18:00:00Z,27.70,126.40,JTWC b-deck
WP062023,2023,2023-08-04T18:00:00Z,27.70,126.40,JTWC b-deck
WP062023,2023,2023-08-05T00:00:00Z,27.80,127.00,JTWC b-deck
WP062023,2023,2023-08-05T00:00:00Z,27.80,127.00,JTWC b-deck
WP062023,2023,2023-08-05T06:00:00Z,27.80,127.70,JTWC b-deck
WP062023,2023,2023-08-05T06:00:00Z,27.80,127.70,JTWC b-deck
WP062023,2023,2023-08-05T12:00:00Z,27.90,128.50,JTWC b-deck
WP062023,2023,2023-08-05T18:00:00Z,27.90,128.90,JTWC b-deck
WP062023,2023,2023-08-06T00:00:00Z,27.80,129.70,JTWC b-deck
WP062023,2023,2023-08-06T06:00:00Z,27.80,130.10,JTWC b-deck
WP062023,2023,2023-08-06T12:00:00Z,27.70,130.70,JTWC b-deck
WP062023,2023,2023-08-06T18:00:00Z,27.70,131.00,JTWC b-deck
WP062023,2023,2023-08-07T00:00:00Z,27.90,131.20,JTWC b-deck
WP062023,2023,2023-08-07T00:00:00Z,27.90,131.20,JTWC b-deck
WP062023,2023,2023-08-07T06:00:00Z,28.20,131.20,JTWC b-deck
WP062023,2023,2023-08-07T06:00:00Z,28.20,131.20,JTWC b-deck
WP062023,2023,2023-08-07T12:00:00Z,28.40,131.10,JTWC b-deck
WP062023,2023,2023-08-07T12:00:00Z,28.40,131.10,JTWC b-deck
WP062023,2023,2023-08-07T18:00:00Z,28.70,131.00,JTWC b-deck
WP062023,2023,2023-08-07T18:00:00Z,28.70,131.00,JTWC b-deck
WP062023,2023,2023-08-08T00:00:00Z,29.00,130.90,JTWC b-deck
WP062023,2023,2023-08-08T06:00:00Z,29.50,130.60,JTWC b-deck
WP062023,2023,2023-08-08T12:00:00Z,29.90,130.40,JTWC b-deck
WP062023,2023,2023-08-08T18:00:00Z,30.40,129.80,JTWC b-deck
WP062023,2023,2023-08-08T18:00:00Z,30.40,129.80,JTWC b-deck
WP062023,2023,2023-08-09T00:00:00Z,30.90,129.50,JTWC b-deck
WP062023,2023,2023-08-09T00:00:00Z,30.90,129.50,JTWC b-deck
WP062023,2023,2023-08-09T06:00:00Z,31.60,128.90,JTWC b-deck
WP062023,2023,2023-08-09T06:00:00Z,31.60,128.90,JTWC b-deck
WP062023,2023,2023-08-09T12:00:00Z,32.60,128.90,JTWC b-deck
WP062023,2023,2023-08-09T12:00:00Z,32.60,128.90,JTWC b-deck
WP062023,2023,2023-08-09T18:00:00Z,33.60,128.70,JTWC b-deck
WP062023,2023,2023-08-09T18:00:00Z,33.60,128.70,JTWC b-deck
WP062023,2023,2023-08-10T00:00:00Z,34.80,128.90,JTWC b-deck
WP062023,2023,2023-08-10T06:00:00Z,36.50,128.20,JTWC b-deck
WP062023,2023,2023-08-10T12:00:00Z,37.90,127.70,JTWC b-deck
WP062023,2023,2023-08-10T18:00:00Z,38.60,126.80,JTWC b-deck
WP062024,2024,2024-08-05T00:00:00Z,23.00,142.50,JTWC b-deck
WP062024,2024,2024-08-05T06:00:00Z,24.20,141.70,JTWC b-deck
WP062024,2024,2024-08-05T12:00:00Z,25.20,140.90,JTWC b-deck
WP062024,2024,2024-08-05T18:00:00Z,25.50,140.80,JTWC b-deck
WP062024,2024,2024-08-06T00:00:00Z,25.70,140.80,JTWC b-deck
WP062024,2024,2024-08-06T06:00:00Z,25.70,140.70,JTWC b-deck
WP062024,2024,2024-08-06T12:00:00Z,25.60,140.70,JTWC b-deck
WP062024,2024,2024-08-06T18:00:00Z,25.60,140.80,JTWC b-deck
WP062024,2024,2024-08-07T00:00:00Z,25.50,141.00,JTWC b-deck
WP062024,2024,2024-08-07T06:00:00Z,25.40,141.50,JTWC b-deck
WP062024,2024,2024-08-07T12:00:00Z,25.30,142.00,JTWC b-deck
WP062024,2024,2024-08-07T18:00:00Z,25.50,142.80,JTWC b-deck
WP062024,2024,2024-08-08T00:00:00Z,26.50,144.00,JTWC b-deck
WP062024,2024,2024-08-08T06:00:00Z,27.80,144.90,JTWC b-deck
WP062024,2024,2024-08-08T06:00:00Z,27.80,144.90,JTWC b-deck
WP062024,2024,2024-08-08T12:00:00Z,28.80,145.30,JTWC b-deck
WP062024,2024,2024-08-08T12:00:00Z,28.80,145.30,JTWC b-deck
WP062024,2024,2024-08-08T12:00:00Z,28.80,145.30,JTWC b-deck
WP062024,2024,2024-08-08T18:00:00Z,30.10,145.70,JTWC b-deck
WP062024,2024,2024-08-08T18:00:00Z,30.10,145.70,JTWC b-deck
WP062024,2024,2024-08-08T18:00:00Z,30.10,145.70,JTWC b-deck
WP062024,2024,2024-08-09T00:00:00Z,30.80,145.90,JTWC b-deck
WP062024,2024,2024-08-09T00:00:00Z,30.80,145.90,JTWC b-deck
WP062024,2024,2024-08-09T06:00:00Z,32.30,146.10,JTWC b-deck
WP062024,2024,2024-08-09T06:00:00Z,32.30,146.10,JTWC b-deck
WP062024,2024,2024-08-09T12:00:00Z,32.90,146.10,JTWC b-deck
WP062024,2024,2024-08-09T12:00:00Z,32.90,146.10,JTWC b-deck
WP062024,2024,2024-08-09T18:00:00Z,34.20,145.80,JTWC b-deck
WP062024,2024,2024-08-10T00:00:00Z,35.10,145.60,JTWC b-deck
WP062024,2024,2024-08-10T06:00:00Z,35.70,145.40,JTWC b-deck
WP062024,2024,2024-08-10T12:00:00Z,36.20,145.20,JTWC b-deck
WP062024,2024,2024-08-10T18:00:00Z,36.90,145.00,JTWC b-deck
WP062024,2024,2024-08-10T18:00:00Z,36.90,145.00,JTWC b-deck
WP062024,2024,2024-08-11T00:00:00Z,37.40,144.50,JTWC b-deck
WP062024,2024,2024-08-11T06:00:00Z,37.60,143.90,JTWC b-deck
WP062024,2024,2024-08-11T12:00:00Z,37.80,143.40,JTWC b-deck
WP062024,2024,2024-08-11T12:00:00Z,37.80,143.40,JTWC b-deck
WP062024,2024,2024-08-11T18:00:00Z,38.40,142.50,JTWC b-deck
WP062024,2024,2024-08-11T18:00:00Z,38.40,142.50,JTWC b-deck
WP062024,2024,2024-08-12T00:00:00Z,39.00,141.70,JTWC b-deck
WP062024,2024,2024-08-12T06:00:00Z,39.80,139.90,JTWC b-deck
WP062024,2024,2024-08-12T12:00:00Z,40.10,139.20,JTWC b-deck
WP062024,2024,2024-08-12T18:00:00Z,41.00,138.80,JTWC b-deck
WP062024,2024,2024-08-13T00:00:00Z,41.70,138.80,JTWC b-deck
WP062025,2025,2025-07-11T00:00:00Z,25.00,140.40,IBTrACS v04r01 (CMA)
WP062025,2025,2025-07-11T03:00:00Z,25.10,140.10,IBTrACS v04r01 (CMA)
WP062025,2025,2025-07-11T06:00:00Z,25.00,140.00,IBTrACS v04r01 (CMA)
WP062025,2025,2025-07-11T09:00:00Z,25.00,140.00,IBTrACS v04r01 (CMA)
WP062025,2025,2025-07-11T12:00:00Z,25.10,140.00,IBTrACS v04r01 (CMA)
WP062025,2025,2025-07-11T15:00:00Z,25.20,140.00,IBTrACS v04r01 (CMA)
WP062025,2025,2025-07-11T18:00:00Z,25.20,140.10,IBTrACS v04r01 (CMA)
WP062025,2025,2025-07-11T21:00:00Z,25.10,140.20,IBTrACS v04r01 (CMA)
WP062025,2025,2025-07-12T00:00:00Z,25.00,140.50,IBTrACS v04r01 (CMA)
WP062025,2025,2025-07-12T03:00:00Z,24.90,141.00,IBTrACS v04r01 (CMA)
WP062025,2025,2025-07-12T06:00:00Z,24.80,141.40,IBTrACS v04r01 (CMA)
WP062025,2025,2025-07-12T09:00:00Z,24.90,141.60,IBTrACS v04r01 (CMA)
WP062025,2025,2025-07-12T12:00:00Z,25.00,141.80,IBTrACS v04r01 (CMA)
WP062025,2025,2025-07-12T15:00:00Z,25.10,142.00,IBTrACS v04r01 (CMA)
WP062025,2025,2025-07-12T18:00:00Z,25.30,142.10,IBTrACS v04r01 (CMA)
WP062025,2025,2025-07-12T21:00:00Z,25.60,142.30,IBTrACS v04r01 (CMA)
WP062025,2025,2025-07-13T00:00:00Z,26.00,142.50,IBTrACS v04r01 (CMA)
WP062025,2025,2025-07-13T03:00:00Z,26.70,142.80,IBTrACS v04r01 (CMA)
WP062025,2025,2025-07-13T06:00:00Z,27.60,143.10,IBTrACS v04r01 (CMA)
WP062025,2025,2025-07-13T09:00:00Z,28.70,143.20,IBTrACS v04r01 (CMA)
WP062025,2025,2025-07-13T12:00:00Z,30.00,143.00,IBTrACS v04r01 (CMA)
WP062025,2025,2025-07-13T15:00:00Z,31.20,142.50,IBTrACS v04r01 (CMA)
WP062025,2025,2025-07-13T18:00:00Z,32.30,142.00,IBTrACS v04r01 (CMA)
WP062025,2025,2025-07-13T21:00:00Z,33.20,142.00,IBTrACS v04r01 (CMA)
WP062025,2025,2025-07-14T00:00:00Z,34.10,142.20,IBTrACS v04r01 (CMA)
WP062025,2025,2025-07-14T03:00:00Z,35.30,142.40,IBTrACS v04r01 (CMA)
WP062025,2025,2025-07-14T06:00:00Z,36.70,142.60,IBTrACS v04r01 (CMA)
WP062025,2025,2025-07-14T09:00:00Z,38.20,142.60,IBTrACS v04r01 (CMA)
WP062025,2025,2025-07-14T12:00:00Z,39.70,142.70,IBTrACS v04r01 (CMA)
WP062025,2025,2025-07-14T15:00:00Z,41.10,142.90,IBTrACS v04r01 (CMA)
WP062025,2025,2025-07-14T17:00:00Z,42.00,143.20,IBTrACS v04r01 (CMA)
WP062025,2025,2025-07-14T18:00:00Z,42.50,143.40,IBTrACS v04r01 (CMA)
WP062025,2025,2025-07-14T21:00:00Z,43.90,144.20,IBTrACS v04r01 (CMA)
WP072017,2017,2017-07-20T18:00:00Z,27.90,158.20,JTWC b-deck
WP072017,2017,2017-07-21T00:00:00Z,27.90,157.00,JTWC b-deck
WP072017,2017,2017-07-21T06:00:00Z,27.90,156.10,JTWC b-deck
WP072017,2017,2017-07-21T12:00:00Z,27.90,155.20,JTWC b-deck
WP072017,2017,2017-07-21T18:00:00Z,27.90,154.40,JTWC b-deck
WP072017,2017,2017-07-22T00:00:00Z,27.90,153.60,JTWC b-deck
WP072017,2017,2017-07-22T06:00:00Z,28.00,153.10,JTWC b-deck
WP072017,2017,2017-07-22T12:00:00Z,28.10,152.60,JTWC b-deck
WP072017,2017,2017-07-22T18:00:00Z,28.30,151.90,JTWC b-deck
WP072017,2017,2017-07-23T00:00:00Z,28.20,151.40,JTWC b-deck
WP072017,2017,2017-07-23T00:00:00Z,28.20,151.40,JTWC b-deck
WP072017,2017,2017-07-23T06:00:00Z,28.10,151.20,JTWC b-deck
WP072017,2017,2017-07-23T06:00:00Z,28.10,151.20,JTWC b-deck
WP072017,2017,2017-07-23T06:00:00Z,28.10,151.20,JTWC b-deck
WP072017,2017,2017-07-23T12:00:00Z,27.90,151.30,JTWC b-deck
WP072017,2017,2017-07-23T12:00:00Z,27.90,151.30,JTWC b-deck
WP072017,2017,2017-07-23T12:00:00Z,27.90,151.30,JTWC b-deck
WP072017,2017,2017-07-23T18:00:00Z,27.50,151.60,JTWC b-deck
WP072017,2017,2017-07-23T18:00:00Z,27.50,151.60,JTWC b-deck
WP072017,2017,2017-07-23T18:00:00Z,27.50,151.60,JTWC b-deck
WP072017,2017,2017-07-24T00:00:00Z,27.10,152.30,JTWC b-deck
WP072017,2017,2017-07-24T00:00:00Z,27.10,152.30,JTWC b-deck
WP072017,2017,2017-07-24T00:00:00Z,27.10,152.30,JTWC b-deck
WP072017,2017,2017-07-24T06:00:00Z,26.70,153.10,JTWC b-deck
WP072017,2017,2017-07-24T06:00:00Z,26.70,153.10,JTWC b-deck
WP072017,2017,2017-07-24T06:00:00Z,26.70,153.10,JTWC b-deck
WP072017,2017,2017-07-24T12:00:00Z,26.20,154.20,JTWC b-deck
WP072017,2017,2017-07-24T12:00:00Z,26.20,154.20,JTWC b-deck
WP072017,2017,2017-07-24T12:00:00Z,26.20,154.20,JTWC b-deck
WP072017,2017,2017-07-24T18:00:00Z,25.80,155.50,JTWC b-deck
WP072017,2017,2017-07-24T18:00:00Z,25.80,155.50,JTWC b-deck
WP072017,2017,2017-07-24T18:00:00Z,25.80,155.50,JTWC b-deck
WP072017,2017,2017-07-25T00:00:00Z,25.70,156.70,JTWC b-deck
WP072017,2017,2017-07-25T00:00:00Z,25.70,156.70,JTWC b-deck
WP072017,2017,2017-07-25T00:00:00Z,25.70,156.70,JTWC b-deck
WP072017,2017,2017-07-25T06:00:00Z,25.80,157.60,JTWC b-deck
WP072017,2017,2017-07-25T06:00:00Z,25.80,157.60,JTWC b-deck
WP072017,2017,2017-07-25T06:00:00Z,25.80,157.60,JTWC b-deck
WP072017,2017,2017-07-25T12:00:00Z,26.20,158.20,JTWC b-deck
WP072017,2017,2017-07-25T12:00:00Z,26.20,158.20,JTWC b-deck
WP072017,2017,2017-07-25T12:00:00Z,26.20,158.20,JTWC b-deck
WP072017,2017,2017-07-25T18:00:00Z,27.00,158.40,JTWC b-deck
WP072017,2017,2017-07-25T18:00:00Z,27.00,158.40,JTWC b-deck
WP072017,2017,2017-07-25T18:00:00Z,27.00,158.40,JTWC b-deck
WP072017,2017,2017-07-26T00:00:00Z,28.00,157.90,JTWC b-deck
WP072017,2017,2017-07-26T00:00:00Z,28.00,157.90,JTWC b-deck
WP072017,2017,2017-07-26T00:00:00Z,28.00,157.90,JTWC b-deck
WP072017,2017,2017-07-26T06:00:00Z,29.00,157.00,JTWC b-deck
WP072017,2017,2017-07-26T06:00:00Z,29.00,157.00,JTWC b-deck
WP072017,2017,2017-07-26T06:00:00Z,29.00,157.00,JTWC b-deck
WP072017,2017,2017-07-26T12:00:00Z,29.80,155.60,JTWC b-deck
WP072017,2017,2017-07-26T12:00:00Z,29.80,155.60,JTWC b-deck
WP072017,2017,2017-07-26T12:00:00Z,29.80,155.60,JTWC b-deck
WP072017,2017,2017-07-26T18:00:00Z,30.40,153.80,JTWC b-deck
WP072017,2017,2017-07-26T18:00:00Z,30.40,153.80,JTWC b-deck
WP072017,2017,2017-07-26T18:00:00Z,30.40,153.80,JTWC b-deck
WP072017,2017,2017-07-27T00:00:00Z,30.70,152.00,JTWC b-deck
WP072017,2017,2017-07-27T00:00:00Z,30.70,152.00,JTWC b-deck
WP072017,2017,2017-07-27T00:00:00Z,30.70,152.00,JTWC b-deck
WP072017,2017,2017-07-27T06:00:00Z,31.00,150.40,JTWC b-deck
WP072017,2017,2017-07-27T06:00:00Z,31.00,150.40,JTWC b-deck
WP072017,2017,2017-07-27T06:00:00Z,31.00,150.40,JTWC b-deck
WP072017,2017,2017-07-27T12:00:00Z,30.70,148.50,JTWC b-deck
WP072017,2017,2017-07-27T12:00:00Z,30.70,148.50,JTWC b-deck
WP072017,2017,2017-07-27T12:00:00Z,30.70,148.50,JTWC b-deck
WP072017,2017,2017-07-27T18:00:00Z,30.30,146.80,JTWC b-deck
WP072017,2017,2017-07-27T18:00:00Z,30.30,146.80,JTWC b-deck
WP072017,2017,2017-07-27T18:00:00Z,30.30,146.80,JTWC b-deck
WP072017,2017,2017-07-28T00:00:00Z,29.60,145.30,JTWC b-deck
WP072017,2017,2017-07-28T00:00:00Z,29.60,145.30,JTWC b-deck
WP072017,2017,2017-07-28T00:00:00Z,29.60,145.30,JTWC b-deck
WP072017,2017,2017-07-28T06:00:00Z,29.00,144.40,JTWC b-deck
WP072017,2017,2017-07-28T06:00:00Z,29.00,144.40,JTWC b-deck
WP072017,2017,2017-07-28T06:00:00Z,29.00,144.40,JTWC b-deck
WP072017,2017,2017-07-28T12:00:00Z,28.20,143.60,JTWC b-deck
WP072017,2017,2017-07-28T12:00:00Z,28.20,143.60,JTWC b-deck
WP072017,2017,2017-07-28T12:00:00Z,28.20,143.60,JTWC b-deck
WP072017,2017,2017-07-28T18:00:00Z,27.60,143.10,JTWC b-deck
WP072017,2017,2017-07-28T18:00:00Z,27.60,143.10,JTWC b-deck
WP072017,2017,2017-07-28T18:00:00Z,27.60,143.10,JTWC b-deck
WP072017,2017,2017-07-29T00:00:00Z,26.80,142.80,JTWC b-deck
WP072017,2017,2017-07-29T00:00:00Z,26.80,142.80,JTWC b-deck
WP072017,2017,2017-07-29T00:00:00Z,26.80,142.80,JTWC b-deck
WP072017,2017,2017-07-29T06:00:00Z,26.10,142.40,JTWC b-deck
WP072017,2017,2017-07-29T06:00:00Z,26.10,142.40,JTWC b-deck
WP072017,2017,2017-07-29T06:00:00Z,26.10,142.40,JTWC b-deck
WP072017,2017,2017-07-29T12:00:00Z,25.30,142.00,JTWC b-deck
WP072017,2017,2017-07-29T12:00:00Z,25.30,142.00,JTWC b-deck
WP072017,2017,2017-07-29T12:00:00Z,25.30,142.00,JTWC b-deck
WP072017,2017,2017-07-29T18:00:00Z,24.50,141.90,JTWC b-deck
WP072017,2017,2017-07-29T18:00:00Z,24.50,141.90,JTWC b-deck
WP072017,2017,2017-07-30T00:00:00Z,23.90,141.80,JTWC b-deck
WP072017,2017,2017-07-30T00:00:00Z,23.90,141.80,JTWC b-deck
WP072017,2017,2017-07-30T00:00:00Z,23.90,141.80,JTWC b-deck
WP072017,2017,2017-07-30T06:00:00Z,23.20,141.70,JTWC b-deck
WP072017,2017,2017-07-30T06:00:00Z,23.20,141.70,JTWC b-deck
WP072017,2017,2017-07-30T06:00:00Z,23.20,141.70,JTWC b-deck
WP072017,2017,2017-07-30T12:00:00Z,22.90,141.40,JTWC b-deck
WP072017,2017,2017-07-30T12:00:00Z,22.90,141.40,JTWC b-deck
WP072017,2017,2017-07-30T12:00:00Z,22.90,141.40,JTWC b-deck
WP072017,2017,2017-07-30T18:00:00Z,22.80,140.90,JTWC b-deck
WP072017,2017,2017-07-30T18:00:00Z,22.80,140.90,JTWC b-deck
WP072017,2017,2017-07-30T18:00:00Z,22.80,140.90,JTWC b-deck
WP072017,2017,2017-07-31T00:00:00Z,22.70,140.40,JTWC b-deck
WP072017,2017,2017-07-31T00:00:00Z,22.70,140.40,JTWC b-deck
WP072017,2017,2017-07-31T00:00:00Z,22.70,140.40,JTWC b-deck
WP072017,2017,2017-07-31T06:00:00Z,22.90,139.90,JTWC b-deck
WP072017,2017,2017-07-31T06:00:00Z,22.90,139.90,JTWC b-deck
WP072017,2017,2017-07-31T06:00:00Z,22.90,139.90,JTWC b-deck
WP072017,2017,2017-07-31T12:00:00Z,23.00,139.20,JTWC b-deck
WP072017,2017,2017-07-31T12:00:00Z,23.00,139.20,JTWC b-deck
WP072017,2017,2017-07-31T12:00:00Z,23.00,139.20,JTWC b-deck
WP072017,2017,2017-07-31T18:00:00Z,23.30,138.80,JTWC b-deck
WP072017,2017,2017-07-31T18:00:00Z,23.30,138.80,JTWC b-deck
WP072017,2017,2017-07-31T18:00:00Z,23.30,138.80,JTWC b-deck
WP072017,2017,2017-08-01T00:00:00Z,23.60,138.20,JTWC b-deck
WP072017,2017,2017-08-01T00:00:00Z,23.60,138.20,JTWC b-deck
WP072017,2017,2017-08-01T00:00:00Z,23.60,138.20,JTWC b-deck
WP072017,2017,2017-08-01T06:00:00Z,24.00,137.70,JTWC b-deck
WP072017,2017,2017-08-01T06:00:00Z,24.00,137.70,JTWC b-deck
WP072017,2017,2017-08-01T06:00:00Z,24.00,137.70,JTWC b-deck
WP072017,2017,2017-08-01T12:00:00Z,24.50,137.20,JTWC b-deck
WP072017,2017,2017-08-01T12:00:00Z,24.50,137.20,JTWC b-deck
WP072017,2017,2017-08-01T12:00:00Z,24.50,137.20,JTWC b-deck
WP072017,2017,2017-08-01T18:00:00Z,25.00,136.70,JTWC b-deck
WP072017,2017,2017-08-01T18:00:00Z,25.00,136.70,JTWC b-deck
WP072017,2017,2017-08-01T18:00:00Z,25.00,136.70,JTWC b-deck
WP072017,2017,2017-08-02T00:00:00Z,25.40,136.30,JTWC b-deck
WP072017,2017,2017-08-02T00:00:00Z,25.40,136.30,JTWC b-deck
WP072017,2017,2017-08-02T00:00:00Z,25.40,136.30,JTWC b-deck
WP072017,2017,2017-08-02T06:00:00Z,25.90,135.90,JTWC b-deck
WP072017,2017,2017-08-02T06:00:00Z,25.90,135.90,JTWC b-deck
WP072017,2017,2017-08-02T06:00:00Z,25.90,135.90,JTWC b-deck
WP072017,2017,2017-08-02T12:00:00Z,26.20,135.70,JTWC b-deck
WP072017,2017,2017-08-02T12:00:00Z,26.20,135.70,JTWC b-deck
WP072017,2017,2017-08-02T12:00:00Z,26.20,135.70,JTWC b-deck
WP072017,2017,2017-08-02T18:00:00Z,26.70,135.30,JTWC b-deck
WP072017,2017,2017-08-02T18:00:00Z,26.70,135.30,JTWC b-deck
WP072017,2017,2017-08-02T18:00:00Z,26.70,135.30,JTWC b-deck
WP072017,2017,2017-08-03T00:00:00Z,27.40,134.80,JTWC b-deck
WP072017,2017,2017-08-03T00:00:00Z,27.40,134.80,JTWC b-deck
WP072017,2017,2017-08-03T00:00:00Z,27.40,134.80,JTWC b-deck
WP072017,2017,2017-08-03T06:00:00Z,28.00,134.10,JTWC b-deck
WP072017,2017,2017-08-03T06:00:00Z,28.00,134.10,JTWC b-deck
WP072017,2017,2017-08-03T06:00:00Z,28.00,134.10,JTWC b-deck
WP072017,2017,2017-08-03T12:00:00Z,28.30,133.20,JTWC b-deck
WP072017,2017,2017-08-03T12:00:00Z,28.30,133.20,JTWC b-deck
WP072017,2017,2017-08-03T12:00:00Z,28.30,133.20,JTWC b-deck
WP072017,2017,2017-08-03T18:00:00Z,28.40,132.30,JTWC b-deck
WP072017,2017,2017-08-03T18:00:00Z,28.40,132.30,JTWC b-deck
WP072017,2017,2017-08-03T18:00:00Z,28.40,132.30,JTWC b-deck
WP072017,2017,2017-08-04T00:00:00Z,28.50,131.70,JTWC b-deck
WP072017,2017,2017-08-04T00:00:00Z,28.50,131.70,JTWC b-deck
WP072017,2017,2017-08-04T00:00:00Z,28.50,131.70,JTWC b-deck
WP072017,2017,2017-08-04T06:00:00Z,28.70,131.10,JTWC b-deck
WP072017,2017,2017-08-04T06:00:00Z,28.70,131.10,JTWC b-deck
WP072017,2017,2017-08-04T06:00:00Z,28.70,131.10,JTWC b-deck
WP072017,2017,2017-08-04T12:00:00Z,29.00,130.70,JTWC b-deck
WP072017,2017,2017-08-04T12:00:00Z,29.00,130.70,JTWC b-deck
WP072017,2017,2017-08-04T12:00:00Z,29.00,130.70,JTWC b-deck
WP072017,2017,2017-08-04T18:00:00Z,29.30,130.50,JTWC b-deck
WP072017,2017,2017-08-04T18:00:00Z,29.30,130.50,JTWC b-deck
WP072017,2017,2017-08-04T18:00:00Z,29.30,130.50,JTWC b-deck
WP072017,2017,2017-08-05T00:00:00Z,29.60,130.30,JTWC b-deck
WP072017,2017,2017-08-05T00:00:00Z,29.60,130.30,JTWC b-deck
WP072017,2017,2017-08-05T00:00:00Z,29.60,130.30,JTWC b-deck
WP072017,2017,2017-08-05T06:00:00Z,29.90,130.20,JTWC b-deck
WP072017,2017,2017-08-05T06:00:00Z,29.90,130.20,JTWC b-deck
WP072017,2017,2017-08-05T06:00:00Z,29.90,130.20,JTWC b-deck
WP072017,2017,2017-08-05T12:00:00Z,30.00,130.20,JTWC b-deck
WP072017,2017,2017-08-05T12:00:00Z,30.00,130.20,JTWC b-deck
WP072017,2017,2017-08-05T12:00:00Z,30.00,130.20,JTWC b-deck
WP072017,2017,2017-08-05T18:00:00Z,30.30,130.60,JTWC b-deck
WP072017,2017,2017-08-05T18:00:00Z,30.30,130.60,JTWC b-deck
WP072017,2017,2017-08-05T18:00:00Z,30.30,130.60,JTWC b-deck
WP072017,2017,2017-08-06T00:00:00Z,30.70,130.90,JTWC b-deck
WP072017,2017,2017-08-06T00:00:00Z,30.70,130.90,JTWC b-deck
WP072017,2017,2017-08-06T00:00:00Z,30.70,130.90,JTWC b-deck
WP072017,2017,2017-08-06T06:00:00Z,31.00,131.50,JTWC b-deck
WP072017,2017,2017-08-06T06:00:00Z,31.00,131.50,JTWC b-deck
WP072017,2017,2017-08-06T06:00:00Z,31.00,131.50,JTWC b-deck
WP072017,2017,2017-08-06T12:00:00Z,31.70,132.40,JTWC b-deck
WP072017,2017,2017-08-06T12:00:00Z,31.70,132.40,JTWC b-deck
WP072017,2017,2017-08-06T12:00:00Z,31.70,132.40,JTWC b-deck
WP072017,2017,2017-08-06T18:00:00Z,32.50,133.00,JTWC b-deck
WP072017,2017,2017-08-06T18:00:00Z,32.50,133.00,JTWC b-deck
WP072017,2017,2017-08-06T18:00:00Z,32.50,133.00,JTWC b-deck
WP072017,2017,2017-08-07T00:00:00Z,33.20,134.00,JTWC b-deck
WP072017,2017,2017-08-07T00:00:00Z,33.20,134.00,JTWC b-deck
WP072017,2017,2017-08-07T00:00:00Z,33.20,134.00,JTWC b-deck
WP072017,2017,2017-08-07T06:00:00Z,34.00,135.10,JTWC b-deck
WP072017,2017,2017-08-07T06:00:00Z,34.00,135.10,JTWC b-deck
WP072017,2017,2017-08-07T06:00:00Z,34.00,135.10,JTWC b-deck
WP072017,2017,2017-08-07T12:00:00Z,35.20,136.30,JTWC b-deck
WP072017,2017,2017-08-07T12:00:00Z,35.20,136.30,JTWC b-deck
WP072017,2017,2017-08-07T18:00:00Z,36.20,137.00,JTWC b-deck
WP072017,2017,2017-08-08T00:00:00Z,37.10,137.60,JTWC b-deck
WP072017,2017,2017-08-08T06:00:00Z,38.00,138.30,JTWC b-deck
WP072018,2018,2018-06-13T00:00:00Z,20.90,120.30,JTWC b-deck
WP072018,2018,2018-06-13T06:00:00Z,21.70,121.80,JTWC b-deck
WP072018,2018,2018-06-13T12:00:00Z,22.70,122.70,JTWC b-deck
WP072018,2018,2018-06-13T18:00:00Z,23.80,123.50,JTWC b-deck
WP072018,2018,2018-06-14T00:00:00Z,25.30,124.50,JTWC b-deck
WP072018,2018,2018-06-14T06:00:00Z,26.80,126.40,JTWC b-deck
WP072019,2019,2019-07-24T00:00:00Z,23.20,136.50,JTWC b-deck
WP072019,2019,2019-07-24T06:00:00Z,23.50,137.50,JTWC b-deck
WP072019,2019,2019-07-24T12:00:00Z,24.30,137.80,JTWC b-deck
WP072019,2019,2019-07-24T18:00:00Z,25.30,137.80,JTWC b-deck
WP072019,2019,2019-07-25T00:00:00Z,26.30,137.60,JTWC b-deck
WP072019,2019,2019-07-25T06:00:00Z,26.50,137.50,JTWC b-deck
WP072019,2019,2019-07-25T12:00:00Z,27.70,136.90,JTWC b-deck
WP072019,2019,2019-07-25T18:00:00Z,28.50,137.20,JTWC b-deck
WP072019,2019,2019-07-26T00:00:00Z,29.70,137.10,JTWC b-deck
WP072019,2019,2019-07-26T06:00:00Z,30.90,136.20,JTWC b-deck
WP072019,2019,2019-07-26T12:00:00Z,32.00,135.80,JTWC b-deck
WP072019,2019,2019-07-26T18:00:00Z,33.30,136.00,JTWC b-deck
WP072019,2019,2019-07-27T00:00:00Z,34.70,136.50,JTWC b-deck
WP072019,2019,2019-07-27T06:00:00Z,35.50,136.90,JTWC b-deck
WP072019,2019,2019-07-27T12:00:00Z,36.20,137.70,JTWC b-deck
WP072020,2020,2020-08-08T12:00:00Z,14.90,117.30,JTWC b-deck
WP072020,2020,2020-08-08T18:00:00Z,15.00,117.80,JTWC b-deck
WP072020,2020,2020-08-09T00:00:00Z,15.30,118.00,JTWC b-deck
WP072020,2020,2020-08-09T06:00:00Z,15.90,118.30,JTWC b-deck
WP072020,2020,2020-08-09T12:00:00Z,17.00,118.50,JTWC b-deck
WP072020,2020,2020-08-09T18:00:00Z,18.20,118.60,JTWC b-deck
WP072020,2020,2020-08-10T00:00:00Z,19.30,118.60,JTWC b-deck
WP072020,2020,2020-08-10T06:00:00Z,20.40,118.60,JTWC b-deck
WP072020,2020,2020-08-10T12:00:00Z,21.60,118.50,JTWC b-deck
WP072020,2020,2020-08-10T12:00:00Z,21.60,118.50,JTWC b-deck
WP072020,2020,2020-08-10T18:00:00Z,22.90,118.20,JTWC b-deck
WP072020,2020,2020-08-10T18:00:00Z,22.90,118.20,JTWC b-deck
WP072020,2020,2020-08-10T18:00:00Z,22.90,118.20,JTWC b-deck
WP072020,2020,2020-08-10T21:00:00Z,23.50,118.00,JTWC b-deck
WP072020,2020,2020-08-10T21:00:00Z,23.50,118.00,JTWC b-deck
WP072020,2020,2020-08-10T21:00:00Z,23.50,118.00,JTWC b-deck
WP072020,2020,2020-08-11T00:00:00Z,24.20,117.70,JTWC b-deck
WP072020,2020,2020-08-11T00:00:00Z,24.20,117.70,JTWC b-deck
WP072020,2020,2020-08-11T00:00:00Z,24.20,117.70,JTWC b-deck
WP072020,2020,2020-08-11T06:00:00Z,25.50,117.30,JTWC b-deck
WP072020,2020,2020-08-11T06:00:00Z,25.50,117.30,JTWC b-deck
WP072020,2020,2020-08-11T12:00:00Z,27.40,116.80,JTWC b-deck
WP072020,2020,2020-08-11T18:00:00Z,28.30,115.90,JTWC b-deck
WP072020,2020,2020-08-12T00:00:00Z,28.70,114.60,JTWC b-deck
WP072021,2021,2021-07-04T12:00:00Z,15.80,128.50,JTWC b-deck
WP072021,2021,2021-07-04T18:00:00Z,17.10,127.00,JTWC b-deck
WP072021,2021,2021-07-05T00:00:00Z,18.20,124.90,JTWC b-deck
WP072021,2021,2021-07-05T06:00:00Z,19.50,123.50,JTWC b-deck
WP072021,2021,2021-07-05T12:00:00Z,20.70,122.00,JTWC b-deck
WP072021,2021,2021-07-05T18:00:00Z,21.50,120.70,JTWC b-deck
WP072022,2022,2022-07-30T00:00:00Z,21.00,127.30,JTWC b-deck
WP072022,2022,2022-07-30T06:00:00Z,21.70,127.50,JTWC b-deck
WP072022,2022,2022-07-30T12:00:00Z,23.10,128.10,JTWC b-deck
WP072022,2022,2022-07-30T18:00:00Z,24.30,128.20,JTWC b-deck
WP072022,2022,2022-07-31T00:00:00Z,25.90,128.00,JTWC b-deck
WP072022,2022,2022-07-31T06:00:00Z,27.60,127.80,JTWC b-deck
WP072022,2022,2022-07-31T12:00:00Z,29.00,126.80,JTWC b-deck
WP072022,2022,2022-07-31T18:00:00Z,30.90,126.80,JTWC b-deck
WP072022,2022,2022-08-01T00:00:00Z,32.60,127.00,JTWC b-deck
WP072022,2022,2022-08-01T06:00:00Z,34.50,126.40,JTWC b-deck
WP072022,2022,2022-08-01T12:00:00Z,36.40,126.60,JTWC b-deck
WP072023,2023,2023-08-06T00:00:00Z,24.50,145.10,JTWC b-deck
WP072023,2023,2023-08-06T06:00:00Z,24.20,145.50,JTWC b-deck
WP072023,2023,2023-08-06T12:00:00Z,23.80,146.60,JTWC b-deck
WP072023,2023,2023-08-06T18:00:00Z,23.70,147.50,JTWC b-deck
WP072023,2023,2023-08-07T00:00:00Z,23.50,148.40,JTWC b-deck
WP072023,2023,2023-08-07T06:00:00Z,23.80,149.00,JTWC b-deck
WP072023,2023,2023-08-07T12:00:00Z,23.70,149.20,JTWC b-deck
WP072023,2023,2023-08-07T18:00:00Z,23.90,149.40,JTWC b-deck
WP072023,2023,2023-08-08T00:00:00Z,24.50,149.00,JTWC b-deck
WP072023,2023,2023-08-08T06:00:00Z,24.00,148.60,JTWC b-deck
WP072023,2023,2023-08-08T12:00:00Z,24.10,148.20,JTWC b-deck
WP072023,2023,2023-08-08T18:00:00Z,24.10,147.70,JTWC b-deck
WP072023,2023,2023-08-09T00:00:00Z,24.20,146.90,JTWC b-deck
WP072023,2023,2023-08-09T00:00:00Z,24.20,146.90,JTWC b-deck
WP072023,2023,2023-08-09T06:00:00Z,24.50,146.10,JTWC b-deck
WP072023,2023,2023-08-09T06:00:00Z,24.50,146.10,JTWC b-deck
WP072023,2023,2023-08-09T12:00:00Z,24.80,145.20,JTWC b-deck
WP072023,2023,2023-08-09T12:00:00Z,24.80,145.20,JTWC b-deck
WP072023,2023,2023-08-09T18:00:00Z,25.00,144.60,JTWC b-deck
WP072023,2023,2023-08-09T18:00:00Z,25.00,144.60,JTWC b-deck
WP072023,2023,2023-08-09T18:00:00Z,25.00,144.60,JTWC b-deck
WP072023,2023,2023-08-10T00:00:00Z,25.20,143.90,JTWC b-deck
WP072023,2023,2023-08-10T00:00:00Z,25.20,143.90,JTWC b-deck
WP072023,2023,2023-08-10T00:00:00Z,25.20,143.90,JTWC b-deck
WP072023,2023,2023-08-10T06:00:00Z,25.50,143.40,JTWC b-deck
WP072023,2023,2023-08-10T06:00:00Z,25.50,143.40,JTWC b-deck
WP072023,2023,2023-08-10T06:00:00Z,25.50,143.40,JTWC b-deck
WP072023,2023,2023-08-10T12:00:00Z,25.90,143.10,JTWC b-deck
WP072023,2023,2023-08-10T12:00:00Z,25.90,143.10,JTWC b-deck
WP072023,2023,2023-08-10T12:00:00Z,25.90,143.10,JTWC b-deck
WP072023,2023,2023-08-10T18:00:00Z,26.40,142.90,JTWC b-deck
WP072023,2023,2023-08-10T18:00:00Z,26.40,142.90,JTWC b-deck
WP072023,2023,2023-08-10T18:00:00Z,26.40,142.90,JTWC b-deck
WP072023,2023,2023-08-11T00:00:00Z,26.80,142.80,JTWC b-deck
WP072023,2023,2023-08-11T00:00:00Z,26.80,142.80,JTWC b-deck
WP072023,2023,2023-08-11T00:00:00Z,26.80,142.80,JTWC b-deck
WP072023,2023,2023-08-11T06:00:00Z,27.40,142.90,JTWC b-deck
WP072023,2023,2023-08-11T06:00:00Z,27.40,142.90,JTWC b-deck
WP072023,2023,2023-08-11T06:00:00Z,27.40,142.90,JTWC b-deck
WP072023,2023,2023-08-11T12:00:00Z,27.90,142.60,JTWC b-deck
WP072023,2023,2023-08-11T12:00:00Z,27.90,142.60,JTWC b-deck
WP072023,2023,2023-08-11T12:00:00Z,27.90,142.60,JTWC b-deck
WP072023,2023,2023-08-11T18:00:00Z,28.20,142.30,JTWC b-deck
WP072023,2023,2023-08-11T18:00:00Z,28.20,142.30,JTWC b-deck
WP072023,2023,2023-08-11T18:00:00Z,28.20,142.30,JTWC b-deck
WP072023,2023,2023-08-12T00:00:00Z,28.50,141.80,JTWC b-deck
WP072023,2023,2023-08-12T00:00:00Z,28.50,141.80,JTWC b-deck
WP072023,2023,2023-08-12T00:00:00Z,28.50,141.80,JTWC b-deck
WP072023,2023,2023-08-12T06:00:00Z,28.80,141.40,JTWC b-deck
WP072023,2023,2023-08-12T06:00:00Z,28.80,141.40,JTWC b-deck
WP072023,2023,2023-08-12T06:00:00Z,28.80,141.40,JTWC b-deck
WP072023,2023,2023-08-12T12:00:00Z,29.00,140.70,JTWC b-deck
WP072023,2023,2023-08-12T12:00:00Z,29.00,140.70,JTWC b-deck
WP072023,2023,2023-08-12T12:00:00Z,29.00,140.70,JTWC b-deck
WP072023,2023,2023-08-12T18:00:00Z,29.40,140.00,JTWC b-deck
WP072023,2023,2023-08-12T18:00:00Z,29.40,140.00,JTWC b-deck
WP072023,2023,2023-08-12T18:00:00Z,29.40,140.00,JTWC b-deck
WP072023,2023,2023-08-13T00:00:00Z,29.70,139.50,JTWC b-deck
WP072023,2023,2023-08-13T00:00:00Z,29.70,139.50,JTWC b-deck
WP072023,2023,2023-08-13T00:00:00Z,29.70,139.50,JTWC b-deck
WP072023,2023,2023-08-13T06:00:00Z,30.20,138.90,JTWC b-deck
WP072023,2023,2023-08-13T06:00:00Z,30.20,138.90,JTWC b-deck
WP072023,2023,2023-08-13T06:00:00Z,30.20,138.90,JTWC b-deck
WP072023,2023,2023-08-13T12:00:00Z,30.80,138.50,JTWC b-deck
WP072023,2023,2023-08-13T12:00:00Z,30.80,138.50,JTWC b-deck
WP072023,2023,2023-08-13T12:00:00Z,30.80,138.50,JTWC b-deck
WP072023,2023,2023-08-13T18:00:00Z,31.40,137.90,JTWC b-deck
WP072023,2023,2023-08-13T18:00:00Z,31.40,137.90,JTWC b-deck
WP072023,2023,2023-08-13T18:00:00Z,31.40,137.90,JTWC b-deck
WP072023,2023,2023-08-14T00:00:00Z,31.90,137.40,JTWC b-deck
WP072023,2023,2023-08-14T00:00:00Z,31.90,137.40,JTWC b-deck
WP072023,2023,2023-08-14T00:00:00Z,31.90,137.40,JTWC b-deck
WP072023,2023,2023-08-14T06:00:00Z,32.30,137.00,JTWC b-deck
WP072023,2023,2023-08-14T06:00:00Z,32.30,137.00,JTWC b-deck
WP072023,2023,2023-08-14T06:00:00Z,32.30,137.00,JTWC b-deck
WP072023,2023,2023-08-14T12:00:00Z,32.80,136.60,JTWC b-deck
WP072023,2023,2023-08-14T12:00:00Z,32.80,136.60,JTWC b-deck
WP072023,2023,2023-08-14T12:00:00Z,32.80,136.60,JTWC b-deck
WP072023,2023,2023-08-14T18:00:00Z,33.40,136.10,JTWC b-deck
WP072023,2023,2023-08-14T18:00:00Z,33.40,136.10,JTWC b-deck
WP072023,2023,2023-08-14T18:00:00Z,33.40,136.10,JTWC b-deck
WP072023,2023,2023-08-15T00:00:00Z,34.20,135.40,JTWC b-deck
WP072023,2023,2023-08-15T00:00:00Z,34.20,135.40,JTWC b-deck
WP072023,2023,2023-08-15T06:00:00Z,35.20,135.00,JTWC b-deck
WP072023,2023,2023-08-15T12:00:00Z,36.20,134.70,JTWC b-deck
WP072023,2023,2023-08-15T18:00:00Z,37.00,134.70,JTWC b-deck
WP072023,2023,2023-08-16T00:00:00Z,38.30,135.40,JTWC b-deck
WP072023,2023,2023-08-16T06:00:00Z,39.80,136.00,JTWC b-deck
WP072023,2023,2023-08-16T12:00:00Z,40.80,136.20,JTWC b-deck
WP072023,2023,2023-08-16T18:00:00Z,42.40,137.40,JTWC b-deck
WP072023,2023,2023-08-17T00:00:00Z,44.00,138.70,JTWC b-deck
WP072023,2023,2023-08-17T06:00:00Z,44.70,139.80,JTWC b-deck
WP072023,2023,2023-08-17T12:00:00Z,46.30,141.40,JTWC b-deck
WP072024,2024,2024-08-10T18:00:00Z,26.90,154.40,JTWC b-deck
WP072024,2024,2024-08-11T00:00:00Z,27.10,154.90,JTWC b-deck
WP072024,2024,2024-08-11T06:00:00Z,28.00,155.20,JTWC b-deck
WP072024,2024,2024-08-11T12:00:00Z,28.90,155.00,JTWC b-deck
WP072024,2024,2024-08-11T18:00:00Z,30.20,154.40,JTWC b-deck
WP072024,2024,2024-08-12T00:00:00Z,31.50,153.20,JTWC b-deck
WP072024,2024,2024-08-12T06:00:00Z,32.40,151.60,JTWC b-deck
WP072024,2024,2024-08-12T12:00:00Z,33.00,150.50,JTWC b-deck
WP072024,2024,2024-08-12T18:00:00Z,34.30,149.30,JTWC b-deck
WP072024,2024,2024-08-13T00:00:00Z,35.30,147.90,JTWC b-deck
WP072024,2024,2024-08-13T06:00:00Z,36.00,146.90,JTWC b-deck
WP072024,2024,2024-08-13T12:00:00Z,37.10,146.00,JTWC b-deck
WP072024,2024,2024-08-13T18:00:00Z,38.60,145.60,JTWC b-deck
WP072024,2024,2024-08-14T00:00:00Z,39.90,145.80,JTWC b-deck
WP072024,2024,2024-08-14T06:00:00Z,41.70,146.60,JTWC b-deck
WP072024,2024,2024-08-14T12:00:00Z,43.40,148.10,JTWC b-deck
WP072024,2024,2024-08-14T18:00:00Z,44.60,150.40,JTWC b-deck
WP072025,2025,2025-07-12T18:00:00Z,30.90,123.60,IBTrACS v04r01 (CMA)
WP072025,2025,2025-07-12T21:00:00Z,30.90,124.10,IBTrACS v04r01 (CMA)
WP072025,2025,2025-07-13T00:00:00Z,30.90,124.70,IBTrACS v04r01 (CMA)
WP072025,2025,2025-07-13T03:00:00Z,30.90,125.30,IBTrACS v04r01 (CMA)
WP072025,2025,2025-07-13T06:00:00Z,31.00,125.90,IBTrACS v04r01 (CMA)
WP072025,2025,2025-07-13T09:00:00Z,31.10,126.60,IBTrACS v04r01 (CMA)
WP072025,2025,2025-07-13T12:00:00Z,31.30,127.50,IBTrACS v04r01 (CMA)
WP072025,2025,2025-07-13T15:00:00Z,31.50,128.60,IBTrACS v04r01 (CMA)
WP072025,2025,2025-07-13T18:00:00Z,31.90,129.70,IBTrACS v04r01 (CMA)
WP072025,2025,2025-07-13T21:00:00Z,32.40,130.50,IBTrACS v04r01 (CMA)
WP072025,2025,2025-07-14T00:00:00Z,33.10,131.20,IBTrACS v04r01 (CMA)
WP072025,2025,2025-07-14T03:00:00Z,33.80,131.90,IBTrACS v04r01 (CMA)
WP082017,2017,2017-07-20T12:00:00Z,16.10,116.00,JTWC b-deck
WP082017,2017,2017-07-20T18:00:00Z,16.90,115.30,JTWC b-deck
WP082017,2017,2017-07-21T00:00:00Z,17.40,114.60,JTWC b-deck
WP082017,2017,2017-07-21T06:00:00Z,17.50,114.20,JTWC b-deck
WP082017,2017,2017-07-21T12:00:00Z,17.60,113.60,JTWC b-deck
WP082017,2017,2017-07-21T18:00:00Z,17.70,113.10,JTWC b-deck
WP082017,2017,2017-07-22T00:00:00Z,17.90,112.70,JTWC b-deck
WP082017,2017,2017-07-22T06:00:00Z,17.90,112.30,JTWC b-deck
WP082017,2017,2017-07-22T12:00:00Z,17.70,112.10,JTWC b-deck
WP082017,2017,2017-07-22T18:00:00Z,17.60,111.80,JTWC b-deck
WP082017,2017,2017-07-23T00:00:00Z,17.60,111.60,JTWC b-deck
WP082017,2017,2017-07-23T06:00:00Z,17.50,111.50,JTWC b-deck
WP082017,2017,2017-07-23T12:00:00Z,17.30,111.60,JTWC b-deck
WP082017,2017,2017-07-23T18:00:00Z,17.20,111.60,JTWC b-deck
WP082017,2017,2017-07-24T00:00:00Z,17.00,111.30,JTWC b-deck
WP082017,2017,2017-07-24T06:00:00Z,16.90,110.70,JTWC b-deck
WP082017,2017,2017-07-24T12:00:00Z,16.90,110.10,JTWC b-deck
WP082017,2017,2017-07-24T18:00:00Z,17.00,109.60,JTWC b-deck
WP082017,2017,2017-07-25T00:00:00Z,17.00,108.40,JTWC b-deck
WP082017,2017,2017-07-25T06:00:00Z,17.00,107.10,JTWC b-deck
WP082017,2017,2017-07-25T12:00:00Z,16.80,106.10,JTWC b-deck
WP082017,2017,2017-07-25T18:00:00Z,16.60,104.90,JTWC b-deck
WP082017,2017,2017-07-26T00:00:00Z,16.40,104.10,JTWC b-deck
WP082018,2018,2018-06-14T00:00:00Z,21.60,118.30,JTWC b-deck
WP082018,2018,2018-06-14T06:00:00Z,21.70,119.00,JTWC b-deck
WP082018,2018,2018-06-14T12:00:00Z,22.30,119.60,JTWC b-deck
WP082018,2018,2018-06-14T18:00:00Z,22.70,120.20,JTWC b-deck
WP082018,2018,2018-06-15T00:00:00Z,22.80,120.70,JTWC b-deck
WP082018,2018,2018-06-15T06:00:00Z,23.60,122.00,JTWC b-deck
WP082018,2018,2018-06-15T12:00:00Z,24.90,123.60,JTWC b-deck
WP082018,2018,2018-06-15T18:00:00Z,25.70,124.80,JTWC b-deck
WP082018,2018,2018-06-16T00:00:00Z,26.30,127.00,JTWC b-deck
WP082018,2018,2018-06-16T06:00:00Z,26.80,129.20,JTWC b-deck
WP082018,2018,2018-06-16T12:00:00Z,27.20,130.80,JTWC b-deck
WP082018,2018,2018-06-16T18:00:00Z,28.20,131.20,JTWC b-deck
WP082018,2018,2018-06-17T00:00:00Z,28.50,132.00,JTWC b-deck
WP082018,2018,2018-06-17T06:00:00Z,29.30,132.70,JTWC b-deck
WP082019,2019,2019-07-29T00:00:00Z,15.90,117.00,JTWC b-deck
WP082019,2019,2019-07-29T06:00:00Z,16.40,116.80,JTWC b-deck
WP082019,2019,2019-07-29T12:00:00Z,16.80,116.60,JTWC b-deck
WP082019,2019,2019-07-29T18:00:00Z,17.20,116.00,JTWC b-deck
WP082019,2019,2019-07-30T00:00:00Z,17.50,115.40,JTWC b-deck
WP082019,2019,2019-07-30T06:00:00Z,17.70,114.80,JTWC b-deck
WP082019,2019,2019-07-30T12:00:00Z,17.90,114.30,JTWC b-deck
WP082019,2019,2019-07-30T18:00:00Z,18.20,114.00,JTWC b-deck
WP082019,2019,2019-07-31T00:00:00Z,18.60,113.50,JTWC b-deck
WP082019,2019,2019-07-31T06:00:00Z,19.10,112.90,JTWC b-deck
WP082019,2019,2019-07-31T12:00:00Z,19.30,112.20,JTWC b-deck
WP082019,2019,2019-07-31T18:00:00Z,19.70,111.50,JTWC b-deck
WP082019,2019,2019-08-01T00:00:00Z,20.10,111.10,JTWC b-deck
WP082019,2019,2019-08-01T06:00:00Z,20.80,111.10,JTWC b-deck
WP082019,2019,2019-08-01T09:00:00Z,21.20,110.70,JTWC b-deck
WP082019,2019,2019-08-01T12:00:00Z,21.40,110.20,JTWC b-deck
WP082019,2019,2019-08-01T18:00:00Z,21.20,109.50,JTWC b-deck
WP082019,2019,2019-08-02T00:00:00Z,21.20,109.30,JTWC b-deck
WP082019,2019,2019-08-02T06:00:00Z,21.40,109.00,JTWC b-deck
WP082019,2019,2019-08-02T06:00:00Z,21.40,109.00,JTWC b-deck
WP082019,2019,2019-08-02T12:00:00Z,21.50,108.40,JTWC b-deck
WP082019,2019,2019-08-02T12:00:00Z,21.50,108.40,JTWC b-deck
WP082019,2019,2019-08-02T18:00:00Z,21.40,107.40,JTWC b-deck
WP082019,2019,2019-08-02T18:00:00Z,21.40,107.40,JTWC b-deck
WP082019,2019,2019-08-03T00:00:00Z,21.30,106.70,JTWC b-deck
WP082019,2019,2019-08-03T06:00:00Z,21.00,106.00,JTWC b-deck
WP082019,2019,2019-08-03T12:00:00Z,20.60,105.20,JTWC b-deck
WP082019,2019,2019-08-03T18:00:00Z,20.20,104.40,JTWC b-deck
WP082020,2020,2020-08-16T06:00:00Z,17.40,123.50,JTWC b-deck
WP082020,2020,2020-08-16T12:00:00Z,17.90,123.40,JTWC b-deck
WP082020,2020,2020-08-16T18:00:00Z,18.40,123.00,JTWC b-deck
WP082020,2020,2020-08-17T00:00:00Z,19.00,121.90,JTWC b-deck
WP082020,2020,2020-08-17T06:00:00Z,19.50,120.70,JTWC b-deck
WP082020,2020,2020-08-17T12:00:00Z,19.70,119.50,JTWC b-deck
WP082020,2020,2020-08-17T18:00:00Z,20.00,118.30,JTWC b-deck
WP082020,2020,2020-08-18T00:00:00Z,20.40,116.80,JTWC b-deck
WP082020,2020,2020-08-18T06:00:00Z,20.80,115.70,JTWC b-deck
WP082020,2020,2020-08-18T12:00:00Z,21.20,114.70,JTWC b-deck
WP082020,2020,2020-08-18T12:00:00Z,21.20,114.70,JTWC b-deck
WP082020,2020,2020-08-18T18:00:00Z,21.70,113.80,JTWC b-deck
WP082020,2020,2020-08-18T18:00:00Z,21.70,113.80,JTWC b-deck
WP082020,2020,2020-08-19T00:00:00Z,22.30,113.00,JTWC b-deck
WP082020,2020,2020-08-19T00:00:00Z,22.30,113.00,JTWC b-deck
WP082020,2020,2020-08-19T06:00:00Z,22.80,112.20,JTWC b-deck
WP082020,2020,2020-08-19T12:00:00Z,23.10,111.00,JTWC b-deck
WP082021,2021,2021-07-03T18:00:00Z,13.00,121.20,JTWC b-deck
WP082021,2021,2021-07-04T00:00:00Z,13.10,120.10,JTWC b-deck
WP082021,2021,2021-07-04T06:00:00Z,14.00,118.60,JTWC b-deck
WP082021,2021,2021-07-04T12:00:00Z,14.80,117.40,JTWC b-deck
WP082021,2021,2021-07-04T18:00:00Z,14.90,116.30,JTWC b-deck
WP082021,2021,2021-07-05T00:00:00Z,15.00,115.30,JTWC b-deck
WP082021,2021,2021-07-05T06:00:00Z,15.20,113.90,JTWC b-deck
WP082021,2021,2021-07-05T12:00:00Z,15.40,112.90,JTWC b-deck
WP082021,2021,2021-07-05T18:00:00Z,15.50,112.50,JTWC b-deck
WP082021,2021,2021-07-06T00:00:00Z,15.60,112.10,JTWC b-deck
WP082021,2021,2021-07-06T06:00:00Z,15.80,112.00,JTWC b-deck
WP082021,2021,2021-07-06T12:00:00Z,16.50,111.70,JTWC b-deck
WP082021,2021,2021-07-06T18:00:00Z,17.90,111.40,JTWC b-deck
WP082021,2021,2021-07-07T00:00:00Z,18.00,110.30,JTWC b-deck
WP082021,2021,2021-07-07T06:00:00Z,18.60,109.10,JTWC b-deck
WP082021,2021,2021-07-07T12:00:00Z,19.40,108.10,JTWC b-deck
WP082021,2021,2021-07-07T18:00:00Z,20.20,106.80,JTWC b-deck
WP082021,2021,2021-07-08T00:00:00Z,20.80,105.70,JTWC b-deck
WP082022,2022,2022-08-03T06:00:00Z,21.30,117.50,JTWC b-deck
WP082022,2022,2022-08-03T12:00:00Z,21.70,116.90,JTWC b-deck
WP082022,2022,2022-08-03T18:00:00Z,22.10,115.90,JTWC b-deck
WP082022,2022,2022-08-04T00:00:00Z,22.50,115.10,JTWC b-deck
WP082022,2022,2022-08-04T06:00:00Z,23.20,113.60,JTWC b-deck
WP082022,2022,2022-08-04T12:00:00Z,23.20,112.80,JTWC b-deck
WP082023,2023,2023-08-21T12:00:00Z,18.90,154.30,JTWC b-deck
WP082023,2023,2023-08-21T18:00:00Z,19.00,153.80,JTWC b-deck
WP082023,2023,2023-08-22T00:00:00Z,19.10,153.30,JTWC b-deck
WP082023,2023,2023-08-22T06:00:00Z,18.80,152.40,JTWC b-deck
WP082023,2023,2023-08-22T12:00:00Z,18.00,151.90,JTWC b-deck
WP082023,2023,2023-08-22T18:00:00Z,17.60,151.60,JTWC b-deck
WP082023,2023,2023-08-23T00:00:00Z,17.10,151.30,JTWC b-deck
WP082023,2023,2023-08-23T06:00:00Z,17.10,150.80,JTWC b-deck
WP082023,2023,2023-08-23T12:00:00Z,16.70,150.00,JTWC b-deck
WP082023,2023,2023-08-23T18:00:00Z,16.50,149.80,JTWC b-deck
WP082023,2023,2023-08-24T00:00:00Z,16.30,149.60,JTWC b-deck
WP082023,2023,2023-08-24T06:00:00Z,16.40,149.20,JTWC b-deck
WP082023,2023,2023-08-24T12:00:00Z,16.10,149.00,JTWC b-deck
WP082023,2023,2023-08-24T18:00:00Z,16.90,152.10,JTWC b-deck
WP082023,2023,2023-08-25T00:00:00Z,18.90,154.70,JTWC b-deck
WP082023,2023,2023-08-25T06:00:00Z,20.20,155.50,JTWC b-deck
WP082023,2023,2023-08-25T12:00:00Z,21.50,155.30,JTWC b-deck
WP082023,2023,2023-08-25T18:00:00Z,23.00,154.80,JTWC b-deck
WP082023,2023,2023-08-26T00:00:00Z,24.50,154.20,JTWC b-deck
WP082023,2023,2023-08-26T00:00:00Z,24.50,154.20,JTWC b-deck
WP082023,2023,2023-08-26T06:00:00Z,26.10,152.70,JTWC b-deck
WP082023,2023,2023-08-26T06:00:00Z,26.10,152.70,JTWC b-deck
WP082023,2023,2023-08-26T12:00:00Z,27.50,150.90,JTWC b-deck
WP082023,2023,2023-08-26T12:00:00Z,27.50,150.90,JTWC b-deck
WP082023,2023,2023-08-26T18:00:00Z,29.70,149.40,JTWC b-deck
WP082023,2023,2023-08-26T18:00:00Z,29.70,149.40,JTWC b-deck
WP082023,2023,2023-08-27T00:00:00Z,31.70,147.50,JTWC b-deck
WP082023,2023,2023-08-27T00:00:00Z,31.70,147.50,JTWC b-deck
WP082023,2023,2023-08-27T06:00:00Z,33.90,145.70,JTWC b-deck
WP082023,2023,2023-08-27T06:00:00Z,33.90,145.70,JTWC b-deck
WP082023,2023,2023-08-27T12:00:00Z,35.60,144.40,JTWC b-deck
WP082023,2023,2023-08-27T12:00:00Z,35.60,144.40,JTWC b-deck
WP082023,2023,2023-08-27T18:00:00Z,37.20,144.10,JTWC b-deck
WP082023,2023,2023-08-27T18:00:00Z,37.20,144.10,JTWC b-deck
WP082023,2023,2023-08-28T00:00:00Z,38.90,144.60,JTWC b-deck
WP082023,2023,2023-08-28T00:00:00Z,38.90,144.60,JTWC b-deck
WP082023,2023,2023-08-28T06:00:00Z,39.90,145.40,JTWC b-deck
WP082023,2023,2023-08-28T06:00:00Z,39.90,145.40,JTWC b-deck
WP082023,2023,2023-08-28T12:00:00Z,40.50,147.40,JTWC b-deck
WP082023,2023,2023-08-28T18:00:00Z,41.10,149.50,JTWC b-deck
WP082023,2023,2023-08-29T00:00:00Z,41.30,152.90,JTWC b-deck
WP082023,2023,2023-08-29T06:00:00Z,41.00,156.60,JTWC b-deck
WP082024,2024,2024-08-11T18:00:00Z,22.30,135.70,JTWC b-deck
WP082024,2024,2024-08-12T00:00:00Z,22.70,136.30,JTWC b-deck
WP082024,2024,2024-08-12T06:00:00Z,23.10,136.90,JTWC b-deck
WP082024,2024,2024-08-12T12:00:00Z,23.60,137.50,JTWC b-deck
WP082024,2024,2024-08-12T18:00:00Z,24.00,137.90,JTWC b-deck
WP082024,2024,2024-08-13T00:00:00Z,24.40,138.10,JTWC b-deck
WP082024,2024,2024-08-13T06:00:00Z,24.90,138.60,JTWC b-deck
WP082024,2024,2024-08-13T12:00:00Z,25.30,139.10,JTWC b-deck
WP082024,2024,2024-08-13T12:00:00Z,25.30,139.10,JTWC b-deck
WP082024,2024,2024-08-13T18:00:00Z,25.70,139.70,JTWC b-deck
WP082024,2024,2024-08-13T18:00:00Z,25.70,139.70,JTWC b-deck
WP082024,2024,2024-08-14T00:00:00Z,26.10,140.30,JTWC b-deck
WP082024,2024,2024-08-14T00:00:00Z,26.10,140.30,JTWC b-deck
WP082024,2024,2024-08-14T06:00:00Z,26.70,141.00,JTWC b-deck
WP082024,2024,2024-08-14T06:00:00Z,26.70,141.00,JTWC b-deck
WP082024,2024,2024-08-14T12:00:00Z,27.60,141.10,JTWC b-deck
WP082024,2024,2024-08-14T12:00:00Z,27.60,141.10,JTWC b-deck
WP082024,2024,2024-08-14T12:00:00Z,27.60,141.10,JTWC b-deck
WP082024,2024,2024-08-14T18:00:00Z,28.50,141.20,JTWC b-deck
WP082024,2024,2024-08-14T18:00:00Z,28.50,141.20,JTWC b-deck
WP082024,2024,2024-08-14T18:00:00Z,28.50,141.20,JTWC b-deck
WP082024,2024,2024-08-15T00:00:00Z,29.50,141.20,JTWC b-deck
WP082024,2024,2024-08-15T00:00:00Z,29.50,141.20,JTWC b-deck
WP082024,2024,2024-08-15T00:00:00Z,29.50,141.20,JTWC b-deck
WP082024,2024,2024-08-15T06:00:00Z,30.50,141.10,JTWC b-deck
WP082024,2024,2024-08-15T06:00:00Z,30.50,141.10,JTWC b-deck
WP082024,2024,2024-08-15T06:00:00Z,30.50,141.10,JTWC b-deck
WP082024,2024,2024-08-15T12:00:00Z,31.50,140.80,JTWC b-deck
WP082024,2024,2024-08-15T12:00:00Z,31.50,140.80,JTWC b-deck
WP082024,2024,2024-08-15T12:00:00Z,31.50,140.80,JTWC b-deck
WP082024,2024,2024-08-15T18:00:00Z,32.50,140.80,JTWC b-deck
WP082024,2024,2024-08-15T18:00:00Z,32.50,140.80,JTWC b-deck
WP082024,2024,2024-08-15T18:00:00Z,32.50,140.80,JTWC b-deck
WP082024,2024,2024-08-16T00:00:00Z,33.50,140.80,JTWC b-deck
WP082024,2024,2024-08-16T00:00:00Z,33.50,140.80,JTWC b-deck
WP082024,2024,2024-08-16T00:00:00Z,33.50,140.80,JTWC b-deck
WP082024,2024,2024-08-16T06:00:00Z,34.10,141.20,JTWC b-deck
WP082024,2024,2024-08-16T06:00:00Z,34.10,141.20,JTWC b-deck
WP082024,2024,2024-08-16T06:00:00Z,34.10,141.20,JTWC b-deck
WP082024,2024,2024-08-16T12:00:00Z,35.00,141.90,JTWC b-deck
WP082024,2024,2024-08-16T12:00:00Z,35.00,141.90,JTWC b-deck
WP082024,2024,2024-08-16T12:00:00Z,35.00,141.90,JTWC b-deck
WP082024,2024,2024-08-16T18:00:00Z,35.80,142.90,JTWC b-deck
WP082024,2024,2024-08-16T18:00:00Z,35.80,142.90,JTWC b-deck
WP082024,2024,2024-08-16T18:00:00Z,35.80,142.90,JTWC b-deck
WP082024,2024,2024-08-17T00:00:00Z,36.60,143.90,JTWC b-deck
WP082024,2024,2024-08-17T00:00:00Z,36.60,143.90,JTWC b-deck
WP082024,2024,2024-08-17T00:00:00Z,36.60,143.90,JTWC b-deck
WP082024,2024,2024-08-17T06:00:00Z,37.20,145.70,JTWC b-deck
WP082024,2024,2024-08-17T06:00:00Z,37.20,145.70,JTWC b-deck
WP082024,2024,2024-08-17T06:00:00Z,37.20,145.70,JTWC b-deck
WP082024,2024,2024-08-17T12:00:00Z,37.80,147.40,JTWC b-deck
WP082024,2024,2024-08-17T12:00:00Z,37.80,147.40,JTWC b-deck
WP082024,2024,2024-08-17T12:00:00Z,37.80,147.40,JTWC b-deck
WP082024,2024,2024-08-17T18:00:00Z,38.70,149.90,JTWC b-deck
WP082024,2024,2024-08-17T18:00:00Z,38.70,149.90,JTWC b-deck
WP082024,2024,2024-08-18T00:00:00Z,39.70,152.80,JTWC b-deck
WP082024,2024,2024-08-18T00:00:00Z,39.70,152.80,JTWC b-deck
WP082024,2024,2024-08-18T06:00:00Z,40.60,155.50,JTWC b-deck
WP082024,2024,2024-08-18T06:00:00Z,40.60,155.50,JTWC b-deck
WP082024,2024,2024-08-18T12:00:00Z,42.00,158.30,JTWC b-deck
WP082024,2024,2024-08-18T12:00:00Z,42.00,158.30,JTWC b-deck
WP092017,2017,2017-07-20T18:00:00Z,24.90,177.10,JTWC b-deck
WP092017,2017,2017-07-21T00:00:00Z,25.60,177.20,JTWC b-deck
WP092017,2017,2017-07-21T06:00:00Z,26.70,177.10,JTWC b-deck
WP092017,2017,2017-07-21T12:00:00Z,28.60,176.50,JTWC b-deck
WP092017,2017,2017-07-21T18:00:00Z,30.00,174.70,JTWC b-deck
WP092017,2017,2017-07-22T00:00:00Z,30.50,172.20,JTWC b-deck
WP092017,2017,2017-07-22T00:00:00Z,30.50,172.20,JTWC b-deck
WP092017,2017,2017-07-22T06:00:00Z,30.10,170.50,JTWC b-deck
WP092017,2017,2017-07-22T12:00:00Z,30.20,169.40,JTWC b-deck
WP092017,2017,2017-07-22T18:00:00Z,30.50,168.30,JTWC b-deck
WP092017,2017,2017-07-23T00:00:00Z,30.70,167.30,JTWC b-deck
WP092017,2017,2017-07-23T06:00:00Z,31.10,166.20,JTWC b-deck
WP092017,2017,2017-07-23T12:00:00Z,31.30,165.10,JTWC b-deck
WP092017,2017,2017-07-23T18:00:00Z,31.60,163.90,JTWC b-deck
WP092017,2017,2017-07-24T00:00:00Z,32.10,162.80,JTWC b-deck
WP092017,2017,2017-07-24T06:00:00Z,32.60,161.70,JTWC b-deck
WP092017,2017,2017-07-24T12:00:00Z,33.00,159.90,JTWC b-deck
WP092017,2017,2017-07-24T18:00:00Z,33.10,158.20,JTWC b-deck
WP092017,2017,2017-07-25T00:00:00Z,32.90,156.50,JTWC b-deck
WP092017,2017,2017-07-25T06:00:00Z,32.70,155.00,JTWC b-deck
WP092017,2017,2017-07-25T12:00:00Z,32.20,153.70,JTWC b-deck
WP092017,2017,2017-07-25T18:00:00Z,32.00,152.40,JTWC b-deck
WP092017,2017,2017-07-26T00:00:00Z,31.70,151.00,JTWC b-deck
WP092017,2017,2017-07-26T06:00:00Z,31.10,149.80,JTWC b-deck
WP092017,2017,2017-07-26T12:00:00Z,30.00,148.70,JTWC b-deck
WP092017,2017,2017-07-26T15:00:00Z,29.60,148.00,JTWC b-deck
WP092017,2017,2017-07-26T18:00:00Z,29.10,147.80,JTWC b-deck
WP092017,2017,2017-07-27T00:00:00Z,27.90,147.40,JTWC b-deck
WP092017,2017,2017-07-27T06:00:00Z,26.90,147.70,JTWC b-deck
WP092017,2017,2017-07-27T12:00:00Z,26.30,148.10,JTWC b-deck
WP092017,2017,2017-07-27T15:00:00Z,26.10,148.60,JTWC b-deck
WP092017,2017,2017-07-27T18:00:00Z,26.30,149.20,JTWC b-deck
WP092017,2017,2017-07-28T00:00:00Z,27.10,149.20,JTWC b-deck
WP092018,2018,2018-06-27T12:00:00Z,18.70,134.00,JTWC b-deck
WP092018,2018,2018-06-27T18:00:00Z,19.10,133.20,JTWC b-deck
WP092018,2018,2018-06-28T00:00:00Z,19.60,132.80,JTWC b-deck
WP092018,2018,2018-06-28T06:00:00Z,20.00,132.50,JTWC b-deck
WP092018,2018,2018-06-28T12:00:00Z,20.10,131.60,JTWC b-deck
WP092018,2018,2018-06-28T18:00:00Z,19.80,131.00,JTWC b-deck
WP092018,2018,2018-06-29T00:00:00Z,19.40,130.50,JTWC b-deck
WP092018,2018,2018-06-29T06:00:00Z,19.80,130.50,JTWC b-deck
WP092018,2018,2018-06-29T12:00:00Z,20.00,130.30,JTWC b-deck
WP092018,2018,2018-06-29T18:00:00Z,20.30,129.70,JTWC b-deck
WP092018,2018,2018-06-29T18:00:00Z,20.30,129.70,JTWC b-deck
WP092018,2018,2018-06-30T00:00:00Z,20.80,129.50,JTWC b-deck
WP092018,2018,2018-06-30T00:00:00Z,20.80,129.50,JTWC b-deck
WP092018,2018,2018-06-30T06:00:00Z,21.00,128.90,JTWC b-deck
WP092018,2018,2018-06-30T12:00:00Z,21.90,128.50,JTWC b-deck
WP092018,2018,2018-06-30T18:00:00Z,22.90,127.90,JTWC b-deck
WP092018,2018,2018-07-01T00:00:00Z,23.70,127.50,JTWC b-deck
WP092018,2018,2018-07-01T00:00:00Z,23.70,127.50,JTWC b-deck
WP092018,2018,2018-07-01T06:00:00Z,24.60,127.20,JTWC b-deck
WP092018,2018,2018-07-01T06:00:00Z,24.60,127.20,JTWC b-deck
WP092018,2018,2018-07-01T12:00:00Z,25.30,126.90,JTWC b-deck
WP092018,2018,2018-07-01T12:00:00Z,25.30,126.90,JTWC b-deck
WP092018,2018,2018-07-01T18:00:00Z,26.20,126.80,JTWC b-deck
WP092018,2018,2018-07-01T18:00:00Z,26.20,126.80,JTWC b-deck
WP092018,2018,2018-07-01T18:00:00Z,26.20,126.80,JTWC b-deck
WP092018,2018,2018-07-02T00:00:00Z,27.20,127.00,JTWC b-deck
WP092018,2018,2018-07-02T00:00:00Z,27.20,127.00,JTWC b-deck
WP092018,2018,2018-07-02T00:00:00Z,27.20,127.00,JTWC b-deck
WP092018,2018,2018-07-02T06:00:00Z,28.20,127.30,JTWC b-deck
WP092018,2018,2018-07-02T06:00:00Z,28.20,127.30,JTWC b-deck
WP092018,2018,2018-07-02T06:00:00Z,28.20,127.30,JTWC b-deck
WP092018,2018,2018-07-02T12:00:00Z,29.50,127.70,JTWC b-deck
WP092018,2018,2018-07-02T12:00:00Z,29.50,127.70,JTWC b-deck
WP092018,2018,2018-07-02T12:00:00Z,29.50,127.70,JTWC b-deck
WP092018,2018,2018-07-02T18:00:00Z,30.70,127.90,JTWC b-deck
WP092018,2018,2018-07-02T18:00:00Z,30.70,127.90,JTWC b-deck
WP092018,2018,2018-07-02T18:00:00Z,30.70,127.90,JTWC b-deck
WP092018,2018,2018-07-03T00:00:00Z,32.00,128.30,JTWC b-deck
WP092018,2018,2018-07-03T00:00:00Z,32.00,128.30,JTWC b-deck
WP092018,2018,2018-07-03T00:00:00Z,32.00,128.30,JTWC b-deck
WP092018,2018,2018-07-03T06:00:00Z,33.20,128.90,JTWC b-deck
WP092018,2018,2018-07-03T06:00:00Z,33.20,128.90,JTWC b-deck
WP092018,2018,2018-07-03T06:00:00Z,33.20,128.90,JTWC b-deck
WP092018,2018,2018-07-03T12:00:00Z,34.40,129.80,JTWC b-deck
WP092018,2018,2018-07-03T12:00:00Z,34.40,129.80,JTWC b-deck
WP092018,2018,2018-07-03T18:00:00Z,35.80,130.90,JTWC b-deck
WP092018,2018,2018-07-03T18:00:00Z,35.80,130.90,JTWC b-deck
WP092018,2018,2018-07-04T00:00:00Z,37.40,132.40,JTWC b-deck
WP092018,2018,2018-07-04T00:00:00Z,37.40,132.40,JTWC b-deck
WP092018,2018,2018-07-04T06:00:00Z,39.20,134.70,JTWC b-deck
WP092018,2018,2018-07-04T12:00:00Z,40.40,136.70,JTWC b-deck
WP092018,2018,2018-07-04T18:00:00Z,41.00,137.90,JTWC b-deck
WP092018,2018,2018-07-05T00:00:00Z,41.20,139.40,JTWC b-deck
WP092019,2019,2019-08-01T06:00:00Z,18.20,154.80,JTWC b-deck
WP092019,2019,2019-08-01T12:00:00Z,18.90,154.00,JTWC b-deck
WP092019,2019,2019-08-01T18:00:00Z,19.50,153.30,JTWC b-deck
WP092019,2019,2019-08-02T00:00:00Z,20.30,152.80,JTWC b-deck
WP092019,2019,2019-08-02T06:00:00Z,20.90,152.00,JTWC b-deck
WP092019,2019,2019-08-02T12:00:00Z,21.90,151.20,JTWC b-deck
WP092019,2019,2019-08-02T18:00:00Z,23.10,150.10,JTWC b-deck
WP092019,2019,2019-08-03T00:00:00Z,24.30,148.60,JTWC b-deck
WP092019,2019,2019-08-03T06:00:00Z,25.40,147.30,JTWC b-deck
WP092019,2019,2019-08-03T12:00:00Z,26.00,145.90,JTWC b-deck
WP092019,2019,2019-08-03T18:00:00Z,26.70,144.20,JTWC b-deck
WP092019,2019,2019-08-04T00:00:00Z,27.50,143.10,JTWC b-deck
WP092019,2019,2019-08-04T06:00:00Z,28.50,141.60,JTWC b-deck
WP092019,2019,2019-08-04T12:00:00Z,29.10,139.70,JTWC b-deck
WP092019,2019,2019-08-04T18:00:00Z,29.80,138.00,JTWC b-deck
WP092019,2019,2019-08-04T18:00:00Z,29.80,138.00,JTWC b-deck
WP092019,2019,2019-08-05T00:00:00Z,30.40,136.20,JTWC b-deck
WP092019,2019,2019-08-05T00:00:00Z,30.40,136.20,JTWC b-deck
WP092019,2019,2019-08-05T06:00:00Z,30.70,134.50,JTWC b-deck
WP092019,2019,2019-08-05T06:00:00Z,30.70,134.50,JTWC b-deck
WP092019,2019,2019-08-05T12:00:00Z,31.20,132.90,JTWC b-deck
WP092019,2019,2019-08-05T12:00:00Z,31.20,132.90,JTWC b-deck
WP092019,2019,2019-08-05T18:00:00Z,31.70,131.90,JTWC b-deck
WP092019,2019,2019-08-05T18:00:00Z,31.70,131.90,JTWC b-deck
WP092019,2019,2019-08-05T18:00:00Z,31.70,131.90,JTWC b-deck
WP092019,2019,2019-08-06T00:00:00Z,32.90,130.70,JTWC b-deck
WP092019,2019,2019-08-06T00:00:00Z,32.90,130.70,JTWC b-deck
WP092019,2019,2019-08-06T00:00:00Z,32.90,130.70,JTWC b-deck
WP092019,2019,2019-08-06T06:00:00Z,34.20,129.90,JTWC b-deck
WP092019,2019,2019-08-06T06:00:00Z,34.20,129.90,JTWC b-deck
WP092019,2019,2019-08-06T12:00:00Z,35.40,129.30,JTWC b-deck
WP092019,2019,2019-08-06T18:00:00Z,36.80,128.80,JTWC b-deck
WP092019,2019,2019-08-07T00:00:00Z,38.10,128.70,JTWC b-deck
WP092019,2019,2019-08-07T06:00:00Z,39.20,129.00,JTWC b-deck
WP092019,2019,2019-08-07T12:00:00Z,40.00,130.00,JTWC b-deck
WP092019,2019,2019-08-07T18:00:00Z,41.10,131.70,JTWC b-deck
WP092019,2019,2019-08-08T00:00:00Z,41.90,134.30,JTWC b-deck
WP092019,2019,2019-08-08T06:00:00Z,41.30,137.40,JTWC b-deck
WP092020,2020,2020-08-21T00:00:00Z,20.40,122.50,JTWC b-deck
WP092020,2020,2020-08-21T06:00:00Z,21.10,122.20,JTWC b-deck
WP092020,2020,2020-08-21T12:00:00Z,22.00,122.30,JTWC b-deck
WP092020,2020,2020-08-21T18:00:00Z,22.90,122.40,JTWC b-deck
WP092020,2020,2020-08-22T00:00:00Z,23.30,122.80,JTWC b-deck
WP092020,2020,2020-08-22T06:00:00Z,24.30,123.30,JTWC b-deck
WP092020,2020,2020-08-22T09:00:00Z,24.70,123.70,JTWC b-deck
WP092020,2020,2020-08-22T12:00:00Z,25.30,123.90,JTWC b-deck
WP092020,2020,2020-08-22T18:00:00Z,25.80,123.70,JTWC b-deck
WP092020,2020,2020-08-22T18:00:00Z,25.80,123.70,JTWC b-deck
WP092020,2020,2020-08-23T00:00:00Z,26.40,123.90,JTWC b-deck
WP092020,2020,2020-08-23T00:00:00Z,26.40,123.90,JTWC b-deck
WP092020,2020,2020-08-23T06:00:00Z,26.80,124.60,JTWC b-deck
WP092020,2020,2020-08-23T06:00:00Z,26.80,124.60,JTWC b-deck
WP092020,2020,2020-08-23T12:00:00Z,27.00,125.30,JTWC b-deck
WP092020,2020,2020-08-23T12:00:00Z,27.00,125.30,JTWC b-deck
WP092020,2020,2020-08-23T18:00:00Z,27.10,125.70,JTWC b-deck
WP092020,2020,2020-08-23T18:00:00Z,27.10,125.70,JTWC b-deck
WP092020,2020,2020-08-23T18:00:00Z,27.10,125.70,JTWC b-deck
WP092020,2020,2020-08-24T00:00:00Z,27.40,126.30,JTWC b-deck
WP092020,2020,2020-08-24T00:00:00Z,27.40,126.30,JTWC b-deck
WP092020,2020,2020-08-24T00:00:00Z,27.40,126.30,JTWC b-deck
WP092020,2020,2020-08-24T06:00:00Z,27.90,126.50,JTWC b-deck
WP092020,2020,2020-08-24T06:00:00Z,27.90,126.50,JTWC b-deck
WP092020,2020,2020-08-24T06:00:00Z,27.90,126.50,JTWC b-deck
WP092020,2020,2020-08-24T12:00:00Z,28.20,126.20,JTWC b-deck
WP092020,2020,2020-08-24T12:00:00Z,28.20,126.20,JTWC b-deck
WP092020,2020,2020-08-24T12:00:00Z,28.20,126.20,JTWC b-deck
WP092020,2020,2020-08-24T18:00:00Z,28.60,126.10,JTWC b-deck
WP092020,2020,2020-08-24T18:00:00Z,28.60,126.10,JTWC b-deck
WP092020,2020,2020-08-24T18:00:00Z,28.60,126.10,JTWC b-deck
WP092020,2020,2020-08-25T00:00:00Z,29.20,125.70,JTWC b-deck
WP092020,2020,2020-08-25T00:00:00Z,29.20,125.70,JTWC b-deck
WP092020,2020,2020-08-25T00:00:00Z,29.20,125.70,JTWC b-deck
WP092020,2020,2020-08-25T06:00:00Z,29.80,125.40,JTWC b-deck
WP092020,2020,2020-08-25T06:00:00Z,29.80,125.40,JTWC b-deck
WP092020,2020,2020-08-25T06:00:00Z,29.80,125.40,JTWC b-deck
WP092020,2020,2020-08-25T12:00:00Z,30.60,125.10,JTWC b-deck
WP092020,2020,2020-08-25T12:00:00Z,30.60,125.10,JTWC b-deck
WP092020,2020,2020-08-25T12:00:00Z,30.60,125.10,JTWC b-deck
WP092020,2020,2020-08-25T18:00:00Z,31.40,124.70,JTWC b-deck
WP092020,2020,2020-08-25T18:00:00Z,31.40,124.70,JTWC b-deck
WP092020,2020,2020-08-25T18:00:00Z,31.40,124.70,JTWC b-deck
WP092020,2020,2020-08-26T00:00:00Z,32.30,124.50,JTWC b-deck
WP092020,2020,2020-08-26T00:00:00Z,32.30,124.50,JTWC b-deck
WP092020,2020,2020-08-26T00:00:00Z,32.30,124.50,JTWC b-deck
WP092020,2020,2020-08-26T06:00:00Z,33.60,124.40,JTWC b-deck
WP092020,2020,2020-08-26T06:00:00Z,33.60,124.40,JTWC b-deck
WP092020,2020,2020-08-26T06:00:00Z,33.60,124.40,JTWC b-deck
WP092020,2020,2020-08-26T12:00:00Z,35.00,124.20,JTWC b-deck
WP092020,2020,2020-08-26T12:00:00Z,35.00,124.20,JTWC b-deck
WP092020,2020,2020-08-26T12:00:00Z,35.00,124.20,JTWC b-deck
WP092020,2020,2020-08-26T18:00:00Z,36.90,124.40,JTWC b-deck
WP092020,2020,2020-08-26T18:00:00Z,36.90,124.40,JTWC b-deck
WP092020,2020,2020-08-26T18:00:00Z,36.90,124.40,JTWC b-deck
WP092020,2020,2020-08-27T00:00:00Z,39.30,124.50,JTWC b-deck
WP092020,2020,2020-08-27T00:00:00Z,39.30,124.50,JTWC b-deck
WP092020,2020,2020-08-27T00:00:00Z,39.30,124.50,JTWC b-deck
WP092020,2020,2020-08-27T06:00:00Z,41.60,125.80,JTWC b-deck
WP092020,2020,2020-08-27T12:00:00Z,44.00,127.00,JTWC b-deck
WP092021,2021,2021-07-16T00:00:00Z,17.80,134.50,JTWC b-deck
WP092021,2021,2021-07-16T06:00:00Z,18.60,134.80,JTWC b-deck
WP092021,2021,2021-07-16T12:00:00Z,19.60,134.20,JTWC b-deck
WP092021,2021,2021-07-16T18:00:00Z,20.00,133.90,JTWC b-deck
WP092021,2021,2021-07-17T00:00:00Z,20.50,133.60,JTWC b-deck
WP092021,2021,2021-07-17T06:00:00Z,21.10,133.20,JTWC b-deck
WP092021,2021,2021-07-17T12:00:00Z,21.60,132.80,JTWC b-deck
WP092021,2021,2021-07-17T18:00:00Z,22.00,132.60,JTWC b-deck
WP092021,2021,2021-07-18T00:00:00Z,22.40,132.50,JTWC b-deck
WP092021,2021,2021-07-18T06:00:00Z,22.80,132.40,JTWC b-deck
WP092021,2021,2021-07-18T12:00:00Z,23.00,132.30,JTWC b-deck
WP092021,2021,2021-07-18T18:00:00Z,23.50,132.30,JTWC b-deck
WP092021,2021,2021-07-19T00:00:00Z,23.80,132.00,JTWC b-deck
WP092021,2021,2021-07-19T00:00:00Z,23.80,132.00,JTWC b-deck
WP092021,2021,2021-07-19T06:00:00Z,23.90,131.70,JTWC b-deck
WP092021,2021,2021-07-19T06:00:00Z,23.90,131.70,JTWC b-deck
WP092021,2021,2021-07-19T12:00:00Z,24.00,131.50,JTWC b-deck
WP092021,2021,2021-07-19T12:00:00Z,24.00,131.50,JTWC b-deck
WP092021,2021,2021-07-19T18:00:00Z,24.20,131.10,JTWC b-deck
WP092021,2021,2021-07-19T18:00:00Z,24.20,131.10,JTWC b-deck
WP092021,2021,2021-07-20T00:00:00Z,24.40,130.60,JTWC b-deck
WP092021,2021,2021-07-20T00:00:00Z,24.40,130.60,JTWC b-deck
WP092021,2021,2021-07-20T06:00:00Z,24.70,129.70,JTWC b-deck
WP092021,2021,2021-07-20T06:00:00Z,24.70,129.70,JTWC b-deck
WP092021,2021,2021-07-20T06:00:00Z,24.70,129.70,JTWC b-deck
WP092021,2021,2021-07-20T12:00:00Z,24.40,128.90,JTWC b-deck
WP092021,2021,2021-07-20T12:00:00Z,24.40,128.90,JTWC b-deck
WP092021,2021,2021-07-20T12:00:00Z,24.40,128.90,JTWC b-deck
WP092021,2021,2021-07-20T18:00:00Z,24.10,128.20,JTWC b-deck
WP092021,2021,2021-07-20T18:00:00Z,24.10,128.20,JTWC b-deck
WP092021,2021,2021-07-20T18:00:00Z,24.10,128.20,JTWC b-deck
WP092021,2021,2021-07-21T00:00:00Z,24.10,127.90,JTWC b-deck
WP092021,2021,2021-07-21T00:00:00Z,24.10,127.90,JTWC b-deck
WP092021,2021,2021-07-21T00:00:00Z,24.10,127.90,JTWC b-deck
WP092021,2021,2021-07-21T06:00:00Z,24.20,127.20,JTWC b-deck
WP092021,2021,2021-07-21T06:00:00Z,24.20,127.20,JTWC b-deck
WP092021,2021,2021-07-21T06:00:00Z,24.20,127.20,JTWC b-deck
WP092021,2021,2021-07-21T12:00:00Z,23.90,126.60,JTWC b-deck
WP092021,2021,2021-07-21T12:00:00Z,23.90,126.60,JTWC b-deck
WP092021,2021,2021-07-21T12:00:00Z,23.90,126.60,JTWC b-deck
WP092021,2021,2021-07-21T18:00:00Z,23.60,126.20,JTWC b-deck
WP092021,2021,2021-07-21T18:00:00Z,23.60,126.20,JTWC b-deck
WP092021,2021,2021-07-21T18:00:00Z,23.60,126.20,JTWC b-deck
WP092021,2021,2021-07-22T00:00:00Z,23.50,126.10,JTWC b-deck
WP092021,2021,2021-07-22T00:00:00Z,23.50,126.10,JTWC b-deck
WP092021,2021,2021-07-22T00:00:00Z,23.50,126.10,JTWC b-deck
WP092021,2021,2021-07-22T06:00:00Z,23.50,126.00,JTWC b-deck
WP092021,2021,2021-07-22T06:00:00Z,23.50,126.00,JTWC b-deck
WP092021,2021,2021-07-22T06:00:00Z,23.50,126.00,JTWC b-deck
WP092021,2021,2021-07-22T12:00:00Z,23.60,125.80,JTWC b-deck
WP092021,2021,2021-07-22T12:00:00Z,23.60,125.80,JTWC b-deck
WP092021,2021,2021-07-22T12:00:00Z,23.60,125.80,JTWC b-deck
WP092021,2021,2021-07-22T18:00:00Z,23.80,125.60,JTWC b-deck
WP092021,2021,2021-07-22T18:00:00Z,23.80,125.60,JTWC b-deck
WP092021,2021,2021-07-22T18:00:00Z,23.80,125.60,JTWC b-deck
WP092021,2021,2021-07-23T00:00:00Z,24.20,125.40,JTWC b-deck
WP092021,2021,2021-07-23T00:00:00Z,24.20,125.40,JTWC b-deck
WP092021,2021,2021-07-23T00:00:00Z,24.20,125.40,JTWC b-deck
WP092021,2021,2021-07-23T06:00:00Z,24.50,125.10,JTWC b-deck
WP092021,2021,2021-07-23T06:00:00Z,24.50,125.10,JTWC b-deck
WP092021,2021,2021-07-23T06:00:00Z,24.50,125.10,JTWC b-deck
WP092021,2021,2021-07-23T12:00:00Z,24.80,125.00,JTWC b-deck
WP092021,2021,2021-07-23T12:00:00Z,24.80,125.00,JTWC b-deck
WP092021,2021,2021-07-23T18:00:00Z,25.50,124.90,JTWC b-deck
WP092021,2021,2021-07-23T18:00:00Z,25.50,124.90,JTWC b-deck
WP092021,2021,2021-07-23T18:00:00Z,25.50,124.90,JTWC b-deck
WP092021,2021,2021-07-24T00:00:00Z,26.40,124.70,JTWC b-deck
WP092021,2021,2021-07-24T00:00:00Z,26.40,124.70,JTWC b-deck
WP092021,2021,2021-07-24T00:00:00Z,26.40,124.70,JTWC b-deck
WP092021,2021,2021-07-24T06:00:00Z,27.30,124.30,JTWC b-deck
WP092021,2021,2021-07-24T06:00:00Z,27.30,124.30,JTWC b-deck
WP092021,2021,2021-07-24T06:00:00Z,27.30,124.30,JTWC b-deck
WP092021,2021,2021-07-24T12:00:00Z,28.10,124.00,JTWC b-deck
WP092021,2021,2021-07-24T12:00:00Z,28.10,124.00,JTWC b-deck
WP092021,2021,2021-07-24T12:00:00Z,28.10,124.00,JTWC b-deck
WP092021,2021,2021-07-24T18:00:00Z,28.60,123.80,JTWC b-deck
WP092021,2021,2021-07-24T18:00:00Z,28.60,123.80,JTWC b-deck
WP092021,2021,2021-07-25T00:00:00Z,29.70,122.90,JTWC b-deck
WP092021,2021,2021-07-25T00:00:00Z,29.70,122.90,JTWC b-deck
WP092021,2021,2021-07-25T06:00:00Z,30.00,122.50,JTWC b-deck
WP092021,2021,2021-07-25T06:00:00Z,30.00,122.50,JTWC b-deck
WP092021,2021,2021-07-25T12:00:00Z,30.30,122.20,JTWC b-deck
WP092021,2021,2021-07-25T12:00:00Z,30.30,122.20,JTWC b-deck
WP092021,2021,2021-07-25T18:00:00Z,30.40,121.40,JTWC b-deck
WP092021,2021,2021-07-26T00:00:00Z,30.70,121.20,JTWC b-deck
WP092021,2021,2021-07-26T06:00:00Z,30.90,120.90,JTWC b-deck
WP092021,2021,2021-07-26T12:00:00Z,31.10,120.50,JTWC b-deck
WP092021,2021,2021-07-26T18:00:00Z,31.20,119.90,JTWC b-deck
WP092021,2021,2021-07-27T00:00:00Z,31.30,119.30,JTWC b-deck
WP092021,2021,2021-07-27T06:00:00Z,31.30,119.00,JTWC b-deck
WP092021,2021,2021-07-27T12:00:00Z,31.60,118.90,JTWC b-deck
WP092021,2021,2021-07-27T18:00:00Z,32.00,118.60,JTWC b-deck
WP092021,2021,2021-07-28T00:00:00Z,32.70,117.80,JTWC b-deck
WP092021,2021,2021-07-28T06:00:00Z,33.30,117.50,JTWC b-deck
WP092021,2021,2021-07-28T12:00:00Z,33.50,117.20,JTWC b-deck
WP092021,2021,2021-07-28T18:00:00Z,34.20,116.80,JTWC b-deck
WP092021,2021,2021-07-29T00:00:00Z,35.10,117.00,JTWC b-deck
WP092021,2021,2021-07-29T06:00:00Z,35.80,117.20,JTWC b-deck
WP092021,2021,2021-07-29T12:00:00Z,36.60,117.50,JTWC b-deck
WP092021,2021,2021-07-29T18:00:00Z,37.40,117.90,JTWC b-deck
WP092021,2021,2021-07-30T00:00:00Z,39.10,119.50,JTWC b-deck
WP092022,2022,2022-08-09T18:00:00Z,24.70,141.90,JTWC b-deck
WP092022,2022,2022-08-10T00:00:00Z,26.20,139.80,JTWC b-deck
WP092022,2022,2022-08-10T06:00:00Z,26.80,139.00,JTWC b-deck
WP092022,2022,2022-08-10T12:00:00Z,27.40,138.40,JTWC b-deck
WP092022,2022,2022-08-10T18:00:00Z,28.00,137.70,JTWC b-deck
WP092022,2022,2022-08-11T00:00:00Z,28.30,136.70,JTWC b-deck
WP092022,2022,2022-08-11T06:00:00Z,28.40,135.90,JTWC b-deck
WP092022,2022,2022-08-11T09:00:00Z,28.50,135.80,JTWC b-deck
WP092022,2022,2022-08-11T12:00:00Z,28.70,135.70,JTWC b-deck
WP092022,2022,2022-08-11T18:00:00Z,29.00,135.70,JTWC b-deck
WP092022,2022,2022-08-12T00:00:00Z,30.50,136.30,JTWC b-deck
WP092022,2022,2022-08-12T06:00:00Z,30.90,136.70,JTWC b-deck
WP092022,2022,2022-08-12T12:00:00Z,32.20,136.70,JTWC b-deck
WP092022,2022,2022-08-12T18:00:00Z,33.00,136.70,JTWC b-deck
WP092022,2022,2022-08-13T00:00:00Z,33.80,137.30,JTWC b-deck
WP092022,2022,2022-08-13T06:00:00Z,34.70,138.30,JTWC b-deck
WP092022,2022,2022-08-13T12:00:00Z,35.70,140.10,JTWC b-deck
WP092022,2022,2022-08-13T18:00:00Z,36.90,142.20,JTWC b-deck
WP092022,2022,2022-08-14T00:00:00Z,39.30,145.20,JTWC b-deck
WP092022,2022,2022-08-14T06:00:00Z,40.90,147.00,JTWC b-deck
WP092023,2023,2023-08-22T00:00:00Z,17.50,127.70,JTWC b-deck
WP092023,2023,2023-08-22T06:00:00Z,18.10,127.50,JTWC b-deck
WP092023,2023,2023-08-22T12:00:00Z,18.80,126.90,JTWC b-deck
WP092023,2023,2023-08-22T18:00:00Z,18.90,126.50,JTWC b-deck
WP092023,2023,2023-08-23T00:00:00Z,19.00,126.10,JTWC b-deck
WP092023,2023,2023-08-23T06:00:00Z,19.20,125.70,JTWC b-deck
WP092023,2023,2023-08-23T12:00:00Z,19.20,125.40,JTWC b-deck
WP092023,2023,2023-08-23T18:00:00Z,19.90,125.00,JTWC b-deck
WP092023,2023,2023-08-24T00:00:00Z,20.10,124.90,JTWC b-deck
WP092023,2023,2023-08-24T06:00:00Z,20.40,124.50,JTWC b-deck
WP092023,2023,2023-08-24T12:00:00Z,20.30,124.20,JTWC b-deck
WP092023,2023,2023-08-24T18:00:00Z,20.00,124.00,JTWC b-deck
WP092023,2023,2023-08-25T00:00:00Z,19.90,124.00,JTWC b-deck
WP092023,2023,2023-08-25T00:00:00Z,19.90,124.00,JTWC b-deck
WP092023,2023,2023-08-25T06:00:00Z,19.90,123.90,JTWC b-deck
WP092023,2023,2023-08-25T06:00:00Z,19.90,123.90,JTWC b-deck
WP092023,2023,2023-08-25T06:00:00Z,19.90,123.90,JTWC b-deck
WP092023,2023,2023-08-25T12:00:00Z,19.50,123.60,JTWC b-deck
WP092023,2023,2023-08-25T12:00:00Z,19.50,123.60,JTWC b-deck
WP092023,2023,2023-08-25T12:00:00Z,19.50,123.60,JTWC b-deck
WP092023,2023,2023-08-25T18:00:00Z,19.10,123.30,JTWC b-deck
WP092023,2023,2023-08-25T18:00:00Z,19.10,123.30,JTWC b-deck
WP092023,2023,2023-08-25T18:00:00Z,19.10,123.30,JTWC b-deck
WP092023,2023,2023-08-26T00:00:00Z,18.60,123.20,JTWC b-deck
WP092023,2023,2023-08-26T00:00:00Z,18.60,123.20,JTWC b-deck
WP092023,2023,2023-08-26T00:00:00Z,18.60,123.20,JTWC b-deck
WP092023,2023,2023-08-26T06:00:00Z,18.00,123.20,JTWC b-deck
WP092023,2023,2023-08-26T06:00:00Z,18.00,123.20,JTWC b-deck
WP092023,2023,2023-08-26T06:00:00Z,18.00,123.20,JTWC b-deck
WP092023,2023,2023-08-26T12:00:00Z,17.50,123.10,JTWC b-deck
WP092023,2023,2023-08-26T12:00:00Z,17.50,123.10,JTWC b-deck
WP092023,2023,2023-08-26T12:00:00Z,17.50,123.10,JTWC b-deck
WP092023,2023,2023-08-26T18:00:00Z,17.10,123.00,JTWC b-deck
WP092023,2023,2023-08-26T18:00:00Z,17.10,123.00,JTWC b-deck
WP092023,2023,2023-08-26T18:00:00Z,17.10,123.00,JTWC b-deck
WP092023,2023,2023-08-27T00:00:00Z,16.80,122.90,JTWC b-deck
WP092023,2023,2023-08-27T00:00:00Z,16.80,122.90,JTWC b-deck
WP092023,2023,2023-08-27T00:00:00Z,16.80,122.90,JTWC b-deck
WP092023,2023,2023-08-27T06:00:00Z,16.50,123.00,JTWC b-deck
WP092023,2023,2023-08-27T06:00:00Z,16.50,123.00,JTWC b-deck
WP092023,2023,2023-08-27T06:00:00Z,16.50,123.00,JTWC b-deck
WP092023,2023,2023-08-27T12:00:00Z,16.20,123.20,JTWC b-deck
WP092023,2023,2023-08-27T12:00:00Z,16.20,123.20,JTWC b-deck
WP092023,2023,2023-08-27T12:00:00Z,16.20,123.20,JTWC b-deck
WP092023,2023,2023-08-27T18:00:00Z,16.00,123.80,JTWC b-deck
WP092023,2023,2023-08-27T18:00:00Z,16.00,123.80,JTWC b-deck
WP092023,2023,2023-08-27T18:00:00Z,16.00,123.80,JTWC b-deck
WP092023,2023,2023-08-28T00:00:00Z,16.90,124.40,JTWC b-deck
WP092023,2023,2023-08-28T00:00:00Z,16.90,124.40,JTWC b-deck
WP092023,2023,2023-08-28T00:00:00Z,16.90,124.40,JTWC b-deck
WP092023,2023,2023-08-28T06:00:00Z,17.50,124.20,JTWC b-deck
WP092023,2023,2023-08-28T06:00:00Z,17.50,124.20,JTWC b-deck
WP092023,2023,2023-08-28T06:00:00Z,17.50,124.20,JTWC b-deck
WP092023,2023,2023-08-28T12:00:00Z,17.90,124.00,JTWC b-deck
WP092023,2023,2023-08-28T12:00:00Z,17.90,124.00,JTWC b-deck
WP092023,2023,2023-08-28T12:00:00Z,17.90,124.00,JTWC b-deck
WP092023,2023,2023-08-28T18:00:00Z,18.20,123.90,JTWC b-deck
WP092023,2023,2023-08-28T18:00:00Z,18.20,123.90,JTWC b-deck
WP092023,2023,2023-08-28T18:00:00Z,18.20,123.90,JTWC b-deck
WP092023,2023,2023-08-29T00:00:00Z,18.60,123.30,JTWC b-deck
WP092023,2023,2023-08-29T00:00:00Z,18.60,123.30,JTWC b-deck
WP092023,2023,2023-08-29T00:00:00Z,18.60,123.30,JTWC b-deck
WP092023,2023,2023-08-29T06:00:00Z,18.90,123.10,JTWC b-deck
WP092023,2023,2023-08-29T06:00:00Z,18.90,123.10,JTWC b-deck
WP092023,2023,2023-08-29T06:00:00Z,18.90,123.10,JTWC b-deck
WP092023,2023,2023-08-29T12:00:00Z,19.30,122.70,JTWC b-deck
WP092023,2023,2023-08-29T12:00:00Z,19.30,122.70,JTWC b-deck
WP092023,2023,2023-08-29T12:00:00Z,19.30,122.70,JTWC b-deck
WP092023,2023,2023-08-29T18:00:00Z,19.90,121.80,JTWC b-deck
WP092023,2023,2023-08-29T18:00:00Z,19.90,121.80,JTWC b-deck
WP092023,2023,2023-08-29T18:00:00Z,19.90,121.80,JTWC b-deck
WP092023,2023,2023-08-30T00:00:00Z,20.10,121.00,JTWC b-deck
WP092023,2023,2023-08-30T00:00:00Z,20.10,121.00,JTWC b-deck
WP092023,2023,2023-08-30T00:00:00Z,20.10,121.00,JTWC b-deck
WP092023,2023,2023-08-30T06:00:00Z,20.40,120.30,JTWC b-deck
WP092023,2023,2023-08-30T06:00:00Z,20.40,120.30,JTWC b-deck
WP092023,2023,2023-08-30T06:00:00Z,20.40,120.30,JTWC b-deck
WP092023,2023,2023-08-30T12:00:00Z,20.80,119.60,JTWC b-deck
WP092023,2023,2023-08-30T12:00:00Z,20.80,119.60,JTWC b-deck
WP092023,2023,2023-08-30T12:00:00Z,20.80,119.60,JTWC b-deck
WP092023,2023,2023-08-30T18:00:00Z,20.90,118.70,JTWC b-deck
WP092023,2023,2023-08-30T18:00:00Z,20.90,118.70,JTWC b-deck
WP092023,2023,2023-08-30T18:00:00Z,20.90,118.70,JTWC b-deck
WP092023,2023,2023-08-31T00:00:00Z,21.10,118.20,JTWC b-deck
WP092023,2023,2023-08-31T00:00:00Z,21.10,118.20,JTWC b-deck
WP092023,2023,2023-08-31T00:00:00Z,21.10,118.20,JTWC b-deck
WP092023,2023,2023-08-31T06:00:00Z,21.20,117.80,JTWC b-deck
WP092023,2023,2023-08-31T06:00:00Z,21.20,117.80,JTWC b-deck
WP092023,2023,2023-08-31T06:00:00Z,21.20,117.80,JTWC b-deck
WP092023,2023,2023-08-31T12:00:00Z,21.40,117.30,JTWC b-deck
WP092023,2023,2023-08-31T12:00:00Z,21.40,117.30,JTWC b-deck
WP092023,2023,2023-08-31T12:00:00Z,21.40,117.30,JTWC b-deck
WP092023,2023,2023-08-31T18:00:00Z,21.60,116.80,JTWC b-deck
WP092023,2023,2023-08-31T18:00:00Z,21.60,116.80,JTWC b-deck
WP092023,2023,2023-08-31T18:00:00Z,21.60,116.80,JTWC b-deck
WP092023,2023,2023-09-01T00:00:00Z,21.90,116.20,JTWC b-deck
WP092023,2023,2023-09-01T00:00:00Z,21.90,116.20,JTWC b-deck
WP092023,2023,2023-09-01T00:00:00Z,21.90,116.20,JTWC b-deck
WP092023,2023,2023-09-01T06:00:00Z,22.00,115.40,JTWC b-deck
WP092023,2023,2023-09-01T06:00:00Z,22.00,115.40,JTWC b-deck
WP092023,2023,2023-09-01T06:00:00Z,22.00,115.40,JTWC b-deck
WP092023,2023,2023-09-01T12:00:00Z,22.00,114.40,JTWC b-deck
WP092023,2023,2023-09-01T12:00:00Z,22.00,114.40,JTWC b-deck
WP092023,2023,2023-09-01T12:00:00Z,22.00,114.40,JTWC b-deck
WP092023,2023,2023-09-01T18:00:00Z,22.00,113.50,JTWC b-deck
WP092023,2023,2023-09-01T18:00:00Z,22.00,113.50,JTWC b-deck
WP092023,2023,2023-09-01T18:00:00Z,22.00,113.50,JTWC b-deck
WP092023,2023,2023-09-02T00:00:00Z,21.90,112.80,JTWC b-deck
WP092023,2023,2023-09-02T00:00:00Z,21.90,112.80,JTWC b-deck
WP092023,2023,2023-09-02T00:00:00Z,21.90,112.80,JTWC b-deck
WP092023,2023,2023-09-02T06:00:00Z,21.70,112.10,JTWC b-deck
WP092023,2023,2023-09-02T06:00:00Z,21.70,112.10,JTWC b-deck
WP092023,2023,2023-09-02T12:00:00Z,21.80,110.90,JTWC b-deck
WP092023,2023,2023-09-02T18:00:00Z,21.60,109.90,JTWC b-deck
WP092023,2023,2023-09-03T00:00:00Z,21.30,109.60,JTWC b-deck
WP092023,2023,2023-09-03T06:00:00Z,21.00,109.30,JTWC b-deck
WP092023,2023,2023-09-03T12:00:00Z,20.70,109.30,JTWC b-deck
WP092024,2024,2024-08-12T00:00:00Z,24.70,148.40,JTWC b-deck
WP092024,2024,2024-08-12T06:00:00Z,25.50,148.90,JTWC b-deck
WP092024,2024,2024-08-12T12:00:00Z,26.20,149.30,JTWC b-deck
WP092024,2024,2024-08-12T18:00:00Z,26.60,149.60,JTWC b-deck
WP092024,2024,2024-08-13T00:00:00Z,27.10,149.80,JTWC b-deck
WP092024,2024,2024-08-13T06:00:00Z,27.40,149.40,JTWC b-deck
WP092024,2024,2024-08-13T12:00:00Z,27.70,149.00,JTWC b-deck
WP092024,2024,2024-08-13T18:00:00Z,28.40,149.00,JTWC b-deck
WP092024,2024,2024-08-14T00:00:00Z,29.10,148.90,JTWC b-deck
WP092024,2024,2024-08-14T06:00:00Z,30.50,148.20,JTWC b-deck
WP092024,2024,2024-08-14T12:00:00Z,31.90,147.50,JTWC b-deck
WP092024,2024,2024-08-14T18:00:00Z,33.80,146.70,JTWC b-deck
WP092024,2024,2024-08-15T00:00:00Z,35.70,146.10,JTWC b-deck
WP092024,2024,2024-08-15T06:00:00Z,37.30,147.30,JTWC b-deck
WP092025,2025,2025-07-18T12:00:00Z,19.20,122.40,IBTrACS v04r01 (CMA)
WP092025,2025,2025-07-18T15:00:00Z,19.50,121.60,IBTrACS v04r01 (CMA)
WP092025,2025,2025-07-18T18:00:00Z,19.70,120.80,IBTrACS v04r01 (CMA)
WP092025,2025,2025-07-18T21:00:00Z,19.90,120.30,IBTrACS v04r01 (CMA)
WP092025,2025,2025-07-19T00:00:00Z,20.10,119.90,IBTrACS v04r01 (CMA)
WP092025,2025,2025-07-19T03:00:00Z,20.30,119.50,IBTrACS v04r01 (CMA)
WP092025,2025,2025-07-19T06:00:00Z,20.50,119.00,IBTrACS v04r01 (CMA)
WP092025,2025,2025-07-19T09:00:00Z,20.90,118.30,IBTrACS v04r01 (CMA)
WP092025,2025,2025-07-19T12:00:00Z,21.20,117.60,IBTrACS v04r01 (CMA)
WP092025,2025,2025-07-19T15:00:00Z,21.50,116.80,IBTrACS v04r01 (CMA)
WP092025,2025,2025-07-19T16:00:00Z,21.60,116.60,IBTrACS v04r01 (CMA)
WP092025,2025,2025-07-19T17:00:00Z,21.60,116.30,IBTrACS v04r01 (CMA)
WP092025,2025,2025-07-19T18:00:00Z,21.60,116.10,IBTrACS v04r01 (CMA)
WP092025,2025,2025-07-19T19:00:00Z,21.60,115.90,IBTrACS v04r01 (CMA)
WP092025,2025,2025-07-19T20:00:00Z,21.60,115.60,IBTrACS v04r01 (CMA)
WP092025,2025,2025-07-19T21:00:00Z,21.60,115.40,IBTrACS v04r01 (CMA)
WP092025,2025,2025-07-19T22:00:00Z,21.60,115.20,IBTrACS v04r01 (CMA)
WP092025,2025,2025-07-19T23:00:00Z,21.60,114.90,IBTrACS v04r01 (CMA)
WP092025,2025,2025-07-20T00:00:00Z,21.60,114.70,IBTrACS v04r01 (CMA)
WP092025,2025,2025-07-20T01:00:00Z,21.60,114.50,IBTrACS v04r01 (CMA)
WP092025,2025,2025-07-20T02:00:00Z,21.70,114.20,IBTrACS v04r01 (CMA)
WP092025,2025,2025-07-20T03:00:00Z,21.70,114.00,IBTrACS v04r01 (CMA)
WP092025,2025,2025-07-20T04:00:00Z,21.70,113.80,IBTrACS v04r01 (CMA)
WP092025,2025,2025-07-20T05:00:00Z,21.80,113.60,IBTrACS v04r01 (CMA)
WP092025,2025,2025-07-20T06:00:00Z,21.80,113.40,IBTrACS v04r01 (CMA)
WP092025,2025,2025-07-20T07:00:00Z,21.80,113.20,IBTrACS v04r01 (CMA)
WP092025,2025,2025-07-20T08:00:00Z,21.70,113.00,IBTrACS v04r01 (CMA)
WP092025,2025,2025-07-20T09:00:00Z,21.70,112.80,IBTrACS v04r01 (CMA)
WP092025,2025,2025-07-20T10:00:00Z,21.70,112.60,IBTrACS v04r01 (CMA)
WP092025,2025,2025-07-20T11:00:00Z,21.60,112.50,IBTrACS v04r01 (CMA)
WP092025,2025,2025-07-20T12:00:00Z,21.60,112.30,IBTrACS v04r01 (CMA)
WP092025,2025,2025-07-20T13:00:00Z,21.60,112.10,IBTrACS v04r01 (CMA)
WP092025,2025,2025-07-20T14:00:00Z,21.60,111.90,IBTrACS v04r01 (CMA)
WP092025,2025,2025-07-20T15:00:00Z,21.60,111.70,IBTrACS v04r01 (CMA)
WP092025,2025,2025-07-20T16:00:00Z,21.60,111.50,IBTrACS v04r01 (CMA)
WP092025,2025,2025-07-20T17:00:00Z,21.60,111.20,IBTrACS v04r01 (CMA)
WP092025,2025,2025-07-20T18:00:00Z,21.60,111.00,IBTrACS v04r01 (CMA)
WP092025,2025,2025-07-20T21:00:00Z,21.50,110.30,IBTrACS v04r01 (CMA)
WP092025,2025,2025-07-21T00:00:00Z,21.20,109.90,IBTrACS v04r01 (CMA)
WP092025,2025,2025-07-21T03:00:00Z,21.00,109.50,IBTrACS v04r01 (CMA)
WP092025,2025,2025-07-21T06:00:00Z,21.00,109.10,IBTrACS v04r01 (CMA)
WP092025,2025,2025-07-21T09:00:00Z,21.00,108.70,IBTrACS v04r01 (CMA)
WP092025,2025,2025-07-21T12:00:00Z,21.00,108.40,IBTrACS v04r01 (CMA)
WP092025,2025,2025-07-21T15:00:00Z,21.00,108.10,IBTrACS v04r01 (CMA)
WP092025,2025,2025-07-21T18:00:00Z,20.90,107.70,IBTrACS v04r01 (CMA)
WP092025,2025,2025-07-21T21:00:00Z,20.80,107.20,IBTrACS v04r01 (CMA)
WP092025,2025,2025-07-22T00:00:00Z,20.60,106.80,IBTrACS v04r01 (CMA)
WP092025,2025,2025-07-22T03:00:00Z,20.40,106.50,IBTrACS v04r01 (CMA)
WP092025,2025,2025-07-22T06:00:00Z,20.20,106.10,IBTrACS v04r01 (CMA)
WP092025,2025,2025-07-22T09:00:00Z,19.90,105.60,IBTrACS v04r01 (CMA)
WP092025,2025,2025-07-22T12:00:00Z,19.70,105.00,IBTrACS v04r01 (CMA)
WP092025,2025,2025-07-22T15:00:00Z,19.50,104.30,IBTrACS v04r01 (CMA)
WP102017,2017,2017-07-21T06:00:00Z,18.50,124.00,JTWC b-deck
WP102017,2017,2017-07-21T12:00:00Z,19.10,123.00,JTWC b-deck
WP102017,2017,2017-07-21T18:00:00Z,19.70,122.00,JTWC b-deck
WP102017,2017,2017-07-22T00:00:00Z,20.60,120.50,JTWC b-deck
WP102017,2017,2017-07-22T06:00:00Z,21.10,119.00,JTWC b-deck
WP102017,2017,2017-07-22T12:00:00Z,21.50,117.60,JTWC b-deck
WP102017,2017,2017-07-22T18:00:00Z,21.80,116.20,JTWC b-deck
WP102017,2017,2017-07-23T00:00:00Z,22.30,114.80,JTWC b-deck
WP102017,2017,2017-07-23T06:00:00Z,22.80,113.70,JTWC b-deck
WP102018,2018,2018-07-03T00:00:00Z,9.70,146.40,JTWC b-deck
WP102018,2018,2018-07-03T06:00:00Z,10.50,146.70,JTWC b-deck
WP102018,2018,2018-07-03T12:00:00Z,11.10,146.70,JTWC b-deck
WP102018,2018,2018-07-03T18:00:00Z,11.40,146.60,JTWC b-deck
WP102018,2018,2018-07-04T00:00:00Z,11.70,146.30,JTWC b-deck
WP102018,2018,2018-07-04T06:00:00Z,12.30,146.00,JTWC b-deck
WP102018,2018,2018-07-04T12:00:00Z,12.80,145.40,JTWC b-deck
WP102018,2018,2018-07-04T18:00:00Z,13.50,144.90,JTWC b-deck
WP102018,2018,2018-07-04T18:00:00Z,13.50,144.90,JTWC b-deck
WP102018,2018,2018-07-05T00:00:00Z,14.00,144.00,JTWC b-deck
WP102018,2018,2018-07-05T00:00:00Z,14.00,144.00,JTWC b-deck
WP102018,2018,2018-07-05T06:00:00Z,14.50,143.30,JTWC b-deck
WP102018,2018,2018-07-05T06:00:00Z,14.50,143.30,JTWC b-deck
WP102018,2018,2018-07-05T06:00:00Z,14.50,143.30,JTWC b-deck
WP102018,2018,2018-07-05T12:00:00Z,14.80,142.70,JTWC b-deck
WP102018,2018,2018-07-05T12:00:00Z,14.80,142.70,JTWC b-deck
WP102018,2018,2018-07-05T12:00:00Z,14.80,142.70,JTWC b-deck
WP102018,2018,2018-07-05T18:00:00Z,15.40,142.40,JTWC b-deck
WP102018,2018,2018-07-05T18:00:00Z,15.40,142.40,JTWC b-deck
WP102018,2018,2018-07-05T18:00:00Z,15.40,142.40,JTWC b-deck
WP102018,2018,2018-07-06T00:00:00Z,15.90,142.00,JTWC b-deck
WP102018,2018,2018-07-06T00:00:00Z,15.90,142.00,JTWC b-deck
WP102018,2018,2018-07-06T00:00:00Z,15.90,142.00,JTWC b-deck
WP102018,2018,2018-07-06T06:00:00Z,16.50,141.60,JTWC b-deck
WP102018,2018,2018-07-06T06:00:00Z,16.50,141.60,JTWC b-deck
WP102018,2018,2018-07-06T06:00:00Z,16.50,141.60,JTWC b-deck
WP102018,2018,2018-07-06T12:00:00Z,16.70,141.30,JTWC b-deck
WP102018,2018,2018-07-06T12:00:00Z,16.70,141.30,JTWC b-deck
WP102018,2018,2018-07-06T12:00:00Z,16.70,141.30,JTWC b-deck
WP102018,2018,2018-07-06T18:00:00Z,16.90,140.90,JTWC b-deck
WP102018,2018,2018-07-06T18:00:00Z,16.90,140.90,JTWC b-deck
WP102018,2018,2018-07-06T18:00:00Z,16.90,140.90,JTWC b-deck
WP102018,2018,2018-07-07T00:00:00Z,17.20,140.80,JTWC b-deck
WP102018,2018,2018-07-07T00:00:00Z,17.20,140.80,JTWC b-deck
WP102018,2018,2018-07-07T00:00:00Z,17.20,140.80,JTWC b-deck
WP102018,2018,2018-07-07T06:00:00Z,17.60,140.60,JTWC b-deck
WP102018,2018,2018-07-07T06:00:00Z,17.60,140.60,JTWC b-deck
WP102018,2018,2018-07-07T06:00:00Z,17.60,140.60,JTWC b-deck
WP102018,2018,2018-07-07T12:00:00Z,18.00,140.30,JTWC b-deck
WP102018,2018,2018-07-07T12:00:00Z,18.00,140.30,JTWC b-deck
WP102018,2018,2018-07-07T12:00:00Z,18.00,140.30,JTWC b-deck
WP102018,2018,2018-07-07T18:00:00Z,18.70,139.50,JTWC b-deck
WP102018,2018,2018-07-07T18:00:00Z,18.70,139.50,JTWC b-deck
WP102018,2018,2018-07-07T18:00:00Z,18.70,139.50,JTWC b-deck
WP102018,2018,2018-07-08T00:00:00Z,19.10,138.80,JTWC b-deck
WP102018,2018,2018-07-08T00:00:00Z,19.10,138.80,JTWC b-deck
WP102018,2018,2018-07-08T00:00:00Z,19.10,138.80,JTWC b-deck
WP102018,2018,2018-07-08T06:00:00Z,19.80,137.80,JTWC b-deck
WP102018,2018,2018-07-08T06:00:00Z,19.80,137.80,JTWC b-deck
WP102018,2018,2018-07-08T06:00:00Z,19.80,137.80,JTWC b-deck
WP102018,2018,2018-07-08T12:00:00Z,20.50,136.50,JTWC b-deck
WP102018,2018,2018-07-08T12:00:00Z,20.50,136.50,JTWC b-deck
WP102018,2018,2018-07-08T12:00:00Z,20.50,136.50,JTWC b-deck
WP102018,2018,2018-07-08T18:00:00Z,21.10,135.10,JTWC b-deck
WP102018,2018,2018-07-08T18:00:00Z,21.10,135.10,JTWC b-deck
WP102018,2018,2018-07-08T18:00:00Z,21.10,135.10,JTWC b-deck
WP102018,2018,2018-07-09T00:00:00Z,21.80,133.50,JTWC b-deck
WP102018,2018,2018-07-09T00:00:00Z,21.80,133.50,JTWC b-deck
WP102018,2018,2018-07-09T00:00:00Z,21.80,133.50,JTWC b-deck
WP102018,2018,2018-07-09T06:00:00Z,22.40,131.90,JTWC b-deck
WP102018,2018,2018-07-09T06:00:00Z,22.40,131.90,JTWC b-deck
WP102018,2018,2018-07-09T06:00:00Z,22.40,131.90,JTWC b-deck
WP102018,2018,2018-07-09T12:00:00Z,22.90,130.30,JTWC b-deck
WP102018,2018,2018-07-09T12:00:00Z,22.90,130.30,JTWC b-deck
WP102018,2018,2018-07-09T12:00:00Z,22.90,130.30,JTWC b-deck
WP102018,2018,2018-07-09T18:00:00Z,23.50,128.70,JTWC b-deck
WP102018,2018,2018-07-09T18:00:00Z,23.50,128.70,JTWC b-deck
WP102018,2018,2018-07-09T18:00:00Z,23.50,128.70,JTWC b-deck
WP102018,2018,2018-07-10T00:00:00Z,24.00,127.20,JTWC b-deck
WP102018,2018,2018-07-10T00:00:00Z,24.00,127.20,JTWC b-deck
WP102018,2018,2018-07-10T00:00:00Z,24.00,127.20,JTWC b-deck
WP102018,2018,2018-07-10T06:00:00Z,24.70,125.40,JTWC b-deck
WP102018,2018,2018-07-10T06:00:00Z,24.70,125.40,JTWC b-deck
WP102018,2018,2018-07-10T06:00:00Z,24.70,125.40,JTWC b-deck
WP102018,2018,2018-07-10T12:00:00Z,25.30,124.00,JTWC b-deck
WP102018,2018,2018-07-10T12:00:00Z,25.30,124.00,JTWC b-deck
WP102018,2018,2018-07-10T12:00:00Z,25.30,124.00,JTWC b-deck
WP102018,2018,2018-07-10T18:00:00Z,26.20,122.20,JTWC b-deck
WP102018,2018,2018-07-10T18:00:00Z,26.20,122.20,JTWC b-deck
WP102018,2018,2018-07-10T18:00:00Z,26.20,122.20,JTWC b-deck
WP102018,2018,2018-07-11T00:00:00Z,26.40,120.00,JTWC b-deck
WP102018,2018,2018-07-11T00:00:00Z,26.40,120.00,JTWC b-deck
WP102018,2018,2018-07-11T00:00:00Z,26.40,120.00,JTWC b-deck
WP102018,2018,2018-07-11T06:00:00Z,26.50,118.50,JTWC b-deck
WP102018,2018,2018-07-11T06:00:00Z,26.50,118.50,JTWC b-deck
WP102018,2018,2018-07-11T06:00:00Z,26.50,118.50,JTWC b-deck
WP102018,2018,2018-07-11T12:00:00Z,26.70,116.40,JTWC b-deck
WP102018,2018,2018-07-11T12:00:00Z,26.70,116.40,JTWC b-deck
WP102018,2018,2018-07-11T18:00:00Z,27.50,115.30,JTWC b-deck
WP102019,2019,2019-08-03T12:00:00Z,15.40,133.80,JTWC b-deck
WP102019,2019,2019-08-03T18:00:00Z,15.50,132.40,JTWC b-deck
WP102019,2019,2019-08-04T00:00:00Z,16.10,131.60,JTWC b-deck
WP102019,2019,2019-08-04T06:00:00Z,16.90,131.50,JTWC b-deck
WP102019,2019,2019-08-04T12:00:00Z,17.70,131.10,JTWC b-deck
WP102019,2019,2019-08-04T18:00:00Z,18.40,130.70,JTWC b-deck
WP102019,2019,2019-08-05T00:00:00Z,18.70,130.20,JTWC b-deck
WP102019,2019,2019-08-05T06:00:00Z,18.90,129.70,JTWC b-deck
WP102019,2019,2019-08-05T09:00:00Z,18.80,129.30,JTWC b-deck
WP102019,2019,2019-08-05T12:00:00Z,18.50,129.30,JTWC b-deck
WP102019,2019,2019-08-05T18:00:00Z,18.60,129.20,JTWC b-deck
WP102019,2019,2019-08-05T21:00:00Z,18.70,129.40,JTWC b-deck
WP102019,2019,2019-08-05T21:00:00Z,18.70,129.40,JTWC b-deck
WP102019,2019,2019-08-06T00:00:00Z,18.90,129.40,JTWC b-deck
WP102019,2019,2019-08-06T00:00:00Z,18.90,129.40,JTWC b-deck
WP102019,2019,2019-08-06T06:00:00Z,19.20,129.10,JTWC b-deck
WP102019,2019,2019-08-06T06:00:00Z,19.20,129.10,JTWC b-deck
WP102019,2019,2019-08-06T12:00:00Z,19.30,128.60,JTWC b-deck
WP102019,2019,2019-08-06T12:00:00Z,19.30,128.60,JTWC b-deck
WP102019,2019,2019-08-06T12:00:00Z,19.30,128.60,JTWC b-deck
WP102019,2019,2019-08-06T18:00:00Z,19.50,128.40,JTWC b-deck
WP102019,2019,2019-08-06T18:00:00Z,19.50,128.40,JTWC b-deck
WP102019,2019,2019-08-06T18:00:00Z,19.50,128.40,JTWC b-deck
WP102019,2019,2019-08-07T00:00:00Z,20.30,128.20,JTWC b-deck
WP102019,2019,2019-08-07T00:00:00Z,20.30,128.20,JTWC b-deck
WP102019,2019,2019-08-07T00:00:00Z,20.30,128.20,JTWC b-deck
WP102019,2019,2019-08-07T06:00:00Z,21.00,127.70,JTWC b-deck
WP102019,2019,2019-08-07T06:00:00Z,21.00,127.70,JTWC b-deck
WP102019,2019,2019-08-07T06:00:00Z,21.00,127.70,JTWC b-deck
WP102019,2019,2019-08-07T12:00:00Z,21.60,127.00,JTWC b-deck
WP102019,2019,2019-08-07T12:00:00Z,21.60,127.00,JTWC b-deck
WP102019,2019,2019-08-07T12:00:00Z,21.60,127.00,JTWC b-deck
WP102019,2019,2019-08-07T18:00:00Z,22.10,126.40,JTWC b-deck
WP102019,2019,2019-08-07T18:00:00Z,22.10,126.40,JTWC b-deck
WP102019,2019,2019-08-07T18:00:00Z,22.10,126.40,JTWC b-deck
WP102019,2019,2019-08-08T00:00:00Z,22.70,126.00,JTWC b-deck
WP102019,2019,2019-08-08T00:00:00Z,22.70,126.00,JTWC b-deck
WP102019,2019,2019-08-08T00:00:00Z,22.70,126.00,JTWC b-deck
WP102019,2019,2019-08-08T06:00:00Z,23.70,125.40,JTWC b-deck
WP102019,2019,2019-08-08T06:00:00Z,23.70,125.40,JTWC b-deck
WP102019,2019,2019-08-08T06:00:00Z,23.70,125.40,JTWC b-deck
WP102019,2019,2019-08-08T12:00:00Z,24.40,124.90,JTWC b-deck
WP102019,2019,2019-08-08T12:00:00Z,24.40,124.90,JTWC b-deck
WP102019,2019,2019-08-08T12:00:00Z,24.40,124.90,JTWC b-deck
WP102019,2019,2019-08-08T18:00:00Z,25.40,124.50,JTWC b-deck
WP102019,2019,2019-08-08T18:00:00Z,25.40,124.50,JTWC b-deck
WP102019,2019,2019-08-08T18:00:00Z,25.40,124.50,JTWC b-deck
WP102019,2019,2019-08-09T00:00:00Z,26.40,123.40,JTWC b-deck
WP102019,2019,2019-08-09T00:00:00Z,26.40,123.40,JTWC b-deck
WP102019,2019,2019-08-09T00:00:00Z,26.40,123.40,JTWC b-deck
WP102019,2019,2019-08-09T06:00:00Z,27.00,122.50,JTWC b-deck
WP102019,2019,2019-08-09T06:00:00Z,27.00,122.50,JTWC b-deck
WP102019,2019,2019-08-09T06:00:00Z,27.00,122.50,JTWC b-deck
WP102019,2019,2019-08-09T12:00:00Z,27.60,122.00,JTWC b-deck
WP102019,2019,2019-08-09T12:00:00Z,27.60,122.00,JTWC b-deck
WP102019,2019,2019-08-09T12:00:00Z,27.60,122.00,JTWC b-deck
WP102019,2019,2019-08-09T18:00:00Z,28.40,121.40,JTWC b-deck
WP102019,2019,2019-08-09T18:00:00Z,28.40,121.40,JTWC b-deck
WP102019,2019,2019-08-09T18:00:00Z,28.40,121.40,JTWC b-deck
WP102019,2019,2019-08-10T00:00:00Z,29.20,120.90,JTWC b-deck
WP102019,2019,2019-08-10T00:00:00Z,29.20,120.90,JTWC b-deck
WP102019,2019,2019-08-10T00:00:00Z,29.20,120.90,JTWC b-deck
WP102019,2019,2019-08-10T06:00:00Z,30.10,120.50,JTWC b-deck
WP102019,2019,2019-08-10T06:00:00Z,30.10,120.50,JTWC b-deck
WP102019,2019,2019-08-10T12:00:00Z,30.80,120.60,JTWC b-deck
WP102019,2019,2019-08-10T12:00:00Z,30.80,120.60,JTWC b-deck
WP102019,2019,2019-08-10T18:00:00Z,31.70,120.90,JTWC b-deck
WP102019,2019,2019-08-10T18:00:00Z,31.70,120.90,JTWC b-deck
WP102019,2019,2019-08-11T00:00:00Z,33.20,120.80,JTWC b-deck
WP102019,2019,2019-08-11T06:00:00Z,34.70,120.00,JTWC b-deck
WP102019,2019,2019-08-11T12:00:00Z,36.30,120.20,JTWC b-deck
WP102019,2019,2019-08-11T18:00:00Z,37.50,120.20,JTWC b-deck
WP102020,2020,2020-08-26T00:00:00Z,12.80,133.90,JTWC b-deck
WP102020,2020,2020-08-26T06:00:00Z,13.30,133.50,JTWC b-deck
WP102020,2020,2020-08-26T12:00:00Z,13.70,132.80,JTWC b-deck
WP102020,2020,2020-08-26T18:00:00Z,13.80,132.40,JTWC b-deck
WP102020,2020,2020-08-27T00:00:00Z,14.40,132.00,JTWC b-deck
WP102020,2020,2020-08-27T06:00:00Z,15.20,131.90,JTWC b-deck
WP102020,2020,2020-08-27T12:00:00Z,15.70,131.50,JTWC b-deck
WP102020,2020,2020-08-27T18:00:00Z,16.20,130.90,JTWC b-deck
WP102020,2020,2020-08-28T00:00:00Z,16.40,130.40,JTWC b-deck
WP102020,2020,2020-08-28T06:00:00Z,16.40,130.00,JTWC b-deck
WP102020,2020,2020-08-28T12:00:00Z,16.40,129.70,JTWC b-deck
WP102020,2020,2020-08-28T18:00:00Z,16.40,129.50,JTWC b-deck
WP102020,2020,2020-08-29T00:00:00Z,16.50,129.30,JTWC b-deck
WP102020,2020,2020-08-29T00:00:00Z,16.50,129.30,JTWC b-deck
WP102020,2020,2020-08-29T06:00:00Z,16.60,129.10,JTWC b-deck
WP102020,2020,2020-08-29T06:00:00Z,16.60,129.10,JTWC b-deck
WP102020,2020,2020-08-29T12:00:00Z,16.70,128.90,JTWC b-deck
WP102020,2020,2020-08-29T12:00:00Z,16.70,128.90,JTWC b-deck
WP102020,2020,2020-08-29T18:00:00Z,16.90,128.70,JTWC b-deck
WP102020,2020,2020-08-29T18:00:00Z,16.90,128.70,JTWC b-deck
WP102020,2020,2020-08-29T18:00:00Z,16.90,128.70,JTWC b-deck
WP102020,2020,2020-08-30T00:00:00Z,17.30,128.80,JTWC b-deck
WP102020,2020,2020-08-30T00:00:00Z,17.30,128.80,JTWC b-deck
WP102020,2020,2020-08-30T00:00:00Z,17.30,128.80,JTWC b-deck
WP102020,2020,2020-08-30T06:00:00Z,18.40,129.00,JTWC b-deck
WP102020,2020,2020-08-30T06:00:00Z,18.40,129.00,JTWC b-deck
WP102020,2020,2020-08-30T06:00:00Z,18.40,129.00,JTWC b-deck
WP102020,2020,2020-08-30T12:00:00Z,19.50,128.80,JTWC b-deck
WP102020,2020,2020-08-30T12:00:00Z,19.50,128.80,JTWC b-deck
WP102020,2020,2020-08-30T12:00:00Z,19.50,128.80,JTWC b-deck
WP102020,2020,2020-08-30T18:00:00Z,20.80,128.70,JTWC b-deck
WP102020,2020,2020-08-30T18:00:00Z,20.80,128.70,JTWC b-deck
WP102020,2020,2020-08-30T18:00:00Z,20.80,128.70,JTWC b-deck
WP102020,2020,2020-08-31T00:00:00Z,22.40,128.40,JTWC b-deck
WP102020,2020,2020-08-31T00:00:00Z,22.40,128.40,JTWC b-deck
WP102020,2020,2020-08-31T00:00:00Z,22.40,128.40,JTWC b-deck
WP102020,2020,2020-08-31T06:00:00Z,24.30,127.50,JTWC b-deck
WP102020,2020,2020-08-31T06:00:00Z,24.30,127.50,JTWC b-deck
WP102020,2020,2020-08-31T06:00:00Z,24.30,127.50,JTWC b-deck
WP102020,2020,2020-08-31T12:00:00Z,25.00,127.10,JTWC b-deck
WP102020,2020,2020-08-31T12:00:00Z,25.00,127.10,JTWC b-deck
WP102020,2020,2020-08-31T12:00:00Z,25.00,127.10,JTWC b-deck
WP102020,2020,2020-08-31T18:00:00Z,26.10,126.50,JTWC b-deck
WP102020,2020,2020-08-31T18:00:00Z,26.10,126.50,JTWC b-deck
WP102020,2020,2020-08-31T18:00:00Z,26.10,126.50,JTWC b-deck
WP102020,2020,2020-09-01T00:00:00Z,26.90,126.00,JTWC b-deck
WP102020,2020,2020-09-01T00:00:00Z,26.90,126.00,JTWC b-deck
WP102020,2020,2020-09-01T00:00:00Z,26.90,126.00,JTWC b-deck
WP102020,2020,2020-09-01T06:00:00Z,27.60,126.10,JTWC b-deck
WP102020,2020,2020-09-01T06:00:00Z,27.60,126.10,JTWC b-deck
WP102020,2020,2020-09-01T06:00:00Z,27.60,126.10,JTWC b-deck
WP102020,2020,2020-09-01T12:00:00Z,28.40,126.30,JTWC b-deck
WP102020,2020,2020-09-01T12:00:00Z,28.40,126.30,JTWC b-deck
WP102020,2020,2020-09-01T12:00:00Z,28.40,126.30,JTWC b-deck
WP102020,2020,2020-09-01T18:00:00Z,29.40,126.60,JTWC b-deck
WP102020,2020,2020-09-01T18:00:00Z,29.40,126.60,JTWC b-deck
WP102020,2020,2020-09-01T18:00:00Z,29.40,126.60,JTWC b-deck
WP102020,2020,2020-09-02T00:00:00Z,30.50,126.80,JTWC b-deck
WP102020,2020,2020-09-02T00:00:00Z,30.50,126.80,JTWC b-deck
WP102020,2020,2020-09-02T00:00:00Z,30.50,126.80,JTWC b-deck
WP102020,2020,2020-09-02T06:00:00Z,31.70,127.10,JTWC b-deck
WP102020,2020,2020-09-02T06:00:00Z,31.70,127.10,JTWC b-deck
WP102020,2020,2020-09-02T06:00:00Z,31.70,127.10,JTWC b-deck
WP102020,2020,2020-09-02T12:00:00Z,33.10,127.90,JTWC b-deck
WP102020,2020,2020-09-02T12:00:00Z,33.10,127.90,JTWC b-deck
WP102020,2020,2020-09-02T12:00:00Z,33.10,127.90,JTWC b-deck
WP102020,2020,2020-09-02T18:00:00Z,35.50,129.00,JTWC b-deck
WP102020,2020,2020-09-02T18:00:00Z,35.50,129.00,JTWC b-deck
WP102020,2020,2020-09-02T18:00:00Z,35.50,129.00,JTWC b-deck
WP102020,2020,2020-09-03T00:00:00Z,38.90,129.60,JTWC b-deck
WP102020,2020,2020-09-03T00:00:00Z,38.90,129.60,JTWC b-deck
WP102020,2020,2020-09-03T06:00:00Z,42.00,129.50,JTWC b-deck
WP102020,2020,2020-09-03T12:00:00Z,45.50,127.10,JTWC b-deck
WP102021,2021,2021-07-17T06:00:00Z,18.90,115.80,JTWC b-deck
WP102021,2021,2021-07-17T12:00:00Z,19.30,115.70,JTWC b-deck
WP102021,2021,2021-07-17T18:00:00Z,19.60,115.40,JTWC b-deck
WP102021,2021,2021-07-18T00:00:00Z,19.90,115.00,JTWC b-deck
WP102021,2021,2021-07-18T06:00:00Z,20.20,114.30,JTWC b-deck
WP102021,2021,2021-07-18T12:00:00Z,20.50,113.80,JTWC b-deck
WP102021,2021,2021-07-18T18:00:00Z,20.70,113.30,JTWC b-deck
WP102021,2021,2021-07-19T00:00:00Z,20.90,113.10,JTWC b-deck
WP102021,2021,2021-07-19T06:00:00Z,21.00,112.90,JTWC b-deck
WP102021,2021,2021-07-19T12:00:00Z,21.10,112.80,JTWC b-deck
WP102021,2021,2021-07-19T12:00:00Z,21.10,112.80,JTWC b-deck
WP102021,2021,2021-07-19T18:00:00Z,21.20,112.60,JTWC b-deck
WP102021,2021,2021-07-19T18:00:00Z,21.20,112.60,JTWC b-deck
WP102021,2021,2021-07-19T18:00:00Z,21.20,112.60,JTWC b-deck
WP102021,2021,2021-07-20T00:00:00Z,21.30,112.40,JTWC b-deck
WP102021,2021,2021-07-20T00:00:00Z,21.30,112.40,JTWC b-deck
WP102021,2021,2021-07-20T00:00:00Z,21.30,112.40,JTWC b-deck
WP102021,2021,2021-07-20T06:00:00Z,21.50,112.20,JTWC b-deck
WP102021,2021,2021-07-20T06:00:00Z,21.50,112.20,JTWC b-deck
WP102021,2021,2021-07-20T06:00:00Z,21.50,112.20,JTWC b-deck
WP102021,2021,2021-07-20T12:00:00Z,21.70,111.90,JTWC b-deck
WP102021,2021,2021-07-20T12:00:00Z,21.70,111.90,JTWC b-deck
WP102021,2021,2021-07-20T12:00:00Z,21.70,111.90,JTWC b-deck
WP102021,2021,2021-07-20T18:00:00Z,21.80,111.50,JTWC b-deck
WP102021,2021,2021-07-20T18:00:00Z,21.80,111.50,JTWC b-deck
WP102021,2021,2021-07-21T00:00:00Z,21.90,111.20,JTWC b-deck
WP102021,2021,2021-07-21T06:00:00Z,22.20,110.90,JTWC b-deck
WP102021,2021,2021-07-21T12:00:00Z,22.50,110.50,JTWC b-deck
WP102021,2021,2021-07-21T18:00:00Z,22.70,109.80,JTWC b-deck
WP102021,2021,2021-07-22T00:00:00Z,22.80,109.00,JTWC b-deck
WP102021,2021,2021-07-22T06:00:00Z,22.70,108.30,JTWC b-deck
WP102021,2021,2021-07-22T12:00:00Z,22.20,108.00,JTWC b-deck
WP102021,2021,2021-07-22T18:00:00Z,21.70,107.80,JTWC b-deck
WP102021,2021,2021-07-23T00:00:00Z,21.20,107.70,JTWC b-deck
WP102021,2021,2021-07-23T06:00:00Z,20.70,107.40,JTWC b-deck
WP102021,2021,2021-07-23T12:00:00Z,20.20,107.00,JTWC b-deck
WP102021,2021,2021-07-23T18:00:00Z,19.90,107.10,JTWC b-deck
WP102021,2021,2021-07-24T00:00:00Z,19.50,107.00,JTWC b-deck
WP102021,2021,2021-07-24T06:00:00Z,18.90,106.40,JTWC b-deck
WP102022,2022,2022-08-20T00:00:00Z,17.80,131.00,JTWC b-deck
WP102022,2022,2022-08-20T06:00:00Z,18.30,130.40,JTWC b-deck
WP102022,2022,2022-08-20T12:00:00Z,18.40,129.60,JTWC b-deck
WP102022,2022,2022-08-20T18:00:00Z,18.20,128.80,JTWC b-deck
WP102022,2022,2022-08-21T00:00:00Z,17.60,128.00,JTWC b-deck
WP102022,2022,2022-08-21T06:00:00Z,17.20,127.30,JTWC b-deck
WP102022,2022,2022-08-21T12:00:00Z,16.70,126.40,JTWC b-deck
WP102022,2022,2022-08-21T18:00:00Z,16.30,125.60,JTWC b-deck
WP102022,2022,2022-08-22T00:00:00Z,16.30,124.50,JTWC b-deck
WP102022,2022,2022-08-22T06:00:00Z,16.30,123.70,JTWC b-deck
WP102022,2022,2022-08-22T12:00:00Z,16.20,123.30,JTWC b-deck
WP102022,2022,2022-08-22T18:00:00Z,16.30,123.20,JTWC b-deck
WP102022,2022,2022-08-22T18:00:00Z,16.30,123.20,JTWC b-deck
WP102022,2022,2022-08-23T00:00:00Z,17.10,122.80,JTWC b-deck
WP102022,2022,2022-08-23T00:00:00Z,17.10,122.80,JTWC b-deck
WP102022,2022,2022-08-23T03:00:00Z,17.50,122.20,JTWC b-deck
WP102022,2022,2022-08-23T03:00:00Z,17.50,122.20,JTWC b-deck
WP102022,2022,2022-08-23T03:00:00Z,17.50,122.20,JTWC b-deck
WP102022,2022,2022-08-23T06:00:00Z,17.90,121.70,JTWC b-deck
WP102022,2022,2022-08-23T06:00:00Z,17.90,121.70,JTWC b-deck
WP102022,2022,2022-08-23T12:00:00Z,18.50,120.40,JTWC b-deck
WP102022,2022,2022-08-23T12:00:00Z,18.50,120.40,JTWC b-deck
WP102022,2022,2022-08-23T18:00:00Z,19.00,118.80,JTWC b-deck
WP102022,2022,2022-08-23T18:00:00Z,19.00,118.80,JTWC b-deck
WP102022,2022,2022-08-24T00:00:00Z,19.30,117.80,JTWC b-deck
WP102022,2022,2022-08-24T00:00:00Z,19.30,117.80,JTWC b-deck
WP102022,2022,2022-08-24T06:00:00Z,19.70,116.50,JTWC b-deck
WP102022,2022,2022-08-24T06:00:00Z,19.70,116.50,JTWC b-deck
WP102022,2022,2022-08-24T12:00:00Z,20.00,115.10,JTWC b-deck
WP102022,2022,2022-08-24T12:00:00Z,20.00,115.10,JTWC b-deck
WP102022,2022,2022-08-24T18:00:00Z,20.80,113.00,JTWC b-deck
WP102022,2022,2022-08-24T18:00:00Z,20.80,113.00,JTWC b-deck
WP102022,2022,2022-08-25T00:00:00Z,21.30,112.00,JTWC b-deck
WP102022,2022,2022-08-25T00:00:00Z,21.30,112.00,JTWC b-deck
WP102022,2022,2022-08-25T06:00:00Z,21.80,109.90,JTWC b-deck
WP102022,2022,2022-08-25T12:00:00Z,21.80,108.20,JTWC b-deck
WP102022,2022,2022-08-25T18:00:00Z,21.70,106.50,JTWC b-deck
WP102023,2023,2023-08-27T12:00:00Z,16.70,144.60,JTWC b-deck
WP102023,2023,2023-08-27T18:00:00Z,17.20,144.00,JTWC b-deck
WP102023,2023,2023-08-28T00:00:00Z,17.60,143.40,JTWC b-deck
WP102023,2023,2023-08-28T06:00:00Z,18.00,142.10,JTWC b-deck
WP102023,2023,2023-08-28T12:00:00Z,18.30,140.90,JTWC b-deck
WP102023,2023,2023-08-28T18:00:00Z,18.70,139.60,JTWC b-deck
WP102023,2023,2023-08-29T00:00:00Z,19.00,138.40,JTWC b-deck
WP102023,2023,2023-08-29T06:00:00Z,19.10,137.10,JTWC b-deck
WP102023,2023,2023-08-29T06:00:00Z,19.10,137.10,JTWC b-deck
WP102023,2023,2023-08-29T12:00:00Z,19.50,136.80,JTWC b-deck
WP102023,2023,2023-08-29T12:00:00Z,19.50,136.80,JTWC b-deck
WP102023,2023,2023-08-29T18:00:00Z,19.90,136.50,JTWC b-deck
WP102023,2023,2023-08-29T18:00:00Z,19.90,136.50,JTWC b-deck
WP102023,2023,2023-08-30T00:00:00Z,20.10,136.10,JTWC b-deck
WP102023,2023,2023-08-30T00:00:00Z,20.10,136.10,JTWC b-deck
WP102023,2023,2023-08-30T06:00:00Z,20.40,135.50,JTWC b-deck
WP102023,2023,2023-08-30T12:00:00Z,20.50,134.90,JTWC b-deck
WP102023,2023,2023-08-30T18:00:00Z,20.90,134.00,JTWC b-deck
WP102023,2023,2023-08-30T18:00:00Z,20.90,134.00,JTWC b-deck
WP102023,2023,2023-08-31T00:00:00Z,21.20,132.90,JTWC b-deck
WP102023,2023,2023-08-31T00:00:00Z,21.20,132.90,JTWC b-deck
WP102023,2023,2023-08-31T06:00:00Z,21.50,132.10,JTWC b-deck
WP102023,2023,2023-08-31T06:00:00Z,21.50,132.10,JTWC b-deck
WP102023,2023,2023-08-31T12:00:00Z,21.70,131.40,JTWC b-deck
WP102023,2023,2023-08-31T12:00:00Z,21.70,131.40,JTWC b-deck
WP102023,2023,2023-08-31T12:00:00Z,21.70,131.40,JTWC b-deck
WP102023,2023,2023-08-31T18:00:00Z,22.00,130.30,JTWC b-deck
WP102023,2023,2023-08-31T18:00:00Z,22.00,130.30,JTWC b-deck
WP102023,2023,2023-08-31T18:00:00Z,22.00,130.30,JTWC b-deck
WP102023,2023,2023-09-01T00:00:00Z,22.20,129.60,JTWC b-deck
WP102023,2023,2023-09-01T00:00:00Z,22.20,129.60,JTWC b-deck
WP102023,2023,2023-09-01T00:00:00Z,22.20,129.60,JTWC b-deck
WP102023,2023,2023-09-01T06:00:00Z,22.10,128.70,JTWC b-deck
WP102023,2023,2023-09-01T06:00:00Z,22.10,128.70,JTWC b-deck
WP102023,2023,2023-09-01T06:00:00Z,22.10,128.70,JTWC b-deck
WP102023,2023,2023-09-01T12:00:00Z,21.80,128.00,JTWC b-deck
WP102023,2023,2023-09-01T12:00:00Z,21.80,128.00,JTWC b-deck
WP102023,2023,2023-09-01T12:00:00Z,21.80,128.00,JTWC b-deck
WP102023,2023,2023-09-01T18:00:00Z,22.10,127.10,JTWC b-deck
WP102023,2023,2023-09-01T18:00:00Z,22.10,127.10,JTWC b-deck
WP102023,2023,2023-09-01T18:00:00Z,22.10,127.10,JTWC b-deck
WP102023,2023,2023-09-02T00:00:00Z,22.30,126.30,JTWC b-deck
WP102023,2023,2023-09-02T00:00:00Z,22.30,126.30,JTWC b-deck
WP102023,2023,2023-09-02T00:00:00Z,22.30,126.30,JTWC b-deck
WP102023,2023,2023-09-02T06:00:00Z,22.40,125.40,JTWC b-deck
WP102023,2023,2023-09-02T06:00:00Z,22.40,125.40,JTWC b-deck
WP102023,2023,2023-09-02T06:00:00Z,22.40,125.40,JTWC b-deck
WP102023,2023,2023-09-02T12:00:00Z,22.70,124.20,JTWC b-deck
WP102023,2023,2023-09-02T12:00:00Z,22.70,124.20,JTWC b-deck
WP102023,2023,2023-09-02T12:00:00Z,22.70,124.20,JTWC b-deck
WP102023,2023,2023-09-02T18:00:00Z,22.60,123.30,JTWC b-deck
WP102023,2023,2023-09-02T18:00:00Z,22.60,123.30,JTWC b-deck
WP102023,2023,2023-09-02T18:00:00Z,22.60,123.30,JTWC b-deck
WP102023,2023,2023-09-02T21:00:00Z,22.50,122.90,JTWC b-deck
WP102023,2023,2023-09-02T21:00:00Z,22.50,122.90,JTWC b-deck
WP102023,2023,2023-09-02T21:00:00Z,22.50,122.90,JTWC b-deck
WP102023,2023,2023-09-03T00:00:00Z,22.60,122.60,JTWC b-deck
WP102023,2023,2023-09-03T00:00:00Z,22.60,122.60,JTWC b-deck
WP102023,2023,2023-09-03T00:00:00Z,22.60,122.60,JTWC b-deck
WP102023,2023,2023-09-03T06:00:00Z,22.80,121.40,JTWC b-deck
WP102023,2023,2023-09-03T06:00:00Z,22.80,121.40,JTWC b-deck
WP102023,2023,2023-09-03T06:00:00Z,22.80,121.40,JTWC b-deck
WP102023,2023,2023-09-03T12:00:00Z,22.80,120.10,JTWC b-deck
WP102023,2023,2023-09-03T12:00:00Z,22.80,120.10,JTWC b-deck
WP102023,2023,2023-09-03T12:00:00Z,22.80,120.10,JTWC b-deck
WP102023,2023,2023-09-03T18:00:00Z,22.60,120.20,JTWC b-deck
WP102023,2023,2023-09-03T18:00:00Z,22.60,120.20,JTWC b-deck
WP102023,2023,2023-09-03T18:00:00Z,22.60,120.20,JTWC b-deck
WP102023,2023,2023-09-03T21:00:00Z,23.00,120.20,JTWC b-deck
WP102023,2023,2023-09-03T21:00:00Z,23.00,120.20,JTWC b-deck
WP102023,2023,2023-09-03T21:00:00Z,23.00,120.20,JTWC b-deck
WP102023,2023,2023-09-04T00:00:00Z,23.20,119.70,JTWC b-deck
WP102023,2023,2023-09-04T00:00:00Z,23.20,119.70,JTWC b-deck
WP102023,2023,2023-09-04T00:00:00Z,23.20,119.70,JTWC b-deck
WP102023,2023,2023-09-04T03:00:00Z,23.30,119.40,JTWC b-deck
WP102023,2023,2023-09-04T03:00:00Z,23.30,119.40,JTWC b-deck
WP102023,2023,2023-09-04T03:00:00Z,23.30,119.40,JTWC b-deck
WP102023,2023,2023-09-04T06:00:00Z,23.30,119.20,JTWC b-deck
WP102023,2023,2023-09-04T06:00:00Z,23.30,119.20,JTWC b-deck
WP102023,2023,2023-09-04T09:00:00Z,23.40,119.00,JTWC b-deck
WP102023,2023,2023-09-04T12:00:00Z,23.50,118.50,JTWC b-deck
WP102023,2023,2023-09-04T18:00:00Z,23.60,117.40,JTWC b-deck
WP102023,2023,2023-09-05T00:00:00Z,23.60,116.70,JTWC b-deck
WP102023,2023,2023-09-05T06:00:00Z,23.70,116.00,JTWC b-deck
WP102024,2024,2024-08-18T06:00:00Z,23.90,125.20,JTWC b-deck
WP102024,2024,2024-08-18T12:00:00Z,24.30,125.60,JTWC b-deck
WP102024,2024,2024-08-18T18:00:00Z,24.70,125.80,JTWC b-deck
WP102024,2024,2024-08-19T00:00:00Z,25.10,125.80,JTWC b-deck
WP102024,2024,2024-08-19T06:00:00Z,26.30,126.00,JTWC b-deck
WP102024,2024,2024-08-19T12:00:00Z,27.50,126.00,JTWC b-deck
WP102024,2024,2024-08-19T18:00:00Z,29.30,125.80,JTWC b-deck
WP102024,2024,2024-08-20T00:00:00Z,31.00,125.70,JTWC b-deck
WP102024,2024,2024-08-20T06:00:00Z,32.60,125.50,JTWC b-deck
WP102024,2024,2024-08-20T12:00:00Z,34.30,125.30,JTWC b-deck
WP102024,2024,2024-08-20T18:00:00Z,36.20,125.50,JTWC b-deck
WP102024,2024,2024-08-21T00:00:00Z,37.90,125.70,JTWC b-deck
WP102024,2024,2024-08-21T06:00:00Z,38.90,127.70,JTWC b-deck
WP102025,2025,2025-07-22T06:00:00Z,17.90,132.40,IBTrACS v04r01 (CMA)
WP102025,2025,2025-07-22T09:00:00Z,18.50,132.20,IBTrACS v04r01 (CMA)
WP102025,2025,2025-07-22T12:00:00Z,19.00,131.90,IBTrACS v04r01 (CMA)
WP102025,2025,2025-07-22T15:00:00Z,19.50,131.60,IBTrACS v04r01 (CMA)
WP102025,2025,2025-07-22T18:00:00Z,19.90,131.20,IBTrACS v04r01 (CMA)
WP102025,2025,2025-07-22T21:00:00Z,20.30,130.70,IBTrACS v04r01 (CMA)
WP102025,2025,2025-07-23T00:00:00Z,20.70,130.30,IBTrACS v04r01 (CMA)
WP102025,2025,2025-07-23T03:00:00Z,21.30,130.00,IBTrACS v04r01 (CMA)
WP102025,2025,2025-07-23T06:00:00Z,21.80,129.70,IBTrACS v04r01 (CMA)
WP102025,2025,2025-07-23T09:00:00Z,22.20,129.30,IBTrACS v04r01 (CMA)
WP102025,2025,2025-07-23T12:00:00Z,22.50,128.90,IBTrACS v04r01 (CMA)
WP102025,2025,2025-07-23T15:00:00Z,22.80,128.50,IBTrACS v04r01 (CMA)
WP102025,2025,2025-07-23T18:00:00Z,23.10,128.20,IBTrACS v04r01 (CMA)
WP102025,2025,2025-07-23T21:00:00Z,23.60,128.00,IBTrACS v04r01 (CMA)
WP102025,2025,2025-07-24T00:00:00Z,24.10,127.90,IBTrACS v04r01 (CMA)
WP102025,2025,2025-07-24T03:00:00Z,24.40,127.90,IBTrACS v04r01 (CMA)
WP102025,2025,2025-07-24T06:00:00Z,24.80,127.90,IBTrACS v04r01 (CMA)
WP102025,2025,2025-07-24T09:00:00Z,25.30,127.70,IBTrACS v04r01 (CMA)
WP102025,2025,2025-07-24T12:00:00Z,25.80,127.20,IBTrACS v04r01 (CMA)
WP102025,2025,2025-07-24T15:00:00Z,26.20,126.50,IBTrACS v04r01 (CMA)
WP102025,2025,2025-07-24T18:00:00Z,26.40,125.60,IBTrACS v04r01 (CMA)
WP102025,2025,2025-07-24T21:00:00Z,26.50,124.70,IBTrACS v04r01 (CMA)
WP102025,2025,2025-07-25T00:00:00Z,26.60,123.80,IBTrACS v04r01 (CMA)
WP102025,2025,2025-07-25T03:00:00Z,26.60,123.20,IBTrACS v04r01 (CMA)
WP102025,2025,2025-07-25T06:00:00Z,26.60,122.70,IBTrACS v04r01 (CMA)
WP102025,2025,2025-07-25T09:00:00Z,26.50,122.30,IBTrACS v04r01 (CMA)
WP102025,2025,2025-07-25T12:00:00Z,26.40,121.90,IBTrACS v04r01 (CMA)
WP102025,2025,2025-07-25T15:00:00Z,26.40,121.50,IBTrACS v04r01 (CMA)
WP102025,2025,2025-07-25T18:00:00Z,26.40,121.20,IBTrACS v04r01 (CMA)
WP102025,2025,2025-07-25T21:00:00Z,26.50,120.90,IBTrACS v04r01 (CMA)
WP102025,2025,2025-07-26T00:00:00Z,26.60,120.70,IBTrACS v04r01 (CMA)
WP102025,2025,2025-07-26T03:00:00Z,26.60,120.40,IBTrACS v04r01 (CMA)
WP102025,2025,2025-07-26T06:00:00Z,26.50,120.20,IBTrACS v04r01 (CMA)
WP102025,2025,2025-07-26T09:00:00Z,26.40,120.00,IBTrACS v04r01 (CMA)
WP102025,2025,2025-07-26T12:00:00Z,26.30,119.60,IBTrACS v04r01 (CMA)
WP1032025,2025,2025-10-16T18:00:00Z,13.70,132.60,IBTrACS v04r01 (CMA)
WP1032025,2025,2025-10-16T21:00:00Z,13.70,132.10,IBTrACS v04r01 (CMA)
WP1032025,2025,2025-10-17T00:00:00Z,13.70,131.50,IBTrACS v04r01 (CMA)
WP1032025,2025,2025-10-17T03:00:00Z,13.60,130.90,IBTrACS v04r01 (CMA)
WP1032025,2025,2025-10-17T06:00:00Z,13.50,130.20,IBTrACS v04r01 (CMA)
WP1032025,2025,2025-10-17T09:00:00Z,13.40,129.50,IBTrACS v04r01 (CMA)
WP1032025,2025,2025-10-17T12:00:00Z,13.20,128.80,IBTrACS v04r01 (CMA)
WP1032025,2025,2025-10-17T15:00:00Z,13.00,128.00,IBTrACS v04r01 (CMA)
WP1032025,2025,2025-10-17T18:00:00Z,12.90,127.20,IBTrACS v04r01 (CMA)
WP1032025,2025,2025-10-17T21:00:00Z,12.90,126.60,IBTrACS v04r01 (CMA)
WP1032025,2025,2025-10-23T06:00:00Z,15.80,108.20,IBTrACS v04r01 (CMA)
WP1092025,2025,2025-10-31T12:00:00Z,8.00,140.30,IBTrACS v04r01 (CMA)
WP1092025,2025,2025-10-31T15:00:00Z,8.30,140.00,IBTrACS v04r01 (CMA)
WP1092025,2025,2025-10-31T18:00:00Z,8.50,139.70,IBTrACS v04r01 (CMA)
WP1092025,2025,2025-10-31T21:00:00Z,8.70,139.40,IBTrACS v04r01 (CMA)
WP1092025,2025,2025-11-01T00:00:00Z,9.00,139.00,IBTrACS v04r01 (CMA)
WP1092025,2025,2025-11-01T03:00:00Z,9.30,138.60,IBTrACS v04r01 (CMA)
WP1092025,2025,2025-11-06T18:00:00Z,14.10,108.00,IBTrACS v04r01 (CMA)
WP1092025,2025,2025-11-06T21:00:00Z,14.30,107.40,IBTrACS v04r01 (CMA)
WP1092025,2025,2025-11-07T00:00:00Z,14.40,106.80,IBTrACS v04r01 (CMA)
WP1092025,2025,2025-11-07T03:00:00Z,14.50,106.20,IBTrACS v04r01 (CMA)
WP1092025,2025,2025-11-07T06:00:00Z,14.70,105.50,IBTrACS v04r01 (CMA)
WP1092025,2025,2025-11-07T09:00:00Z,14.90,104.80,IBTrACS v04r01 (CMA)
WP1092025,2025,2025-11-07T12:00:00Z,15.20,104.20,IBTrACS v04r01 (CMA)
WP112017,2017,2017-07-25T12:00:00Z,14.20,128.70,JTWC b-deck
WP112017,2017,2017-07-25T18:00:00Z,15.10,128.30,JTWC b-deck
WP112017,2017,2017-07-26T00:00:00Z,15.80,128.20,JTWC b-deck
WP112017,2017,2017-07-26T06:00:00Z,16.40,128.00,JTWC b-deck
WP112017,2017,2017-07-26T12:00:00Z,16.90,127.80,JTWC b-deck
WP112017,2017,2017-07-26T18:00:00Z,17.30,127.70,JTWC b-deck
WP112017,2017,2017-07-27T00:00:00Z,17.90,127.50,JTWC b-deck
WP112017,2017,2017-07-27T00:00:00Z,17.90,127.50,JTWC b-deck
WP112017,2017,2017-07-27T06:00:00Z,18.40,127.10,JTWC b-deck
WP112017,2017,2017-07-27T06:00:00Z,18.40,127.10,JTWC b-deck
WP112017,2017,2017-07-27T12:00:00Z,18.70,126.70,JTWC b-deck
WP112017,2017,2017-07-27T12:00:00Z,18.70,126.70,JTWC b-deck
WP112017,2017,2017-07-27T18:00:00Z,19.50,126.40,JTWC b-deck
WP112017,2017,2017-07-27T18:00:00Z,19.50,126.40,JTWC b-deck
WP112017,2017,2017-07-28T00:00:00Z,20.10,125.70,JTWC b-deck
WP112017,2017,2017-07-28T00:00:00Z,20.10,125.70,JTWC b-deck
WP112017,2017,2017-07-28T06:00:00Z,20.70,125.20,JTWC b-deck
WP112017,2017,2017-07-28T06:00:00Z,20.70,125.20,JTWC b-deck
WP112017,2017,2017-07-28T06:00:00Z,20.70,125.20,JTWC b-deck
WP112017,2017,2017-07-28T12:00:00Z,21.20,124.50,JTWC b-deck
WP112017,2017,2017-07-28T12:00:00Z,21.20,124.50,JTWC b-deck
WP112017,2017,2017-07-28T12:00:00Z,21.20,124.50,JTWC b-deck
WP112017,2017,2017-07-28T18:00:00Z,21.70,123.60,JTWC b-deck
WP112017,2017,2017-07-28T18:00:00Z,21.70,123.60,JTWC b-deck
WP112017,2017,2017-07-28T18:00:00Z,21.70,123.60,JTWC b-deck
WP112017,2017,2017-07-29T00:00:00Z,22.40,123.20,JTWC b-deck
WP112017,2017,2017-07-29T00:00:00Z,22.40,123.20,JTWC b-deck
WP112017,2017,2017-07-29T00:00:00Z,22.40,123.20,JTWC b-deck
WP112017,2017,2017-07-29T06:00:00Z,23.40,122.80,JTWC b-deck
WP112017,2017,2017-07-29T06:00:00Z,23.40,122.80,JTWC b-deck
WP112017,2017,2017-07-29T06:00:00Z,23.40,122.80,JTWC b-deck
WP112017,2017,2017-07-29T09:00:00Z,24.10,122.40,JTWC b-deck
WP112017,2017,2017-07-29T12:00:00Z,24.70,121.80,JTWC b-deck
WP112017,2017,2017-07-29T12:00:00Z,24.70,121.80,JTWC b-deck
WP112017,2017,2017-07-29T12:00:00Z,24.70,121.80,JTWC b-deck
WP112017,2017,2017-07-29T18:00:00Z,25.20,120.20,JTWC b-deck
WP112017,2017,2017-07-29T18:00:00Z,25.20,120.20,JTWC b-deck
WP112017,2017,2017-07-30T00:00:00Z,25.70,119.20,JTWC b-deck
WP112017,2017,2017-07-30T00:00:00Z,25.70,119.20,JTWC b-deck
WP112017,2017,2017-07-30T06:00:00Z,25.80,118.00,JTWC b-deck
WP112017,2017,2017-07-30T12:00:00Z,26.00,116.90,JTWC b-deck
WP112018,2018,2018-07-13T12:00:00Z,19.00,137.80,JTWC b-deck
WP112018,2018,2018-07-13T18:00:00Z,19.40,136.90,JTWC b-deck
WP112018,2018,2018-07-14T00:00:00Z,19.80,136.00,JTWC b-deck
WP112018,2018,2018-07-14T06:00:00Z,20.30,134.90,JTWC b-deck
WP112018,2018,2018-07-14T12:00:00Z,20.50,133.80,JTWC b-deck
WP112018,2018,2018-07-14T18:00:00Z,20.60,132.20,JTWC b-deck
WP112018,2018,2018-07-15T00:00:00Z,20.30,130.80,JTWC b-deck
WP112018,2018,2018-07-15T06:00:00Z,19.60,129.50,JTWC b-deck
WP112018,2018,2018-07-15T12:00:00Z,18.90,128.40,JTWC b-deck
WP112018,2018,2018-07-15T18:00:00Z,19.20,126.90,JTWC b-deck
WP112018,2018,2018-07-16T00:00:00Z,19.00,125.40,JTWC b-deck
WP112018,2018,2018-07-16T06:00:00Z,18.80,124.20,JTWC b-deck
WP112018,2018,2018-07-16T12:00:00Z,18.60,122.70,JTWC b-deck
WP112018,2018,2018-07-16T18:00:00Z,19.40,120.80,JTWC b-deck
WP112018,2018,2018-07-17T00:00:00Z,19.50,118.20,JTWC b-deck
WP112018,2018,2018-07-17T06:00:00Z,19.30,115.70,JTWC b-deck
WP112018,2018,2018-07-17T12:00:00Z,19.10,113.50,JTWC b-deck
WP112018,2018,2018-07-17T18:00:00Z,18.90,111.30,JTWC b-deck
WP112018,2018,2018-07-18T00:00:00Z,18.90,109.50,JTWC b-deck
WP112018,2018,2018-07-18T06:00:00Z,18.90,108.00,JTWC b-deck
WP112018,2018,2018-07-18T12:00:00Z,18.70,106.70,JTWC b-deck
WP112018,2018,2018-07-18T12:00:00Z,18.70,106.70,JTWC b-deck
WP112018,2018,2018-07-18T18:00:00Z,19.00,105.50,JTWC b-deck
WP112018,2018,2018-07-19T00:00:00Z,19.20,104.60,JTWC b-deck
WP112018,2018,2018-07-19T06:00:00Z,19.40,103.80,JTWC b-deck
WP112018,2018,2018-07-19T12:00:00Z,19.80,103.10,JTWC b-deck
WP112018,2018,2018-07-19T18:00:00Z,20.10,102.60,JTWC b-deck
WP112018,2018,2018-07-20T00:00:00Z,20.60,102.50,JTWC b-deck
WP112018,2018,2018-07-20T06:00:00Z,20.80,103.00,JTWC b-deck
WP112018,2018,2018-07-20T12:00:00Z,20.80,103.50,JTWC b-deck
WP112018,2018,2018-07-20T18:00:00Z,20.80,104.10,JTWC b-deck
WP112018,2018,2018-07-21T00:00:00Z,20.60,105.10,JTWC b-deck
WP112018,2018,2018-07-21T06:00:00Z,19.90,106.00,JTWC b-deck
WP112018,2018,2018-07-21T12:00:00Z,19.60,106.60,JTWC b-deck
WP112018,2018,2018-07-21T18:00:00Z,19.40,107.20,JTWC b-deck
WP112018,2018,2018-07-22T00:00:00Z,19.20,107.80,JTWC b-deck
WP112018,2018,2018-07-22T06:00:00Z,19.00,108.30,JTWC b-deck
WP112018,2018,2018-07-22T12:00:00Z,19.00,108.80,JTWC b-deck
WP112018,2018,2018-07-22T18:00:00Z,19.30,109.20,JTWC b-deck
WP112018,2018,2018-07-23T00:00:00Z,19.70,109.70,JTWC b-deck
WP112018,2018,2018-07-23T06:00:00Z,20.30,110.30,JTWC b-deck
WP112018,2018,2018-07-23T12:00:00Z,21.10,110.50,JTWC b-deck
WP112018,2018,2018-07-23T18:00:00Z,21.30,110.50,JTWC b-deck
WP112018,2018,2018-07-24T00:00:00Z,21.70,110.00,JTWC b-deck
WP112018,2018,2018-07-24T06:00:00Z,22.10,109.30,JTWC b-deck
WP112019,2019,2019-08-04T00:00:00Z,15.50,146.60,JTWC b-deck
WP112019,2019,2019-08-04T06:00:00Z,16.10,146.90,JTWC b-deck
WP112019,2019,2019-08-04T12:00:00Z,16.70,146.90,JTWC b-deck
WP112019,2019,2019-08-04T18:00:00Z,16.90,146.30,JTWC b-deck
WP112019,2019,2019-08-05T00:00:00Z,16.80,145.70,JTWC b-deck
WP112019,2019,2019-08-05T06:00:00Z,16.80,145.10,JTWC b-deck
WP112019,2019,2019-08-05T12:00:00Z,17.10,144.80,JTWC b-deck
WP112019,2019,2019-08-05T18:00:00Z,17.30,144.40,JTWC b-deck
WP112019,2019,2019-08-06T00:00:00Z,17.70,143.80,JTWC b-deck
WP112019,2019,2019-08-06T06:00:00Z,18.40,143.00,JTWC b-deck
WP112019,2019,2019-08-06T12:00:00Z,18.90,142.40,JTWC b-deck
WP112019,2019,2019-08-06T12:00:00Z,18.90,142.40,JTWC b-deck
WP112019,2019,2019-08-06T18:00:00Z,19.70,142.00,JTWC b-deck
WP112019,2019,2019-08-06T18:00:00Z,19.70,142.00,JTWC b-deck
WP112019,2019,2019-08-07T00:00:00Z,20.60,141.70,JTWC b-deck
WP112019,2019,2019-08-07T00:00:00Z,20.60,141.70,JTWC b-deck
WP112019,2019,2019-08-07T00:00:00Z,20.60,141.70,JTWC b-deck
WP112019,2019,2019-08-07T06:00:00Z,21.10,141.40,JTWC b-deck
WP112019,2019,2019-08-07T06:00:00Z,21.10,141.40,JTWC b-deck
WP112019,2019,2019-08-07T06:00:00Z,21.10,141.40,JTWC b-deck
WP112019,2019,2019-08-07T12:00:00Z,21.50,141.00,JTWC b-deck
WP112019,2019,2019-08-07T12:00:00Z,21.50,141.00,JTWC b-deck
WP112019,2019,2019-08-07T12:00:00Z,21.50,141.00,JTWC b-deck
WP112019,2019,2019-08-07T18:00:00Z,21.70,140.80,JTWC b-deck
WP112019,2019,2019-08-07T18:00:00Z,21.70,140.80,JTWC b-deck
WP112019,2019,2019-08-07T18:00:00Z,21.70,140.80,JTWC b-deck
WP112019,2019,2019-08-08T00:00:00Z,22.00,140.60,JTWC b-deck
WP112019,2019,2019-08-08T00:00:00Z,22.00,140.60,JTWC b-deck
WP112019,2019,2019-08-08T00:00:00Z,22.00,140.60,JTWC b-deck
WP112019,2019,2019-08-08T06:00:00Z,22.00,140.50,JTWC b-deck
WP112019,2019,2019-08-08T06:00:00Z,22.00,140.50,JTWC b-deck
WP112019,2019,2019-08-08T06:00:00Z,22.00,140.50,JTWC b-deck
WP112019,2019,2019-08-08T12:00:00Z,22.00,140.80,JTWC b-deck
WP112019,2019,2019-08-08T12:00:00Z,22.00,140.80,JTWC b-deck
WP112019,2019,2019-08-08T12:00:00Z,22.00,140.80,JTWC b-deck
WP112019,2019,2019-08-08T18:00:00Z,22.00,141.00,JTWC b-deck
WP112019,2019,2019-08-08T18:00:00Z,22.00,141.00,JTWC b-deck
WP112019,2019,2019-08-08T18:00:00Z,22.00,141.00,JTWC b-deck
WP112019,2019,2019-08-09T00:00:00Z,22.00,141.10,JTWC b-deck
WP112019,2019,2019-08-09T00:00:00Z,22.00,141.10,JTWC b-deck
WP112019,2019,2019-08-09T00:00:00Z,22.00,141.10,JTWC b-deck
WP112019,2019,2019-08-09T06:00:00Z,22.00,141.20,JTWC b-deck
WP112019,2019,2019-08-09T06:00:00Z,22.00,141.20,JTWC b-deck
WP112019,2019,2019-08-09T06:00:00Z,22.00,141.20,JTWC b-deck
WP112019,2019,2019-08-09T12:00:00Z,22.20,141.40,JTWC b-deck
WP112019,2019,2019-08-09T12:00:00Z,22.20,141.40,JTWC b-deck
WP112019,2019,2019-08-09T12:00:00Z,22.20,141.40,JTWC b-deck
WP112019,2019,2019-08-09T18:00:00Z,22.40,141.50,JTWC b-deck
WP112019,2019,2019-08-09T18:00:00Z,22.40,141.50,JTWC b-deck
WP112019,2019,2019-08-09T18:00:00Z,22.40,141.50,JTWC b-deck
WP112019,2019,2019-08-10T00:00:00Z,22.70,141.50,JTWC b-deck
WP112019,2019,2019-08-10T00:00:00Z,22.70,141.50,JTWC b-deck
WP112019,2019,2019-08-10T00:00:00Z,22.70,141.50,JTWC b-deck
WP112019,2019,2019-08-10T06:00:00Z,22.80,141.10,JTWC b-deck
WP112019,2019,2019-08-10T06:00:00Z,22.80,141.10,JTWC b-deck
WP112019,2019,2019-08-10T06:00:00Z,22.80,141.10,JTWC b-deck
WP112019,2019,2019-08-10T12:00:00Z,22.80,140.70,JTWC b-deck
WP112019,2019,2019-08-10T12:00:00Z,22.80,140.70,JTWC b-deck
WP112019,2019,2019-08-10T18:00:00Z,22.80,140.60,JTWC b-deck
WP112019,2019,2019-08-10T18:00:00Z,22.80,140.60,JTWC b-deck
WP112019,2019,2019-08-11T00:00:00Z,23.00,140.20,JTWC b-deck
WP112019,2019,2019-08-11T00:00:00Z,23.00,140.20,JTWC b-deck
WP112019,2019,2019-08-11T06:00:00Z,23.30,139.70,JTWC b-deck
WP112019,2019,2019-08-11T06:00:00Z,23.30,139.70,JTWC b-deck
WP112019,2019,2019-08-11T12:00:00Z,23.60,139.10,JTWC b-deck
WP112019,2019,2019-08-11T12:00:00Z,23.60,139.10,JTWC b-deck
WP112019,2019,2019-08-11T18:00:00Z,23.90,138.60,JTWC b-deck
WP112019,2019,2019-08-11T18:00:00Z,23.90,138.60,JTWC b-deck
WP112019,2019,2019-08-12T00:00:00Z,24.40,137.90,JTWC b-deck
WP112019,2019,2019-08-12T00:00:00Z,24.40,137.90,JTWC b-deck
WP112019,2019,2019-08-12T06:00:00Z,25.00,137.80,JTWC b-deck
WP112019,2019,2019-08-12T06:00:00Z,25.00,137.80,JTWC b-deck
WP112019,2019,2019-08-12T09:00:00Z,25.60,137.70,JTWC b-deck
WP112019,2019,2019-08-12T09:00:00Z,25.60,137.70,JTWC b-deck
WP112019,2019,2019-08-12T12:00:00Z,25.90,137.20,JTWC b-deck
WP112019,2019,2019-08-12T12:00:00Z,25.90,137.20,JTWC b-deck
WP112019,2019,2019-08-12T18:00:00Z,27.00,136.50,JTWC b-deck
WP112019,2019,2019-08-12T18:00:00Z,27.00,136.50,JTWC b-deck
WP112019,2019,2019-08-13T00:00:00Z,27.30,135.20,JTWC b-deck
WP112019,2019,2019-08-13T00:00:00Z,27.30,135.20,JTWC b-deck
WP112019,2019,2019-08-13T06:00:00Z,27.60,134.60,JTWC b-deck
WP112019,2019,2019-08-13T06:00:00Z,27.60,134.60,JTWC b-deck
WP112019,2019,2019-08-13T12:00:00Z,27.90,134.10,JTWC b-deck
WP112019,2019,2019-08-13T12:00:00Z,27.90,134.10,JTWC b-deck
WP112019,2019,2019-08-13T18:00:00Z,28.30,133.60,JTWC b-deck
WP112019,2019,2019-08-13T18:00:00Z,28.30,133.60,JTWC b-deck
WP112019,2019,2019-08-14T00:00:00Z,28.70,133.20,JTWC b-deck
WP112019,2019,2019-08-14T00:00:00Z,28.70,133.20,JTWC b-deck
WP112019,2019,2019-08-14T06:00:00Z,29.40,133.10,JTWC b-deck
WP112019,2019,2019-08-14T06:00:00Z,29.40,133.10,JTWC b-deck
WP112019,2019,2019-08-14T12:00:00Z,30.40,132.80,JTWC b-deck
WP112019,2019,2019-08-14T12:00:00Z,30.40,132.80,JTWC b-deck
WP112019,2019,2019-08-14T18:00:00Z,31.40,132.70,JTWC b-deck
WP112019,2019,2019-08-14T18:00:00Z,31.40,132.70,JTWC b-deck
WP112019,2019,2019-08-15T00:00:00Z,32.50,132.60,JTWC b-deck
WP112019,2019,2019-08-15T00:00:00Z,32.50,132.60,JTWC b-deck
WP112019,2019,2019-08-15T06:00:00Z,34.10,132.60,JTWC b-deck
WP112019,2019,2019-08-15T06:00:00Z,34.10,132.60,JTWC b-deck
WP112019,2019,2019-08-15T09:00:00Z,35.00,132.70,JTWC b-deck
WP112019,2019,2019-08-15T12:00:00Z,35.90,132.80,JTWC b-deck
WP112019,2019,2019-08-15T18:00:00Z,37.60,133.70,JTWC b-deck
WP112019,2019,2019-08-16T00:00:00Z,39.60,134.70,JTWC b-deck
WP112019,2019,2019-08-16T06:00:00Z,41.00,136.20,JTWC b-deck
WP112020,2020,2020-08-31T06:00:00Z,23.70,146.50,JTWC b-deck
WP112020,2020,2020-08-31T12:00:00Z,22.80,146.20,JTWC b-deck
WP112020,2020,2020-08-31T18:00:00Z,22.10,145.50,JTWC b-deck
WP112020,2020,2020-09-01T00:00:00Z,21.50,145.00,JTWC b-deck
WP112020,2020,2020-09-01T06:00:00Z,20.90,144.40,JTWC b-deck
WP112020,2020,2020-09-01T12:00:00Z,20.40,143.80,JTWC b-deck
WP112020,2020,2020-09-01T18:00:00Z,19.60,143.20,JTWC b-deck
WP112020,2020,2020-09-02T00:00:00Z,19.40,142.20,JTWC b-deck
WP112020,2020,2020-09-02T00:00:00Z,19.40,142.20,JTWC b-deck
WP112020,2020,2020-09-02T06:00:00Z,19.40,141.40,JTWC b-deck
WP112020,2020,2020-09-02T06:00:00Z,19.40,141.40,JTWC b-deck
WP112020,2020,2020-09-02T12:00:00Z,19.60,140.40,JTWC b-deck
WP112020,2020,2020-09-02T12:00:00Z,19.60,140.40,JTWC b-deck
WP112020,2020,2020-09-02T12:00:00Z,19.60,140.40,JTWC b-deck
WP112020,2020,2020-09-02T18:00:00Z,19.90,139.40,JTWC b-deck
WP112020,2020,2020-09-02T18:00:00Z,19.90,139.40,JTWC b-deck
WP112020,2020,2020-09-02T18:00:00Z,19.90,139.40,JTWC b-deck
WP112020,2020,2020-09-03T00:00:00Z,20.20,138.40,JTWC b-deck
WP112020,2020,2020-09-03T00:00:00Z,20.20,138.40,JTWC b-deck
WP112020,2020,2020-09-03T00:00:00Z,20.20,138.40,JTWC b-deck
WP112020,2020,2020-09-03T06:00:00Z,20.60,137.70,JTWC b-deck
WP112020,2020,2020-09-03T06:00:00Z,20.60,137.70,JTWC b-deck
WP112020,2020,2020-09-03T06:00:00Z,20.60,137.70,JTWC b-deck
WP112020,2020,2020-09-03T12:00:00Z,20.90,136.60,JTWC b-deck
WP112020,2020,2020-09-03T12:00:00Z,20.90,136.60,JTWC b-deck
WP112020,2020,2020-09-03T12:00:00Z,20.90,136.60,JTWC b-deck
WP112020,2020,2020-09-03T18:00:00Z,21.30,135.80,JTWC b-deck
WP112020,2020,2020-09-03T18:00:00Z,21.30,135.80,JTWC b-deck
WP112020,2020,2020-09-03T18:00:00Z,21.30,135.80,JTWC b-deck
WP112020,2020,2020-09-04T00:00:00Z,21.70,135.10,JTWC b-deck
WP112020,2020,2020-09-04T00:00:00Z,21.70,135.10,JTWC b-deck
WP112020,2020,2020-09-04T00:00:00Z,21.70,135.10,JTWC b-deck
WP112020,2020,2020-09-04T06:00:00Z,22.20,134.30,JTWC b-deck
WP112020,2020,2020-09-04T06:00:00Z,22.20,134.30,JTWC b-deck
WP112020,2020,2020-09-04T06:00:00Z,22.20,134.30,JTWC b-deck
WP112020,2020,2020-09-04T12:00:00Z,22.70,133.50,JTWC b-deck
WP112020,2020,2020-09-04T12:00:00Z,22.70,133.50,JTWC b-deck
WP112020,2020,2020-09-04T12:00:00Z,22.70,133.50,JTWC b-deck
WP112020,2020,2020-09-04T18:00:00Z,23.30,132.60,JTWC b-deck
WP112020,2020,2020-09-04T18:00:00Z,23.30,132.60,JTWC b-deck
WP112020,2020,2020-09-04T18:00:00Z,23.30,132.60,JTWC b-deck
WP112020,2020,2020-09-05T00:00:00Z,24.00,132.00,JTWC b-deck
WP112020,2020,2020-09-05T00:00:00Z,24.00,132.00,JTWC b-deck
WP112020,2020,2020-09-05T00:00:00Z,24.00,132.00,JTWC b-deck
WP112020,2020,2020-09-05T06:00:00Z,24.70,131.40,JTWC b-deck
WP112020,2020,2020-09-05T06:00:00Z,24.70,131.40,JTWC b-deck
WP112020,2020,2020-09-05T06:00:00Z,24.70,131.40,JTWC b-deck
WP112020,2020,2020-09-05T12:00:00Z,25.40,131.00,JTWC b-deck
WP112020,2020,2020-09-05T12:00:00Z,25.40,131.00,JTWC b-deck
WP112020,2020,2020-09-05T12:00:00Z,25.40,131.00,JTWC b-deck
WP112020,2020,2020-09-05T18:00:00Z,26.40,130.90,JTWC b-deck
WP112020,2020,2020-09-05T18:00:00Z,26.40,130.90,JTWC b-deck
WP112020,2020,2020-09-05T18:00:00Z,26.40,130.90,JTWC b-deck
WP112020,2020,2020-09-06T00:00:00Z,27.70,130.50,JTWC b-deck
WP112020,2020,2020-09-06T00:00:00Z,27.70,130.50,JTWC b-deck
WP112020,2020,2020-09-06T00:00:00Z,27.70,130.50,JTWC b-deck
WP112020,2020,2020-09-06T06:00:00Z,29.40,130.00,JTWC b-deck
WP112020,2020,2020-09-06T06:00:00Z,29.40,130.00,JTWC b-deck
WP112020,2020,2020-09-06T06:00:00Z,29.40,130.00,JTWC b-deck
WP112020,2020,2020-09-06T12:00:00Z,30.90,129.40,JTWC b-deck
WP112020,2020,2020-09-06T12:00:00Z,30.90,129.40,JTWC b-deck
WP112020,2020,2020-09-06T12:00:00Z,30.90,129.40,JTWC b-deck
WP112020,2020,2020-09-06T18:00:00Z,33.10,129.10,JTWC b-deck
WP112020,2020,2020-09-06T18:00:00Z,33.10,129.10,JTWC b-deck
WP112020,2020,2020-09-06T18:00:00Z,33.10,129.10,JTWC b-deck
WP112020,2020,2020-09-07T00:00:00Z,35.70,129.30,JTWC b-deck
WP112020,2020,2020-09-07T00:00:00Z,35.70,129.30,JTWC b-deck
WP112020,2020,2020-09-07T00:00:00Z,35.70,129.30,JTWC b-deck
WP112020,2020,2020-09-07T06:00:00Z,38.50,129.30,JTWC b-deck
WP112020,2020,2020-09-07T06:00:00Z,38.50,129.30,JTWC b-deck
WP112020,2020,2020-09-07T12:00:00Z,40.00,129.00,JTWC b-deck
WP112020,2020,2020-09-07T18:00:00Z,42.90,129.10,JTWC b-deck
WP112021,2021,2021-07-22T12:00:00Z,21.40,146.20,JTWC b-deck
WP112021,2021,2021-07-22T18:00:00Z,21.80,147.10,JTWC b-deck
WP112021,2021,2021-07-23T00:00:00Z,22.60,147.90,JTWC b-deck
WP112021,2021,2021-07-23T06:00:00Z,23.30,148.40,JTWC b-deck
WP112021,2021,2021-07-23T12:00:00Z,24.00,149.00,JTWC b-deck
WP112021,2021,2021-07-23T18:00:00Z,24.70,149.40,JTWC b-deck
WP112021,2021,2021-07-24T00:00:00Z,25.20,149.70,JTWC b-deck
WP112021,2021,2021-07-24T06:00:00Z,26.10,150.00,JTWC b-deck
WP112021,2021,2021-07-24T12:00:00Z,27.30,150.30,JTWC b-deck
WP112021,2021,2021-07-24T18:00:00Z,28.20,150.40,JTWC b-deck
WP112021,2021,2021-07-25T00:00:00Z,28.90,150.00,JTWC b-deck
WP112021,2021,2021-07-25T06:00:00Z,30.20,150.60,JTWC b-deck
WP112021,2021,2021-07-25T12:00:00Z,31.80,150.50,JTWC b-deck
WP112021,2021,2021-07-25T18:00:00Z,33.30,149.90,JTWC b-deck
WP112021,2021,2021-07-26T00:00:00Z,34.00,148.40,JTWC b-deck
WP112021,2021,2021-07-26T06:00:00Z,34.50,146.90,JTWC b-deck
WP112021,2021,2021-07-26T12:00:00Z,34.90,145.10,JTWC b-deck
WP112021,2021,2021-07-26T18:00:00Z,34.60,143.20,JTWC b-deck
WP112021,2021,2021-07-27T00:00:00Z,34.90,142.50,JTWC b-deck
WP112021,2021,2021-07-27T06:00:00Z,35.80,142.30,JTWC b-deck
WP112021,2021,2021-07-27T12:00:00Z,36.50,142.20,JTWC b-deck
WP112021,2021,2021-07-27T18:00:00Z,37.80,142.00,JTWC b-deck
WP112021,2021,2021-07-28T00:00:00Z,39.10,141.60,JTWC b-deck
WP112021,2021,2021-07-28T06:00:00Z,40.20,140.30,JTWC b-deck
WP112021,2021,2021-07-28T12:00:00Z,40.80,138.40,JTWC b-deck
WP112021,2021,2021-07-28T18:00:00Z,40.90,137.40,JTWC b-deck
WP112021,2021,2021-07-29T00:00:00Z,40.80,136.70,JTWC b-deck
WP112021,2021,2021-07-29T06:00:00Z,40.70,136.50,JTWC b-deck
WP112022,2022,2022-08-21T12:00:00Z,22.80,150.50,JTWC b-deck
WP112022,2022,2022-08-21T18:00:00Z,23.40,151.10,JTWC b-deck
WP112022,2022,2022-08-22T00:00:00Z,23.90,151.40,JTWC b-deck
WP112022,2022,2022-08-22T06:00:00Z,25.10,151.60,JTWC b-deck
WP112022,2022,2022-08-22T12:00:00Z,26.10,151.50,JTWC b-deck
WP112022,2022,2022-08-22T18:00:00Z,27.40,150.60,JTWC b-deck
WP112022,2022,2022-08-22T18:00:00Z,27.40,150.60,JTWC b-deck
WP112022,2022,2022-08-23T00:00:00Z,28.80,150.40,JTWC b-deck
WP112022,2022,2022-08-23T00:00:00Z,28.80,150.40,JTWC b-deck
WP112022,2022,2022-08-23T06:00:00Z,30.20,149.70,JTWC b-deck
WP112022,2022,2022-08-23T06:00:00Z,30.20,149.70,JTWC b-deck
WP112022,2022,2022-08-23T06:00:00Z,30.20,149.70,JTWC b-deck
WP112022,2022,2022-08-23T12:00:00Z,31.60,149.00,JTWC b-deck
WP112022,2022,2022-08-23T12:00:00Z,31.60,149.00,JTWC b-deck
WP112022,2022,2022-08-23T12:00:00Z,31.60,149.00,JTWC b-deck
WP112022,2022,2022-08-23T18:00:00Z,33.00,148.60,JTWC b-deck
WP112022,2022,2022-08-23T18:00:00Z,33.00,148.60,JTWC b-deck
WP112022,2022,2022-08-23T18:00:00Z,33.00,148.60,JTWC b-deck
WP112022,2022,2022-08-24T00:00:00Z,34.20,148.60,JTWC b-deck
WP112022,2022,2022-08-24T00:00:00Z,34.20,148.60,JTWC b-deck
WP112022,2022,2022-08-24T00:00:00Z,34.20,148.60,JTWC b-deck
WP112022,2022,2022-08-24T06:00:00Z,35.20,149.00,JTWC b-deck
WP112022,2022,2022-08-24T06:00:00Z,35.20,149.00,JTWC b-deck
WP112022,2022,2022-08-24T06:00:00Z,35.20,149.00,JTWC b-deck
WP112022,2022,2022-08-24T12:00:00Z,36.30,149.50,JTWC b-deck
WP112022,2022,2022-08-24T12:00:00Z,36.30,149.50,JTWC b-deck
WP112022,2022,2022-08-24T12:00:00Z,36.30,149.50,JTWC b-deck
WP112022,2022,2022-08-24T18:00:00Z,37.30,150.30,JTWC b-deck
WP112022,2022,2022-08-24T18:00:00Z,37.30,150.30,JTWC b-deck
WP112022,2022,2022-08-24T18:00:00Z,37.30,150.30,JTWC b-deck
WP112022,2022,2022-08-25T00:00:00Z,38.80,151.20,JTWC b-deck
WP112022,2022,2022-08-25T00:00:00Z,38.80,151.20,JTWC b-deck
WP112022,2022,2022-08-25T00:00:00Z,38.80,151.20,JTWC b-deck
WP112022,2022,2022-08-25T06:00:00Z,40.60,152.80,JTWC b-deck
WP112022,2022,2022-08-25T06:00:00Z,40.60,152.80,JTWC b-deck
WP112022,2022,2022-08-25T12:00:00Z,42.40,154.90,JTWC b-deck
WP112022,2022,2022-08-25T18:00:00Z,45.10,157.90,JTWC b-deck
WP112022,2022,2022-08-26T00:00:00Z,46.90,161.30,JTWC b-deck
WP112022,2022,2022-08-26T06:00:00Z,48.90,166.30,JTWC b-deck
WP112023,2023,2023-08-29T00:00:00Z,10.40,157.50,JTWC b-deck
WP112023,2023,2023-08-29T06:00:00Z,10.80,156.40,JTWC b-deck
WP112023,2023,2023-08-29T12:00:00Z,11.10,155.30,JTWC b-deck
WP112023,2023,2023-08-29T18:00:00Z,11.80,154.70,JTWC b-deck
WP112023,2023,2023-08-30T00:00:00Z,12.50,154.40,JTWC b-deck
WP112023,2023,2023-08-30T06:00:00Z,12.90,154.40,JTWC b-deck
WP112023,2023,2023-08-30T12:00:00Z,13.30,154.50,JTWC b-deck
WP112023,2023,2023-08-30T18:00:00Z,14.20,154.70,JTWC b-deck
WP112023,2023,2023-08-31T00:00:00Z,15.40,154.60,JTWC b-deck
WP112023,2023,2023-08-31T00:00:00Z,15.40,154.60,JTWC b-deck
WP112023,2023,2023-08-31T06:00:00Z,16.60,154.20,JTWC b-deck
WP112023,2023,2023-08-31T06:00:00Z,16.60,154.20,JTWC b-deck
WP112023,2023,2023-08-31T06:00:00Z,16.60,154.20,JTWC b-deck
WP112023,2023,2023-08-31T12:00:00Z,17.80,153.50,JTWC b-deck
WP112023,2023,2023-08-31T12:00:00Z,17.80,153.50,JTWC b-deck
WP112023,2023,2023-08-31T18:00:00Z,19.00,152.70,JTWC b-deck
WP112023,2023,2023-08-31T18:00:00Z,19.00,152.70,JTWC b-deck
WP112023,2023,2023-09-01T00:00:00Z,20.30,151.80,JTWC b-deck
WP112023,2023,2023-09-01T00:00:00Z,20.30,151.80,JTWC b-deck
WP112023,2023,2023-09-01T06:00:00Z,21.90,150.80,JTWC b-deck
WP112023,2023,2023-09-01T12:00:00Z,23.40,149.40,JTWC b-deck
WP112023,2023,2023-09-01T18:00:00Z,24.30,148.40,JTWC b-deck
WP112023,2023,2023-09-02T00:00:00Z,25.40,147.60,JTWC b-deck
WP112023,2023,2023-09-02T06:00:00Z,27.10,146.20,JTWC b-deck
WP112023,2023,2023-09-02T12:00:00Z,28.70,144.90,JTWC b-deck
WP112023,2023,2023-09-02T18:00:00Z,29.10,143.00,JTWC b-deck
WP112023,2023,2023-09-03T00:00:00Z,29.60,142.00,JTWC b-deck
WP112023,2023,2023-09-03T06:00:00Z,30.20,140.70,JTWC b-deck
WP112023,2023,2023-09-03T12:00:00Z,30.60,139.50,JTWC b-deck
WP112023,2023,2023-09-03T18:00:00Z,31.40,138.70,JTWC b-deck
WP112023,2023,2023-09-04T00:00:00Z,31.80,137.10,JTWC b-deck
WP112023,2023,2023-09-04T06:00:00Z,31.80,135.70,JTWC b-deck
WP112023,2023,2023-09-04T12:00:00Z,31.50,134.20,JTWC b-deck
WP112023,2023,2023-09-04T18:00:00Z,31.30,133.20,JTWC b-deck
WP112023,2023,2023-09-05T00:00:00Z,31.00,132.30,JTWC b-deck
WP112023,2023,2023-09-05T06:00:00Z,30.90,132.10,JTWC b-deck
WP112023,2023,2023-09-05T12:00:00Z,31.20,132.30,JTWC b-deck
WP112023,2023,2023-09-05T18:00:00Z,31.90,132.80,JTWC b-deck
WP112023,2023,2023-09-06T00:00:00Z,32.10,133.40,JTWC b-deck
WP112023,2023,2023-09-06T06:00:00Z,31.90,134.10,JTWC b-deck
WP112023,2023,2023-09-06T12:00:00Z,31.50,134.40,JTWC b-deck
WP112023,2023,2023-09-06T18:00:00Z,30.90,133.50,JTWC b-deck
WP112023,2023,2023-09-07T00:00:00Z,29.50,133.50,JTWC b-deck
WP112023,2023,2023-09-07T06:00:00Z,28.50,134.80,JTWC b-deck
WP112023,2023,2023-09-07T12:00:00Z,29.10,136.70,JTWC b-deck
WP112024,2024,2024-08-20T18:00:00Z,15.20,145.50,JTWC b-deck
WP112024,2024,2024-08-21T00:00:00Z,15.50,144.40,JTWC b-deck
WP112024,2024,2024-08-21T06:00:00Z,16.20,143.50,JTWC b-deck
WP112024,2024,2024-08-21T12:00:00Z,16.90,142.60,JTWC b-deck
WP112024,2024,2024-08-21T18:00:00Z,16.90,142.00,JTWC b-deck
WP112024,2024,2024-08-22T00:00:00Z,16.90,141.40,JTWC b-deck
WP112024,2024,2024-08-22T06:00:00Z,17.00,141.10,JTWC b-deck
WP112024,2024,2024-08-22T12:00:00Z,17.20,140.90,JTWC b-deck
WP112024,2024,2024-08-22T12:00:00Z,17.20,140.90,JTWC b-deck
WP112024,2024,2024-08-22T18:00:00Z,17.50,141.00,JTWC b-deck
WP112024,2024,2024-08-22T18:00:00Z,17.50,141.00,JTWC b-deck
WP112024,2024,2024-08-23T00:00:00Z,17.80,141.20,JTWC b-deck
WP112024,2024,2024-08-23T00:00:00Z,17.80,141.20,JTWC b-deck
WP112024,2024,2024-08-23T06:00:00Z,17.90,141.20,JTWC b-deck
WP112024,2024,2024-08-23T06:00:00Z,17.90,141.20,JTWC b-deck
WP112024,2024,2024-08-23T12:00:00Z,18.10,141.10,JTWC b-deck
WP112024,2024,2024-08-23T12:00:00Z,18.10,141.10,JTWC b-deck
WP112024,2024,2024-08-23T12:00:00Z,18.10,141.10,JTWC b-deck
WP112024,2024,2024-08-23T18:00:00Z,18.70,141.40,JTWC b-deck
WP112024,2024,2024-08-23T18:00:00Z,18.70,141.40,JTWC b-deck
WP112024,2024,2024-08-23T18:00:00Z,18.70,141.40,JTWC b-deck
WP112024,2024,2024-08-24T00:00:00Z,20.00,141.30,JTWC b-deck
WP112024,2024,2024-08-24T00:00:00Z,20.00,141.30,JTWC b-deck
WP112024,2024,2024-08-24T00:00:00Z,20.00,141.30,JTWC b-deck
WP112024,2024,2024-08-24T06:00:00Z,21.40,141.00,JTWC b-deck
WP112024,2024,2024-08-24T06:00:00Z,21.40,141.00,JTWC b-deck
WP112024,2024,2024-08-24T06:00:00Z,21.40,141.00,JTWC b-deck
WP112024,2024,2024-08-24T12:00:00Z,22.70,140.70,JTWC b-deck
WP112024,2024,2024-08-24T12:00:00Z,22.70,140.70,JTWC b-deck
WP112024,2024,2024-08-24T12:00:00Z,22.70,140.70,JTWC b-deck
WP112024,2024,2024-08-24T18:00:00Z,24.00,140.00,JTWC b-deck
WP112024,2024,2024-08-24T18:00:00Z,24.00,140.00,JTWC b-deck
WP112024,2024,2024-08-24T18:00:00Z,24.00,140.00,JTWC b-deck
WP112024,2024,2024-08-25T00:00:00Z,24.90,138.90,JTWC b-deck
WP112024,2024,2024-08-25T00:00:00Z,24.90,138.90,JTWC b-deck
WP112024,2024,2024-08-25T00:00:00Z,24.90,138.90,JTWC b-deck
WP112024,2024,2024-08-25T06:00:00Z,25.80,137.90,JTWC b-deck
WP112024,2024,2024-08-25T06:00:00Z,25.80,137.90,JTWC b-deck
WP112024,2024,2024-08-25T06:00:00Z,25.80,137.90,JTWC b-deck
WP112024,2024,2024-08-25T12:00:00Z,26.50,136.60,JTWC b-deck
WP112024,2024,2024-08-25T12:00:00Z,26.50,136.60,JTWC b-deck
WP112024,2024,2024-08-25T12:00:00Z,26.50,136.60,JTWC b-deck
WP112024,2024,2024-08-25T18:00:00Z,26.90,135.00,JTWC b-deck
WP112024,2024,2024-08-25T18:00:00Z,26.90,135.00,JTWC b-deck
WP112024,2024,2024-08-25T18:00:00Z,26.90,135.00,JTWC b-deck
WP112024,2024,2024-08-26T00:00:00Z,27.30,133.70,JTWC b-deck
WP112024,2024,2024-08-26T00:00:00Z,27.30,133.70,JTWC b-deck
WP112024,2024,2024-08-26T00:00:00Z,27.30,133.70,JTWC b-deck
WP112024,2024,2024-08-26T06:00:00Z,27.50,132.80,JTWC b-deck
WP112024,2024,2024-08-26T06:00:00Z,27.50,132.80,JTWC b-deck
WP112024,2024,2024-08-26T06:00:00Z,27.50,132.80,JTWC b-deck
WP112024,2024,2024-08-26T12:00:00Z,27.70,131.90,JTWC b-deck
WP112024,2024,2024-08-26T12:00:00Z,27.70,131.90,JTWC b-deck
WP112024,2024,2024-08-26T12:00:00Z,27.70,131.90,JTWC b-deck
WP112024,2024,2024-08-26T18:00:00Z,28.00,131.10,JTWC b-deck
WP112024,2024,2024-08-26T18:00:00Z,28.00,131.10,JTWC b-deck
WP112024,2024,2024-08-26T18:00:00Z,28.00,131.10,JTWC b-deck
WP112024,2024,2024-08-27T00:00:00Z,28.20,130.70,JTWC b-deck
WP112024,2024,2024-08-27T00:00:00Z,28.20,130.70,JTWC b-deck
WP112024,2024,2024-08-27T00:00:00Z,28.20,130.70,JTWC b-deck
WP112024,2024,2024-08-27T06:00:00Z,28.40,130.50,JTWC b-deck
WP112024,2024,2024-08-27T06:00:00Z,28.40,130.50,JTWC b-deck
WP112024,2024,2024-08-27T06:00:00Z,28.40,130.50,JTWC b-deck
WP112024,2024,2024-08-27T12:00:00Z,28.60,130.30,JTWC b-deck
WP112024,2024,2024-08-27T12:00:00Z,28.60,130.30,JTWC b-deck
WP112024,2024,2024-08-27T12:00:00Z,28.60,130.30,JTWC b-deck
WP112024,2024,2024-08-27T18:00:00Z,29.00,130.10,JTWC b-deck
WP112024,2024,2024-08-27T18:00:00Z,29.00,130.10,JTWC b-deck
WP112024,2024,2024-08-27T18:00:00Z,29.00,130.10,JTWC b-deck
WP112024,2024,2024-08-28T00:00:00Z,29.30,130.00,JTWC b-deck
WP112024,2024,2024-08-28T00:00:00Z,29.30,130.00,JTWC b-deck
WP112024,2024,2024-08-28T00:00:00Z,29.30,130.00,JTWC b-deck
WP112024,2024,2024-08-28T06:00:00Z,30.00,130.00,JTWC b-deck
WP112024,2024,2024-08-28T06:00:00Z,30.00,130.00,JTWC b-deck
WP112024,2024,2024-08-28T06:00:00Z,30.00,130.00,JTWC b-deck
WP112024,2024,2024-08-28T12:00:00Z,30.60,130.00,JTWC b-deck
WP112024,2024,2024-08-28T12:00:00Z,30.60,130.00,JTWC b-deck
WP112024,2024,2024-08-28T12:00:00Z,30.60,130.00,JTWC b-deck
WP112024,2024,2024-08-28T18:00:00Z,31.30,130.00,JTWC b-deck
WP112024,2024,2024-08-28T18:00:00Z,31.30,130.00,JTWC b-deck
WP112024,2024,2024-08-28T18:00:00Z,31.30,130.00,JTWC b-deck
WP112024,2024,2024-08-29T00:00:00Z,31.90,130.20,JTWC b-deck
WP112024,2024,2024-08-29T00:00:00Z,31.90,130.20,JTWC b-deck
WP112024,2024,2024-08-29T00:00:00Z,31.90,130.20,JTWC b-deck
WP112024,2024,2024-08-29T06:00:00Z,32.70,130.50,JTWC b-deck
WP112024,2024,2024-08-29T06:00:00Z,32.70,130.50,JTWC b-deck
WP112024,2024,2024-08-29T12:00:00Z,33.30,130.80,JTWC b-deck
WP112024,2024,2024-08-29T18:00:00Z,33.50,131.10,JTWC b-deck
WP112024,2024,2024-08-30T00:00:00Z,33.70,131.40,JTWC b-deck
WP112024,2024,2024-08-30T06:00:00Z,33.90,132.20,JTWC b-deck
WP112024,2024,2024-08-30T12:00:00Z,34.10,133.10,JTWC b-deck
WP112024,2024,2024-08-30T18:00:00Z,34.10,134.40,JTWC b-deck
WP112024,2024,2024-08-31T00:00:00Z,33.60,135.50,JTWC b-deck
WP112024,2024,2024-08-31T06:00:00Z,33.40,136.30,JTWC b-deck
WP112024,2024,2024-08-31T12:00:00Z,33.10,137.20,JTWC b-deck
WP112024,2024,2024-08-31T18:00:00Z,33.00,137.10,JTWC b-deck
WP112024,2024,2024-09-01T00:00:00Z,33.20,136.80,JTWC b-deck
WP112024,2024,2024-09-01T06:00:00Z,33.90,136.90,JTWC b-deck
WP112024,2024,2024-09-01T12:00:00Z,35.00,136.40,JTWC b-deck
WP112024,2024,2024-09-01T18:00:00Z,35.80,136.50,JTWC b-deck
WP112025,2025,2025-07-23T00:00:00Z,18.70,120.10,IBTrACS v04r01 (CMA)
WP112025,2025,2025-07-23T03:00:00Z,18.50,119.80,IBTrACS v04r01 (CMA)
WP112025,2025,2025-07-23T06:00:00Z,18.20,119.60,IBTrACS v04r01 (CMA)
WP112025,2025,2025-07-23T09:00:00Z,18.00,119.30,IBTrACS v04r01 (CMA)
WP112025,2025,2025-07-23T12:00:00Z,17.70,118.90,IBTrACS v04r01 (CMA)
WP112025,2025,2025-07-23T15:00:00Z,17.40,118.50,IBTrACS v04r01 (CMA)
WP112025,2025,2025-07-23T18:00:00Z,17.10,118.20,IBTrACS v04r01 (CMA)
WP112025,2025,2025-07-23T21:00:00Z,16.80,118.20,IBTrACS v04r01 (CMA)
WP112025,2025,2025-07-24T00:00:00Z,16.50,118.40,IBTrACS v04r01 (CMA)
WP112025,2025,2025-07-24T03:00:00Z,16.30,118.60,IBTrACS v04r01 (CMA)
WP112025,2025,2025-07-24T06:00:00Z,16.20,118.80,IBTrACS v04r01 (CMA)
WP112025,2025,2025-07-24T09:00:00Z,16.00,119.00,IBTrACS v04r01 (CMA)
WP112025,2025,2025-07-24T12:00:00Z,16.00,119.30,IBTrACS v04r01 (CMA)
WP112025,2025,2025-07-24T15:00:00Z,16.30,119.70,IBTrACS v04r01 (CMA)
WP112025,2025,2025-07-24T18:00:00Z,16.70,120.10,IBTrACS v04r01 (CMA)
WP112025,2025,2025-07-24T21:00:00Z,17.20,120.30,IBTrACS v04r01 (CMA)
WP112025,2025,2025-07-25T00:00:00Z,17.80,120.50,IBTrACS v04r01 (CMA)
WP112025,2025,2025-07-25T03:00:00Z,18.60,120.80,IBTrACS v04r01 (CMA)
WP112025,2025,2025-07-25T06:00:00Z,19.60,121.30,IBTrACS v04r01 (CMA)
WP112025,2025,2025-07-25T09:00:00Z,20.80,122.20,IBTrACS v04r01 (CMA)
WP112025,2025,2025-07-25T12:00:00Z,21.90,123.20,IBTrACS v04r01 (CMA)
WP112025,2025,2025-07-25T15:00:00Z,22.70,124.10,IBTrACS v04r01 (CMA)
WP112025,2025,2025-07-25T18:00:00Z,23.40,124.80,IBTrACS v04r01 (CMA)
WP112025,2025,2025-07-25T21:00:00Z,24.30,125.30,IBTrACS v04r01 (CMA)
WP112025,2025,2025-07-26T00:00:00Z,25.20,125.70,IBTrACS v04r01 (CMA)
WP112025,2025,2025-07-26T03:00:00Z,25.80,126.00,IBTrACS v04r01 (CMA)
WP112025,2025,2025-07-26T06:00:00Z,26.30,126.30,IBTrACS v04r01 (CMA)
WP112025,2025,2025-07-26T09:00:00Z,26.60,126.40,IBTrACS v04r01 (CMA)
WP112025,2025,2025-07-26T12:00:00Z,26.80,126.60,IBTrACS v04r01 (CMA)
WP112025,2025,2025-07-26T15:00:00Z,26.80,126.90,IBTrACS v04r01 (CMA)
WP112025,2025,2025-07-26T18:00:00Z,26.70,127.30,IBTrACS v04r01 (CMA)
WP112025,2025,2025-07-26T21:00:00Z,26.60,127.50,IBTrACS v04r01 (CMA)
WP112025,2025,2025-07-27T00:00:00Z,26.60,127.70,IBTrACS v04r01 (CMA)
WP112025,2025,2025-07-27T03:00:00Z,26.50,128.00,IBTrACS v04r01 (CMA)
WP112025,2025,2025-07-27T06:00:00Z,26.50,128.20,IBTrACS v04r01 (CMA)
WP112025,2025,2025-07-27T09:00:00Z,26.50,128.50,IBTrACS v04r01 (CMA)
WP112025,2025,2025-07-27T12:00:00Z,26.50,128.60,IBTrACS v04r01 (CMA)
WP112025,2025,2025-07-27T15:00:00Z,26.50,128.50,IBTrACS v04r01 (CMA)
WP112025,2025,2025-07-27T18:00:00Z,26.40,128.30,IBTrACS v04r01 (CMA)
WP112025,2025,2025-07-27T21:00:00Z,26.30,128.10,IBTrACS v04r01 (CMA)
WP112025,2025,2025-07-28T00:00:00Z,26.30,128.00,IBTrACS v04r01 (CMA)
WP112025,2025,2025-07-28T03:00:00Z,26.40,128.20,IBTrACS v04r01 (CMA)
WP112025,2025,2025-07-28T06:00:00Z,26.60,128.20,IBTrACS v04r01 (CMA)
WP112025,2025,2025-07-28T09:00:00Z,26.70,127.50,IBTrACS v04r01 (CMA)
WP112025,2025,2025-07-28T12:00:00Z,26.80,126.70,IBTrACS v04r01 (CMA)
WP112025,2025,2025-07-28T15:00:00Z,26.90,126.10,IBTrACS v04r01 (CMA)
WP112025,2025,2025-07-28T18:00:00Z,27.00,125.60,IBTrACS v04r01 (CMA)
WP112025,2025,2025-07-28T21:00:00Z,27.10,125.20,IBTrACS v04r01 (CMA)
WP112025,2025,2025-07-29T00:00:00Z,27.30,124.80,IBTrACS v04r01 (CMA)
WP112025,2025,2025-07-29T03:00:00Z,27.60,124.40,IBTrACS v04r01 (CMA)
WP112025,2025,2025-07-29T06:00:00Z,28.00,124.10,IBTrACS v04r01 (CMA)
WP112025,2025,2025-07-29T09:00:00Z,28.40,123.70,IBTrACS v04r01 (CMA)
WP112025,2025,2025-07-29T12:00:00Z,28.70,123.40,IBTrACS v04r01 (CMA)
WP112025,2025,2025-07-29T15:00:00Z,29.20,123.10,IBTrACS v04r01 (CMA)
WP112025,2025,2025-07-29T18:00:00Z,29.60,122.80,IBTrACS v04r01 (CMA)
WP112025,2025,2025-07-29T21:00:00Z,29.90,122.30,IBTrACS v04r01 (CMA)
WP112025,2025,2025-07-30T00:00:00Z,30.10,122.20,IBTrACS v04r01 (CMA)
WP112025,2025,2025-07-30T03:00:00Z,30.40,122.10,IBTrACS v04r01 (CMA)
WP112025,2025,2025-07-30T06:00:00Z,30.60,121.90,IBTrACS v04r01 (CMA)
WP112025,2025,2025-07-30T09:00:00Z,30.90,121.60,IBTrACS v04r01 (CMA)
WP112025,2025,2025-07-30T12:00:00Z,31.10,121.00,IBTrACS v04r01 (CMA)
WP112025,2025,2025-07-30T15:00:00Z,31.00,120.60,IBTrACS v04r01 (CMA)
WP112025,2025,2025-07-30T18:00:00Z,31.20,120.30,IBTrACS v04r01 (CMA)
WP112025,2025,2025-07-30T21:00:00Z,31.40,120.00,IBTrACS v04r01 (CMA)
WP112025,2025,2025-07-31T00:00:00Z,31.50,119.80,IBTrACS v04r01 (CMA)
WP112025,2025,2025-07-31T03:00:00Z,31.70,119.50,IBTrACS v04r01 (CMA)
WP112025,2025,2025-07-31T06:00:00Z,31.90,119.10,IBTrACS v04r01 (CMA)
WP112025,2025,2025-07-31T09:00:00Z,31.80,118.70,IBTrACS v04r01 (CMA)
WP112025,2025,2025-07-31T12:00:00Z,31.70,118.50,IBTrACS v04r01 (CMA)
WP112025,2025,2025-07-31T15:00:00Z,31.70,118.20,IBTrACS v04r01 (CMA)
WP112025,2025,2025-07-31T18:00:00Z,31.80,117.90,IBTrACS v04r01 (CMA)
WP112025,2025,2025-07-31T21:00:00Z,31.80,117.80,IBTrACS v04r01 (CMA)
WP112025,2025,2025-08-01T00:00:00Z,31.80,117.70,IBTrACS v04r01 (CMA)
WP112025,2025,2025-08-01T03:00:00Z,31.80,117.50,IBTrACS v04r01 (CMA)
WP112025,2025,2025-08-01T06:00:00Z,31.80,117.40,IBTrACS v04r01 (CMA)
WP112025,2025,2025-08-01T09:00:00Z,31.80,117.30,IBTrACS v04r01 (CMA)
WP112025,2025,2025-08-01T12:00:00Z,31.70,117.30,IBTrACS v04r01 (CMA)
WP112025,2025,2025-08-01T15:00:00Z,31.80,117.40,IBTrACS v04r01 (CMA)
WP112025,2025,2025-08-01T18:00:00Z,31.90,117.50,IBTrACS v04r01 (CMA)
WP112025,2025,2025-08-01T21:00:00Z,31.90,118.00,IBTrACS v04r01 (CMA)
WP1122025,2025,2025-11-23T18:00:00Z,8.60,128.70,IBTrACS v04r01 (CMA)
WP1122025,2025,2025-11-23T21:00:00Z,8.80,127.80,IBTrACS v04r01 (CMA)
WP1122025,2025,2025-11-24T00:00:00Z,9.00,127.10,IBTrACS v04r01 (CMA)
WP1122025,2025,2025-11-24T03:00:00Z,9.20,126.70,IBTrACS v04r01 (CMA)
WP1122025,2025,2025-11-24T06:00:00Z,9.40,126.40,IBTrACS v04r01 (CMA)
WP1122025,2025,2025-11-24T09:00:00Z,9.50,125.90,IBTrACS v04r01 (CMA)
WP1122025,2025,2025-11-24T12:00:00Z,9.60,125.30,IBTrACS v04r01 (CMA)
WP1122025,2025,2025-11-24T15:00:00Z,9.80,124.70,IBTrACS v04r01 (CMA)
WP1122025,2025,2025-12-03T06:00:00Z,13.00,109.70,IBTrACS v04r01 (CMA)
WP1122025,2025,2025-12-03T09:00:00Z,12.80,109.20,IBTrACS v04r01 (CMA)
WP1122025,2025,2025-12-03T12:00:00Z,12.50,108.70,IBTrACS v04r01 (CMA)
WP1132025,2025,2025-11-27T03:00:00Z,3.60,100.20,IBTrACS v04r01 (CMA)
WP1132025,2025,2025-11-27T06:00:00Z,3.60,100.40,IBTrACS v04r01 (CMA)
WP1132025,2025,2025-11-27T09:00:00Z,3.60,100.70,IBTrACS v04r01 (CMA)
WP1132025,2025,2025-11-27T12:00:00Z,3.60,101.10,IBTrACS v04r01 (CMA)
WP1132025,2025,2025-11-27T15:00:00Z,3.60,101.40,IBTrACS v04r01 (CMA)
WP1132025,2025,2025-11-27T18:00:00Z,3.60,101.80,IBTrACS v04r01 (CMA)
WP1132025,2025,2025-11-27T21:00:00Z,3.60,102.40,IBTrACS v04r01 (CMA)
WP1132025,2025,2025-11-28T00:00:00Z,3.60,103.00,IBTrACS v04r01 (CMA)
WP1132025,2025,2025-11-28T03:00:00Z,3.70,103.50,IBTrACS v04r01 (CMA)
WP1132025,2025,2025-11-28T06:00:00Z,3.90,103.80,IBTrACS v04r01 (CMA)
WP1132025,2025,2025-11-28T09:00:00Z,4.10,104.10,IBTrACS v04r01 (CMA)
WP1132025,2025,2025-11-28T12:00:00Z,4.20,104.30,IBTrACS v04r01 (CMA)
WP1132025,2025,2025-11-28T15:00:00Z,4.30,104.70,IBTrACS v04r01 (CMA)
WP122017,2017,2017-07-28T00:00:00Z,19.30,117.00,JTWC b-deck
WP122017,2017,2017-07-28T06:00:00Z,19.20,116.20,JTWC b-deck
WP122017,2017,2017-07-28T12:00:00Z,18.40,115.70,JTWC b-deck
WP122017,2017,2017-07-28T18:00:00Z,18.20,116.00,JTWC b-deck
WP122017,2017,2017-07-29T00:00:00Z,18.30,116.30,JTWC b-deck
WP122017,2017,2017-07-29T03:00:00Z,18.00,116.50,JTWC b-deck
WP122017,2017,2017-07-29T06:00:00Z,18.40,117.20,JTWC b-deck
WP122017,2017,2017-07-29T12:00:00Z,18.80,117.80,JTWC b-deck
WP122017,2017,2017-07-29T18:00:00Z,19.30,118.70,JTWC b-deck
WP122017,2017,2017-07-30T00:00:00Z,20.00,119.70,JTWC b-deck
WP122017,2017,2017-07-30T06:00:00Z,21.70,120.30,JTWC b-deck
WP122017,2017,2017-07-30T12:00:00Z,22.70,120.70,JTWC b-deck
WP122017,2017,2017-07-30T18:00:00Z,24.10,120.20,JTWC b-deck
WP122017,2017,2017-07-31T00:00:00Z,25.40,119.00,JTWC b-deck
WP122017,2017,2017-07-31T06:00:00Z,26.50,117.80,JTWC b-deck
WP122018,2018,2018-07-18T12:00:00Z,19.60,129.40,JTWC b-deck
WP122018,2018,2018-07-18T18:00:00Z,19.80,130.10,JTWC b-deck
WP122018,2018,2018-07-19T00:00:00Z,20.10,130.90,JTWC b-deck
WP122018,2018,2018-07-19T06:00:00Z,20.60,131.50,JTWC b-deck
WP122018,2018,2018-07-19T12:00:00Z,21.10,131.70,JTWC b-deck
WP122018,2018,2018-07-19T18:00:00Z,21.90,131.40,JTWC b-deck
WP122018,2018,2018-07-20T00:00:00Z,22.60,131.00,JTWC b-deck
WP122018,2018,2018-07-20T06:00:00Z,23.30,130.60,JTWC b-deck
WP122018,2018,2018-07-20T12:00:00Z,24.40,129.80,JTWC b-deck
WP122018,2018,2018-07-20T18:00:00Z,25.40,128.90,JTWC b-deck
WP122018,2018,2018-07-21T00:00:00Z,26.60,127.90,JTWC b-deck
WP122018,2018,2018-07-21T06:00:00Z,27.70,126.80,JTWC b-deck
WP122018,2018,2018-07-21T12:00:00Z,28.80,125.60,JTWC b-deck
WP122018,2018,2018-07-21T18:00:00Z,29.80,124.00,JTWC b-deck
WP122018,2018,2018-07-21T18:00:00Z,29.80,124.00,JTWC b-deck
WP122018,2018,2018-07-22T00:00:00Z,30.80,123.00,JTWC b-deck
WP122018,2018,2018-07-22T00:00:00Z,30.80,123.00,JTWC b-deck
WP122018,2018,2018-07-22T06:00:00Z,31.90,122.00,JTWC b-deck
WP122018,2018,2018-07-22T06:00:00Z,31.90,122.00,JTWC b-deck
WP122018,2018,2018-07-22T12:00:00Z,32.60,120.90,JTWC b-deck
WP122018,2018,2018-07-22T18:00:00Z,33.50,119.70,JTWC b-deck
WP122018,2018,2018-07-23T00:00:00Z,34.40,119.00,JTWC b-deck
WP122018,2018,2018-07-23T06:00:00Z,35.40,118.40,JTWC b-deck
WP122018,2018,2018-07-23T12:00:00Z,36.60,117.80,JTWC b-deck
WP122018,2018,2018-07-23T18:00:00Z,37.70,117.50,JTWC b-deck
WP122018,2018,2018-07-24T00:00:00Z,39.10,117.50,JTWC b-deck
WP122018,2018,2018-07-24T06:00:00Z,40.10,118.40,JTWC b-deck
WP122018,2018,2018-07-24T12:00:00Z,41.60,120.20,JTWC b-deck
WP122019,2019,2019-08-19T00:00:00Z,12.60,135.10,JTWC b-deck
WP122019,2019,2019-08-19T06:00:00Z,12.80,134.70,JTWC b-deck
WP122019,2019,2019-08-19T12:00:00Z,13.00,134.30,JTWC b-deck
WP122019,2019,2019-08-19T18:00:00Z,13.20,134.00,JTWC b-deck
WP122019,2019,2019-08-20T00:00:00Z,13.50,133.80,JTWC b-deck
WP122019,2019,2019-08-20T06:00:00Z,13.80,133.60,JTWC b-deck
WP122019,2019,2019-08-20T12:00:00Z,14.20,133.40,JTWC b-deck
WP122019,2019,2019-08-20T18:00:00Z,14.50,133.00,JTWC b-deck
WP122019,2019,2019-08-21T00:00:00Z,14.80,132.50,JTWC b-deck
WP122019,2019,2019-08-21T06:00:00Z,14.90,131.80,JTWC b-deck
WP122019,2019,2019-08-21T12:00:00Z,15.10,130.90,JTWC b-deck
WP122019,2019,2019-08-21T18:00:00Z,15.50,130.10,JTWC b-deck
WP122019,2019,2019-08-22T00:00:00Z,15.70,129.20,JTWC b-deck
WP122019,2019,2019-08-22T06:00:00Z,15.90,128.40,JTWC b-deck
WP122019,2019,2019-08-22T12:00:00Z,16.70,127.80,JTWC b-deck
WP122019,2019,2019-08-22T18:00:00Z,17.80,127.60,JTWC b-deck
WP122019,2019,2019-08-23T00:00:00Z,18.30,126.10,JTWC b-deck
WP122019,2019,2019-08-23T06:00:00Z,19.20,125.30,JTWC b-deck
WP122019,2019,2019-08-23T12:00:00Z,19.90,124.30,JTWC b-deck
WP122019,2019,2019-08-23T12:00:00Z,19.90,124.30,JTWC b-deck
WP122019,2019,2019-08-23T18:00:00Z,20.70,122.90,JTWC b-deck
WP122019,2019,2019-08-23T18:00:00Z,20.70,122.90,JTWC b-deck
WP122019,2019,2019-08-24T00:00:00Z,21.50,121.90,JTWC b-deck
WP122019,2019,2019-08-24T00:00:00Z,21.50,121.90,JTWC b-deck
WP122019,2019,2019-08-24T06:00:00Z,22.40,120.70,JTWC b-deck
WP122019,2019,2019-08-24T06:00:00Z,22.40,120.70,JTWC b-deck
WP122019,2019,2019-08-24T12:00:00Z,22.80,119.20,JTWC b-deck
WP122019,2019,2019-08-24T12:00:00Z,22.80,119.20,JTWC b-deck
WP122019,2019,2019-08-24T18:00:00Z,22.80,117.90,JTWC b-deck
WP122019,2019,2019-08-25T00:00:00Z,23.80,117.10,JTWC b-deck
WP122019,2019,2019-08-25T06:00:00Z,24.70,115.90,JTWC b-deck
WP122019,2019,2019-08-25T12:00:00Z,24.90,114.40,JTWC b-deck
WP122019,2019,2019-08-25T18:00:00Z,24.80,113.40,JTWC b-deck
WP122019,2019,2019-08-26T00:00:00Z,24.80,112.20,JTWC b-deck
WP122020,2020,2020-09-10T06:00:00Z,25.70,142.50,JTWC b-deck
WP122020,2020,2020-09-10T12:00:00Z,25.70,141.10,JTWC b-deck
WP122020,2020,2020-09-10T18:00:00Z,27.10,140.40,JTWC b-deck
WP122020,2020,2020-09-11T00:00:00Z,27.90,140.00,JTWC b-deck
WP122020,2020,2020-09-11T06:00:00Z,28.50,139.70,JTWC b-deck
WP122020,2020,2020-09-11T12:00:00Z,29.60,138.80,JTWC b-deck
WP122020,2020,2020-09-11T18:00:00Z,30.90,138.20,JTWC b-deck
WP122020,2020,2020-09-12T00:00:00Z,31.60,138.40,JTWC b-deck
WP122020,2020,2020-09-12T06:00:00Z,31.90,139.30,JTWC b-deck
WP122021,2021,2021-08-01T18:00:00Z,20.00,155.40,JTWC b-deck
WP122021,2021,2021-08-02T00:00:00Z,21.40,154.90,JTWC b-deck
WP122021,2021,2021-08-02T06:00:00Z,23.00,154.20,JTWC b-deck
WP122021,2021,2021-08-02T12:00:00Z,23.90,153.60,JTWC b-deck
WP122021,2021,2021-08-02T18:00:00Z,25.30,153.20,JTWC b-deck
WP122021,2021,2021-08-03T00:00:00Z,26.40,152.20,JTWC b-deck
WP122021,2021,2021-08-03T06:00:00Z,27.50,150.80,JTWC b-deck
WP122021,2021,2021-08-03T12:00:00Z,28.40,149.60,JTWC b-deck
WP122021,2021,2021-08-03T18:00:00Z,29.00,147.00,JTWC b-deck
WP122021,2021,2021-08-04T00:00:00Z,29.30,144.80,JTWC b-deck
WP122021,2021,2021-08-04T06:00:00Z,29.50,143.40,JTWC b-deck
WP122021,2021,2021-08-04T12:00:00Z,29.40,141.00,JTWC b-deck
WP122021,2021,2021-08-04T18:00:00Z,29.40,140.40,JTWC b-deck
WP122021,2021,2021-08-05T00:00:00Z,29.30,139.70,JTWC b-deck
WP122021,2021,2021-08-05T06:00:00Z,29.40,137.60,JTWC b-deck
WP122021,2021,2021-08-05T12:00:00Z,29.50,136.60,JTWC b-deck
WP122021,2021,2021-08-05T18:00:00Z,30.60,136.20,JTWC b-deck
WP122021,2021,2021-08-06T00:00:00Z,31.20,135.00,JTWC b-deck
WP122021,2021,2021-08-06T06:00:00Z,31.50,133.00,JTWC b-deck
WP122022,2022,2022-08-27T00:00:00Z,21.70,150.10,JTWC b-deck
WP122022,2022,2022-08-27T06:00:00Z,22.40,150.70,JTWC b-deck
WP122022,2022,2022-08-27T12:00:00Z,23.10,151.00,JTWC b-deck
WP122022,2022,2022-08-27T18:00:00Z,23.70,150.80,JTWC b-deck
WP122022,2022,2022-08-28T00:00:00Z,25.00,150.40,JTWC b-deck
WP122022,2022,2022-08-28T06:00:00Z,26.00,149.40,JTWC b-deck
WP122022,2022,2022-08-28T12:00:00Z,26.70,148.40,JTWC b-deck
WP122022,2022,2022-08-28T18:00:00Z,27.10,146.70,JTWC b-deck
WP122022,2022,2022-08-28T18:00:00Z,27.10,146.70,JTWC b-deck
WP122022,2022,2022-08-29T00:00:00Z,27.30,145.40,JTWC b-deck
WP122022,2022,2022-08-29T00:00:00Z,27.30,145.40,JTWC b-deck
WP122022,2022,2022-08-29T06:00:00Z,27.40,143.00,JTWC b-deck
WP122022,2022,2022-08-29T06:00:00Z,27.40,143.00,JTWC b-deck
WP122022,2022,2022-08-29T06:00:00Z,27.40,143.00,JTWC b-deck
WP122022,2022,2022-08-29T12:00:00Z,27.20,141.20,JTWC b-deck
WP122022,2022,2022-08-29T12:00:00Z,27.20,141.20,JTWC b-deck
WP122022,2022,2022-08-29T12:00:00Z,27.20,141.20,JTWC b-deck
WP122022,2022,2022-08-29T18:00:00Z,27.10,139.10,JTWC b-deck
WP122022,2022,2022-08-29T18:00:00Z,27.10,139.10,JTWC b-deck
WP122022,2022,2022-08-29T18:00:00Z,27.10,139.10,JTWC b-deck
WP122022,2022,2022-08-30T00:00:00Z,26.90,137.30,JTWC b-deck
WP122022,2022,2022-08-30T00:00:00Z,26.90,137.30,JTWC b-deck
WP122022,2022,2022-08-30T00:00:00Z,26.90,137.30,JTWC b-deck
WP122022,2022,2022-08-30T06:00:00Z,26.80,135.40,JTWC b-deck
WP122022,2022,2022-08-30T06:00:00Z,26.80,135.40,JTWC b-deck
WP122022,2022,2022-08-30T06:00:00Z,26.80,135.40,JTWC b-deck
WP122022,2022,2022-08-30T12:00:00Z,26.60,133.60,JTWC b-deck
WP122022,2022,2022-08-30T12:00:00Z,26.60,133.60,JTWC b-deck
WP122022,2022,2022-08-30T12:00:00Z,26.60,133.60,JTWC b-deck
WP122022,2022,2022-08-30T18:00:00Z,26.30,131.90,JTWC b-deck
WP122022,2022,2022-08-30T18:00:00Z,26.30,131.90,JTWC b-deck
WP122022,2022,2022-08-30T18:00:00Z,26.30,131.90,JTWC b-deck
WP122022,2022,2022-08-31T00:00:00Z,25.80,130.30,JTWC b-deck
WP122022,2022,2022-08-31T00:00:00Z,25.80,130.30,JTWC b-deck
WP122022,2022,2022-08-31T00:00:00Z,25.80,130.30,JTWC b-deck
WP122022,2022,2022-08-31T06:00:00Z,25.40,129.00,JTWC b-deck
WP122022,2022,2022-08-31T06:00:00Z,25.40,129.00,JTWC b-deck
WP122022,2022,2022-08-31T06:00:00Z,25.40,129.00,JTWC b-deck
WP122022,2022,2022-08-31T12:00:00Z,24.70,127.70,JTWC b-deck
WP122022,2022,2022-08-31T12:00:00Z,24.70,127.70,JTWC b-deck
WP122022,2022,2022-08-31T12:00:00Z,24.70,127.70,JTWC b-deck
WP122022,2022,2022-08-31T18:00:00Z,23.60,126.30,JTWC b-deck
WP122022,2022,2022-08-31T18:00:00Z,23.60,126.30,JTWC b-deck
WP122022,2022,2022-08-31T18:00:00Z,23.60,126.30,JTWC b-deck
WP122022,2022,2022-08-31T21:00:00Z,23.10,126.00,JTWC b-deck
WP122022,2022,2022-08-31T21:00:00Z,23.10,126.00,JTWC b-deck
WP122022,2022,2022-08-31T21:00:00Z,23.10,126.00,JTWC b-deck
WP122022,2022,2022-09-01T00:00:00Z,22.50,125.80,JTWC b-deck
WP122022,2022,2022-09-01T00:00:00Z,22.50,125.80,JTWC b-deck
WP122022,2022,2022-09-01T00:00:00Z,22.50,125.80,JTWC b-deck
WP122022,2022,2022-09-01T06:00:00Z,21.70,125.50,JTWC b-deck
WP122022,2022,2022-09-01T06:00:00Z,21.70,125.50,JTWC b-deck
WP122022,2022,2022-09-01T06:00:00Z,21.70,125.50,JTWC b-deck
WP122022,2022,2022-09-01T12:00:00Z,21.30,125.50,JTWC b-deck
WP122022,2022,2022-09-01T12:00:00Z,21.30,125.50,JTWC b-deck
WP122022,2022,2022-09-01T12:00:00Z,21.30,125.50,JTWC b-deck
WP122022,2022,2022-09-01T18:00:00Z,21.40,125.50,JTWC b-deck
WP122022,2022,2022-09-01T18:00:00Z,21.40,125.50,JTWC b-deck
WP122022,2022,2022-09-01T18:00:00Z,21.40,125.50,JTWC b-deck
WP122022,2022,2022-09-02T00:00:00Z,21.60,125.30,JTWC b-deck
WP122022,2022,2022-09-02T00:00:00Z,21.60,125.30,JTWC b-deck
WP122022,2022,2022-09-02T00:00:00Z,21.60,125.30,JTWC b-deck
WP122022,2022,2022-09-02T06:00:00Z,22.00,125.00,JTWC b-deck
WP122022,2022,2022-09-02T06:00:00Z,22.00,125.00,JTWC b-deck
WP122022,2022,2022-09-02T06:00:00Z,22.00,125.00,JTWC b-deck
WP122022,2022,2022-09-02T12:00:00Z,22.10,124.70,JTWC b-deck
WP122022,2022,2022-09-02T12:00:00Z,22.10,124.70,JTWC b-deck
WP122022,2022,2022-09-02T12:00:00Z,22.10,124.70,JTWC b-deck
WP122022,2022,2022-09-02T18:00:00Z,22.40,124.70,JTWC b-deck
WP122022,2022,2022-09-02T18:00:00Z,22.40,124.70,JTWC b-deck
WP122022,2022,2022-09-02T18:00:00Z,22.40,124.70,JTWC b-deck
WP122022,2022,2022-09-03T00:00:00Z,23.10,124.70,JTWC b-deck
WP122022,2022,2022-09-03T00:00:00Z,23.10,124.70,JTWC b-deck
WP122022,2022,2022-09-03T00:00:00Z,23.10,124.70,JTWC b-deck
WP122022,2022,2022-09-03T06:00:00Z,23.70,124.80,JTWC b-deck
WP122022,2022,2022-09-03T06:00:00Z,23.70,124.80,JTWC b-deck
WP122022,2022,2022-09-03T06:00:00Z,23.70,124.80,JTWC b-deck
WP122022,2022,2022-09-03T12:00:00Z,24.40,124.80,JTWC b-deck
WP122022,2022,2022-09-03T12:00:00Z,24.40,124.80,JTWC b-deck
WP122022,2022,2022-09-03T12:00:00Z,24.40,124.80,JTWC b-deck
WP122022,2022,2022-09-03T18:00:00Z,25.10,124.60,JTWC b-deck
WP122022,2022,2022-09-03T18:00:00Z,25.10,124.60,JTWC b-deck
WP122022,2022,2022-09-03T18:00:00Z,25.10,124.60,JTWC b-deck
WP122022,2022,2022-09-04T00:00:00Z,26.10,124.60,JTWC b-deck
WP122022,2022,2022-09-04T00:00:00Z,26.10,124.60,JTWC b-deck
WP122022,2022,2022-09-04T00:00:00Z,26.10,124.60,JTWC b-deck
WP122022,2022,2022-09-04T06:00:00Z,27.10,124.80,JTWC b-deck
WP122022,2022,2022-09-04T06:00:00Z,27.10,124.80,JTWC b-deck
WP122022,2022,2022-09-04T06:00:00Z,27.10,124.80,JTWC b-deck
WP122022,2022,2022-09-04T12:00:00Z,27.70,124.70,JTWC b-deck
WP122022,2022,2022-09-04T12:00:00Z,27.70,124.70,JTWC b-deck
WP122022,2022,2022-09-04T12:00:00Z,27.70,124.70,JTWC b-deck
WP122022,2022,2022-09-04T18:00:00Z,28.60,124.70,JTWC b-deck
WP122022,2022,2022-09-04T18:00:00Z,28.60,124.70,JTWC b-deck
WP122022,2022,2022-09-04T18:00:00Z,28.60,124.70,JTWC b-deck
WP122022,2022,2022-09-05T00:00:00Z,29.80,124.90,JTWC b-deck
WP122022,2022,2022-09-05T00:00:00Z,29.80,124.90,JTWC b-deck
WP122022,2022,2022-09-05T00:00:00Z,29.80,124.90,JTWC b-deck
WP122022,2022,2022-09-05T06:00:00Z,31.00,125.60,JTWC b-deck
WP122022,2022,2022-09-05T06:00:00Z,31.00,125.60,JTWC b-deck
WP122022,2022,2022-09-05T06:00:00Z,31.00,125.60,JTWC b-deck
WP122022,2022,2022-09-05T12:00:00Z,32.50,126.60,JTWC b-deck
WP122022,2022,2022-09-05T12:00:00Z,32.50,126.60,JTWC b-deck
WP122022,2022,2022-09-05T12:00:00Z,32.50,126.60,JTWC b-deck
WP122022,2022,2022-09-05T18:00:00Z,34.30,128.10,JTWC b-deck
WP122022,2022,2022-09-05T18:00:00Z,34.30,128.10,JTWC b-deck
WP122022,2022,2022-09-05T18:00:00Z,34.30,128.10,JTWC b-deck
WP122022,2022,2022-09-06T00:00:00Z,36.40,130.40,JTWC b-deck
WP122022,2022,2022-09-06T00:00:00Z,36.40,130.40,JTWC b-deck
WP122022,2022,2022-09-06T00:00:00Z,36.40,130.40,JTWC b-deck
WP122022,2022,2022-09-06T06:00:00Z,39.90,133.70,JTWC b-deck
WP122022,2022,2022-09-06T06:00:00Z,39.90,133.70,JTWC b-deck
WP122022,2022,2022-09-06T12:00:00Z,44.30,138.00,JTWC b-deck
WP122023,2023,2023-09-04T00:00:00Z,20.30,130.00,JTWC b-deck
WP122023,2023,2023-09-04T06:00:00Z,20.80,130.30,JTWC b-deck
WP122023,2023,2023-09-04T12:00:00Z,21.20,130.60,JTWC b-deck
WP122023,2023,2023-09-04T18:00:00Z,21.30,131.00,JTWC b-deck
WP122023,2023,2023-09-05T00:00:00Z,21.30,131.50,JTWC b-deck
WP122023,2023,2023-09-05T06:00:00Z,21.60,131.60,JTWC b-deck
WP122023,2023,2023-09-05T12:00:00Z,21.90,131.70,JTWC b-deck
WP122023,2023,2023-09-05T18:00:00Z,23.60,132.60,JTWC b-deck
WP122023,2023,2023-09-06T00:00:00Z,25.80,133.20,JTWC b-deck
WP122023,2023,2023-09-06T06:00:00Z,26.50,134.10,JTWC b-deck
WP122023,2023,2023-09-06T12:00:00Z,27.60,134.70,JTWC b-deck
WP122023,2023,2023-09-06T18:00:00Z,28.70,135.90,JTWC b-deck
WP122023,2023,2023-09-07T00:00:00Z,29.80,136.50,JTWC b-deck
WP122023,2023,2023-09-07T06:00:00Z,30.80,137.00,JTWC b-deck
WP122023,2023,2023-09-07T12:00:00Z,31.80,137.10,JTWC b-deck
WP122023,2023,2023-09-07T18:00:00Z,32.60,137.20,JTWC b-deck
WP122023,2023,2023-09-08T00:00:00Z,32.70,137.10,JTWC b-deck
WP122023,2023,2023-09-08T06:00:00Z,32.70,137.60,JTWC b-deck
WP122023,2023,2023-09-08T12:00:00Z,33.50,138.00,JTWC b-deck
WP122023,2023,2023-09-08T18:00:00Z,34.20,138.30,JTWC b-deck
WP122023,2023,2023-09-09T00:00:00Z,34.70,138.60,JTWC b-deck
WP122023,2023,2023-09-09T06:00:00Z,35.10,138.70,JTWC b-deck
WP122024,2024,2024-08-30T12:00:00Z,8.80,136.80,JTWC b-deck
WP122024,2024,2024-08-30T18:00:00Z,9.40,134.80,JTWC b-deck
WP122024,2024,2024-08-31T00:00:00Z,9.90,132.80,JTWC b-deck
WP122024,2024,2024-08-31T06:00:00Z,10.60,130.90,JTWC b-deck
WP122024,2024,2024-08-31T12:00:00Z,11.00,129.30,JTWC b-deck
WP122024,2024,2024-08-31T18:00:00Z,11.50,127.70,JTWC b-deck
WP122024,2024,2024-09-01T00:00:00Z,12.10,126.40,JTWC b-deck
WP122024,2024,2024-09-01T06:00:00Z,13.00,125.40,JTWC b-deck
WP122024,2024,2024-09-01T12:00:00Z,13.80,124.20,JTWC b-deck
WP122024,2024,2024-09-01T18:00:00Z,14.50,123.30,JTWC b-deck
WP122024,2024,2024-09-02T00:00:00Z,15.30,122.70,JTWC b-deck
WP122024,2024,2024-09-02T06:00:00Z,16.20,122.20,JTWC b-deck
WP122024,2024,2024-09-02T06:00:00Z,16.20,122.20,JTWC b-deck
WP122024,2024,2024-09-02T12:00:00Z,17.30,121.90,JTWC b-deck
WP122024,2024,2024-09-02T18:00:00Z,17.80,120.90,JTWC b-deck
WP122024,2024,2024-09-03T00:00:00Z,18.30,119.60,JTWC b-deck
WP122024,2024,2024-09-03T06:00:00Z,18.50,119.00,JTWC b-deck
WP122024,2024,2024-09-03T12:00:00Z,18.60,118.80,JTWC b-deck
WP122024,2024,2024-09-03T12:00:00Z,18.60,118.80,JTWC b-deck
WP122024,2024,2024-09-03T18:00:00Z,18.80,118.40,JTWC b-deck
WP122024,2024,2024-09-03T18:00:00Z,18.80,118.40,JTWC b-deck
WP122024,2024,2024-09-04T00:00:00Z,19.00,117.80,JTWC b-deck
WP122024,2024,2024-09-04T00:00:00Z,19.00,117.80,JTWC b-deck
WP122024,2024,2024-09-04T00:00:00Z,19.00,117.80,JTWC b-deck
WP122024,2024,2024-09-04T06:00:00Z,19.10,117.50,JTWC b-deck
WP122024,2024,2024-09-04T06:00:00Z,19.10,117.50,JTWC b-deck
WP122024,2024,2024-09-04T06:00:00Z,19.10,117.50,JTWC b-deck
WP122024,2024,2024-09-04T12:00:00Z,19.20,117.00,JTWC b-deck
WP122024,2024,2024-09-04T12:00:00Z,19.20,117.00,JTWC b-deck
WP122024,2024,2024-09-04T12:00:00Z,19.20,117.00,JTWC b-deck
WP122024,2024,2024-09-04T18:00:00Z,19.10,116.20,JTWC b-deck
WP122024,2024,2024-09-04T18:00:00Z,19.10,116.20,JTWC b-deck
WP122024,2024,2024-09-04T18:00:00Z,19.10,116.20,JTWC b-deck
WP122024,2024,2024-09-04T21:00:00Z,19.10,115.90,JTWC b-deck
WP122024,2024,2024-09-04T21:00:00Z,19.10,115.90,JTWC b-deck
WP122024,2024,2024-09-04T21:00:00Z,19.10,115.90,JTWC b-deck
WP122024,2024,2024-09-05T00:00:00Z,19.10,115.70,JTWC b-deck
WP122024,2024,2024-09-05T00:00:00Z,19.10,115.70,JTWC b-deck
WP122024,2024,2024-09-05T00:00:00Z,19.10,115.70,JTWC b-deck
WP122024,2024,2024-09-05T06:00:00Z,19.20,115.10,JTWC b-deck
WP122024,2024,2024-09-05T06:00:00Z,19.20,115.10,JTWC b-deck
WP122024,2024,2024-09-05T06:00:00Z,19.20,115.10,JTWC b-deck
WP122024,2024,2024-09-05T12:00:00Z,19.30,114.10,JTWC b-deck
WP122024,2024,2024-09-05T12:00:00Z,19.30,114.10,JTWC b-deck
WP122024,2024,2024-09-05T12:00:00Z,19.30,114.10,JTWC b-deck
WP122024,2024,2024-09-05T18:00:00Z,19.20,113.00,JTWC b-deck
WP122024,2024,2024-09-05T18:00:00Z,19.20,113.00,JTWC b-deck
WP122024,2024,2024-09-05T18:00:00Z,19.20,113.00,JTWC b-deck
WP122024,2024,2024-09-06T00:00:00Z,19.20,112.20,JTWC b-deck
WP122024,2024,2024-09-06T00:00:00Z,19.20,112.20,JTWC b-deck
WP122024,2024,2024-09-06T00:00:00Z,19.20,112.20,JTWC b-deck
WP122024,2024,2024-09-06T06:00:00Z,19.80,111.20,JTWC b-deck
WP122024,2024,2024-09-06T06:00:00Z,19.80,111.20,JTWC b-deck
WP122024,2024,2024-09-06T06:00:00Z,19.80,111.20,JTWC b-deck
WP122024,2024,2024-09-06T12:00:00Z,20.10,110.20,JTWC b-deck
WP122024,2024,2024-09-06T12:00:00Z,20.10,110.20,JTWC b-deck
WP122024,2024,2024-09-06T12:00:00Z,20.10,110.20,JTWC b-deck
WP122024,2024,2024-09-06T18:00:00Z,20.20,109.00,JTWC b-deck
WP122024,2024,2024-09-06T18:00:00Z,20.20,109.00,JTWC b-deck
WP122024,2024,2024-09-06T18:00:00Z,20.20,109.00,JTWC b-deck
WP122024,2024,2024-09-07T00:00:00Z,20.50,108.20,JTWC b-deck
WP122024,2024,2024-09-07T00:00:00Z,20.50,108.20,JTWC b-deck
WP122024,2024,2024-09-07T00:00:00Z,20.50,108.20,JTWC b-deck
WP122024,2024,2024-09-07T06:00:00Z,20.90,107.10,JTWC b-deck
WP122024,2024,2024-09-07T06:00:00Z,20.90,107.10,JTWC b-deck
WP122024,2024,2024-09-07T06:00:00Z,20.90,107.10,JTWC b-deck
WP122024,2024,2024-09-07T12:00:00Z,21.00,106.00,JTWC b-deck
WP122024,2024,2024-09-07T12:00:00Z,21.00,106.00,JTWC b-deck
WP122024,2024,2024-09-07T12:00:00Z,21.00,106.00,JTWC b-deck
WP122024,2024,2024-09-07T18:00:00Z,21.20,105.00,JTWC b-deck
WP122024,2024,2024-09-07T18:00:00Z,21.20,105.00,JTWC b-deck
WP122024,2024,2024-09-08T00:00:00Z,21.30,104.40,JTWC b-deck
WP122024,2024,2024-09-08T06:00:00Z,21.40,103.90,JTWC b-deck
WP122024,2024,2024-09-08T12:00:00Z,21.70,103.60,JTWC b-deck
WP122025,2025,2025-07-23T18:00:00Z,13.50,144.20,IBTrACS v04r01 (CMA)
WP122025,2025,2025-07-23T21:00:00Z,13.80,144.00,IBTrACS v04r01 (CMA)
WP122025,2025,2025-07-24T00:00:00Z,14.20,143.90,IBTrACS v04r01 (CMA)
WP122025,2025,2025-07-24T03:00:00Z,14.70,143.70,IBTrACS v04r01 (CMA)
WP122025,2025,2025-07-24T06:00:00Z,15.10,143.60,IBTrACS v04r01 (CMA)
WP122025,2025,2025-07-24T09:00:00Z,15.50,143.50,IBTrACS v04r01 (CMA)
WP122025,2025,2025-07-24T12:00:00Z,15.80,143.50,IBTrACS v04r01 (CMA)
WP122025,2025,2025-07-24T15:00:00Z,16.20,143.50,IBTrACS v04r01 (CMA)
WP122025,2025,2025-07-24T18:00:00Z,16.50,143.50,IBTrACS v04r01 (CMA)
WP122025,2025,2025-07-24T21:00:00Z,16.70,143.50,IBTrACS v04r01 (CMA)
WP122025,2025,2025-07-25T00:00:00Z,16.90,143.50,IBTrACS v04r01 (CMA)
WP122025,2025,2025-07-25T03:00:00Z,17.10,143.40,IBTrACS v04r01 (CMA)
WP122025,2025,2025-07-25T06:00:00Z,17.30,143.40,IBTrACS v04r01 (CMA)
WP122025,2025,2025-07-25T09:00:00Z,17.40,143.50,IBTrACS v04r01 (CMA)
WP122025,2025,2025-07-25T12:00:00Z,17.40,143.60,IBTrACS v04r01 (CMA)
WP122025,2025,2025-07-25T15:00:00Z,17.40,143.70,IBTrACS v04r01 (CMA)
WP122025,2025,2025-07-25T18:00:00Z,17.50,143.70,IBTrACS v04r01 (CMA)
WP122025,2025,2025-07-25T21:00:00Z,17.60,143.80,IBTrACS v04r01 (CMA)
WP122025,2025,2025-07-26T00:00:00Z,17.70,143.90,IBTrACS v04r01 (CMA)
WP122025,2025,2025-07-26T03:00:00Z,17.80,144.00,IBTrACS v04r01 (CMA)
WP122025,2025,2025-07-26T06:00:00Z,18.00,144.20,IBTrACS v04r01 (CMA)
WP122025,2025,2025-07-26T09:00:00Z,18.20,144.30,IBTrACS v04r01 (CMA)
WP122025,2025,2025-07-26T12:00:00Z,18.50,144.50,IBTrACS v04r01 (CMA)
WP122025,2025,2025-07-26T15:00:00Z,19.00,144.80,IBTrACS v04r01 (CMA)
WP122025,2025,2025-07-26T18:00:00Z,19.50,145.10,IBTrACS v04r01 (CMA)
WP122025,2025,2025-07-26T21:00:00Z,20.10,145.20,IBTrACS v04r01 (CMA)
WP122025,2025,2025-07-27T00:00:00Z,20.60,145.30,IBTrACS v04r01 (CMA)
WP122025,2025,2025-07-27T03:00:00Z,21.00,145.40,IBTrACS v04r01 (CMA)
WP122025,2025,2025-07-27T06:00:00Z,21.50,145.50,IBTrACS v04r01 (CMA)
WP122025,2025,2025-07-27T09:00:00Z,22.20,145.60,IBTrACS v04r01 (CMA)
WP122025,2025,2025-07-27T12:00:00Z,23.00,145.60,IBTrACS v04r01 (CMA)
WP122025,2025,2025-07-27T15:00:00Z,23.60,145.60,IBTrACS v04r01 (CMA)
WP122025,2025,2025-07-27T18:00:00Z,24.20,145.50,IBTrACS v04r01 (CMA)
WP122025,2025,2025-07-27T21:00:00Z,25.00,145.30,IBTrACS v04r01 (CMA)
WP122025,2025,2025-07-28T00:00:00Z,25.80,145.10,IBTrACS v04r01 (CMA)
WP122025,2025,2025-07-28T03:00:00Z,26.40,144.80,IBTrACS v04r01 (CMA)
WP122025,2025,2025-07-28T06:00:00Z,26.80,144.50,IBTrACS v04r01 (CMA)
WP122025,2025,2025-07-28T09:00:00Z,27.10,144.30,IBTrACS v04r01 (CMA)
WP122025,2025,2025-07-28T12:00:00Z,27.30,144.10,IBTrACS v04r01 (CMA)
WP122025,2025,2025-07-28T15:00:00Z,27.60,143.90,IBTrACS v04r01 (CMA)
WP122025,2025,2025-07-28T18:00:00Z,27.80,143.60,IBTrACS v04r01 (CMA)
WP122025,2025,2025-07-28T21:00:00Z,28.00,143.40,IBTrACS v04r01 (CMA)
WP122025,2025,2025-07-29T00:00:00Z,28.20,143.20,IBTrACS v04r01 (CMA)
WP122025,2025,2025-07-29T03:00:00Z,28.40,143.00,IBTrACS v04r01 (CMA)
WP122025,2025,2025-07-29T06:00:00Z,28.50,142.90,IBTrACS v04r01 (CMA)
WP122025,2025,2025-07-29T09:00:00Z,28.60,142.90,IBTrACS v04r01 (CMA)
WP122025,2025,2025-07-29T12:00:00Z,28.60,142.90,IBTrACS v04r01 (CMA)
WP122025,2025,2025-07-29T15:00:00Z,28.70,142.90,IBTrACS v04r01 (CMA)
WP122025,2025,2025-07-29T18:00:00Z,28.70,142.90,IBTrACS v04r01 (CMA)
WP122025,2025,2025-07-29T21:00:00Z,28.70,142.90,IBTrACS v04r01 (CMA)
WP122025,2025,2025-07-30T00:00:00Z,28.80,142.90,IBTrACS v04r01 (CMA)
WP122025,2025,2025-07-30T03:00:00Z,28.90,143.00,IBTrACS v04r01 (CMA)
WP122025,2025,2025-07-30T06:00:00Z,29.00,143.20,IBTrACS v04r01 (CMA)
WP122025,2025,2025-07-30T09:00:00Z,29.10,143.20,IBTrACS v04r01 (CMA)
WP122025,2025,2025-07-30T12:00:00Z,29.30,143.20,IBTrACS v04r01 (CMA)
WP122025,2025,2025-07-30T15:00:00Z,29.40,143.20,IBTrACS v04r01 (CMA)
WP122025,2025,2025-07-30T18:00:00Z,29.60,143.10,IBTrACS v04r01 (CMA)
WP122025,2025,2025-07-30T21:00:00Z,29.80,143.10,IBTrACS v04r01 (CMA)
WP122025,2025,2025-07-31T00:00:00Z,30.00,143.00,IBTrACS v04r01 (CMA)
WP122025,2025,2025-07-31T03:00:00Z,30.30,142.90,IBTrACS v04r01 (CMA)
WP122025,2025,2025-07-31T06:00:00Z,30.60,142.70,IBTrACS v04r01 (CMA)
WP122025,2025,2025-07-31T09:00:00Z,30.80,142.50,IBTrACS v04r01 (CMA)
WP122025,2025,2025-07-31T12:00:00Z,31.10,142.40,IBTrACS v04r01 (CMA)
WP122025,2025,2025-07-31T15:00:00Z,31.40,142.20,IBTrACS v04r01 (CMA)
WP122025,2025,2025-07-31T18:00:00Z,31.70,142.10,IBTrACS v04r01 (CMA)
WP122025,2025,2025-07-31T21:00:00Z,32.00,142.00,IBTrACS v04r01 (CMA)
WP122025,2025,2025-08-01T00:00:00Z,32.50,141.80,IBTrACS v04r01 (CMA)
WP122025,2025,2025-08-01T03:00:00Z,33.20,141.60,IBTrACS v04r01 (CMA)
WP122025,2025,2025-08-01T06:00:00Z,33.80,141.40,IBTrACS v04r01 (CMA)
WP122025,2025,2025-08-01T09:00:00Z,34.20,141.30,IBTrACS v04r01 (CMA)
WP122025,2025,2025-08-01T12:00:00Z,34.50,141.30,IBTrACS v04r01 (CMA)
WP122025,2025,2025-08-01T15:00:00Z,34.80,141.40,IBTrACS v04r01 (CMA)
WP122025,2025,2025-08-01T18:00:00Z,35.20,141.60,IBTrACS v04r01 (CMA)
WP122025,2025,2025-08-01T21:00:00Z,35.80,142.10,IBTrACS v04r01 (CMA)
WP122025,2025,2025-08-02T00:00:00Z,36.40,142.70,IBTrACS v04r01 (CMA)
WP122025,2025,2025-08-02T03:00:00Z,37.00,143.20,IBTrACS v04r01 (CMA)
WP122025,2025,2025-08-02T06:00:00Z,37.50,143.90,IBTrACS v04r01 (CMA)
WP122025,2025,2025-08-02T09:00:00Z,38.00,144.90,IBTrACS v04r01 (CMA)
WP122025,2025,2025-08-02T12:00:00Z,38.40,146.10,IBTrACS v04r01 (CMA)
WP122025,2025,2025-08-02T15:00:00Z,38.70,147.10,IBTrACS v04r01 (CMA)
WP122025,2025,2025-08-02T18:00:00Z,39.00,148.20,IBTrACS v04r01 (CMA)
WP122025,2025,2025-08-02T21:00:00Z,39.40,149.70,IBTrACS v04r01 (CMA)
WP122025,2025,2025-08-03T00:00:00Z,39.80,151.30,IBTrACS v04r01 (CMA)
WP122025,2025,2025-08-03T03:00:00Z,40.20,152.90,IBTrACS v04r01 (CMA)
WP122025,2025,2025-08-03T06:00:00Z,40.60,154.50,IBTrACS v04r01 (CMA)
WP122025,2025,2025-08-03T09:00:00Z,41.00,156.10,IBTrACS v04r01 (CMA)
WP122025,2025,2025-08-03T12:00:00Z,41.30,157.80,IBTrACS v04r01 (CMA)
WP122025,2025,2025-08-03T15:00:00Z,41.70,159.60,IBTrACS v04r01 (CMA)
WP122025,2025,2025-08-03T18:00:00Z,42.00,161.30,IBTrACS v04r01 (CMA)
WP122025,2025,2025-08-03T21:00:00Z,42.30,162.40,IBTrACS v04r01 (CMA)
WP122025,2025,2025-08-04T00:00:00Z,42.60,163.30,IBTrACS v04r01 (CMA)
WP122025,2025,2025-08-04T03:00:00Z,43.00,164.50,IBTrACS v04r01 (CMA)
WP132017,2017,2017-07-31T18:00:00Z,26.80,161.20,JTWC b-deck
WP132017,2017,2017-08-01T00:00:00Z,26.50,162.40,JTWC b-deck
WP132017,2017,2017-08-01T06:00:00Z,26.10,163.10,JTWC b-deck
WP132017,2017,2017-08-01T12:00:00Z,25.60,163.90,JTWC b-deck
WP132017,2017,2017-08-01T18:00:00Z,25.30,164.60,JTWC b-deck
WP132017,2017,2017-08-02T00:00:00Z,25.40,165.30,JTWC b-deck
WP132017,2017,2017-08-02T06:00:00Z,25.60,165.40,JTWC b-deck
WP132017,2017,2017-08-02T12:00:00Z,25.90,165.40,JTWC b-deck
WP132017,2017,2017-08-02T18:00:00Z,26.20,165.20,JTWC b-deck
WP132017,2017,2017-08-03T00:00:00Z,26.60,164.70,JTWC b-deck
WP132017,2017,2017-08-03T06:00:00Z,27.20,164.10,JTWC b-deck
WP132017,2017,2017-08-03T12:00:00Z,27.50,163.60,JTWC b-deck
WP132017,2017,2017-08-03T18:00:00Z,27.80,163.10,JTWC b-deck
WP132017,2017,2017-08-04T00:00:00Z,28.30,162.80,JTWC b-deck
WP132017,2017,2017-08-04T06:00:00Z,28.90,162.80,JTWC b-deck
WP132017,2017,2017-08-04T12:00:00Z,29.80,162.50,JTWC b-deck
WP132017,2017,2017-08-04T18:00:00Z,30.80,162.30,JTWC b-deck
WP132017,2017,2017-08-05T00:00:00Z,32.50,162.20,JTWC b-deck
WP132017,2017,2017-08-05T06:00:00Z,34.20,162.00,JTWC b-deck
WP132017,2017,2017-08-05T12:00:00Z,36.10,161.10,JTWC b-deck
WP132017,2017,2017-08-05T12:00:00Z,36.10,161.10,JTWC b-deck
WP132017,2017,2017-08-05T18:00:00Z,38.00,160.20,JTWC b-deck
WP132017,2017,2017-08-05T18:00:00Z,38.00,160.20,JTWC b-deck
WP132017,2017,2017-08-06T00:00:00Z,39.90,159.20,JTWC b-deck
WP132017,2017,2017-08-06T00:00:00Z,39.90,159.20,JTWC b-deck
WP132017,2017,2017-08-06T06:00:00Z,41.70,158.50,JTWC b-deck
WP132017,2017,2017-08-06T12:00:00Z,44.00,156.90,JTWC b-deck
WP132018,2018,2018-07-20T12:00:00Z,18.00,116.40,JTWC b-deck
WP132018,2018,2018-07-20T18:00:00Z,17.80,117.80,JTWC b-deck
WP132018,2018,2018-07-21T00:00:00Z,17.90,118.60,JTWC b-deck
WP132018,2018,2018-07-21T06:00:00Z,18.40,119.90,JTWC b-deck
WP132018,2018,2018-07-21T12:00:00Z,18.80,120.90,JTWC b-deck
WP132018,2018,2018-07-21T18:00:00Z,19.70,121.90,JTWC b-deck
WP132018,2018,2018-07-22T00:00:00Z,20.50,123.30,JTWC b-deck
WP132018,2018,2018-07-22T06:00:00Z,21.70,124.10,JTWC b-deck
WP132018,2018,2018-07-22T12:00:00Z,23.20,124.10,JTWC b-deck
WP132018,2018,2018-07-22T18:00:00Z,24.70,124.10,JTWC b-deck
WP132018,2018,2018-07-23T00:00:00Z,26.10,123.80,JTWC b-deck
WP132018,2018,2018-07-23T06:00:00Z,28.30,123.60,JTWC b-deck
WP132018,2018,2018-07-23T12:00:00Z,30.00,123.10,JTWC b-deck
WP132019,2019,2019-08-24T12:00:00Z,8.10,140.60,JTWC b-deck
WP132019,2019,2019-08-24T18:00:00Z,8.30,139.60,JTWC b-deck
WP132019,2019,2019-08-25T00:00:00Z,8.70,138.80,JTWC b-deck
WP132019,2019,2019-08-25T06:00:00Z,9.20,138.00,JTWC b-deck
WP132019,2019,2019-08-25T12:00:00Z,10.40,136.80,JTWC b-deck
WP132019,2019,2019-08-25T18:00:00Z,11.70,135.30,JTWC b-deck
WP132019,2019,2019-08-26T00:00:00Z,12.80,133.70,JTWC b-deck
WP132019,2019,2019-08-26T06:00:00Z,13.30,131.90,JTWC b-deck
WP132019,2019,2019-08-26T12:00:00Z,13.70,129.60,JTWC b-deck
WP132019,2019,2019-08-26T18:00:00Z,14.30,128.10,JTWC b-deck
WP132019,2019,2019-08-27T00:00:00Z,14.70,126.70,JTWC b-deck
WP132019,2019,2019-08-27T06:00:00Z,15.20,124.80,JTWC b-deck
WP132019,2019,2019-08-27T09:00:00Z,15.80,124.00,JTWC b-deck
WP132019,2019,2019-08-27T12:00:00Z,16.00,122.90,JTWC b-deck
WP132019,2019,2019-08-27T18:00:00Z,16.30,120.60,JTWC b-deck
WP132019,2019,2019-08-28T00:00:00Z,16.70,118.00,JTWC b-deck
WP132019,2019,2019-08-28T06:00:00Z,16.80,116.40,JTWC b-deck
WP132019,2019,2019-08-28T12:00:00Z,17.10,114.80,JTWC b-deck
WP132019,2019,2019-08-28T18:00:00Z,17.30,113.20,JTWC b-deck
WP132019,2019,2019-08-29T00:00:00Z,17.50,111.60,JTWC b-deck
WP132019,2019,2019-08-29T06:00:00Z,17.50,109.70,JTWC b-deck
WP132019,2019,2019-08-29T12:00:00Z,17.70,108.00,JTWC b-deck
WP132019,2019,2019-08-29T18:00:00Z,17.20,106.40,JTWC b-deck
WP132019,2019,2019-08-30T00:00:00Z,16.50,104.50,JTWC b-deck
WP132019,2019,2019-08-30T06:00:00Z,16.60,103.60,JTWC b-deck
WP132019,2019,2019-08-30T12:00:00Z,16.80,103.00,JTWC b-deck
WP132019,2019,2019-08-30T18:00:00Z,17.30,102.50,JTWC b-deck
WP132019,2019,2019-08-31T00:00:00Z,17.90,102.10,JTWC b-deck
WP132020,2020,2020-09-14T00:00:00Z,11.00,127.30,JTWC b-deck
WP132020,2020,2020-09-14T06:00:00Z,11.60,126.50,JTWC b-deck
WP132020,2020,2020-09-14T12:00:00Z,12.40,125.40,JTWC b-deck
WP132020,2020,2020-09-14T18:00:00Z,12.60,123.70,JTWC b-deck
WP132020,2020,2020-09-15T00:00:00Z,12.80,122.00,JTWC b-deck
WP132020,2020,2020-09-15T06:00:00Z,12.80,120.50,JTWC b-deck
WP132020,2020,2020-09-15T12:00:00Z,12.70,119.20,JTWC b-deck
WP132020,2020,2020-09-15T18:00:00Z,12.80,118.20,JTWC b-deck
WP132020,2020,2020-09-16T00:00:00Z,13.10,117.60,JTWC b-deck
WP132020,2020,2020-09-16T06:00:00Z,13.60,116.60,JTWC b-deck
WP132020,2020,2020-09-16T12:00:00Z,13.90,116.00,JTWC b-deck
WP132020,2020,2020-09-16T18:00:00Z,14.30,115.20,JTWC b-deck
WP132020,2020,2020-09-17T00:00:00Z,14.70,114.30,JTWC b-deck
WP132020,2020,2020-09-17T06:00:00Z,15.60,113.10,JTWC b-deck
WP132020,2020,2020-09-17T12:00:00Z,16.10,111.20,JTWC b-deck
WP132020,2020,2020-09-17T18:00:00Z,16.30,110.30,JTWC b-deck
WP132020,2020,2020-09-17T18:00:00Z,16.30,110.30,JTWC b-deck
WP132020,2020,2020-09-18T00:00:00Z,16.60,108.10,JTWC b-deck
WP132020,2020,2020-09-18T06:00:00Z,16.30,105.30,JTWC b-deck
WP132020,2020,2020-09-18T12:00:00Z,16.10,103.60,JTWC b-deck
WP132020,2020,2020-09-18T18:00:00Z,16.10,102.20,JTWC b-deck
WP132021,2021,2021-08-02T06:00:00Z,20.70,110.40,JTWC b-deck
WP132021,2021,2021-08-02T12:00:00Z,20.90,111.80,JTWC b-deck
WP132021,2021,2021-08-02T18:00:00Z,21.00,112.70,JTWC b-deck
WP132021,2021,2021-08-03T00:00:00Z,21.30,113.30,JTWC b-deck
WP132021,2021,2021-08-03T06:00:00Z,21.40,113.80,JTWC b-deck
WP132021,2021,2021-08-03T12:00:00Z,21.20,114.20,JTWC b-deck
WP132021,2021,2021-08-03T18:00:00Z,21.00,114.80,JTWC b-deck
WP132021,2021,2021-08-04T00:00:00Z,21.30,115.50,JTWC b-deck
WP132021,2021,2021-08-04T06:00:00Z,21.50,115.90,JTWC b-deck
WP132021,2021,2021-08-04T12:00:00Z,21.70,116.40,JTWC b-deck
WP132021,2021,2021-08-04T18:00:00Z,22.50,116.90,JTWC b-deck
WP132021,2021,2021-08-05T00:00:00Z,23.00,117.00,JTWC b-deck
WP132021,2021,2021-08-05T06:00:00Z,23.40,117.10,JTWC b-deck
WP132021,2021,2021-08-05T12:00:00Z,23.70,117.20,JTWC b-deck
WP132021,2021,2021-08-05T18:00:00Z,24.00,117.30,JTWC b-deck
WP132021,2021,2021-08-06T00:00:00Z,24.40,118.20,JTWC b-deck
WP132021,2021,2021-08-06T06:00:00Z,24.70,118.90,JTWC b-deck
WP132021,2021,2021-08-06T12:00:00Z,25.10,119.30,JTWC b-deck
WP132021,2021,2021-08-06T18:00:00Z,25.00,119.90,JTWC b-deck
WP132021,2021,2021-08-07T00:00:00Z,25.00,120.50,JTWC b-deck
WP132021,2021,2021-08-07T06:00:00Z,25.50,122.50,JTWC b-deck
WP132021,2021,2021-08-07T12:00:00Z,27.30,124.50,JTWC b-deck
WP132021,2021,2021-08-07T18:00:00Z,28.60,125.90,JTWC b-deck
WP132021,2021,2021-08-08T00:00:00Z,29.40,127.00,JTWC b-deck
WP132021,2021,2021-08-08T06:00:00Z,30.40,128.40,JTWC b-deck
WP132021,2021,2021-08-08T12:00:00Z,31.40,130.60,JTWC b-deck
WP132021,2021,2021-08-08T18:00:00Z,33.70,132.20,JTWC b-deck
WP132021,2021,2021-08-09T00:00:00Z,35.10,133.30,JTWC b-deck
WP132021,2021,2021-08-09T06:00:00Z,36.50,135.10,JTWC b-deck
WP132021,2021,2021-08-09T12:00:00Z,37.90,136.50,JTWC b-deck
WP132021,2021,2021-08-09T18:00:00Z,38.80,137.90,JTWC b-deck
WP132021,2021,2021-08-10T00:00:00Z,39.60,140.80,JTWC b-deck
WP132021,2021,2021-08-10T06:00:00Z,40.50,144.10,JTWC b-deck
WP132022,2022,2022-08-29T12:00:00Z,20.30,133.00,JTWC b-deck
WP132022,2022,2022-08-29T18:00:00Z,20.10,133.30,JTWC b-deck
WP132022,2022,2022-08-30T00:00:00Z,19.80,133.50,JTWC b-deck
WP132022,2022,2022-08-30T06:00:00Z,19.60,133.20,JTWC b-deck
WP132022,2022,2022-08-30T12:00:00Z,19.40,132.90,JTWC b-deck
WP132022,2022,2022-08-30T18:00:00Z,19.50,132.10,JTWC b-deck
WP132022,2022,2022-08-31T00:00:00Z,20.20,132.40,JTWC b-deck
WP132022,2022,2022-08-31T06:00:00Z,20.80,132.20,JTWC b-deck
WP132022,2022,2022-08-31T12:00:00Z,22.20,132.00,JTWC b-deck
WP132022,2022,2022-08-31T18:00:00Z,23.80,130.50,JTWC b-deck
WP132023,2023,2023-09-23T00:00:00Z,15.50,116.10,JTWC b-deck
WP132023,2023,2023-09-23T06:00:00Z,15.40,116.00,JTWC b-deck
WP132023,2023,2023-09-23T12:00:00Z,15.30,115.40,JTWC b-deck
WP132023,2023,2023-09-23T18:00:00Z,15.20,114.70,JTWC b-deck
WP132023,2023,2023-09-24T00:00:00Z,15.10,114.00,JTWC b-deck
WP132023,2023,2023-09-24T06:00:00Z,14.80,112.80,JTWC b-deck
WP132023,2023,2023-09-24T12:00:00Z,14.80,111.60,JTWC b-deck
WP132023,2023,2023-09-24T18:00:00Z,15.00,111.00,JTWC b-deck
WP132023,2023,2023-09-25T00:00:00Z,15.20,110.50,JTWC b-deck
WP132023,2023,2023-09-25T06:00:00Z,15.70,109.20,JTWC b-deck
WP132023,2023,2023-09-25T12:00:00Z,16.00,108.30,JTWC b-deck
WP132023,2023,2023-09-25T18:00:00Z,16.40,107.50,JTWC b-deck
WP132023,2023,2023-09-26T00:00:00Z,16.40,106.40,JTWC b-deck
WP132023,2023,2023-09-26T06:00:00Z,16.60,105.30,JTWC b-deck
WP132023,2023,2023-09-26T12:00:00Z,16.70,104.20,JTWC b-deck
WP132024,2024,2024-09-02T06:00:00Z,23.50,146.50,JTWC b-deck
WP132024,2024,2024-09-02T12:00:00Z,23.90,146.70,JTWC b-deck
WP132024,2024,2024-09-02T18:00:00Z,24.40,147.00,JTWC b-deck
WP132024,2024,2024-09-03T00:00:00Z,24.70,147.10,JTWC b-deck
WP132024,2024,2024-09-03T06:00:00Z,25.00,147.20,JTWC b-deck
WP132024,2024,2024-09-03T12:00:00Z,25.40,147.30,JTWC b-deck
WP132024,2024,2024-09-03T18:00:00Z,26.50,147.40,JTWC b-deck
WP132024,2024,2024-09-04T00:00:00Z,27.80,147.00,JTWC b-deck
WP132024,2024,2024-09-04T06:00:00Z,28.70,146.90,JTWC b-deck
WP132024,2024,2024-09-04T12:00:00Z,29.50,146.90,JTWC b-deck
WP132024,2024,2024-09-04T18:00:00Z,30.80,146.40,JTWC b-deck
WP132024,2024,2024-09-05T00:00:00Z,32.20,145.90,JTWC b-deck
WP132024,2024,2024-09-05T06:00:00Z,33.10,145.80,JTWC b-deck
WP132024,2024,2024-09-05T12:00:00Z,33.90,146.00,JTWC b-deck
WP132024,2024,2024-09-05T18:00:00Z,35.00,146.90,JTWC b-deck
WP132024,2024,2024-09-06T00:00:00Z,36.00,148.00,JTWC b-deck
WP132024,2024,2024-09-06T06:00:00Z,37.00,149.80,JTWC b-deck
WP132024,2024,2024-09-06T12:00:00Z,37.90,151.00,JTWC b-deck
WP132024,2024,2024-09-06T18:00:00Z,39.30,152.90,JTWC b-deck
WP132024,2024,2024-09-07T00:00:00Z,40.80,155.00,JTWC b-deck
WP132024,2024,2024-09-07T06:00:00Z,41.70,157.60,JTWC b-deck
WP132025,2025,2025-08-02T00:00:00Z,27.30,137.00,IBTrACS v04r01 (CMA)
WP132025,2025,2025-08-02T03:00:00Z,27.90,137.50,IBTrACS v04r01 (CMA)
WP132025,2025,2025-08-02T06:00:00Z,28.60,138.10,IBTrACS v04r01 (CMA)
WP132025,2025,2025-08-02T09:00:00Z,29.40,138.50,IBTrACS v04r01 (CMA)
WP132025,2025,2025-08-02T12:00:00Z,30.30,138.90,IBTrACS v04r01 (CMA)
WP132025,2025,2025-08-02T15:00:00Z,31.00,139.50,IBTrACS v04r01 (CMA)
WP132025,2025,2025-08-02T18:00:00Z,31.70,140.10,IBTrACS v04r01 (CMA)
WP132025,2025,2025-08-02T21:00:00Z,32.40,140.70,IBTrACS v04r01 (CMA)
WP132025,2025,2025-08-03T00:00:00Z,33.10,141.40,IBTrACS v04r01 (CMA)
WP132025,2025,2025-08-03T03:00:00Z,33.80,142.50,IBTrACS v04r01 (CMA)
WP132025,2025,2025-08-03T06:00:00Z,34.50,143.60,IBTrACS v04r01 (CMA)
WP132025,2025,2025-08-03T09:00:00Z,35.10,144.40,IBTrACS v04r01 (CMA)
WP132025,2025,2025-08-03T12:00:00Z,35.70,145.30,IBTrACS v04r01 (CMA)
WP132025,2025,2025-08-03T15:00:00Z,36.30,146.40,IBTrACS v04r01 (CMA)
WP132025,2025,2025-08-03T18:00:00Z,36.70,147.60,IBTrACS v04r01 (CMA)
WP132025,2025,2025-08-03T21:00:00Z,37.00,148.70,IBTrACS v04r01 (CMA)
WP132025,2025,2025-08-04T00:00:00Z,37.10,149.70,IBTrACS v04r01 (CMA)
WP132025,2025,2025-08-04T03:00:00Z,37.30,150.70,IBTrACS v04r01 (CMA)
WP132025,2025,2025-08-04T06:00:00Z,37.40,151.70,IBTrACS v04r01 (CMA)
WP132025,2025,2025-08-04T09:00:00Z,37.50,152.70,IBTrACS v04r01 (CMA)
WP132025,2025,2025-08-04T12:00:00Z,37.60,153.70,IBTrACS v04r01 (CMA)
WP132025,2025,2025-08-04T15:00:00Z,37.80,154.90,IBTrACS v04r01 (CMA)
WP132025,2025,2025-08-04T18:00:00Z,37.90,155.90,IBTrACS v04r01 (CMA)
WP132025,2025,2025-08-04T21:00:00Z,38.00,156.60,IBTrACS v04r01 (CMA)
WP132025,2025,2025-08-05T00:00:00Z,38.10,157.10,IBTrACS v04r01 (CMA)
WP132025,2025,2025-08-05T03:00:00Z,38.40,157.70,IBTrACS v04r01 (CMA)
WP132025,2025,2025-08-05T06:00:00Z,38.70,158.20,IBTrACS v04r01 (CMA)
WP132025,2025,2025-08-05T09:00:00Z,38.90,158.60,IBTrACS v04r01 (CMA)
WP132025,2025,2025-08-05T12:00:00Z,39.20,159.10,IBTrACS v04r01 (CMA)
WP132025,2025,2025-08-05T15:00:00Z,39.50,159.70,IBTrACS v04r01 (CMA)
WP132025,2025,2025-08-05T18:00:00Z,39.80,160.40,IBTrACS v04r01 (CMA)
WP132025,2025,2025-08-05T21:00:00Z,40.00,161.00,IBTrACS v04r01 (CMA)
WP132025,2025,2025-08-06T00:00:00Z,40.20,161.80,IBTrACS v04r01 (CMA)
WP132025,2025,2025-08-06T03:00:00Z,40.70,162.90,IBTrACS v04r01 (CMA)
WP142017,2017,2017-08-10T12:00:00Z,15.50,171.90,JTWC b-deck
WP142017,2017,2017-08-10T18:00:00Z,16.30,170.70,JTWC b-deck
WP142017,2017,2017-08-11T00:00:00Z,16.70,169.80,JTWC b-deck
WP142017,2017,2017-08-11T06:00:00Z,17.10,168.80,JTWC b-deck
WP142017,2017,2017-08-11T12:00:00Z,17.60,167.70,JTWC b-deck
WP142017,2017,2017-08-11T18:00:00Z,18.20,166.60,JTWC b-deck
WP142017,2017,2017-08-12T00:00:00Z,18.70,165.70,JTWC b-deck
WP142017,2017,2017-08-12T00:00:00Z,18.70,165.70,JTWC b-deck
WP142017,2017,2017-08-12T06:00:00Z,19.30,165.10,JTWC b-deck
WP142017,2017,2017-08-12T06:00:00Z,19.30,165.10,JTWC b-deck
WP142017,2017,2017-08-12T12:00:00Z,20.00,164.70,JTWC b-deck
WP142017,2017,2017-08-12T12:00:00Z,20.00,164.70,JTWC b-deck
WP142017,2017,2017-08-12T18:00:00Z,20.50,164.30,JTWC b-deck
WP142017,2017,2017-08-12T18:00:00Z,20.50,164.30,JTWC b-deck
WP142017,2017,2017-08-12T18:00:00Z,20.50,164.30,JTWC b-deck
WP142017,2017,2017-08-12T21:00:00Z,20.70,164.20,JTWC b-deck
WP142017,2017,2017-08-12T21:00:00Z,20.70,164.20,JTWC b-deck
WP142017,2017,2017-08-13T00:00:00Z,21.00,164.10,JTWC b-deck
WP142017,2017,2017-08-13T00:00:00Z,21.00,164.10,JTWC b-deck
WP142017,2017,2017-08-13T00:00:00Z,21.00,164.10,JTWC b-deck
WP142017,2017,2017-08-13T06:00:00Z,21.50,163.90,JTWC b-deck
WP142017,2017,2017-08-13T06:00:00Z,21.50,163.90,JTWC b-deck
WP142017,2017,2017-08-13T06:00:00Z,21.50,163.90,JTWC b-deck
WP142017,2017,2017-08-13T12:00:00Z,21.90,163.70,JTWC b-deck
WP142017,2017,2017-08-13T12:00:00Z,21.90,163.70,JTWC b-deck
WP142017,2017,2017-08-13T12:00:00Z,21.90,163.70,JTWC b-deck
WP142017,2017,2017-08-13T18:00:00Z,22.20,163.50,JTWC b-deck
WP142017,2017,2017-08-13T18:00:00Z,22.20,163.50,JTWC b-deck
WP142017,2017,2017-08-13T18:00:00Z,22.20,163.50,JTWC b-deck
WP142017,2017,2017-08-14T00:00:00Z,22.80,163.40,JTWC b-deck
WP142017,2017,2017-08-14T00:00:00Z,22.80,163.40,JTWC b-deck
WP142017,2017,2017-08-14T00:00:00Z,22.80,163.40,JTWC b-deck
WP142017,2017,2017-08-14T06:00:00Z,23.40,163.30,JTWC b-deck
WP142017,2017,2017-08-14T06:00:00Z,23.40,163.30,JTWC b-deck
WP142017,2017,2017-08-14T06:00:00Z,23.40,163.30,JTWC b-deck
WP142017,2017,2017-08-14T12:00:00Z,24.10,163.00,JTWC b-deck
WP142017,2017,2017-08-14T12:00:00Z,24.10,163.00,JTWC b-deck
WP142017,2017,2017-08-14T12:00:00Z,24.10,163.00,JTWC b-deck
WP142017,2017,2017-08-14T18:00:00Z,24.80,162.70,JTWC b-deck
WP142017,2017,2017-08-14T18:00:00Z,24.80,162.70,JTWC b-deck
WP142017,2017,2017-08-14T18:00:00Z,24.80,162.70,JTWC b-deck
WP142017,2017,2017-08-15T00:00:00Z,26.00,162.40,JTWC b-deck
WP142017,2017,2017-08-15T00:00:00Z,26.00,162.40,JTWC b-deck
WP142017,2017,2017-08-15T00:00:00Z,26.00,162.40,JTWC b-deck
WP142017,2017,2017-08-15T06:00:00Z,27.10,162.10,JTWC b-deck
WP142017,2017,2017-08-15T06:00:00Z,27.10,162.10,JTWC b-deck
WP142017,2017,2017-08-15T06:00:00Z,27.10,162.10,JTWC b-deck
WP142017,2017,2017-08-15T12:00:00Z,28.40,162.30,JTWC b-deck
WP142017,2017,2017-08-15T12:00:00Z,28.40,162.30,JTWC b-deck
WP142017,2017,2017-08-15T12:00:00Z,28.40,162.30,JTWC b-deck
WP142017,2017,2017-08-15T18:00:00Z,29.70,162.50,JTWC b-deck
WP142017,2017,2017-08-15T18:00:00Z,29.70,162.50,JTWC b-deck
WP142017,2017,2017-08-15T18:00:00Z,29.70,162.50,JTWC b-deck
WP142017,2017,2017-08-16T00:00:00Z,31.50,163.60,JTWC b-deck
WP142017,2017,2017-08-16T00:00:00Z,31.50,163.60,JTWC b-deck
WP142017,2017,2017-08-16T00:00:00Z,31.50,163.60,JTWC b-deck
WP142017,2017,2017-08-16T06:00:00Z,33.10,165.10,JTWC b-deck
WP142017,2017,2017-08-16T06:00:00Z,33.10,165.10,JTWC b-deck
WP142017,2017,2017-08-16T12:00:00Z,35.60,167.80,JTWC b-deck
WP142017,2017,2017-08-16T12:00:00Z,35.60,167.80,JTWC b-deck
WP142017,2017,2017-08-16T12:00:00Z,35.60,167.80,JTWC b-deck
WP142017,2017,2017-08-16T18:00:00Z,37.90,170.60,JTWC b-deck
WP142017,2017,2017-08-16T18:00:00Z,37.90,170.60,JTWC b-deck
WP142017,2017,2017-08-17T00:00:00Z,40.60,173.80,JTWC b-deck
WP142017,2017,2017-08-17T00:00:00Z,40.60,173.80,JTWC b-deck
WP142017,2017,2017-08-17T06:00:00Z,43.00,176.40,JTWC b-deck
WP142017,2017,2017-08-17T06:00:00Z,43.00,176.40,JTWC b-deck
WP142018,2018,2018-07-21T06:00:00Z,20.60,158.80,JTWC b-deck
WP142018,2018,2018-07-21T12:00:00Z,21.10,158.90,JTWC b-deck
WP142018,2018,2018-07-21T18:00:00Z,21.70,159.00,JTWC b-deck
WP142018,2018,2018-07-22T00:00:00Z,22.10,159.20,JTWC b-deck
WP142018,2018,2018-07-22T06:00:00Z,22.80,159.30,JTWC b-deck
WP142018,2018,2018-07-22T12:00:00Z,23.70,159.40,JTWC b-deck
WP142018,2018,2018-07-22T18:00:00Z,24.40,159.30,JTWC b-deck
WP142018,2018,2018-07-23T00:00:00Z,25.20,159.60,JTWC b-deck
WP142018,2018,2018-07-23T06:00:00Z,26.10,159.20,JTWC b-deck
WP142018,2018,2018-07-23T12:00:00Z,27.20,159.30,JTWC b-deck
WP142018,2018,2018-07-23T18:00:00Z,28.40,159.10,JTWC b-deck
WP142018,2018,2018-07-24T00:00:00Z,29.20,159.00,JTWC b-deck
WP142018,2018,2018-07-24T06:00:00Z,30.10,158.80,JTWC b-deck
WP142018,2018,2018-07-24T12:00:00Z,30.80,158.50,JTWC b-deck
WP142018,2018,2018-07-24T12:00:00Z,30.80,158.50,JTWC b-deck
WP142018,2018,2018-07-24T18:00:00Z,31.70,158.20,JTWC b-deck
WP142018,2018,2018-07-24T18:00:00Z,31.70,158.20,JTWC b-deck
WP142018,2018,2018-07-25T00:00:00Z,32.70,158.00,JTWC b-deck
WP142018,2018,2018-07-25T00:00:00Z,32.70,158.00,JTWC b-deck
WP142018,2018,2018-07-25T06:00:00Z,33.90,157.80,JTWC b-deck
WP142018,2018,2018-07-25T06:00:00Z,33.90,157.80,JTWC b-deck
WP142018,2018,2018-07-25T06:00:00Z,33.90,157.80,JTWC b-deck
WP142018,2018,2018-07-25T12:00:00Z,35.30,157.30,JTWC b-deck
WP142018,2018,2018-07-25T12:00:00Z,35.30,157.30,JTWC b-deck
WP142018,2018,2018-07-25T18:00:00Z,37.10,156.10,JTWC b-deck
WP142018,2018,2018-07-25T18:00:00Z,37.10,156.10,JTWC b-deck
WP142018,2018,2018-07-26T00:00:00Z,38.50,154.70,JTWC b-deck
WP142018,2018,2018-07-26T00:00:00Z,38.50,154.70,JTWC b-deck
WP142018,2018,2018-07-26T06:00:00Z,40.00,153.50,JTWC b-deck
WP142018,2018,2018-07-26T12:00:00Z,41.30,152.40,JTWC b-deck
WP142018,2018,2018-07-26T18:00:00Z,43.00,152.00,JTWC b-deck
WP142018,2018,2018-07-27T00:00:00Z,44.50,152.10,JTWC b-deck
WP142018,2018,2018-07-27T06:00:00Z,45.90,153.20,JTWC b-deck
WP142019,2019,2019-08-30T06:00:00Z,13.80,-179.90,JTWC b-deck
WP142019,2019,2019-08-30T12:00:00Z,13.90,179.10,JTWC b-deck
WP142019,2019,2019-08-30T18:00:00Z,14.00,178.10,JTWC b-deck
WP142019,2019,2019-08-31T00:00:00Z,14.40,177.40,JTWC b-deck
WP142019,2019,2019-08-31T06:00:00Z,14.50,176.40,JTWC b-deck
WP142019,2019,2019-08-31T12:00:00Z,14.50,174.80,JTWC b-deck
WP142019,2019,2019-08-31T18:00:00Z,14.90,173.30,JTWC b-deck
WP142019,2019,2019-09-01T00:00:00Z,14.90,172.20,JTWC b-deck
WP142019,2019,2019-09-01T06:00:00Z,15.30,171.40,JTWC b-deck
WP142019,2019,2019-09-01T12:00:00Z,15.30,170.40,JTWC b-deck
WP142019,2019,2019-09-01T18:00:00Z,15.40,169.40,JTWC b-deck
WP142019,2019,2019-09-02T00:00:00Z,15.90,167.90,JTWC b-deck
WP142019,2019,2019-09-02T06:00:00Z,16.40,166.20,JTWC b-deck
WP142019,2019,2019-09-02T12:00:00Z,16.60,164.90,JTWC b-deck
WP142019,2019,2019-09-02T18:00:00Z,16.80,163.80,JTWC b-deck
WP142019,2019,2019-09-03T00:00:00Z,17.00,162.70,JTWC b-deck
WP142019,2019,2019-09-03T06:00:00Z,16.90,161.40,JTWC b-deck
WP142019,2019,2019-09-03T12:00:00Z,16.90,160.50,JTWC b-deck
WP142019,2019,2019-09-03T18:00:00Z,17.20,159.90,JTWC b-deck
WP142019,2019,2019-09-04T00:00:00Z,17.60,159.30,JTWC b-deck
WP142019,2019,2019-09-04T06:00:00Z,18.20,158.40,JTWC b-deck
WP142019,2019,2019-09-04T12:00:00Z,18.20,157.40,JTWC b-deck
WP142019,2019,2019-09-04T18:00:00Z,18.50,156.70,JTWC b-deck
WP142019,2019,2019-09-05T00:00:00Z,19.30,156.20,JTWC b-deck
WP142019,2019,2019-09-05T06:00:00Z,20.10,155.20,JTWC b-deck
WP142019,2019,2019-09-05T12:00:00Z,20.90,154.10,JTWC b-deck
WP142019,2019,2019-09-05T12:00:00Z,20.90,154.10,JTWC b-deck
WP142019,2019,2019-09-05T18:00:00Z,21.70,153.00,JTWC b-deck
WP142019,2019,2019-09-05T18:00:00Z,21.70,153.00,JTWC b-deck
WP142019,2019,2019-09-06T00:00:00Z,22.80,151.90,JTWC b-deck
WP142019,2019,2019-09-06T00:00:00Z,22.80,151.90,JTWC b-deck
WP142019,2019,2019-09-06T06:00:00Z,23.80,149.90,JTWC b-deck
WP142019,2019,2019-09-06T06:00:00Z,23.80,149.90,JTWC b-deck
WP142019,2019,2019-09-06T06:00:00Z,23.80,149.90,JTWC b-deck
WP142019,2019,2019-09-06T12:00:00Z,24.70,148.10,JTWC b-deck
WP142019,2019,2019-09-06T12:00:00Z,24.70,148.10,JTWC b-deck
WP142019,2019,2019-09-06T12:00:00Z,24.70,148.10,JTWC b-deck
WP142019,2019,2019-09-06T18:00:00Z,25.80,146.40,JTWC b-deck
WP142019,2019,2019-09-06T18:00:00Z,25.80,146.40,JTWC b-deck
WP142019,2019,2019-09-06T18:00:00Z,25.80,146.40,JTWC b-deck
WP142019,2019,2019-09-07T00:00:00Z,26.80,144.80,JTWC b-deck
WP142019,2019,2019-09-07T00:00:00Z,26.80,144.80,JTWC b-deck
WP142019,2019,2019-09-07T00:00:00Z,26.80,144.80,JTWC b-deck
WP142019,2019,2019-09-07T06:00:00Z,27.90,143.20,JTWC b-deck
WP142019,2019,2019-09-07T06:00:00Z,27.90,143.20,JTWC b-deck
WP142019,2019,2019-09-07T06:00:00Z,27.90,143.20,JTWC b-deck
WP142019,2019,2019-09-07T12:00:00Z,28.90,141.80,JTWC b-deck
WP142019,2019,2019-09-07T12:00:00Z,28.90,141.80,JTWC b-deck
WP142019,2019,2019-09-07T12:00:00Z,28.90,141.80,JTWC b-deck
WP142019,2019,2019-09-07T18:00:00Z,30.10,140.50,JTWC b-deck
WP142019,2019,2019-09-07T18:00:00Z,30.10,140.50,JTWC b-deck
WP142019,2019,2019-09-07T18:00:00Z,30.10,140.50,JTWC b-deck
WP142019,2019,2019-09-08T00:00:00Z,31.50,139.60,JTWC b-deck
WP142019,2019,2019-09-08T00:00:00Z,31.50,139.60,JTWC b-deck
WP142019,2019,2019-09-08T00:00:00Z,31.50,139.60,JTWC b-deck
WP142019,2019,2019-09-08T06:00:00Z,33.00,139.00,JTWC b-deck
WP142019,2019,2019-09-08T06:00:00Z,33.00,139.00,JTWC b-deck
WP142019,2019,2019-09-08T06:00:00Z,33.00,139.00,JTWC b-deck
WP142019,2019,2019-09-08T12:00:00Z,34.10,139.10,JTWC b-deck
WP142019,2019,2019-09-08T12:00:00Z,34.10,139.10,JTWC b-deck
WP142019,2019,2019-09-08T12:00:00Z,34.10,139.10,JTWC b-deck
WP142019,2019,2019-09-08T18:00:00Z,35.30,139.70,JTWC b-deck
WP142019,2019,2019-09-08T18:00:00Z,35.30,139.70,JTWC b-deck
WP142019,2019,2019-09-08T18:00:00Z,35.30,139.70,JTWC b-deck
WP142019,2019,2019-09-09T00:00:00Z,36.30,141.10,JTWC b-deck
WP142019,2019,2019-09-09T00:00:00Z,36.30,141.10,JTWC b-deck
WP142019,2019,2019-09-09T00:00:00Z,36.30,141.10,JTWC b-deck
WP142019,2019,2019-09-09T06:00:00Z,37.30,142.60,JTWC b-deck
WP142019,2019,2019-09-09T06:00:00Z,37.30,142.60,JTWC b-deck
WP142019,2019,2019-09-09T06:00:00Z,37.30,142.60,JTWC b-deck
WP142019,2019,2019-09-09T12:00:00Z,38.20,144.40,JTWC b-deck
WP142019,2019,2019-09-09T12:00:00Z,38.20,144.40,JTWC b-deck
WP142019,2019,2019-09-09T18:00:00Z,39.00,146.40,JTWC b-deck
WP142019,2019,2019-09-10T00:00:00Z,39.90,148.70,JTWC b-deck
WP142019,2019,2019-09-10T06:00:00Z,40.60,151.80,JTWC b-deck
WP142019,2019,2019-09-10T12:00:00Z,41.70,154.60,JTWC b-deck
WP142019,2019,2019-09-10T18:00:00Z,42.40,158.30,JTWC b-deck
WP142020,2020,2020-09-19T06:00:00Z,21.40,135.60,JTWC b-deck
WP142020,2020,2020-09-19T12:00:00Z,21.70,135.10,JTWC b-deck
WP142020,2020,2020-09-19T18:00:00Z,22.30,134.80,JTWC b-deck
WP142020,2020,2020-09-20T00:00:00Z,23.10,133.90,JTWC b-deck
WP142020,2020,2020-09-20T06:00:00Z,23.70,133.80,JTWC b-deck
WP142020,2020,2020-09-20T12:00:00Z,24.10,134.00,JTWC b-deck
WP142020,2020,2020-09-20T18:00:00Z,24.50,134.30,JTWC b-deck
WP142020,2020,2020-09-21T00:00:00Z,25.00,134.70,JTWC b-deck
WP142020,2020,2020-09-21T06:00:00Z,25.40,134.90,JTWC b-deck
WP142020,2020,2020-09-21T12:00:00Z,25.70,135.00,JTWC b-deck
WP142020,2020,2020-09-21T18:00:00Z,26.20,135.10,JTWC b-deck
WP142020,2020,2020-09-22T00:00:00Z,27.10,135.40,JTWC b-deck
WP142020,2020,2020-09-22T00:00:00Z,27.10,135.40,JTWC b-deck
WP142020,2020,2020-09-22T06:00:00Z,28.10,135.60,JTWC b-deck
WP142020,2020,2020-09-22T06:00:00Z,28.10,135.60,JTWC b-deck
WP142020,2020,2020-09-22T12:00:00Z,29.30,136.10,JTWC b-deck
WP142020,2020,2020-09-22T12:00:00Z,29.30,136.10,JTWC b-deck
WP142020,2020,2020-09-22T18:00:00Z,30.10,136.50,JTWC b-deck
WP142020,2020,2020-09-22T18:00:00Z,30.10,136.50,JTWC b-deck
WP142020,2020,2020-09-23T00:00:00Z,31.10,137.70,JTWC b-deck
WP142020,2020,2020-09-23T06:00:00Z,32.20,139.30,JTWC b-deck
WP142020,2020,2020-09-23T06:00:00Z,32.20,139.30,JTWC b-deck
WP142020,2020,2020-09-23T12:00:00Z,32.70,141.30,JTWC b-deck
WP142020,2020,2020-09-23T12:00:00Z,32.70,141.30,JTWC b-deck
WP142020,2020,2020-09-23T18:00:00Z,32.80,141.60,JTWC b-deck
WP142020,2020,2020-09-24T00:00:00Z,32.90,141.80,JTWC b-deck
WP142020,2020,2020-09-24T06:00:00Z,32.60,142.40,JTWC b-deck
WP142021,2021,2021-08-03T18:00:00Z,24.20,125.80,JTWC b-deck
WP142021,2021,2021-08-04T00:00:00Z,24.80,126.10,JTWC b-deck
WP142021,2021,2021-08-04T06:00:00Z,25.30,126.30,JTWC b-deck
WP142021,2021,2021-08-04T12:00:00Z,25.60,126.50,JTWC b-deck
WP142021,2021,2021-08-04T18:00:00Z,26.00,126.70,JTWC b-deck
WP142021,2021,2021-08-05T00:00:00Z,26.50,127.10,JTWC b-deck
WP142021,2021,2021-08-05T06:00:00Z,26.90,128.10,JTWC b-deck
WP142021,2021,2021-08-05T12:00:00Z,26.90,128.90,JTWC b-deck
WP142021,2021,2021-08-05T18:00:00Z,26.90,130.10,JTWC b-deck
WP142021,2021,2021-08-06T00:00:00Z,27.00,131.80,JTWC b-deck
WP142021,2021,2021-08-06T06:00:00Z,27.30,133.30,JTWC b-deck
WP142021,2021,2021-08-06T12:00:00Z,27.80,134.80,JTWC b-deck
WP142021,2021,2021-08-06T18:00:00Z,28.40,136.50,JTWC b-deck
WP142021,2021,2021-08-07T00:00:00Z,29.50,137.50,JTWC b-deck
WP142021,2021,2021-08-07T06:00:00Z,31.00,138.30,JTWC b-deck
WP142021,2021,2021-08-07T12:00:00Z,32.00,138.90,JTWC b-deck
WP142021,2021,2021-08-07T18:00:00Z,33.10,139.50,JTWC b-deck
WP142021,2021,2021-08-07T18:00:00Z,33.10,139.50,JTWC b-deck
WP142021,2021,2021-08-08T00:00:00Z,34.00,140.80,JTWC b-deck
WP142021,2021,2021-08-08T00:00:00Z,34.00,140.80,JTWC b-deck
WP142021,2021,2021-08-08T06:00:00Z,35.20,142.20,JTWC b-deck
WP142021,2021,2021-08-08T06:00:00Z,35.20,142.20,JTWC b-deck
WP142021,2021,2021-08-08T12:00:00Z,36.10,143.50,JTWC b-deck
WP142021,2021,2021-08-08T12:00:00Z,36.10,143.50,JTWC b-deck
WP142021,2021,2021-08-08T18:00:00Z,37.10,145.00,JTWC b-deck
WP142021,2021,2021-08-08T18:00:00Z,37.10,145.00,JTWC b-deck
WP142021,2021,2021-08-09T00:00:00Z,37.80,147.10,JTWC b-deck
WP142021,2021,2021-08-09T06:00:00Z,38.40,149.70,JTWC b-deck
WP142021,2021,2021-08-09T12:00:00Z,38.60,152.20,JTWC b-deck
WP142021,2021,2021-08-09T18:00:00Z,38.60,154.70,JTWC b-deck
WP142021,2021,2021-08-10T00:00:00Z,38.70,158.70,JTWC b-deck
WP142022,2022,2022-09-04T06:00:00Z,25.40,145.60,JTWC b-deck
WP142022,2022,2022-09-04T12:00:00Z,25.20,144.70,JTWC b-deck
WP142022,2022,2022-09-04T18:00:00Z,25.00,143.90,JTWC b-deck
WP142022,2022,2022-09-05T00:00:00Z,24.60,142.20,JTWC b-deck
WP142022,2022,2022-09-05T06:00:00Z,24.40,140.50,JTWC b-deck
WP142022,2022,2022-09-05T12:00:00Z,24.10,139.30,JTWC b-deck
WP142022,2022,2022-09-05T18:00:00Z,23.80,137.90,JTWC b-deck
WP142022,2022,2022-09-06T00:00:00Z,22.50,137.30,JTWC b-deck
WP142022,2022,2022-09-06T06:00:00Z,21.50,136.90,JTWC b-deck
WP142022,2022,2022-09-06T12:00:00Z,19.70,136.50,JTWC b-deck
WP142022,2022,2022-09-06T18:00:00Z,18.20,136.20,JTWC b-deck
WP142022,2022,2022-09-07T00:00:00Z,17.20,135.80,JTWC b-deck
WP142022,2022,2022-09-07T06:00:00Z,16.90,135.30,JTWC b-deck
WP142022,2022,2022-09-07T12:00:00Z,16.80,134.40,JTWC b-deck
WP142022,2022,2022-09-07T18:00:00Z,17.00,133.70,JTWC b-deck
WP142022,2022,2022-09-08T00:00:00Z,17.10,132.60,JTWC b-deck
WP142022,2022,2022-09-08T06:00:00Z,17.10,131.80,JTWC b-deck
WP142022,2022,2022-09-08T12:00:00Z,17.40,130.90,JTWC b-deck
WP142022,2022,2022-09-08T18:00:00Z,17.60,130.30,JTWC b-deck
WP142022,2022,2022-09-09T00:00:00Z,18.30,129.30,JTWC b-deck
WP142022,2022,2022-09-09T00:00:00Z,18.30,129.30,JTWC b-deck
WP142022,2022,2022-09-09T06:00:00Z,19.00,128.40,JTWC b-deck
WP142022,2022,2022-09-09T06:00:00Z,19.00,128.40,JTWC b-deck
WP142022,2022,2022-09-09T12:00:00Z,19.50,127.70,JTWC b-deck
WP142022,2022,2022-09-09T12:00:00Z,19.50,127.70,JTWC b-deck
WP142022,2022,2022-09-09T18:00:00Z,20.10,127.00,JTWC b-deck
WP142022,2022,2022-09-09T18:00:00Z,20.10,127.00,JTWC b-deck
WP142022,2022,2022-09-10T00:00:00Z,20.50,126.50,JTWC b-deck
WP142022,2022,2022-09-10T00:00:00Z,20.50,126.50,JTWC b-deck
WP142022,2022,2022-09-10T00:00:00Z,20.50,126.50,JTWC b-deck
WP142022,2022,2022-09-10T06:00:00Z,21.10,126.00,JTWC b-deck
WP142022,2022,2022-09-10T06:00:00Z,21.10,126.00,JTWC b-deck
WP142022,2022,2022-09-10T06:00:00Z,21.10,126.00,JTWC b-deck
WP142022,2022,2022-09-10T12:00:00Z,21.70,125.50,JTWC b-deck
WP142022,2022,2022-09-10T12:00:00Z,21.70,125.50,JTWC b-deck
WP142022,2022,2022-09-10T12:00:00Z,21.70,125.50,JTWC b-deck
WP142022,2022,2022-09-10T18:00:00Z,22.20,124.90,JTWC b-deck
WP142022,2022,2022-09-10T18:00:00Z,22.20,124.90,JTWC b-deck
WP142022,2022,2022-09-10T18:00:00Z,22.20,124.90,JTWC b-deck
WP142022,2022,2022-09-11T00:00:00Z,22.60,124.40,JTWC b-deck
WP142022,2022,2022-09-11T00:00:00Z,22.60,124.40,JTWC b-deck
WP142022,2022,2022-09-11T00:00:00Z,22.60,124.40,JTWC b-deck
WP142022,2022,2022-09-11T06:00:00Z,22.90,124.30,JTWC b-deck
WP142022,2022,2022-09-11T06:00:00Z,22.90,124.30,JTWC b-deck
WP142022,2022,2022-09-11T06:00:00Z,22.90,124.30,JTWC b-deck
WP142022,2022,2022-09-11T12:00:00Z,23.30,124.40,JTWC b-deck
WP142022,2022,2022-09-11T12:00:00Z,23.30,124.40,JTWC b-deck
WP142022,2022,2022-09-11T12:00:00Z,23.30,124.40,JTWC b-deck
WP142022,2022,2022-09-11T18:00:00Z,23.60,124.30,JTWC b-deck
WP142022,2022,2022-09-11T18:00:00Z,23.60,124.30,JTWC b-deck
WP142022,2022,2022-09-11T18:00:00Z,23.60,124.30,JTWC b-deck
WP142022,2022,2022-09-12T00:00:00Z,24.00,124.20,JTWC b-deck
WP142022,2022,2022-09-12T00:00:00Z,24.00,124.20,JTWC b-deck
WP142022,2022,2022-09-12T00:00:00Z,24.00,124.20,JTWC b-deck
WP142022,2022,2022-09-12T06:00:00Z,24.60,124.00,JTWC b-deck
WP142022,2022,2022-09-12T06:00:00Z,24.60,124.00,JTWC b-deck
WP142022,2022,2022-09-12T06:00:00Z,24.60,124.00,JTWC b-deck
WP142022,2022,2022-09-12T12:00:00Z,24.90,124.00,JTWC b-deck
WP142022,2022,2022-09-12T12:00:00Z,24.90,124.00,JTWC b-deck
WP142022,2022,2022-09-12T12:00:00Z,24.90,124.00,JTWC b-deck
WP142022,2022,2022-09-12T18:00:00Z,25.20,124.10,JTWC b-deck
WP142022,2022,2022-09-12T18:00:00Z,25.20,124.10,JTWC b-deck
WP142022,2022,2022-09-12T18:00:00Z,25.20,124.10,JTWC b-deck
WP142022,2022,2022-09-13T00:00:00Z,25.80,124.20,JTWC b-deck
WP142022,2022,2022-09-13T00:00:00Z,25.80,124.20,JTWC b-deck
WP142022,2022,2022-09-13T00:00:00Z,25.80,124.20,JTWC b-deck
WP142022,2022,2022-09-13T06:00:00Z,26.00,124.00,JTWC b-deck
WP142022,2022,2022-09-13T06:00:00Z,26.00,124.00,JTWC b-deck
WP142022,2022,2022-09-13T06:00:00Z,26.00,124.00,JTWC b-deck
WP142022,2022,2022-09-13T12:00:00Z,26.80,123.90,JTWC b-deck
WP142022,2022,2022-09-13T12:00:00Z,26.80,123.90,JTWC b-deck
WP142022,2022,2022-09-13T12:00:00Z,26.80,123.90,JTWC b-deck
WP142022,2022,2022-09-13T18:00:00Z,27.20,123.50,JTWC b-deck
WP142022,2022,2022-09-13T18:00:00Z,27.20,123.50,JTWC b-deck
WP142022,2022,2022-09-13T18:00:00Z,27.20,123.50,JTWC b-deck
WP142022,2022,2022-09-14T00:00:00Z,27.90,123.10,JTWC b-deck
WP142022,2022,2022-09-14T00:00:00Z,27.90,123.10,JTWC b-deck
WP142022,2022,2022-09-14T00:00:00Z,27.90,123.10,JTWC b-deck
WP142022,2022,2022-09-14T06:00:00Z,28.80,122.80,JTWC b-deck
WP142022,2022,2022-09-14T06:00:00Z,28.80,122.80,JTWC b-deck
WP142022,2022,2022-09-14T06:00:00Z,28.80,122.80,JTWC b-deck
WP142022,2022,2022-09-14T12:00:00Z,29.90,122.30,JTWC b-deck
WP142022,2022,2022-09-14T12:00:00Z,29.90,122.30,JTWC b-deck
WP142022,2022,2022-09-14T12:00:00Z,29.90,122.30,JTWC b-deck
WP142022,2022,2022-09-14T18:00:00Z,31.20,122.00,JTWC b-deck
WP142022,2022,2022-09-14T18:00:00Z,31.20,122.00,JTWC b-deck
WP142022,2022,2022-09-14T18:00:00Z,31.20,122.00,JTWC b-deck
WP142022,2022,2022-09-15T00:00:00Z,32.80,121.00,JTWC b-deck
WP142022,2022,2022-09-15T00:00:00Z,32.80,121.00,JTWC b-deck
WP142022,2022,2022-09-15T06:00:00Z,34.10,120.50,JTWC b-deck
WP142022,2022,2022-09-15T12:00:00Z,35.30,120.40,JTWC b-deck
WP142022,2022,2022-09-15T18:00:00Z,36.50,120.60,JTWC b-deck
WP142022,2022,2022-09-16T00:00:00Z,37.80,121.20,JTWC b-deck
WP142022,2022,2022-09-16T06:00:00Z,38.90,122.30,JTWC b-deck
WP142022,2022,2022-09-16T12:00:00Z,40.90,124.00,JTWC b-deck
WP142023,2023,2023-09-27T12:00:00Z,14.20,143.80,JTWC b-deck
WP142023,2023,2023-09-27T18:00:00Z,14.70,143.10,JTWC b-deck
WP142023,2023,2023-09-28T00:00:00Z,15.50,141.20,JTWC b-deck
WP142023,2023,2023-09-28T06:00:00Z,15.70,139.90,JTWC b-deck
WP142023,2023,2023-09-28T12:00:00Z,15.80,138.30,JTWC b-deck
WP142023,2023,2023-09-28T18:00:00Z,15.80,137.00,JTWC b-deck
WP142023,2023,2023-09-29T00:00:00Z,15.60,136.10,JTWC b-deck
WP142023,2023,2023-09-29T06:00:00Z,15.50,135.30,JTWC b-deck
WP142023,2023,2023-09-29T12:00:00Z,15.40,134.80,JTWC b-deck
WP142023,2023,2023-09-29T18:00:00Z,15.50,132.40,JTWC b-deck
WP142023,2023,2023-09-30T00:00:00Z,15.80,131.80,JTWC b-deck
WP142023,2023,2023-09-30T06:00:00Z,16.10,131.40,JTWC b-deck
WP142023,2023,2023-09-30T12:00:00Z,16.30,130.90,JTWC b-deck
WP142023,2023,2023-09-30T18:00:00Z,16.80,130.20,JTWC b-deck
WP142023,2023,2023-10-01T00:00:00Z,17.50,129.40,JTWC b-deck
WP142023,2023,2023-10-01T00:00:00Z,17.50,129.40,JTWC b-deck
WP142023,2023,2023-10-01T06:00:00Z,17.90,128.90,JTWC b-deck
WP142023,2023,2023-10-01T06:00:00Z,17.90,128.90,JTWC b-deck
WP142023,2023,2023-10-01T06:00:00Z,17.90,128.90,JTWC b-deck
WP142023,2023,2023-10-01T12:00:00Z,18.30,128.50,JTWC b-deck
WP142023,2023,2023-10-01T12:00:00Z,18.30,128.50,JTWC b-deck
WP142023,2023,2023-10-01T12:00:00Z,18.30,128.50,JTWC b-deck
WP142023,2023,2023-10-01T18:00:00Z,18.70,128.00,JTWC b-deck
WP142023,2023,2023-10-01T18:00:00Z,18.70,128.00,JTWC b-deck
WP142023,2023,2023-10-01T18:00:00Z,18.70,128.00,JTWC b-deck
WP142023,2023,2023-10-02T00:00:00Z,19.10,127.40,JTWC b-deck
WP142023,2023,2023-10-02T00:00:00Z,19.10,127.40,JTWC b-deck
WP142023,2023,2023-10-02T00:00:00Z,19.10,127.40,JTWC b-deck
WP142023,2023,2023-10-02T06:00:00Z,19.60,126.70,JTWC b-deck
WP142023,2023,2023-10-02T06:00:00Z,19.60,126.70,JTWC b-deck
WP142023,2023,2023-10-02T06:00:00Z,19.60,126.70,JTWC b-deck
WP142023,2023,2023-10-02T12:00:00Z,20.00,126.10,JTWC b-deck
WP142023,2023,2023-10-02T12:00:00Z,20.00,126.10,JTWC b-deck
WP142023,2023,2023-10-02T12:00:00Z,20.00,126.10,JTWC b-deck
WP142023,2023,2023-10-02T18:00:00Z,20.30,125.60,JTWC b-deck
WP142023,2023,2023-10-02T18:00:00Z,20.30,125.60,JTWC b-deck
WP142023,2023,2023-10-02T18:00:00Z,20.30,125.60,JTWC b-deck
WP142023,2023,2023-10-03T00:00:00Z,20.60,125.20,JTWC b-deck
WP142023,2023,2023-10-03T00:00:00Z,20.60,125.20,JTWC b-deck
WP142023,2023,2023-10-03T00:00:00Z,20.60,125.20,JTWC b-deck
WP142023,2023,2023-10-03T06:00:00Z,21.20,124.90,JTWC b-deck
WP142023,2023,2023-10-03T06:00:00Z,21.20,124.90,JTWC b-deck
WP142023,2023,2023-10-03T06:00:00Z,21.20,124.90,JTWC b-deck
WP142023,2023,2023-10-03T12:00:00Z,21.70,124.70,JTWC b-deck
WP142023,2023,2023-10-03T12:00:00Z,21.70,124.70,JTWC b-deck
WP142023,2023,2023-10-03T12:00:00Z,21.70,124.70,JTWC b-deck
WP142023,2023,2023-10-03T18:00:00Z,22.00,124.20,JTWC b-deck
WP142023,2023,2023-10-03T18:00:00Z,22.00,124.20,JTWC b-deck
WP142023,2023,2023-10-03T18:00:00Z,22.00,124.20,JTWC b-deck
WP142023,2023,2023-10-04T00:00:00Z,22.20,123.50,JTWC b-deck
WP142023,2023,2023-10-04T00:00:00Z,22.20,123.50,JTWC b-deck
WP142023,2023,2023-10-04T00:00:00Z,22.20,123.50,JTWC b-deck
WP142023,2023,2023-10-04T06:00:00Z,22.10,122.60,JTWC b-deck
WP142023,2023,2023-10-04T06:00:00Z,22.10,122.60,JTWC b-deck
WP142023,2023,2023-10-04T06:00:00Z,22.10,122.60,JTWC b-deck
WP142023,2023,2023-10-04T12:00:00Z,22.10,121.90,JTWC b-deck
WP142023,2023,2023-10-04T12:00:00Z,22.10,121.90,JTWC b-deck
WP142023,2023,2023-10-04T12:00:00Z,22.10,121.90,JTWC b-deck
WP142023,2023,2023-10-04T18:00:00Z,21.90,121.20,JTWC b-deck
WP142023,2023,2023-10-04T18:00:00Z,21.90,121.20,JTWC b-deck
WP142023,2023,2023-10-04T18:00:00Z,21.90,121.20,JTWC b-deck
WP142023,2023,2023-10-05T00:00:00Z,22.00,120.80,JTWC b-deck
WP142023,2023,2023-10-05T00:00:00Z,22.00,120.80,JTWC b-deck
WP142023,2023,2023-10-05T00:00:00Z,22.00,120.80,JTWC b-deck
WP142023,2023,2023-10-05T06:00:00Z,22.10,120.00,JTWC b-deck
WP142023,2023,2023-10-05T06:00:00Z,22.10,120.00,JTWC b-deck
WP142023,2023,2023-10-05T06:00:00Z,22.10,120.00,JTWC b-deck
WP142023,2023,2023-10-05T12:00:00Z,22.10,119.00,JTWC b-deck
WP142023,2023,2023-10-05T12:00:00Z,22.10,119.00,JTWC b-deck
WP142023,2023,2023-10-05T12:00:00Z,22.10,119.00,JTWC b-deck
WP142023,2023,2023-10-05T18:00:00Z,21.90,118.30,JTWC b-deck
WP142023,2023,2023-10-05T18:00:00Z,21.90,118.30,JTWC b-deck
WP142023,2023,2023-10-05T18:00:00Z,21.90,118.30,JTWC b-deck
WP142023,2023,2023-10-06T00:00:00Z,21.80,117.70,JTWC b-deck
WP142023,2023,2023-10-06T00:00:00Z,21.80,117.70,JTWC b-deck
WP142023,2023,2023-10-06T00:00:00Z,21.80,117.70,JTWC b-deck
WP142023,2023,2023-10-06T06:00:00Z,21.70,116.80,JTWC b-deck
WP142023,2023,2023-10-06T06:00:00Z,21.70,116.80,JTWC b-deck
WP142023,2023,2023-10-06T06:00:00Z,21.70,116.80,JTWC b-deck
WP142023,2023,2023-10-06T12:00:00Z,21.50,116.30,JTWC b-deck
WP142023,2023,2023-10-06T12:00:00Z,21.50,116.30,JTWC b-deck
WP142023,2023,2023-10-06T12:00:00Z,21.50,116.30,JTWC b-deck
WP142023,2023,2023-10-06T18:00:00Z,21.20,115.70,JTWC b-deck
WP142023,2023,2023-10-06T18:00:00Z,21.20,115.70,JTWC b-deck
WP142023,2023,2023-10-06T18:00:00Z,21.20,115.70,JTWC b-deck
WP142023,2023,2023-10-07T00:00:00Z,21.10,115.40,JTWC b-deck
WP142023,2023,2023-10-07T00:00:00Z,21.10,115.40,JTWC b-deck
WP142023,2023,2023-10-07T00:00:00Z,21.10,115.40,JTWC b-deck
WP142023,2023,2023-10-07T06:00:00Z,21.20,115.20,JTWC b-deck
WP142023,2023,2023-10-07T06:00:00Z,21.20,115.20,JTWC b-deck
WP142023,2023,2023-10-07T06:00:00Z,21.20,115.20,JTWC b-deck
WP142023,2023,2023-10-07T12:00:00Z,21.30,115.10,JTWC b-deck
WP142023,2023,2023-10-07T12:00:00Z,21.30,115.10,JTWC b-deck
WP142023,2023,2023-10-07T12:00:00Z,21.30,115.10,JTWC b-deck
WP142023,2023,2023-10-07T18:00:00Z,21.40,114.90,JTWC b-deck
WP142023,2023,2023-10-07T18:00:00Z,21.40,114.90,JTWC b-deck
WP142023,2023,2023-10-07T18:00:00Z,21.40,114.90,JTWC b-deck
WP142023,2023,2023-10-08T00:00:00Z,21.50,114.60,JTWC b-deck
WP142023,2023,2023-10-08T00:00:00Z,21.50,114.60,JTWC b-deck
WP142023,2023,2023-10-08T00:00:00Z,21.50,114.60,JTWC b-deck
WP142023,2023,2023-10-08T06:00:00Z,21.60,114.30,JTWC b-deck
WP142023,2023,2023-10-08T06:00:00Z,21.60,114.30,JTWC b-deck
WP142023,2023,2023-10-08T06:00:00Z,21.60,114.30,JTWC b-deck
WP142023,2023,2023-10-08T12:00:00Z,21.60,114.00,JTWC b-deck
WP142023,2023,2023-10-08T12:00:00Z,21.60,114.00,JTWC b-deck
WP142023,2023,2023-10-08T12:00:00Z,21.60,114.00,JTWC b-deck
WP142023,2023,2023-10-08T18:00:00Z,21.70,113.60,JTWC b-deck
WP142023,2023,2023-10-08T18:00:00Z,21.70,113.60,JTWC b-deck
WP142023,2023,2023-10-08T18:00:00Z,21.70,113.60,JTWC b-deck
WP142023,2023,2023-10-09T00:00:00Z,21.80,113.40,JTWC b-deck
WP142023,2023,2023-10-09T00:00:00Z,21.80,113.40,JTWC b-deck
WP142023,2023,2023-10-09T06:00:00Z,21.70,113.10,JTWC b-deck
WP142023,2023,2023-10-09T12:00:00Z,21.20,112.50,JTWC b-deck
WP142023,2023,2023-10-09T18:00:00Z,20.90,111.80,JTWC b-deck
WP142023,2023,2023-10-10T00:00:00Z,20.60,111.30,JTWC b-deck
WP142024,2024,2024-09-08T18:00:00Z,10.60,148.40,JTWC b-deck
WP142024,2024,2024-09-09T00:00:00Z,10.50,148.10,JTWC b-deck
WP142024,2024,2024-09-09T06:00:00Z,10.40,147.60,JTWC b-deck
WP142024,2024,2024-09-09T12:00:00Z,10.30,147.20,JTWC b-deck
WP142024,2024,2024-09-09T18:00:00Z,10.70,146.80,JTWC b-deck
WP142024,2024,2024-09-10T00:00:00Z,11.10,146.50,JTWC b-deck
WP142024,2024,2024-09-10T06:00:00Z,11.80,146.00,JTWC b-deck
WP142024,2024,2024-09-10T12:00:00Z,12.60,145.50,JTWC b-deck
WP142024,2024,2024-09-10T18:00:00Z,13.10,144.20,JTWC b-deck
WP142024,2024,2024-09-11T00:00:00Z,13.70,142.30,JTWC b-deck
WP142024,2024,2024-09-11T06:00:00Z,14.40,141.50,JTWC b-deck
WP142024,2024,2024-09-11T12:00:00Z,15.10,140.80,JTWC b-deck
WP142024,2024,2024-09-11T18:00:00Z,16.00,140.20,JTWC b-deck
WP142024,2024,2024-09-11T18:00:00Z,16.00,140.20,JTWC b-deck
WP142024,2024,2024-09-12T00:00:00Z,17.20,140.00,JTWC b-deck
WP142024,2024,2024-09-12T00:00:00Z,17.20,140.00,JTWC b-deck
WP142024,2024,2024-09-12T06:00:00Z,19.40,139.30,JTWC b-deck
WP142024,2024,2024-09-12T06:00:00Z,19.40,139.30,JTWC b-deck
WP142024,2024,2024-09-12T12:00:00Z,20.20,138.50,JTWC b-deck
WP142024,2024,2024-09-12T12:00:00Z,20.20,138.50,JTWC b-deck
WP142024,2024,2024-09-12T18:00:00Z,21.20,137.60,JTWC b-deck
WP142024,2024,2024-09-13T00:00:00Z,22.30,136.60,JTWC b-deck
WP142024,2024,2024-09-13T06:00:00Z,23.30,135.20,JTWC b-deck
WP142024,2024,2024-09-13T12:00:00Z,24.40,133.80,JTWC b-deck
WP142024,2024,2024-09-13T18:00:00Z,25.40,132.70,JTWC b-deck
WP142024,2024,2024-09-14T00:00:00Z,26.50,131.40,JTWC b-deck
WP142024,2024,2024-09-14T00:00:00Z,26.50,131.40,JTWC b-deck
WP142024,2024,2024-09-14T06:00:00Z,27.30,130.40,JTWC b-deck
WP142024,2024,2024-09-14T06:00:00Z,27.30,130.40,JTWC b-deck
WP142024,2024,2024-09-14T12:00:00Z,28.20,129.20,JTWC b-deck
WP142024,2024,2024-09-14T12:00:00Z,28.20,129.20,JTWC b-deck
WP142024,2024,2024-09-14T18:00:00Z,29.00,128.20,JTWC b-deck
WP142024,2024,2024-09-14T18:00:00Z,29.00,128.20,JTWC b-deck
WP142024,2024,2024-09-14T18:00:00Z,29.00,128.20,JTWC b-deck
WP142024,2024,2024-09-15T00:00:00Z,29.90,127.30,JTWC b-deck
WP142024,2024,2024-09-15T00:00:00Z,29.90,127.30,JTWC b-deck
WP142024,2024,2024-09-15T00:00:00Z,29.90,127.30,JTWC b-deck
WP142024,2024,2024-09-15T06:00:00Z,30.20,126.00,JTWC b-deck
WP142024,2024,2024-09-15T06:00:00Z,30.20,126.00,JTWC b-deck
WP142024,2024,2024-09-15T06:00:00Z,30.20,126.00,JTWC b-deck
WP142024,2024,2024-09-15T12:00:00Z,30.30,124.60,JTWC b-deck
WP142024,2024,2024-09-15T12:00:00Z,30.30,124.60,JTWC b-deck
WP142024,2024,2024-09-15T12:00:00Z,30.30,124.60,JTWC b-deck
WP142024,2024,2024-09-15T18:00:00Z,30.60,123.10,JTWC b-deck
WP142024,2024,2024-09-15T18:00:00Z,30.60,123.10,JTWC b-deck
WP142024,2024,2024-09-15T18:00:00Z,30.60,123.10,JTWC b-deck
WP142024,2024,2024-09-16T00:00:00Z,30.90,121.80,JTWC b-deck
WP142024,2024,2024-09-16T00:00:00Z,30.90,121.80,JTWC b-deck
WP142024,2024,2024-09-16T00:00:00Z,30.90,121.80,JTWC b-deck
WP142024,2024,2024-09-16T06:00:00Z,31.50,120.30,JTWC b-deck
WP142024,2024,2024-09-16T06:00:00Z,31.50,120.30,JTWC b-deck
WP142024,2024,2024-09-16T12:00:00Z,31.70,119.30,JTWC b-deck
WP142024,2024,2024-09-16T12:00:00Z,31.70,119.30,JTWC b-deck
WP142024,2024,2024-09-16T18:00:00Z,32.10,118.30,JTWC b-deck
WP142024,2024,2024-09-17T00:00:00Z,32.50,117.30,JTWC b-deck
WP142024,2024,2024-09-17T06:00:00Z,33.00,116.30,JTWC b-deck
WP152017,2017,2017-08-20T06:00:00Z,19.80,127.00,JTWC b-deck
WP152017,2017,2017-08-20T12:00:00Z,19.50,126.50,JTWC b-deck
WP152017,2017,2017-08-20T18:00:00Z,19.60,125.60,JTWC b-deck
WP152017,2017,2017-08-21T00:00:00Z,20.00,125.00,JTWC b-deck
WP152017,2017,2017-08-21T06:00:00Z,20.40,124.00,JTWC b-deck
WP152017,2017,2017-08-21T12:00:00Z,20.10,122.70,JTWC b-deck
WP152017,2017,2017-08-21T18:00:00Z,20.00,121.30,JTWC b-deck
WP152017,2017,2017-08-22T00:00:00Z,20.10,119.90,JTWC b-deck
WP152017,2017,2017-08-22T00:00:00Z,20.10,119.90,JTWC b-deck
WP152017,2017,2017-08-22T06:00:00Z,20.40,118.60,JTWC b-deck
WP152017,2017,2017-08-22T06:00:00Z,20.40,118.60,JTWC b-deck
WP152017,2017,2017-08-22T12:00:00Z,20.60,117.30,JTWC b-deck
WP152017,2017,2017-08-22T12:00:00Z,20.60,117.30,JTWC b-deck
WP152017,2017,2017-08-22T12:00:00Z,20.60,117.30,JTWC b-deck
WP152017,2017,2017-08-22T18:00:00Z,21.00,115.90,JTWC b-deck
WP152017,2017,2017-08-22T18:00:00Z,21.00,115.90,JTWC b-deck
WP152017,2017,2017-08-22T18:00:00Z,21.00,115.90,JTWC b-deck
WP152017,2017,2017-08-23T00:00:00Z,21.50,114.50,JTWC b-deck
WP152017,2017,2017-08-23T00:00:00Z,21.50,114.50,JTWC b-deck
WP152017,2017,2017-08-23T00:00:00Z,21.50,114.50,JTWC b-deck
WP152017,2017,2017-08-23T03:00:00Z,21.90,113.60,JTWC b-deck
WP152017,2017,2017-08-23T03:00:00Z,21.90,113.60,JTWC b-deck
WP152017,2017,2017-08-23T03:00:00Z,21.90,113.60,JTWC b-deck
WP152017,2017,2017-08-23T06:00:00Z,22.20,112.80,JTWC b-deck
WP152017,2017,2017-08-23T06:00:00Z,22.20,112.80,JTWC b-deck
WP152017,2017,2017-08-23T06:00:00Z,22.20,112.80,JTWC b-deck
WP152017,2017,2017-08-23T12:00:00Z,22.70,111.00,JTWC b-deck
WP152017,2017,2017-08-23T12:00:00Z,22.70,111.00,JTWC b-deck
WP152017,2017,2017-08-23T18:00:00Z,23.30,109.00,JTWC b-deck
WP152017,2017,2017-08-24T00:00:00Z,23.50,107.60,JTWC b-deck
WP152017,2017,2017-08-24T06:00:00Z,23.80,106.00,JTWC b-deck
WP152017,2017,2017-08-24T12:00:00Z,24.10,104.20,JTWC b-deck
WP152018,2018,2018-07-23T00:00:00Z,15.20,137.40,JTWC b-deck
WP152018,2018,2018-07-23T06:00:00Z,15.70,137.00,JTWC b-deck
WP152018,2018,2018-07-23T12:00:00Z,16.20,136.50,JTWC b-deck
WP152018,2018,2018-07-23T18:00:00Z,17.20,136.50,JTWC b-deck
WP152018,2018,2018-07-24T00:00:00Z,18.10,136.60,JTWC b-deck
WP152018,2018,2018-07-24T06:00:00Z,18.70,136.60,JTWC b-deck
WP152018,2018,2018-07-24T12:00:00Z,19.30,136.60,JTWC b-deck
WP152018,2018,2018-07-24T18:00:00Z,20.20,136.60,JTWC b-deck
WP152018,2018,2018-07-25T00:00:00Z,20.80,136.70,JTWC b-deck
WP152018,2018,2018-07-25T06:00:00Z,21.50,137.10,JTWC b-deck
WP152018,2018,2018-07-25T12:00:00Z,21.90,137.30,JTWC b-deck
WP152018,2018,2018-07-25T18:00:00Z,22.10,137.60,JTWC b-deck
WP152018,2018,2018-07-25T18:00:00Z,22.10,137.60,JTWC b-deck
WP152018,2018,2018-07-26T00:00:00Z,22.50,138.50,JTWC b-deck
WP152018,2018,2018-07-26T00:00:00Z,22.50,138.50,JTWC b-deck
WP152018,2018,2018-07-26T06:00:00Z,23.00,139.30,JTWC b-deck
WP152018,2018,2018-07-26T06:00:00Z,23.00,139.30,JTWC b-deck
WP152018,2018,2018-07-26T12:00:00Z,23.50,140.30,JTWC b-deck
WP152018,2018,2018-07-26T12:00:00Z,23.50,140.30,JTWC b-deck
WP152018,2018,2018-07-26T12:00:00Z,23.50,140.30,JTWC b-deck
WP152018,2018,2018-07-26T18:00:00Z,24.00,141.20,JTWC b-deck
WP152018,2018,2018-07-26T18:00:00Z,24.00,141.20,JTWC b-deck
WP152018,2018,2018-07-26T18:00:00Z,24.00,141.20,JTWC b-deck
WP152018,2018,2018-07-27T00:00:00Z,25.00,142.50,JTWC b-deck
WP152018,2018,2018-07-27T00:00:00Z,25.00,142.50,JTWC b-deck
WP152018,2018,2018-07-27T00:00:00Z,25.00,142.50,JTWC b-deck
WP152018,2018,2018-07-27T06:00:00Z,26.50,143.80,JTWC b-deck
WP152018,2018,2018-07-27T06:00:00Z,26.50,143.80,JTWC b-deck
WP152018,2018,2018-07-27T06:00:00Z,26.50,143.80,JTWC b-deck
WP152018,2018,2018-07-27T12:00:00Z,28.30,144.60,JTWC b-deck
WP152018,2018,2018-07-27T12:00:00Z,28.30,144.60,JTWC b-deck
WP152018,2018,2018-07-27T12:00:00Z,28.30,144.60,JTWC b-deck
WP152018,2018,2018-07-27T18:00:00Z,30.50,144.20,JTWC b-deck
WP152018,2018,2018-07-27T18:00:00Z,30.50,144.20,JTWC b-deck
WP152018,2018,2018-07-27T18:00:00Z,30.50,144.20,JTWC b-deck
WP152018,2018,2018-07-28T00:00:00Z,32.30,142.80,JTWC b-deck
WP152018,2018,2018-07-28T00:00:00Z,32.30,142.80,JTWC b-deck
WP152018,2018,2018-07-28T00:00:00Z,32.30,142.80,JTWC b-deck
WP152018,2018,2018-07-28T06:00:00Z,33.80,140.50,JTWC b-deck
WP152018,2018,2018-07-28T06:00:00Z,33.80,140.50,JTWC b-deck
WP152018,2018,2018-07-28T06:00:00Z,33.80,140.50,JTWC b-deck
WP152018,2018,2018-07-28T12:00:00Z,34.20,138.30,JTWC b-deck
WP152018,2018,2018-07-28T12:00:00Z,34.20,138.30,JTWC b-deck
WP152018,2018,2018-07-28T12:00:00Z,34.20,138.30,JTWC b-deck
WP152018,2018,2018-07-28T18:00:00Z,34.80,135.90,JTWC b-deck
WP152018,2018,2018-07-28T18:00:00Z,34.80,135.90,JTWC b-deck
WP152018,2018,2018-07-29T00:00:00Z,34.60,133.40,JTWC b-deck
WP152018,2018,2018-07-29T06:00:00Z,34.00,131.60,JTWC b-deck
WP152018,2018,2018-07-29T12:00:00Z,33.20,130.30,JTWC b-deck
WP152018,2018,2018-07-29T18:00:00Z,32.00,129.40,JTWC b-deck
WP152018,2018,2018-07-30T00:00:00Z,31.10,129.30,JTWC b-deck
WP152018,2018,2018-07-30T06:00:00Z,30.30,129.30,JTWC b-deck
WP152018,2018,2018-07-30T12:00:00Z,29.20,129.70,JTWC b-deck
WP152018,2018,2018-07-30T18:00:00Z,28.90,130.70,JTWC b-deck
WP152018,2018,2018-07-31T00:00:00Z,29.50,131.80,JTWC b-deck
WP152018,2018,2018-07-31T06:00:00Z,30.50,131.70,JTWC b-deck
WP152018,2018,2018-07-31T12:00:00Z,31.00,130.40,JTWC b-deck
WP152018,2018,2018-07-31T18:00:00Z,30.80,128.70,JTWC b-deck
WP152018,2018,2018-08-01T00:00:00Z,30.20,128.00,JTWC b-deck
WP152018,2018,2018-08-01T06:00:00Z,29.60,127.00,JTWC b-deck
WP152018,2018,2018-08-01T12:00:00Z,28.80,126.80,JTWC b-deck
WP152018,2018,2018-08-01T18:00:00Z,28.50,126.60,JTWC b-deck
WP152018,2018,2018-08-02T00:00:00Z,28.60,127.00,JTWC b-deck
WP152018,2018,2018-08-02T06:00:00Z,29.30,126.70,JTWC b-deck
WP152018,2018,2018-08-02T12:00:00Z,30.50,125.00,JTWC b-deck
WP152018,2018,2018-08-02T18:00:00Z,30.80,122.70,JTWC b-deck
WP152018,2018,2018-08-03T00:00:00Z,30.50,121.60,JTWC b-deck
WP152018,2018,2018-08-03T06:00:00Z,30.90,121.20,JTWC b-deck
WP152018,2018,2018-08-03T12:00:00Z,32.00,120.60,JTWC b-deck
WP152018,2018,2018-08-03T18:00:00Z,33.30,119.20,JTWC b-deck
WP152018,2018,2018-08-04T00:00:00Z,33.90,118.20,JTWC b-deck
WP152018,2018,2018-08-04T06:00:00Z,34.10,117.30,JTWC b-deck
WP152019,2019,2019-08-30T12:00:00Z,6.40,136.00,JTWC b-deck
WP152019,2019,2019-08-30T18:00:00Z,6.40,134.70,JTWC b-deck
WP152019,2019,2019-08-31T00:00:00Z,6.50,133.60,JTWC b-deck
WP152019,2019,2019-08-31T06:00:00Z,7.00,132.70,JTWC b-deck
WP152019,2019,2019-08-31T12:00:00Z,7.80,131.70,JTWC b-deck
WP152019,2019,2019-08-31T18:00:00Z,9.20,130.40,JTWC b-deck
WP152019,2019,2019-09-01T00:00:00Z,10.50,129.20,JTWC b-deck
WP152019,2019,2019-09-01T06:00:00Z,11.70,128.30,JTWC b-deck
WP152019,2019,2019-09-01T12:00:00Z,13.20,127.40,JTWC b-deck
WP152019,2019,2019-09-01T18:00:00Z,14.40,126.30,JTWC b-deck
WP152019,2019,2019-09-02T00:00:00Z,15.80,125.40,JTWC b-deck
WP152019,2019,2019-09-02T06:00:00Z,16.90,125.00,JTWC b-deck
WP152019,2019,2019-09-02T12:00:00Z,18.00,124.40,JTWC b-deck
WP152019,2019,2019-09-02T18:00:00Z,19.00,124.10,JTWC b-deck
WP152019,2019,2019-09-03T00:00:00Z,19.80,123.90,JTWC b-deck
WP152019,2019,2019-09-03T00:00:00Z,19.80,123.90,JTWC b-deck
WP152019,2019,2019-09-03T06:00:00Z,20.70,124.10,JTWC b-deck
WP152019,2019,2019-09-03T06:00:00Z,20.70,124.10,JTWC b-deck
WP152019,2019,2019-09-03T06:00:00Z,20.70,124.10,JTWC b-deck
WP152019,2019,2019-09-03T12:00:00Z,21.30,124.20,JTWC b-deck
WP152019,2019,2019-09-03T12:00:00Z,21.30,124.20,JTWC b-deck
WP152019,2019,2019-09-03T12:00:00Z,21.30,124.20,JTWC b-deck
WP152019,2019,2019-09-03T18:00:00Z,21.80,124.30,JTWC b-deck
WP152019,2019,2019-09-03T18:00:00Z,21.80,124.30,JTWC b-deck
WP152019,2019,2019-09-03T18:00:00Z,21.80,124.30,JTWC b-deck
WP152019,2019,2019-09-04T00:00:00Z,22.10,124.60,JTWC b-deck
WP152019,2019,2019-09-04T00:00:00Z,22.10,124.60,JTWC b-deck
WP152019,2019,2019-09-04T00:00:00Z,22.10,124.60,JTWC b-deck
WP152019,2019,2019-09-04T06:00:00Z,22.40,125.10,JTWC b-deck
WP152019,2019,2019-09-04T06:00:00Z,22.40,125.10,JTWC b-deck
WP152019,2019,2019-09-04T06:00:00Z,22.40,125.10,JTWC b-deck
WP152019,2019,2019-09-04T12:00:00Z,23.00,125.40,JTWC b-deck
WP152019,2019,2019-09-04T12:00:00Z,23.00,125.40,JTWC b-deck
WP152019,2019,2019-09-04T12:00:00Z,23.00,125.40,JTWC b-deck
WP152019,2019,2019-09-04T18:00:00Z,23.60,125.40,JTWC b-deck
WP152019,2019,2019-09-04T18:00:00Z,23.60,125.40,JTWC b-deck
WP152019,2019,2019-09-04T18:00:00Z,23.60,125.40,JTWC b-deck
WP152019,2019,2019-09-05T00:00:00Z,24.20,125.30,JTWC b-deck
WP152019,2019,2019-09-05T00:00:00Z,24.20,125.30,JTWC b-deck
WP152019,2019,2019-09-05T00:00:00Z,24.20,125.30,JTWC b-deck
WP152019,2019,2019-09-05T06:00:00Z,25.00,125.30,JTWC b-deck
WP152019,2019,2019-09-05T06:00:00Z,25.00,125.30,JTWC b-deck
WP152019,2019,2019-09-05T06:00:00Z,25.00,125.30,JTWC b-deck
WP152019,2019,2019-09-05T12:00:00Z,25.70,125.30,JTWC b-deck
WP152019,2019,2019-09-05T12:00:00Z,25.70,125.30,JTWC b-deck
WP152019,2019,2019-09-05T12:00:00Z,25.70,125.30,JTWC b-deck
WP152019,2019,2019-09-05T18:00:00Z,26.90,125.20,JTWC b-deck
WP152019,2019,2019-09-05T18:00:00Z,26.90,125.20,JTWC b-deck
WP152019,2019,2019-09-05T18:00:00Z,26.90,125.20,JTWC b-deck
WP152019,2019,2019-09-06T00:00:00Z,28.10,125.10,JTWC b-deck
WP152019,2019,2019-09-06T00:00:00Z,28.10,125.10,JTWC b-deck
WP152019,2019,2019-09-06T00:00:00Z,28.10,125.10,JTWC b-deck
WP152019,2019,2019-09-06T06:00:00Z,29.60,125.20,JTWC b-deck
WP152019,2019,2019-09-06T06:00:00Z,29.60,125.20,JTWC b-deck
WP152019,2019,2019-09-06T06:00:00Z,29.60,125.20,JTWC b-deck
WP152019,2019,2019-09-06T12:00:00Z,31.20,125.10,JTWC b-deck
WP152019,2019,2019-09-06T12:00:00Z,31.20,125.10,JTWC b-deck
WP152019,2019,2019-09-06T12:00:00Z,31.20,125.10,JTWC b-deck
WP152019,2019,2019-09-06T18:00:00Z,33.30,124.80,JTWC b-deck
WP152019,2019,2019-09-06T18:00:00Z,33.30,124.80,JTWC b-deck
WP152019,2019,2019-09-06T18:00:00Z,33.30,124.80,JTWC b-deck
WP152019,2019,2019-09-07T00:00:00Z,35.60,124.70,JTWC b-deck
WP152019,2019,2019-09-07T00:00:00Z,35.60,124.70,JTWC b-deck
WP152019,2019,2019-09-07T00:00:00Z,35.60,124.70,JTWC b-deck
WP152019,2019,2019-09-07T06:00:00Z,37.80,125.10,JTWC b-deck
WP152019,2019,2019-09-07T06:00:00Z,37.80,125.10,JTWC b-deck
WP152019,2019,2019-09-07T06:00:00Z,37.80,125.10,JTWC b-deck
WP152019,2019,2019-09-07T12:00:00Z,40.70,126.50,JTWC b-deck
WP152019,2019,2019-09-07T12:00:00Z,40.70,126.50,JTWC b-deck
WP152019,2019,2019-09-07T18:00:00Z,44.40,128.90,JTWC b-deck
WP152020,2020,2020-09-26T06:00:00Z,18.70,160.20,JTWC b-deck
WP152020,2020,2020-09-26T12:00:00Z,19.10,159.80,JTWC b-deck
WP152020,2020,2020-09-26T18:00:00Z,20.00,159.10,JTWC b-deck
WP152020,2020,2020-09-27T00:00:00Z,20.80,158.50,JTWC b-deck
WP152020,2020,2020-09-27T06:00:00Z,21.90,157.70,JTWC b-deck
WP152020,2020,2020-09-27T12:00:00Z,23.40,156.50,JTWC b-deck
WP152020,2020,2020-09-27T18:00:00Z,25.00,155.30,JTWC b-deck
WP152020,2020,2020-09-28T00:00:00Z,26.80,153.80,JTWC b-deck
WP152020,2020,2020-09-28T06:00:00Z,28.00,153.20,JTWC b-deck
WP152020,2020,2020-09-28T12:00:00Z,28.80,153.10,JTWC b-deck
WP152020,2020,2020-09-28T18:00:00Z,30.70,153.50,JTWC b-deck
WP152020,2020,2020-09-28T18:00:00Z,30.70,153.50,JTWC b-deck
WP152020,2020,2020-09-29T00:00:00Z,32.60,154.10,JTWC b-deck
WP152020,2020,2020-09-29T00:00:00Z,32.60,154.10,JTWC b-deck
WP152020,2020,2020-09-29T06:00:00Z,34.80,155.10,JTWC b-deck
WP152020,2020,2020-09-29T06:00:00Z,34.80,155.10,JTWC b-deck
WP152020,2020,2020-09-29T06:00:00Z,34.80,155.10,JTWC b-deck
WP152020,2020,2020-09-29T12:00:00Z,36.50,156.30,JTWC b-deck
WP152020,2020,2020-09-29T12:00:00Z,36.50,156.30,JTWC b-deck
WP152020,2020,2020-09-29T12:00:00Z,36.50,156.30,JTWC b-deck
WP152020,2020,2020-09-29T18:00:00Z,38.10,158.10,JTWC b-deck
WP152020,2020,2020-09-29T18:00:00Z,38.10,158.10,JTWC b-deck
WP152020,2020,2020-09-30T00:00:00Z,39.70,160.30,JTWC b-deck
WP152020,2020,2020-09-30T00:00:00Z,39.70,160.30,JTWC b-deck
WP152020,2020,2020-09-30T06:00:00Z,40.60,163.10,JTWC b-deck
WP152020,2020,2020-09-30T12:00:00Z,41.20,166.50,JTWC b-deck
WP152021,2021,2021-08-03T12:00:00Z,23.50,144.30,JTWC b-deck
WP152021,2021,2021-08-03T18:00:00Z,24.30,146.00,JTWC b-deck
WP152021,2021,2021-08-04T00:00:00Z,25.40,146.70,JTWC b-deck
WP152021,2021,2021-08-04T06:00:00Z,27.40,147.70,JTWC b-deck
WP152021,2021,2021-08-04T12:00:00Z,28.90,147.70,JTWC b-deck
WP152021,2021,2021-08-04T18:00:00Z,30.20,147.70,JTWC b-deck
WP152021,2021,2021-08-05T00:00:00Z,31.50,147.70,JTWC b-deck
WP152021,2021,2021-08-05T06:00:00Z,32.60,147.80,JTWC b-deck
WP152021,2021,2021-08-05T12:00:00Z,33.70,148.00,JTWC b-deck
WP152021,2021,2021-08-05T18:00:00Z,34.40,148.60,JTWC b-deck
WP152021,2021,2021-08-06T00:00:00Z,35.40,149.90,JTWC b-deck
WP152021,2021,2021-08-06T06:00:00Z,36.30,151.40,JTWC b-deck
WP152021,2021,2021-08-06T06:00:00Z,36.30,151.40,JTWC b-deck
WP152021,2021,2021-08-06T12:00:00Z,37.20,153.30,JTWC b-deck
WP152021,2021,2021-08-06T12:00:00Z,37.20,153.30,JTWC b-deck
WP152021,2021,2021-08-06T18:00:00Z,38.10,155.60,JTWC b-deck
WP152021,2021,2021-08-06T18:00:00Z,38.10,155.60,JTWC b-deck
WP152021,2021,2021-08-07T00:00:00Z,38.70,158.00,JTWC b-deck
WP152021,2021,2021-08-07T00:00:00Z,38.70,158.00,JTWC b-deck
WP152021,2021,2021-08-07T06:00:00Z,38.90,160.30,JTWC b-deck
WP152021,2021,2021-08-07T12:00:00Z,39.40,163.20,JTWC b-deck
WP152021,2021,2021-08-07T18:00:00Z,39.60,166.20,JTWC b-deck
WP152021,2021,2021-08-08T00:00:00Z,39.80,168.70,JTWC b-deck
WP152022,2022,2022-09-10T12:00:00Z,20.90,158.10,JTWC b-deck
WP152022,2022,2022-09-10T18:00:00Z,20.80,158.50,JTWC b-deck
WP152022,2022,2022-09-11T00:00:00Z,20.80,159.10,JTWC b-deck
WP152022,2022,2022-09-11T06:00:00Z,20.90,159.60,JTWC b-deck
WP152022,2022,2022-09-11T12:00:00Z,21.00,160.30,JTWC b-deck
WP152022,2022,2022-09-11T18:00:00Z,21.20,161.10,JTWC b-deck
WP152022,2022,2022-09-12T00:00:00Z,21.30,161.60,JTWC b-deck
WP152022,2022,2022-09-12T06:00:00Z,21.70,162.00,JTWC b-deck
WP152022,2022,2022-09-12T12:00:00Z,22.60,162.70,JTWC b-deck
WP152022,2022,2022-09-12T18:00:00Z,23.20,163.20,JTWC b-deck
WP152022,2022,2022-09-12T18:00:00Z,23.20,163.20,JTWC b-deck
WP152022,2022,2022-09-13T00:00:00Z,24.00,163.30,JTWC b-deck
WP152022,2022,2022-09-13T00:00:00Z,24.00,163.30,JTWC b-deck
WP152022,2022,2022-09-13T06:00:00Z,24.80,163.20,JTWC b-deck
WP152022,2022,2022-09-13T06:00:00Z,24.80,163.20,JTWC b-deck
WP152022,2022,2022-09-13T12:00:00Z,25.90,162.90,JTWC b-deck
WP152022,2022,2022-09-13T12:00:00Z,25.90,162.90,JTWC b-deck
WP152022,2022,2022-09-13T18:00:00Z,26.90,162.30,JTWC b-deck
WP152022,2022,2022-09-13T18:00:00Z,26.90,162.30,JTWC b-deck
WP152022,2022,2022-09-13T18:00:00Z,26.90,162.30,JTWC b-deck
WP152022,2022,2022-09-14T00:00:00Z,28.30,162.10,JTWC b-deck
WP152022,2022,2022-09-14T00:00:00Z,28.30,162.10,JTWC b-deck
WP152022,2022,2022-09-14T00:00:00Z,28.30,162.10,JTWC b-deck
WP152022,2022,2022-09-14T06:00:00Z,29.90,161.80,JTWC b-deck
WP152022,2022,2022-09-14T06:00:00Z,29.90,161.80,JTWC b-deck
WP152022,2022,2022-09-14T06:00:00Z,29.90,161.80,JTWC b-deck
WP152022,2022,2022-09-14T12:00:00Z,32.00,161.70,JTWC b-deck
WP152022,2022,2022-09-14T12:00:00Z,32.00,161.70,JTWC b-deck
WP152022,2022,2022-09-14T12:00:00Z,32.00,161.70,JTWC b-deck
WP152022,2022,2022-09-14T18:00:00Z,33.50,162.20,JTWC b-deck
WP152022,2022,2022-09-14T18:00:00Z,33.50,162.20,JTWC b-deck
WP152022,2022,2022-09-14T18:00:00Z,33.50,162.20,JTWC b-deck
WP152022,2022,2022-09-15T00:00:00Z,36.70,164.50,JTWC b-deck
WP152022,2022,2022-09-15T00:00:00Z,36.70,164.50,JTWC b-deck
WP152022,2022,2022-09-15T06:00:00Z,41.30,166.90,JTWC b-deck
WP152022,2022,2022-09-15T06:00:00Z,41.30,166.90,JTWC b-deck
WP152022,2022,2022-09-15T12:00:00Z,45.40,168.20,JTWC b-deck
WP152022,2022,2022-09-15T12:00:00Z,45.40,168.20,JTWC b-deck
WP152023,2023,2023-10-06T00:00:00Z,8.00,156.50,JTWC b-deck
WP152023,2023,2023-10-06T06:00:00Z,8.40,156.30,JTWC b-deck
WP152023,2023,2023-10-06T12:00:00Z,8.80,156.00,JTWC b-deck
WP152023,2023,2023-10-06T18:00:00Z,9.00,155.50,JTWC b-deck
WP152023,2023,2023-10-07T00:00:00Z,9.10,155.00,JTWC b-deck
WP152023,2023,2023-10-07T06:00:00Z,9.20,154.40,JTWC b-deck
WP152023,2023,2023-10-07T12:00:00Z,9.40,154.00,JTWC b-deck
WP152023,2023,2023-10-07T18:00:00Z,9.40,153.50,JTWC b-deck
WP152023,2023,2023-10-08T00:00:00Z,9.40,153.00,JTWC b-deck
WP152023,2023,2023-10-08T06:00:00Z,9.80,152.70,JTWC b-deck
WP152023,2023,2023-10-08T12:00:00Z,10.20,152.30,JTWC b-deck
WP152023,2023,2023-10-08T18:00:00Z,10.70,151.50,JTWC b-deck
WP152023,2023,2023-10-08T18:00:00Z,10.70,151.50,JTWC b-deck
WP152023,2023,2023-10-09T00:00:00Z,11.00,150.50,JTWC b-deck
WP152023,2023,2023-10-09T00:00:00Z,11.00,150.50,JTWC b-deck
WP152023,2023,2023-10-09T06:00:00Z,11.30,149.50,JTWC b-deck
WP152023,2023,2023-10-09T06:00:00Z,11.30,149.50,JTWC b-deck
WP152023,2023,2023-10-09T12:00:00Z,11.90,148.50,JTWC b-deck
WP152023,2023,2023-10-09T12:00:00Z,11.90,148.50,JTWC b-deck
WP152023,2023,2023-10-09T18:00:00Z,13.00,147.50,JTWC b-deck
WP152023,2023,2023-10-09T18:00:00Z,13.00,147.50,JTWC b-deck
WP152023,2023,2023-10-10T00:00:00Z,13.70,146.50,JTWC b-deck
WP152023,2023,2023-10-10T00:00:00Z,13.70,146.50,JTWC b-deck
WP152023,2023,2023-10-10T00:00:00Z,13.70,146.50,JTWC b-deck
WP152023,2023,2023-10-10T06:00:00Z,14.30,145.60,JTWC b-deck
WP152023,2023,2023-10-10T06:00:00Z,14.30,145.60,JTWC b-deck
WP152023,2023,2023-10-10T06:00:00Z,14.30,145.60,JTWC b-deck
WP152023,2023,2023-10-10T12:00:00Z,15.20,145.00,JTWC b-deck
WP152023,2023,2023-10-10T12:00:00Z,15.20,145.00,JTWC b-deck
WP152023,2023,2023-10-10T12:00:00Z,15.20,145.00,JTWC b-deck
WP152023,2023,2023-10-10T18:00:00Z,16.00,144.50,JTWC b-deck
WP152023,2023,2023-10-10T18:00:00Z,16.00,144.50,JTWC b-deck
WP152023,2023,2023-10-10T18:00:00Z,16.00,144.50,JTWC b-deck
WP152023,2023,2023-10-11T00:00:00Z,17.10,144.00,JTWC b-deck
WP152023,2023,2023-10-11T00:00:00Z,17.10,144.00,JTWC b-deck
WP152023,2023,2023-10-11T00:00:00Z,17.10,144.00,JTWC b-deck
WP152023,2023,2023-10-11T06:00:00Z,18.20,143.40,JTWC b-deck
WP152023,2023,2023-10-11T06:00:00Z,18.20,143.40,JTWC b-deck
WP152023,2023,2023-10-11T06:00:00Z,18.20,143.40,JTWC b-deck
WP152023,2023,2023-10-11T12:00:00Z,18.90,143.00,JTWC b-deck
WP152023,2023,2023-10-11T12:00:00Z,18.90,143.00,JTWC b-deck
WP152023,2023,2023-10-11T12:00:00Z,18.90,143.00,JTWC b-deck
WP152023,2023,2023-10-11T18:00:00Z,19.70,142.90,JTWC b-deck
WP152023,2023,2023-10-11T18:00:00Z,19.70,142.90,JTWC b-deck
WP152023,2023,2023-10-11T18:00:00Z,19.70,142.90,JTWC b-deck
WP152023,2023,2023-10-12T00:00:00Z,20.60,143.00,JTWC b-deck
WP152023,2023,2023-10-12T00:00:00Z,20.60,143.00,JTWC b-deck
WP152023,2023,2023-10-12T00:00:00Z,20.60,143.00,JTWC b-deck
WP152023,2023,2023-10-12T06:00:00Z,21.80,143.40,JTWC b-deck
WP152023,2023,2023-10-12T06:00:00Z,21.80,143.40,JTWC b-deck
WP152023,2023,2023-10-12T06:00:00Z,21.80,143.40,JTWC b-deck
WP152023,2023,2023-10-12T12:00:00Z,22.80,144.30,JTWC b-deck
WP152023,2023,2023-10-12T12:00:00Z,22.80,144.30,JTWC b-deck
WP152023,2023,2023-10-12T12:00:00Z,22.80,144.30,JTWC b-deck
WP152023,2023,2023-10-12T18:00:00Z,24.10,145.40,JTWC b-deck
WP152023,2023,2023-10-12T18:00:00Z,24.10,145.40,JTWC b-deck
WP152023,2023,2023-10-12T18:00:00Z,24.10,145.40,JTWC b-deck
WP152023,2023,2023-10-13T00:00:00Z,25.60,146.90,JTWC b-deck
WP152023,2023,2023-10-13T00:00:00Z,25.60,146.90,JTWC b-deck
WP152023,2023,2023-10-13T00:00:00Z,25.60,146.90,JTWC b-deck
WP152023,2023,2023-10-13T06:00:00Z,27.10,148.60,JTWC b-deck
WP152023,2023,2023-10-13T06:00:00Z,27.10,148.60,JTWC b-deck
WP152023,2023,2023-10-13T06:00:00Z,27.10,148.60,JTWC b-deck
WP152023,2023,2023-10-13T12:00:00Z,29.50,150.70,JTWC b-deck
WP152023,2023,2023-10-13T12:00:00Z,29.50,150.70,JTWC b-deck
WP152023,2023,2023-10-13T12:00:00Z,29.50,150.70,JTWC b-deck
WP152023,2023,2023-10-13T18:00:00Z,31.20,153.20,JTWC b-deck
WP152023,2023,2023-10-13T18:00:00Z,31.20,153.20,JTWC b-deck
WP152023,2023,2023-10-13T18:00:00Z,31.20,153.20,JTWC b-deck
WP152023,2023,2023-10-14T00:00:00Z,34.30,156.30,JTWC b-deck
WP152023,2023,2023-10-14T00:00:00Z,34.30,156.30,JTWC b-deck
WP152023,2023,2023-10-14T00:00:00Z,34.30,156.30,JTWC b-deck
WP152023,2023,2023-10-14T06:00:00Z,37.00,160.20,JTWC b-deck
WP152023,2023,2023-10-14T06:00:00Z,37.00,160.20,JTWC b-deck
WP152023,2023,2023-10-14T06:00:00Z,37.00,160.20,JTWC b-deck
WP152023,2023,2023-10-14T12:00:00Z,40.70,165.00,JTWC b-deck
WP152023,2023,2023-10-14T12:00:00Z,40.70,165.00,JTWC b-deck
WP152023,2023,2023-10-14T12:00:00Z,40.70,165.00,JTWC b-deck
WP152023,2023,2023-10-14T18:00:00Z,42.40,167.80,JTWC b-deck
WP152023,2023,2023-10-14T18:00:00Z,42.40,167.80,JTWC b-deck
WP152024,2024,2024-09-15T12:00:00Z,13.40,143.90,JTWC b-deck
WP152024,2024,2024-09-15T18:00:00Z,14.10,143.30,JTWC b-deck
WP152024,2024,2024-09-16T00:00:00Z,14.90,142.90,JTWC b-deck
WP152024,2024,2024-09-16T06:00:00Z,16.00,142.10,JTWC b-deck
WP152024,2024,2024-09-16T12:00:00Z,16.80,141.20,JTWC b-deck
WP152024,2024,2024-09-16T18:00:00Z,17.40,139.70,JTWC b-deck
WP152024,2024,2024-09-17T00:00:00Z,18.10,137.80,JTWC b-deck
WP152024,2024,2024-09-17T06:00:00Z,19.80,136.10,JTWC b-deck
WP152024,2024,2024-09-17T12:00:00Z,21.40,134.50,JTWC b-deck
WP152024,2024,2024-09-17T12:00:00Z,21.40,134.50,JTWC b-deck
WP152024,2024,2024-09-17T18:00:00Z,22.30,133.30,JTWC b-deck
WP152024,2024,2024-09-17T18:00:00Z,22.30,133.30,JTWC b-deck
WP152024,2024,2024-09-18T00:00:00Z,23.30,132.10,JTWC b-deck
WP152024,2024,2024-09-18T06:00:00Z,24.50,130.30,JTWC b-deck
WP152024,2024,2024-09-18T12:00:00Z,25.80,128.60,JTWC b-deck
WP152024,2024,2024-09-18T18:00:00Z,27.10,126.80,JTWC b-deck
WP152024,2024,2024-09-19T00:00:00Z,28.30,125.20,JTWC b-deck
WP152024,2024,2024-09-19T06:00:00Z,29.40,123.70,JTWC b-deck
WP152024,2024,2024-09-19T12:00:00Z,30.50,122.30,JTWC b-deck
WP152024,2024,2024-09-19T18:00:00Z,30.90,121.50,JTWC b-deck
WP152024,2024,2024-09-20T00:00:00Z,32.00,120.20,JTWC b-deck
WP152024,2024,2024-09-20T06:00:00Z,32.60,120.50,JTWC b-deck
WP152024,2024,2024-09-20T12:00:00Z,33.00,120.80,JTWC b-deck
WP152024,2024,2024-09-20T18:00:00Z,33.20,121.40,JTWC b-deck
WP152024,2024,2024-09-21T00:00:00Z,33.40,122.70,JTWC b-deck
WP152024,2024,2024-09-21T06:00:00Z,33.90,124.50,JTWC b-deck
WP152024,2024,2024-09-21T12:00:00Z,34.60,128.30,JTWC b-deck
WP152025,2025,2025-08-06T06:00:00Z,28.90,157.30,IBTrACS v04r01 (CMA)
WP152025,2025,2025-08-06T09:00:00Z,29.40,157.30,IBTrACS v04r01 (CMA)
WP152025,2025,2025-08-06T12:00:00Z,29.90,157.20,IBTrACS v04r01 (CMA)
WP152025,2025,2025-08-06T15:00:00Z,30.40,157.10,IBTrACS v04r01 (CMA)
WP152025,2025,2025-08-06T18:00:00Z,31.10,156.90,IBTrACS v04r01 (CMA)
WP152025,2025,2025-08-06T21:00:00Z,32.00,156.70,IBTrACS v04r01 (CMA)
WP152025,2025,2025-08-07T00:00:00Z,32.90,156.60,IBTrACS v04r01 (CMA)
WP152025,2025,2025-08-07T03:00:00Z,33.70,156.40,IBTrACS v04r01 (CMA)
WP162017,2017,2017-08-24T00:00:00Z,15.70,128.90,JTWC b-deck
WP162017,2017,2017-08-24T06:00:00Z,15.30,127.70,JTWC b-deck
WP162017,2017,2017-08-24T12:00:00Z,15.20,126.40,JTWC b-deck
WP162017,2017,2017-08-24T18:00:00Z,15.00,124.70,JTWC b-deck
WP162017,2017,2017-08-25T00:00:00Z,15.20,124.00,JTWC b-deck
WP162017,2017,2017-08-25T06:00:00Z,15.60,123.10,JTWC b-deck
WP162017,2017,2017-08-25T12:00:00Z,16.10,122.20,JTWC b-deck
WP162017,2017,2017-08-25T18:00:00Z,17.00,121.00,JTWC b-deck
WP162017,2017,2017-08-26T00:00:00Z,17.80,119.40,JTWC b-deck
WP162017,2017,2017-08-26T06:00:00Z,18.50,118.00,JTWC b-deck
WP162017,2017,2017-08-26T12:00:00Z,19.50,116.20,JTWC b-deck
WP162017,2017,2017-08-26T18:00:00Z,20.70,114.80,JTWC b-deck
WP162017,2017,2017-08-27T00:00:00Z,21.90,113.40,JTWC b-deck
WP162017,2017,2017-08-27T00:00:00Z,21.90,113.40,JTWC b-deck
WP162017,2017,2017-08-27T06:00:00Z,23.20,111.70,JTWC b-deck
WP162017,2017,2017-08-27T12:00:00Z,24.00,110.10,JTWC b-deck
WP162018,2018,2018-07-30T00:00:00Z,26.50,152.30,JTWC b-deck
WP162018,2018,2018-07-30T06:00:00Z,27.40,152.50,JTWC b-deck
WP162018,2018,2018-07-30T12:00:00Z,28.40,152.50,JTWC b-deck
WP162018,2018,2018-07-30T18:00:00Z,29.40,152.50,JTWC b-deck
WP162018,2018,2018-07-31T00:00:00Z,30.40,152.20,JTWC b-deck
WP162018,2018,2018-07-31T06:00:00Z,31.60,151.30,JTWC b-deck
WP162018,2018,2018-07-31T12:00:00Z,32.90,150.70,JTWC b-deck
WP162018,2018,2018-07-31T18:00:00Z,34.10,150.00,JTWC b-deck
WP162018,2018,2018-08-01T00:00:00Z,34.80,149.50,JTWC b-deck
WP162018,2018,2018-08-01T06:00:00Z,35.30,149.50,JTWC b-deck
WP162018,2018,2018-08-01T12:00:00Z,36.10,149.80,JTWC b-deck
WP162018,2018,2018-08-01T18:00:00Z,36.70,151.00,JTWC b-deck
WP162018,2018,2018-08-02T00:00:00Z,37.40,152.40,JTWC b-deck
WP162019,2019,2019-08-31T00:00:00Z,18.90,122.70,JTWC b-deck
WP162019,2019,2019-08-31T06:00:00Z,19.10,121.40,JTWC b-deck
WP162019,2019,2019-08-31T12:00:00Z,18.80,119.80,JTWC b-deck
WP162019,2019,2019-08-31T18:00:00Z,18.80,118.20,JTWC b-deck
WP162019,2019,2019-09-01T00:00:00Z,18.80,116.80,JTWC b-deck
WP162019,2019,2019-09-01T06:00:00Z,18.80,115.30,JTWC b-deck
WP162019,2019,2019-09-01T12:00:00Z,18.90,113.60,JTWC b-deck
WP162019,2019,2019-09-01T18:00:00Z,19.00,111.80,JTWC b-deck
WP162019,2019,2019-09-02T00:00:00Z,18.90,110.40,JTWC b-deck
WP162019,2019,2019-09-02T06:00:00Z,18.20,109.30,JTWC b-deck
WP162019,2019,2019-09-02T12:00:00Z,17.20,108.20,JTWC b-deck
WP162019,2019,2019-09-02T18:00:00Z,16.70,107.40,JTWC b-deck
WP162019,2019,2019-09-03T00:00:00Z,15.60,106.50,JTWC b-deck
WP162019,2019,2019-09-03T06:00:00Z,16.10,106.30,JTWC b-deck
WP162020,2020,2020-10-03T06:00:00Z,21.00,140.90,JTWC b-deck
WP162020,2020,2020-10-03T12:00:00Z,21.10,140.80,JTWC b-deck
WP162020,2020,2020-10-03T18:00:00Z,21.60,140.40,JTWC b-deck
WP162020,2020,2020-10-04T00:00:00Z,21.80,140.30,JTWC b-deck
WP162020,2020,2020-10-04T06:00:00Z,21.80,140.00,JTWC b-deck
WP162020,2020,2020-10-04T12:00:00Z,22.10,139.60,JTWC b-deck
WP162020,2020,2020-10-04T18:00:00Z,22.10,139.30,JTWC b-deck
WP162020,2020,2020-10-05T00:00:00Z,22.20,139.10,JTWC b-deck
WP162020,2020,2020-10-05T06:00:00Z,22.70,139.30,JTWC b-deck
WP162020,2020,2020-10-05T12:00:00Z,23.10,139.40,JTWC b-deck
WP162020,2020,2020-10-05T18:00:00Z,23.30,139.30,JTWC b-deck
WP162020,2020,2020-10-06T00:00:00Z,23.90,138.60,JTWC b-deck
WP162020,2020,2020-10-06T06:00:00Z,24.20,138.30,JTWC b-deck
WP162020,2020,2020-10-06T12:00:00Z,24.40,137.60,JTWC b-deck
WP162020,2020,2020-10-06T12:00:00Z,24.40,137.60,JTWC b-deck
WP162020,2020,2020-10-06T18:00:00Z,24.80,136.60,JTWC b-deck
WP162020,2020,2020-10-06T18:00:00Z,24.80,136.60,JTWC b-deck
WP162020,2020,2020-10-07T00:00:00Z,25.10,135.90,JTWC b-deck
WP162020,2020,2020-10-07T00:00:00Z,25.10,135.90,JTWC b-deck
WP162020,2020,2020-10-07T06:00:00Z,25.90,134.70,JTWC b-deck
WP162020,2020,2020-10-07T06:00:00Z,25.90,134.70,JTWC b-deck
WP162020,2020,2020-10-07T06:00:00Z,25.90,134.70,JTWC b-deck
WP162020,2020,2020-10-07T12:00:00Z,26.50,133.80,JTWC b-deck
WP162020,2020,2020-10-07T12:00:00Z,26.50,133.80,JTWC b-deck
WP162020,2020,2020-10-07T12:00:00Z,26.50,133.80,JTWC b-deck
WP162020,2020,2020-10-07T18:00:00Z,27.20,133.00,JTWC b-deck
WP162020,2020,2020-10-07T18:00:00Z,27.20,133.00,JTWC b-deck
WP162020,2020,2020-10-07T18:00:00Z,27.20,133.00,JTWC b-deck
WP162020,2020,2020-10-08T00:00:00Z,28.00,132.80,JTWC b-deck
WP162020,2020,2020-10-08T00:00:00Z,28.00,132.80,JTWC b-deck
WP162020,2020,2020-10-08T00:00:00Z,28.00,132.80,JTWC b-deck
WP162020,2020,2020-10-08T06:00:00Z,28.80,132.90,JTWC b-deck
WP162020,2020,2020-10-08T06:00:00Z,28.80,132.90,JTWC b-deck
WP162020,2020,2020-10-08T06:00:00Z,28.80,132.90,JTWC b-deck
WP162020,2020,2020-10-08T12:00:00Z,29.30,133.30,JTWC b-deck
WP162020,2020,2020-10-08T12:00:00Z,29.30,133.30,JTWC b-deck
WP162020,2020,2020-10-08T12:00:00Z,29.30,133.30,JTWC b-deck
WP162020,2020,2020-10-08T18:00:00Z,29.70,133.20,JTWC b-deck
WP162020,2020,2020-10-08T18:00:00Z,29.70,133.20,JTWC b-deck
WP162020,2020,2020-10-08T18:00:00Z,29.70,133.20,JTWC b-deck
WP162020,2020,2020-10-09T00:00:00Z,30.20,133.30,JTWC b-deck
WP162020,2020,2020-10-09T00:00:00Z,30.20,133.30,JTWC b-deck
WP162020,2020,2020-10-09T00:00:00Z,30.20,133.30,JTWC b-deck
WP162020,2020,2020-10-09T06:00:00Z,30.60,133.50,JTWC b-deck
WP162020,2020,2020-10-09T06:00:00Z,30.60,133.50,JTWC b-deck
WP162020,2020,2020-10-09T06:00:00Z,30.60,133.50,JTWC b-deck
WP162020,2020,2020-10-09T12:00:00Z,31.00,134.10,JTWC b-deck
WP162020,2020,2020-10-09T12:00:00Z,31.00,134.10,JTWC b-deck
WP162020,2020,2020-10-09T18:00:00Z,31.50,134.90,JTWC b-deck
WP162020,2020,2020-10-09T18:00:00Z,31.50,134.90,JTWC b-deck
WP162020,2020,2020-10-10T00:00:00Z,32.10,135.70,JTWC b-deck
WP162020,2020,2020-10-10T00:00:00Z,32.10,135.70,JTWC b-deck
WP162020,2020,2020-10-10T06:00:00Z,32.20,136.80,JTWC b-deck
WP162020,2020,2020-10-10T06:00:00Z,32.20,136.80,JTWC b-deck
WP162020,2020,2020-10-10T12:00:00Z,32.20,137.90,JTWC b-deck
WP162020,2020,2020-10-10T12:00:00Z,32.20,137.90,JTWC b-deck
WP162020,2020,2020-10-10T18:00:00Z,32.20,139.20,JTWC b-deck
WP162020,2020,2020-10-11T00:00:00Z,32.10,140.40,JTWC b-deck
WP162020,2020,2020-10-11T06:00:00Z,31.80,141.40,JTWC b-deck
WP162020,2020,2020-10-11T12:00:00Z,31.40,142.00,JTWC b-deck
WP162020,2020,2020-10-11T18:00:00Z,30.90,142.20,JTWC b-deck
WP162020,2020,2020-10-12T00:00:00Z,30.20,142.40,JTWC b-deck
WP162020,2020,2020-10-12T06:00:00Z,29.40,142.40,JTWC b-deck
WP162020,2020,2020-10-12T12:00:00Z,29.00,142.60,JTWC b-deck
WP162020,2020,2020-10-12T18:00:00Z,28.70,143.20,JTWC b-deck
WP162020,2020,2020-10-13T00:00:00Z,28.60,144.00,JTWC b-deck
WP162020,2020,2020-10-13T06:00:00Z,28.50,144.40,JTWC b-deck
WP162021,2021,2021-08-07T00:00:00Z,7.70,-167.00,JTWC b-deck
WP162021,2021,2021-08-07T06:00:00Z,7.80,-167.80,JTWC b-deck
WP162021,2021,2021-08-07T12:00:00Z,8.00,-168.40,JTWC b-deck
WP162021,2021,2021-08-07T18:00:00Z,8.80,-168.80,JTWC b-deck
WP162021,2021,2021-08-08T00:00:00Z,9.50,-169.40,JTWC b-deck
WP162021,2021,2021-08-08T06:00:00Z,9.90,-170.50,JTWC b-deck
WP162021,2021,2021-08-08T12:00:00Z,10.00,-171.90,JTWC b-deck
WP162021,2021,2021-08-08T18:00:00Z,10.30,-172.50,JTWC b-deck
WP162021,2021,2021-08-09T00:00:00Z,10.50,-173.00,JTWC b-deck
WP162021,2021,2021-08-09T06:00:00Z,11.50,-175.10,JTWC b-deck
WP162021,2021,2021-08-09T12:00:00Z,11.70,-176.40,JTWC b-deck
WP162021,2021,2021-08-09T18:00:00Z,12.00,-178.90,JTWC b-deck
WP162021,2021,2021-08-10T00:00:00Z,12.10,-179.80,JTWC b-deck
WP162021,2021,2021-08-10T06:00:00Z,12.10,179.40,JTWC b-deck
WP162021,2021,2021-08-10T12:00:00Z,12.10,178.70,JTWC b-deck
WP162021,2021,2021-08-10T18:00:00Z,12.20,178.10,JTWC b-deck
WP162021,2021,2021-08-11T00:00:00Z,12.20,177.20,JTWC b-deck
WP162021,2021,2021-08-11T06:00:00Z,12.30,176.50,JTWC b-deck
WP162021,2021,2021-08-11T12:00:00Z,12.20,175.80,JTWC b-deck
WP162021,2021,2021-08-11T18:00:00Z,12.20,175.00,JTWC b-deck
WP162021,2021,2021-08-12T00:00:00Z,12.60,174.00,JTWC b-deck
WP162021,2021,2021-08-12T06:00:00Z,12.80,172.70,JTWC b-deck
WP162021,2021,2021-08-12T12:00:00Z,12.70,171.20,JTWC b-deck
WP162021,2021,2021-08-12T18:00:00Z,12.60,169.90,JTWC b-deck
WP162021,2021,2021-08-13T00:00:00Z,12.70,168.40,JTWC b-deck
WP162021,2021,2021-08-13T06:00:00Z,12.50,167.30,JTWC b-deck
WP162021,2021,2021-08-13T12:00:00Z,12.50,166.00,JTWC b-deck
WP162021,2021,2021-08-13T18:00:00Z,12.30,164.90,JTWC b-deck
WP162021,2021,2021-08-14T00:00:00Z,12.40,162.90,JTWC b-deck
WP162021,2021,2021-08-14T06:00:00Z,12.30,161.70,JTWC b-deck
WP162021,2021,2021-08-14T12:00:00Z,12.30,160.50,JTWC b-deck
WP162021,2021,2021-08-14T18:00:00Z,12.20,158.60,JTWC b-deck
WP162021,2021,2021-08-15T00:00:00Z,12.60,156.90,JTWC b-deck
WP162021,2021,2021-08-15T06:00:00Z,13.00,155.80,JTWC b-deck
WP162021,2021,2021-08-15T12:00:00Z,13.10,154.40,JTWC b-deck
WP162021,2021,2021-08-15T18:00:00Z,13.70,153.10,JTWC b-deck
WP162021,2021,2021-08-16T00:00:00Z,13.80,151.70,JTWC b-deck
WP162021,2021,2021-08-16T06:00:00Z,13.60,149.90,JTWC b-deck
WP162021,2021,2021-08-16T12:00:00Z,13.30,148.60,JTWC b-deck
WP162021,2021,2021-08-16T18:00:00Z,13.10,146.30,JTWC b-deck
WP162021,2021,2021-08-17T00:00:00Z,13.20,145.10,JTWC b-deck
WP162021,2021,2021-08-17T06:00:00Z,13.30,143.50,JTWC b-deck
WP162021,2021,2021-08-17T12:00:00Z,13.40,141.90,JTWC b-deck
WP162021,2021,2021-08-17T18:00:00Z,13.80,140.40,JTWC b-deck
WP162021,2021,2021-08-18T00:00:00Z,14.20,139.10,JTWC b-deck
WP162021,2021,2021-08-18T06:00:00Z,14.40,138.40,JTWC b-deck
WP162021,2021,2021-08-18T12:00:00Z,14.80,137.70,JTWC b-deck
WP162021,2021,2021-08-18T18:00:00Z,15.30,137.20,JTWC b-deck
WP162021,2021,2021-08-19T00:00:00Z,16.40,135.20,JTWC b-deck
WP162021,2021,2021-08-19T06:00:00Z,17.50,134.10,JTWC b-deck
WP162021,2021,2021-08-19T12:00:00Z,17.90,133.10,JTWC b-deck
WP162021,2021,2021-08-19T18:00:00Z,18.40,131.90,JTWC b-deck
WP162021,2021,2021-08-20T00:00:00Z,18.70,130.90,JTWC b-deck
WP162021,2021,2021-08-20T06:00:00Z,18.90,130.00,JTWC b-deck
WP162021,2021,2021-08-20T12:00:00Z,19.40,129.40,JTWC b-deck
WP162021,2021,2021-08-20T18:00:00Z,20.10,129.20,JTWC b-deck
WP162021,2021,2021-08-21T00:00:00Z,21.30,128.20,JTWC b-deck
WP162021,2021,2021-08-21T06:00:00Z,22.10,127.60,JTWC b-deck
WP162021,2021,2021-08-21T06:00:00Z,22.10,127.60,JTWC b-deck
WP162021,2021,2021-08-21T12:00:00Z,23.00,127.00,JTWC b-deck
WP162021,2021,2021-08-21T12:00:00Z,23.00,127.00,JTWC b-deck
WP162021,2021,2021-08-21T18:00:00Z,23.60,126.40,JTWC b-deck
WP162021,2021,2021-08-21T18:00:00Z,23.60,126.40,JTWC b-deck
WP162021,2021,2021-08-22T00:00:00Z,24.30,125.80,JTWC b-deck
WP162021,2021,2021-08-22T06:00:00Z,25.10,125.30,JTWC b-deck
WP162021,2021,2021-08-22T12:00:00Z,26.00,124.90,JTWC b-deck
WP162021,2021,2021-08-22T18:00:00Z,27.30,124.80,JTWC b-deck
WP162021,2021,2021-08-23T00:00:00Z,29.00,125.40,JTWC b-deck
WP162021,2021,2021-08-23T06:00:00Z,31.30,125.60,JTWC b-deck
WP162021,2021,2021-08-23T12:00:00Z,33.50,127.40,JTWC b-deck
WP162021,2021,2021-08-23T18:00:00Z,35.70,129.70,JTWC b-deck
WP162021,2021,2021-08-24T00:00:00Z,37.50,131.40,JTWC b-deck
WP162022,2022,2022-09-11T06:00:00Z,23.70,142.70,JTWC b-deck
WP162022,2022,2022-09-11T12:00:00Z,23.50,141.00,JTWC b-deck
WP162022,2022,2022-09-11T18:00:00Z,23.40,139.80,JTWC b-deck
WP162022,2022,2022-09-12T00:00:00Z,22.10,138.90,JTWC b-deck
WP162022,2022,2022-09-12T06:00:00Z,21.80,138.20,JTWC b-deck
WP162022,2022,2022-09-12T12:00:00Z,21.60,138.00,JTWC b-deck
WP162022,2022,2022-09-12T18:00:00Z,21.50,138.20,JTWC b-deck
WP162022,2022,2022-09-13T00:00:00Z,21.80,138.80,JTWC b-deck
WP162022,2022,2022-09-13T06:00:00Z,22.00,139.30,JTWC b-deck
WP162022,2022,2022-09-13T12:00:00Z,22.20,139.70,JTWC b-deck
WP162022,2022,2022-09-13T18:00:00Z,22.40,140.00,JTWC b-deck
WP162022,2022,2022-09-14T00:00:00Z,22.60,140.50,JTWC b-deck
WP162022,2022,2022-09-14T06:00:00Z,22.80,140.60,JTWC b-deck
WP162022,2022,2022-09-14T12:00:00Z,22.90,140.20,JTWC b-deck
WP162022,2022,2022-09-14T18:00:00Z,23.10,139.70,JTWC b-deck
WP162022,2022,2022-09-14T18:00:00Z,23.10,139.70,JTWC b-deck
WP162022,2022,2022-09-15T00:00:00Z,23.10,138.90,JTWC b-deck
WP162022,2022,2022-09-15T00:00:00Z,23.10,138.90,JTWC b-deck
WP162022,2022,2022-09-15T06:00:00Z,23.30,138.00,JTWC b-deck
WP162022,2022,2022-09-15T06:00:00Z,23.30,138.00,JTWC b-deck
WP162022,2022,2022-09-15T12:00:00Z,23.50,137.30,JTWC b-deck
WP162022,2022,2022-09-15T12:00:00Z,23.50,137.30,JTWC b-deck
WP162022,2022,2022-09-15T12:00:00Z,23.50,137.30,JTWC b-deck
WP162022,2022,2022-09-15T18:00:00Z,23.40,136.30,JTWC b-deck
WP162022,2022,2022-09-15T18:00:00Z,23.40,136.30,JTWC b-deck
WP162022,2022,2022-09-15T18:00:00Z,23.40,136.30,JTWC b-deck
WP162022,2022,2022-09-16T00:00:00Z,23.70,135.90,JTWC b-deck
WP162022,2022,2022-09-16T00:00:00Z,23.70,135.90,JTWC b-deck
WP162022,2022,2022-09-16T00:00:00Z,23.70,135.90,JTWC b-deck
WP162022,2022,2022-09-16T06:00:00Z,24.20,135.40,JTWC b-deck
WP162022,2022,2022-09-16T06:00:00Z,24.20,135.40,JTWC b-deck
WP162022,2022,2022-09-16T06:00:00Z,24.20,135.40,JTWC b-deck
WP162022,2022,2022-09-16T12:00:00Z,24.80,134.70,JTWC b-deck
WP162022,2022,2022-09-16T12:00:00Z,24.80,134.70,JTWC b-deck
WP162022,2022,2022-09-16T12:00:00Z,24.80,134.70,JTWC b-deck
WP162022,2022,2022-09-16T18:00:00Z,25.50,133.80,JTWC b-deck
WP162022,2022,2022-09-16T18:00:00Z,25.50,133.80,JTWC b-deck
WP162022,2022,2022-09-16T18:00:00Z,25.50,133.80,JTWC b-deck
WP162022,2022,2022-09-17T00:00:00Z,26.00,133.10,JTWC b-deck
WP162022,2022,2022-09-17T00:00:00Z,26.00,133.10,JTWC b-deck
WP162022,2022,2022-09-17T00:00:00Z,26.00,133.10,JTWC b-deck
WP162022,2022,2022-09-17T06:00:00Z,26.80,132.50,JTWC b-deck
WP162022,2022,2022-09-17T06:00:00Z,26.80,132.50,JTWC b-deck
WP162022,2022,2022-09-17T06:00:00Z,26.80,132.50,JTWC b-deck
WP162022,2022,2022-09-17T12:00:00Z,27.60,132.00,JTWC b-deck
WP162022,2022,2022-09-17T12:00:00Z,27.60,132.00,JTWC b-deck
WP162022,2022,2022-09-17T12:00:00Z,27.60,132.00,JTWC b-deck
WP162022,2022,2022-09-17T18:00:00Z,28.60,131.40,JTWC b-deck
WP162022,2022,2022-09-17T18:00:00Z,28.60,131.40,JTWC b-deck
WP162022,2022,2022-09-17T18:00:00Z,28.60,131.40,JTWC b-deck
WP162022,2022,2022-09-18T00:00:00Z,29.70,131.00,JTWC b-deck
WP162022,2022,2022-09-18T00:00:00Z,29.70,131.00,JTWC b-deck
WP162022,2022,2022-09-18T00:00:00Z,29.70,131.00,JTWC b-deck
WP162022,2022,2022-09-18T03:00:00Z,30.30,130.70,JTWC b-deck
WP162022,2022,2022-09-18T03:00:00Z,30.30,130.70,JTWC b-deck
WP162022,2022,2022-09-18T03:00:00Z,30.30,130.70,JTWC b-deck
WP162022,2022,2022-09-18T06:00:00Z,30.80,130.60,JTWC b-deck
WP162022,2022,2022-09-18T06:00:00Z,30.80,130.60,JTWC b-deck
WP162022,2022,2022-09-18T06:00:00Z,30.80,130.60,JTWC b-deck
WP162022,2022,2022-09-18T12:00:00Z,31.90,130.60,JTWC b-deck
WP162022,2022,2022-09-18T12:00:00Z,31.90,130.60,JTWC b-deck
WP162022,2022,2022-09-18T12:00:00Z,31.90,130.60,JTWC b-deck
WP162022,2022,2022-09-18T18:00:00Z,33.20,130.30,JTWC b-deck
WP162022,2022,2022-09-18T18:00:00Z,33.20,130.30,JTWC b-deck
WP162022,2022,2022-09-18T18:00:00Z,33.20,130.30,JTWC b-deck
WP162022,2022,2022-09-19T00:00:00Z,34.10,131.10,JTWC b-deck
WP162022,2022,2022-09-19T00:00:00Z,34.10,131.10,JTWC b-deck
WP162022,2022,2022-09-19T06:00:00Z,35.10,132.50,JTWC b-deck
WP162022,2022,2022-09-19T06:00:00Z,35.10,132.50,JTWC b-deck
WP162022,2022,2022-09-19T12:00:00Z,36.10,134.30,JTWC b-deck
WP162022,2022,2022-09-19T12:00:00Z,36.10,134.30,JTWC b-deck
WP162022,2022,2022-09-19T18:00:00Z,37.30,137.20,JTWC b-deck
WP162023,2023,2023-10-15T18:00:00Z,14.60,110.50,JTWC b-deck
WP162023,2023,2023-10-16T00:00:00Z,14.70,110.70,JTWC b-deck
WP162023,2023,2023-10-16T06:00:00Z,14.90,110.90,JTWC b-deck
WP162023,2023,2023-10-16T12:00:00Z,15.10,111.10,JTWC b-deck
WP162023,2023,2023-10-16T18:00:00Z,15.30,110.80,JTWC b-deck
WP162023,2023,2023-10-17T00:00:00Z,15.40,110.60,JTWC b-deck
WP162023,2023,2023-10-17T06:00:00Z,15.60,110.40,JTWC b-deck
WP162023,2023,2023-10-17T12:00:00Z,15.80,110.30,JTWC b-deck
WP162023,2023,2023-10-17T18:00:00Z,16.30,110.00,JTWC b-deck
WP162023,2023,2023-10-18T00:00:00Z,17.00,109.60,JTWC b-deck
WP162023,2023,2023-10-18T06:00:00Z,17.70,109.30,JTWC b-deck
WP162023,2023,2023-10-18T12:00:00Z,18.60,108.30,JTWC b-deck
WP162023,2023,2023-10-18T18:00:00Z,19.20,108.40,JTWC b-deck
WP162023,2023,2023-10-19T00:00:00Z,19.60,108.50,JTWC b-deck
WP162023,2023,2023-10-19T06:00:00Z,20.40,108.90,JTWC b-deck
WP162023,2023,2023-10-19T12:00:00Z,21.20,109.20,JTWC b-deck
WP162023,2023,2023-10-19T18:00:00Z,21.20,109.30,JTWC b-deck
WP162023,2023,2023-10-20T00:00:00Z,21.20,109.60,JTWC b-deck
WP162023,2023,2023-10-20T06:00:00Z,20.70,109.70,JTWC b-deck
WP162023,2023,2023-10-20T12:00:00Z,20.30,109.50,JTWC b-deck
WP162023,2023,2023-10-20T18:00:00Z,19.80,108.70,JTWC b-deck
WP162023,2023,2023-10-21T00:00:00Z,19.90,108.20,JTWC b-deck
WP162024,2024,2024-09-18T00:00:00Z,17.80,114.70,JTWC b-deck
WP162024,2024,2024-09-18T06:00:00Z,17.70,113.50,JTWC b-deck
WP162024,2024,2024-09-18T12:00:00Z,17.40,111.80,JTWC b-deck
WP162024,2024,2024-09-18T18:00:00Z,17.20,110.10,JTWC b-deck
WP162024,2024,2024-09-19T00:00:00Z,17.00,108.50,JTWC b-deck
WP162024,2024,2024-09-19T06:00:00Z,17.00,107.00,JTWC b-deck
WP162024,2024,2024-09-19T12:00:00Z,17.10,106.00,JTWC b-deck
WP162024,2024,2024-09-19T18:00:00Z,17.20,104.90,JTWC b-deck
WP162025,2025,2025-08-07T00:00:00Z,18.20,147.90,IBTrACS v04r01 (CMA)
WP162025,2025,2025-08-07T03:00:00Z,18.40,147.80,IBTrACS v04r01 (CMA)
WP162025,2025,2025-08-07T06:00:00Z,18.60,147.70,IBTrACS v04r01 (CMA)
WP162025,2025,2025-08-07T09:00:00Z,18.70,147.40,IBTrACS v04r01 (CMA)
WP162025,2025,2025-08-07T12:00:00Z,18.90,147.00,IBTrACS v04r01 (CMA)
WP162025,2025,2025-08-07T15:00:00Z,19.10,146.60,IBTrACS v04r01 (CMA)
WP162025,2025,2025-08-07T18:00:00Z,19.40,146.30,IBTrACS v04r01 (CMA)
WP162025,2025,2025-08-07T21:00:00Z,19.80,146.00,IBTrACS v04r01 (CMA)
WP162025,2025,2025-08-08T00:00:00Z,20.10,145.70,IBTrACS v04r01 (CMA)
WP162025,2025,2025-08-08T03:00:00Z,20.30,145.50,IBTrACS v04r01 (CMA)
WP162025,2025,2025-08-08T06:00:00Z,20.50,145.20,IBTrACS v04r01 (CMA)
WP162025,2025,2025-08-08T09:00:00Z,20.70,144.80,IBTrACS v04r01 (CMA)
WP162025,2025,2025-08-08T12:00:00Z,20.80,144.40,IBTrACS v04r01 (CMA)
WP162025,2025,2025-08-08T15:00:00Z,21.00,143.90,IBTrACS v04r01 (CMA)
WP162025,2025,2025-08-08T18:00:00Z,21.10,143.50,IBTrACS v04r01 (CMA)
WP162025,2025,2025-08-08T21:00:00Z,21.20,143.10,IBTrACS v04r01 (CMA)
WP162025,2025,2025-08-09T00:00:00Z,21.30,142.80,IBTrACS v04r01 (CMA)
WP162025,2025,2025-08-09T03:00:00Z,21.40,142.50,IBTrACS v04r01 (CMA)
WP162025,2025,2025-08-09T06:00:00Z,21.50,142.10,IBTrACS v04r01 (CMA)
WP162025,2025,2025-08-09T09:00:00Z,21.60,141.60,IBTrACS v04r01 (CMA)
WP162025,2025,2025-08-09T12:00:00Z,21.60,141.00,IBTrACS v04r01 (CMA)
WP162025,2025,2025-08-09T15:00:00Z,21.60,140.50,IBTrACS v04r01 (CMA)
WP162025,2025,2025-08-09T18:00:00Z,21.60,140.00,IBTrACS v04r01 (CMA)
WP162025,2025,2025-08-09T21:00:00Z,21.60,139.30,IBTrACS v04r01 (CMA)
WP162025,2025,2025-08-10T00:00:00Z,21.50,138.60,IBTrACS v04r01 (CMA)
WP162025,2025,2025-08-10T03:00:00Z,21.50,137.90,IBTrACS v04r01 (CMA)
WP162025,2025,2025-08-10T06:00:00Z,21.50,137.30,IBTrACS v04r01 (CMA)
WP162025,2025,2025-08-10T09:00:00Z,21.40,136.60,IBTrACS v04r01 (CMA)
WP162025,2025,2025-08-10T12:00:00Z,21.30,136.00,IBTrACS v04r01 (CMA)
WP162025,2025,2025-08-10T15:00:00Z,21.20,135.50,IBTrACS v04r01 (CMA)
WP162025,2025,2025-08-10T18:00:00Z,21.20,134.90,IBTrACS v04r01 (CMA)
WP162025,2025,2025-08-10T21:00:00Z,21.20,134.20,IBTrACS v04r01 (CMA)
WP162025,2025,2025-08-11T00:00:00Z,21.10,133.40,IBTrACS v04r01 (CMA)
WP162025,2025,2025-08-11T03:00:00Z,20.90,132.80,IBTrACS v04r01 (CMA)
WP162025,2025,2025-08-11T06:00:00Z,20.80,132.20,IBTrACS v04r01 (CMA)
WP162025,2025,2025-08-11T09:00:00Z,20.80,131.60,IBTrACS v04r01 (CMA)
WP162025,2025,2025-08-11T12:00:00Z,20.80,130.90,IBTrACS v04r01 (CMA)
WP162025,2025,2025-08-11T15:00:00Z,20.70,130.10,IBTrACS v04r01 (CMA)
WP162025,2025,2025-08-11T18:00:00Z,20.70,129.30,IBTrACS v04r01 (CMA)
WP162025,2025,2025-08-11T21:00:00Z,20.80,128.60,IBTrACS v04r01 (CMA)
WP162025,2025,2025-08-12T00:00:00Z,21.00,128.00,IBTrACS v04r01 (CMA)
WP162025,2025,2025-08-12T03:00:00Z,21.10,127.30,IBTrACS v04r01 (CMA)
WP162025,2025,2025-08-12T06:00:00Z,21.30,126.60,IBTrACS v04r01 (CMA)
WP162025,2025,2025-08-12T09:00:00Z,21.50,125.80,IBTrACS v04r01 (CMA)
WP162025,2025,2025-08-12T12:00:00Z,21.70,125.00,IBTrACS v04r01 (CMA)
WP162025,2025,2025-08-12T15:00:00Z,21.90,124.00,IBTrACS v04r01 (CMA)
WP162025,2025,2025-08-12T18:00:00Z,22.00,123.30,IBTrACS v04r01 (CMA)
WP162025,2025,2025-08-12T21:00:00Z,22.00,122.60,IBTrACS v04r01 (CMA)
WP162025,2025,2025-08-13T00:00:00Z,22.00,122.00,IBTrACS v04r01 (CMA)
WP162025,2025,2025-08-13T03:00:00Z,22.40,121.30,IBTrACS v04r01 (CMA)
WP162025,2025,2025-08-13T06:00:00Z,22.80,120.60,IBTrACS v04r01 (CMA)
WP162025,2025,2025-08-13T09:00:00Z,23.10,119.90,IBTrACS v04r01 (CMA)
WP162025,2025,2025-08-13T12:00:00Z,23.40,119.00,IBTrACS v04r01 (CMA)
WP162025,2025,2025-08-13T15:00:00Z,23.80,118.00,IBTrACS v04r01 (CMA)
WP172017,2017,2017-08-28T12:00:00Z,20.00,146.20,JTWC b-deck
WP172017,2017,2017-08-28T18:00:00Z,20.70,147.40,JTWC b-deck
WP172017,2017,2017-08-29T00:00:00Z,21.70,147.90,JTWC b-deck
WP172017,2017,2017-08-29T06:00:00Z,22.80,147.50,JTWC b-deck
WP172017,2017,2017-08-29T12:00:00Z,24.00,147.00,JTWC b-deck
WP172017,2017,2017-08-29T18:00:00Z,25.40,145.70,JTWC b-deck
WP172017,2017,2017-08-29T18:00:00Z,25.40,145.70,JTWC b-deck
WP172017,2017,2017-08-30T00:00:00Z,26.20,144.30,JTWC b-deck
WP172017,2017,2017-08-30T00:00:00Z,26.20,144.30,JTWC b-deck
WP172017,2017,2017-08-30T06:00:00Z,26.80,142.80,JTWC b-deck
WP172017,2017,2017-08-30T06:00:00Z,26.80,142.80,JTWC b-deck
WP172017,2017,2017-08-30T12:00:00Z,26.50,141.30,JTWC b-deck
WP172017,2017,2017-08-30T12:00:00Z,26.50,141.30,JTWC b-deck
WP172017,2017,2017-08-30T18:00:00Z,26.30,141.30,JTWC b-deck
WP172017,2017,2017-08-30T18:00:00Z,26.30,141.30,JTWC b-deck
WP172017,2017,2017-08-31T00:00:00Z,26.60,141.80,JTWC b-deck
WP172017,2017,2017-08-31T00:00:00Z,26.60,141.80,JTWC b-deck
WP172017,2017,2017-08-31T06:00:00Z,27.10,142.00,JTWC b-deck
WP172017,2017,2017-08-31T06:00:00Z,27.10,142.00,JTWC b-deck
WP172017,2017,2017-08-31T06:00:00Z,27.10,142.00,JTWC b-deck
WP172017,2017,2017-08-31T09:00:00Z,27.50,142.10,JTWC b-deck
WP172017,2017,2017-08-31T09:00:00Z,27.50,142.10,JTWC b-deck
WP172017,2017,2017-08-31T12:00:00Z,27.80,141.90,JTWC b-deck
WP172017,2017,2017-08-31T12:00:00Z,27.80,141.90,JTWC b-deck
WP172017,2017,2017-08-31T12:00:00Z,27.80,141.90,JTWC b-deck
WP172017,2017,2017-08-31T18:00:00Z,27.80,141.70,JTWC b-deck
WP172017,2017,2017-08-31T18:00:00Z,27.80,141.70,JTWC b-deck
WP172017,2017,2017-08-31T18:00:00Z,27.80,141.70,JTWC b-deck
WP172017,2017,2017-09-01T00:00:00Z,27.20,142.20,JTWC b-deck
WP172017,2017,2017-09-01T00:00:00Z,27.20,142.20,JTWC b-deck
WP172017,2017,2017-09-01T00:00:00Z,27.20,142.20,JTWC b-deck
WP172017,2017,2017-09-01T03:00:00Z,27.20,142.90,JTWC b-deck
WP172017,2017,2017-09-01T03:00:00Z,27.20,142.90,JTWC b-deck
WP172017,2017,2017-09-01T06:00:00Z,27.60,143.40,JTWC b-deck
WP172017,2017,2017-09-01T06:00:00Z,27.60,143.40,JTWC b-deck
WP172017,2017,2017-09-01T06:00:00Z,27.60,143.40,JTWC b-deck
WP172017,2017,2017-09-01T12:00:00Z,28.20,143.70,JTWC b-deck
WP172017,2017,2017-09-01T12:00:00Z,28.20,143.70,JTWC b-deck
WP172017,2017,2017-09-01T12:00:00Z,28.20,143.70,JTWC b-deck
WP172017,2017,2017-09-01T18:00:00Z,28.70,144.00,JTWC b-deck
WP172017,2017,2017-09-01T18:00:00Z,28.70,144.00,JTWC b-deck
WP172017,2017,2017-09-01T18:00:00Z,28.70,144.00,JTWC b-deck
WP172017,2017,2017-09-02T00:00:00Z,29.90,144.60,JTWC b-deck
WP172017,2017,2017-09-02T00:00:00Z,29.90,144.60,JTWC b-deck
WP172017,2017,2017-09-02T00:00:00Z,29.90,144.60,JTWC b-deck
WP172017,2017,2017-09-02T06:00:00Z,31.40,145.30,JTWC b-deck
WP172017,2017,2017-09-02T06:00:00Z,31.40,145.30,JTWC b-deck
WP172017,2017,2017-09-02T12:00:00Z,33.10,146.70,JTWC b-deck
WP172017,2017,2017-09-02T12:00:00Z,33.10,146.70,JTWC b-deck
WP172017,2017,2017-09-02T18:00:00Z,35.50,148.30,JTWC b-deck
WP172017,2017,2017-09-02T18:00:00Z,35.50,148.30,JTWC b-deck
WP172017,2017,2017-09-03T00:00:00Z,38.40,149.90,JTWC b-deck
WP172017,2017,2017-09-03T00:00:00Z,38.40,149.90,JTWC b-deck
WP172017,2017,2017-09-03T06:00:00Z,41.80,153.00,JTWC b-deck
WP172017,2017,2017-09-03T06:00:00Z,41.80,153.00,JTWC b-deck
WP172018,2018,2018-08-02T00:00:00Z,18.50,152.90,JTWC b-deck
WP172018,2018,2018-08-02T06:00:00Z,18.30,152.40,JTWC b-deck
WP172018,2018,2018-08-02T12:00:00Z,18.10,151.90,JTWC b-deck
WP172018,2018,2018-08-02T18:00:00Z,17.90,151.40,JTWC b-deck
WP172018,2018,2018-08-03T00:00:00Z,18.00,150.90,JTWC b-deck
WP172018,2018,2018-08-03T06:00:00Z,18.10,150.50,JTWC b-deck
WP172018,2018,2018-08-03T12:00:00Z,18.50,150.00,JTWC b-deck
WP172018,2018,2018-08-03T18:00:00Z,19.30,149.60,JTWC b-deck
WP172018,2018,2018-08-03T18:00:00Z,19.30,149.60,JTWC b-deck
WP172018,2018,2018-08-04T00:00:00Z,20.10,149.20,JTWC b-deck
WP172018,2018,2018-08-04T00:00:00Z,20.10,149.20,JTWC b-deck
WP172018,2018,2018-08-04T06:00:00Z,20.90,148.80,JTWC b-deck
WP172018,2018,2018-08-04T06:00:00Z,20.90,148.80,JTWC b-deck
WP172018,2018,2018-08-04T06:00:00Z,20.90,148.80,JTWC b-deck
WP172018,2018,2018-08-04T12:00:00Z,21.80,148.20,JTWC b-deck
WP172018,2018,2018-08-04T12:00:00Z,21.80,148.20,JTWC b-deck
WP172018,2018,2018-08-04T12:00:00Z,21.80,148.20,JTWC b-deck
WP172018,2018,2018-08-04T18:00:00Z,22.40,147.70,JTWC b-deck
WP172018,2018,2018-08-04T18:00:00Z,22.40,147.70,JTWC b-deck
WP172018,2018,2018-08-04T18:00:00Z,22.40,147.70,JTWC b-deck
WP172018,2018,2018-08-05T00:00:00Z,23.10,147.50,JTWC b-deck
WP172018,2018,2018-08-05T00:00:00Z,23.10,147.50,JTWC b-deck
WP172018,2018,2018-08-05T00:00:00Z,23.10,147.50,JTWC b-deck
WP172018,2018,2018-08-05T06:00:00Z,24.00,147.40,JTWC b-deck
WP172018,2018,2018-08-05T06:00:00Z,24.00,147.40,JTWC b-deck
WP172018,2018,2018-08-05T06:00:00Z,24.00,147.40,JTWC b-deck
WP172018,2018,2018-08-05T12:00:00Z,24.80,147.10,JTWC b-deck
WP172018,2018,2018-08-05T12:00:00Z,24.80,147.10,JTWC b-deck
WP172018,2018,2018-08-05T12:00:00Z,24.80,147.10,JTWC b-deck
WP172018,2018,2018-08-05T18:00:00Z,25.70,146.60,JTWC b-deck
WP172018,2018,2018-08-05T18:00:00Z,25.70,146.60,JTWC b-deck
WP172018,2018,2018-08-05T18:00:00Z,25.70,146.60,JTWC b-deck
WP172018,2018,2018-08-06T00:00:00Z,26.70,146.20,JTWC b-deck
WP172018,2018,2018-08-06T00:00:00Z,26.70,146.20,JTWC b-deck
WP172018,2018,2018-08-06T00:00:00Z,26.70,146.20,JTWC b-deck
WP172018,2018,2018-08-06T06:00:00Z,27.60,146.00,JTWC b-deck
WP172018,2018,2018-08-06T06:00:00Z,27.60,146.00,JTWC b-deck
WP172018,2018,2018-08-06T06:00:00Z,27.60,146.00,JTWC b-deck
WP172018,2018,2018-08-06T12:00:00Z,28.60,145.50,JTWC b-deck
WP172018,2018,2018-08-06T12:00:00Z,28.60,145.50,JTWC b-deck
WP172018,2018,2018-08-06T12:00:00Z,28.60,145.50,JTWC b-deck
WP172018,2018,2018-08-06T18:00:00Z,29.70,144.90,JTWC b-deck
WP172018,2018,2018-08-06T18:00:00Z,29.70,144.90,JTWC b-deck
WP172018,2018,2018-08-06T18:00:00Z,29.70,144.90,JTWC b-deck
WP172018,2018,2018-08-07T00:00:00Z,30.50,144.20,JTWC b-deck
WP172018,2018,2018-08-07T00:00:00Z,30.50,144.20,JTWC b-deck
WP172018,2018,2018-08-07T00:00:00Z,30.50,144.20,JTWC b-deck
WP172018,2018,2018-08-07T06:00:00Z,31.20,143.90,JTWC b-deck
WP172018,2018,2018-08-07T06:00:00Z,31.20,143.90,JTWC b-deck
WP172018,2018,2018-08-07T06:00:00Z,31.20,143.90,JTWC b-deck
WP172018,2018,2018-08-07T12:00:00Z,32.00,143.10,JTWC b-deck
WP172018,2018,2018-08-07T12:00:00Z,32.00,143.10,JTWC b-deck
WP172018,2018,2018-08-07T12:00:00Z,32.00,143.10,JTWC b-deck
WP172018,2018,2018-08-07T18:00:00Z,32.60,142.40,JTWC b-deck
WP172018,2018,2018-08-07T18:00:00Z,32.60,142.40,JTWC b-deck
WP172018,2018,2018-08-07T18:00:00Z,32.60,142.40,JTWC b-deck
WP172018,2018,2018-08-08T00:00:00Z,33.40,141.90,JTWC b-deck
WP172018,2018,2018-08-08T00:00:00Z,33.40,141.90,JTWC b-deck
WP172018,2018,2018-08-08T00:00:00Z,33.40,141.90,JTWC b-deck
WP172018,2018,2018-08-08T06:00:00Z,33.80,141.30,JTWC b-deck
WP172018,2018,2018-08-08T06:00:00Z,33.80,141.30,JTWC b-deck
WP172018,2018,2018-08-08T06:00:00Z,33.80,141.30,JTWC b-deck
WP172018,2018,2018-08-08T12:00:00Z,34.50,141.30,JTWC b-deck
WP172018,2018,2018-08-08T12:00:00Z,34.50,141.30,JTWC b-deck
WP172018,2018,2018-08-08T12:00:00Z,34.50,141.30,JTWC b-deck
WP172018,2018,2018-08-08T18:00:00Z,35.30,141.00,JTWC b-deck
WP172018,2018,2018-08-08T18:00:00Z,35.30,141.00,JTWC b-deck
WP172018,2018,2018-08-09T00:00:00Z,36.30,141.10,JTWC b-deck
WP172018,2018,2018-08-09T00:00:00Z,36.30,141.10,JTWC b-deck
WP172018,2018,2018-08-09T06:00:00Z,37.30,141.50,JTWC b-deck
WP172018,2018,2018-08-09T06:00:00Z,37.30,141.50,JTWC b-deck
WP172018,2018,2018-08-09T12:00:00Z,38.00,142.50,JTWC b-deck
WP172018,2018,2018-08-09T18:00:00Z,39.00,144.60,JTWC b-deck
WP172018,2018,2018-08-10T00:00:00Z,40.00,147.10,JTWC b-deck
WP172018,2018,2018-08-10T06:00:00Z,41.00,151.20,JTWC b-deck
WP172019,2019,2019-09-12T06:00:00Z,9.10,162.00,JTWC b-deck
WP172019,2019,2019-09-12T12:00:00Z,9.60,160.60,JTWC b-deck
WP172019,2019,2019-09-12T18:00:00Z,10.10,159.20,JTWC b-deck
WP172019,2019,2019-09-13T00:00:00Z,11.10,158.20,JTWC b-deck
WP172019,2019,2019-09-13T06:00:00Z,12.00,157.00,JTWC b-deck
WP172019,2019,2019-09-13T12:00:00Z,13.00,155.50,JTWC b-deck
WP172019,2019,2019-09-13T18:00:00Z,13.30,153.90,JTWC b-deck
WP172019,2019,2019-09-14T00:00:00Z,13.40,152.90,JTWC b-deck
WP172019,2019,2019-09-14T06:00:00Z,13.90,151.90,JTWC b-deck
WP172019,2019,2019-09-14T12:00:00Z,14.30,151.10,JTWC b-deck
WP172019,2019,2019-09-14T18:00:00Z,14.60,150.50,JTWC b-deck
WP172019,2019,2019-09-15T00:00:00Z,15.50,149.80,JTWC b-deck
WP172019,2019,2019-09-15T06:00:00Z,16.60,148.90,JTWC b-deck
WP172019,2019,2019-09-15T12:00:00Z,17.60,147.90,JTWC b-deck
WP172019,2019,2019-09-15T18:00:00Z,19.60,146.80,JTWC b-deck
WP172019,2019,2019-09-16T00:00:00Z,21.30,145.40,JTWC b-deck
WP172019,2019,2019-09-16T06:00:00Z,23.30,144.50,JTWC b-deck
WP172019,2019,2019-09-16T12:00:00Z,24.80,143.10,JTWC b-deck
WP172019,2019,2019-09-16T18:00:00Z,26.90,142.50,JTWC b-deck
WP172019,2019,2019-09-17T00:00:00Z,28.90,142.70,JTWC b-deck
WP172019,2019,2019-09-17T06:00:00Z,30.90,143.50,JTWC b-deck
WP172020,2020,2020-10-08T18:00:00Z,13.20,118.50,JTWC b-deck
WP172020,2020,2020-10-09T00:00:00Z,13.20,117.60,JTWC b-deck
WP172020,2020,2020-10-09T06:00:00Z,13.20,116.80,JTWC b-deck
WP172020,2020,2020-10-09T12:00:00Z,13.10,116.00,JTWC b-deck
WP172020,2020,2020-10-09T18:00:00Z,13.50,115.10,JTWC b-deck
WP172020,2020,2020-10-10T00:00:00Z,13.90,114.20,JTWC b-deck
WP172020,2020,2020-10-10T06:00:00Z,14.40,113.20,JTWC b-deck
WP172020,2020,2020-10-10T12:00:00Z,14.70,112.00,JTWC b-deck
WP172020,2020,2020-10-10T18:00:00Z,14.80,110.60,JTWC b-deck
WP172020,2020,2020-10-11T00:00:00Z,15.10,109.30,JTWC b-deck
WP172020,2020,2020-10-11T06:00:00Z,15.20,108.40,JTWC b-deck
WP172020,2020,2020-10-11T12:00:00Z,15.30,107.70,JTWC b-deck
WP172021,2021,2021-09-01T00:00:00Z,24.40,164.10,JTWC b-deck
WP172021,2021,2021-09-01T06:00:00Z,25.00,163.20,JTWC b-deck
WP172021,2021,2021-09-01T12:00:00Z,25.70,161.50,JTWC b-deck
WP172021,2021,2021-09-01T18:00:00Z,26.00,160.40,JTWC b-deck
WP172021,2021,2021-09-02T00:00:00Z,26.70,159.50,JTWC b-deck
WP172021,2021,2021-09-02T06:00:00Z,27.00,158.60,JTWC b-deck
WP172021,2021,2021-09-02T12:00:00Z,27.80,158.50,JTWC b-deck
WP172021,2021,2021-09-02T18:00:00Z,29.00,158.10,JTWC b-deck
WP172021,2021,2021-09-03T00:00:00Z,29.70,157.60,JTWC b-deck
WP172021,2021,2021-09-03T06:00:00Z,30.60,157.80,JTWC b-deck
WP172021,2021,2021-09-03T12:00:00Z,31.20,158.20,JTWC b-deck
WP172021,2021,2021-09-03T18:00:00Z,33.10,159.50,JTWC b-deck
WP172021,2021,2021-09-04T00:00:00Z,34.50,160.40,JTWC b-deck
WP172022,2022,2022-09-19T18:00:00Z,17.90,137.30,JTWC b-deck
WP172022,2022,2022-09-20T00:00:00Z,18.40,138.10,JTWC b-deck
WP172022,2022,2022-09-20T06:00:00Z,19.30,139.00,JTWC b-deck
WP172022,2022,2022-09-20T12:00:00Z,20.30,139.80,JTWC b-deck
WP172022,2022,2022-09-20T18:00:00Z,21.20,140.50,JTWC b-deck
WP172022,2022,2022-09-21T00:00:00Z,22.30,140.90,JTWC b-deck
WP172022,2022,2022-09-21T06:00:00Z,23.50,140.80,JTWC b-deck
WP172022,2022,2022-09-21T12:00:00Z,24.50,139.90,JTWC b-deck
WP172022,2022,2022-09-21T18:00:00Z,25.40,138.60,JTWC b-deck
WP172022,2022,2022-09-22T00:00:00Z,26.00,137.30,JTWC b-deck
WP172022,2022,2022-09-22T06:00:00Z,26.90,136.50,JTWC b-deck
WP172022,2022,2022-09-22T12:00:00Z,28.00,135.60,JTWC b-deck
WP172022,2022,2022-09-22T18:00:00Z,29.40,134.90,JTWC b-deck
WP172022,2022,2022-09-23T00:00:00Z,30.80,134.80,JTWC b-deck
WP172022,2022,2022-09-23T06:00:00Z,32.10,135.50,JTWC b-deck
WP172022,2022,2022-09-23T12:00:00Z,32.60,136.50,JTWC b-deck
WP172022,2022,2022-09-23T18:00:00Z,32.90,137.20,JTWC b-deck
WP172023,2023,2023-11-09T18:00:00Z,5.10,149.00,JTWC b-deck
WP172023,2023,2023-11-10T00:00:00Z,5.30,148.40,JTWC b-deck
WP172023,2023,2023-11-10T06:00:00Z,5.50,147.90,JTWC b-deck
WP172023,2023,2023-11-10T12:00:00Z,5.70,147.50,JTWC b-deck
WP172023,2023,2023-11-10T18:00:00Z,6.10,147.10,JTWC b-deck
WP172023,2023,2023-11-11T00:00:00Z,6.40,146.80,JTWC b-deck
WP172023,2023,2023-11-11T06:00:00Z,6.30,145.90,JTWC b-deck
WP172023,2023,2023-11-11T12:00:00Z,6.30,144.90,JTWC b-deck
WP172023,2023,2023-11-11T18:00:00Z,6.50,143.20,JTWC b-deck
WP172023,2023,2023-11-12T00:00:00Z,6.70,141.50,JTWC b-deck
WP172023,2023,2023-11-12T06:00:00Z,7.10,140.80,JTWC b-deck
WP172023,2023,2023-11-12T12:00:00Z,7.60,140.00,JTWC b-deck
WP172023,2023,2023-11-12T18:00:00Z,7.60,139.40,JTWC b-deck
WP172023,2023,2023-11-13T00:00:00Z,8.00,139.00,JTWC b-deck
WP172023,2023,2023-11-13T06:00:00Z,7.50,139.50,JTWC b-deck
WP172023,2023,2023-11-13T12:00:00Z,6.90,139.90,JTWC b-deck
WP172023,2023,2023-11-13T18:00:00Z,5.40,140.10,JTWC b-deck
WP172023,2023,2023-11-14T00:00:00Z,5.30,140.00,JTWC b-deck
WP172023,2023,2023-11-14T06:00:00Z,5.10,139.80,JTWC b-deck
WP172023,2023,2023-11-14T12:00:00Z,5.50,139.70,JTWC b-deck
WP172023,2023,2023-11-14T18:00:00Z,5.80,138.60,JTWC b-deck
WP172023,2023,2023-11-15T00:00:00Z,6.00,137.50,JTWC b-deck
WP172024,2024,2024-09-19T12:00:00Z,19.70,128.30,JTWC b-deck
WP172024,2024,2024-09-19T18:00:00Z,20.60,127.90,JTWC b-deck
WP172024,2024,2024-09-20T00:00:00Z,21.20,127.60,JTWC b-deck
WP172024,2024,2024-09-20T06:00:00Z,22.70,126.60,JTWC b-deck
WP172024,2024,2024-09-20T12:00:00Z,23.90,125.40,JTWC b-deck
WP172024,2024,2024-09-20T18:00:00Z,24.80,123.90,JTWC b-deck
WP172024,2024,2024-09-21T00:00:00Z,25.50,122.90,JTWC b-deck
WP172024,2024,2024-09-21T06:00:00Z,25.80,122.30,JTWC b-deck
WP172024,2024,2024-09-21T12:00:00Z,25.90,121.60,JTWC b-deck
WP172024,2024,2024-09-21T18:00:00Z,25.70,120.80,JTWC b-deck
WP172024,2024,2024-09-22T00:00:00Z,25.30,120.10,JTWC b-deck
WP172025,2025,2025-08-18T06:00:00Z,19.20,107.90,IBTrACS v04r01 (CMA)
WP172025,2025,2025-08-18T09:00:00Z,19.60,107.80,IBTrACS v04r01 (CMA)
WP172025,2025,2025-08-18T12:00:00Z,20.00,107.70,IBTrACS v04r01 (CMA)
WP172025,2025,2025-08-18T15:00:00Z,20.40,107.60,IBTrACS v04r01 (CMA)
WP172025,2025,2025-08-18T18:00:00Z,20.80,107.60,IBTrACS v04r01 (CMA)
WP172025,2025,2025-08-18T21:00:00Z,21.10,107.60,IBTrACS v04r01 (CMA)
WP182017,2017,2017-09-01T00:00:00Z,20.30,119.00,JTWC b-deck
WP182017,2017,2017-09-01T06:00:00Z,20.60,118.80,JTWC b-deck
WP182017,2017,2017-09-01T12:00:00Z,20.80,118.40,JTWC b-deck
WP182017,2017,2017-09-01T18:00:00Z,21.10,117.60,JTWC b-deck
WP182017,2017,2017-09-02T00:00:00Z,21.20,117.40,JTWC b-deck
WP182017,2017,2017-09-02T06:00:00Z,21.30,117.30,JTWC b-deck
WP182017,2017,2017-09-02T12:00:00Z,21.40,117.30,JTWC b-deck
WP182017,2017,2017-09-02T18:00:00Z,21.60,117.00,JTWC b-deck
WP182017,2017,2017-09-03T00:00:00Z,21.90,116.70,JTWC b-deck
WP182017,2017,2017-09-03T06:00:00Z,22.20,116.40,JTWC b-deck
WP182017,2017,2017-09-03T12:00:00Z,22.70,116.20,JTWC b-deck
WP182017,2017,2017-09-03T18:00:00Z,23.20,115.50,JTWC b-deck
WP182018,2018,2018-08-06T06:00:00Z,18.60,133.60,JTWC b-deck
WP182018,2018,2018-08-06T12:00:00Z,18.70,133.40,JTWC b-deck
WP182018,2018,2018-08-06T18:00:00Z,18.80,133.10,JTWC b-deck
WP182018,2018,2018-08-07T00:00:00Z,18.80,132.90,JTWC b-deck
WP182018,2018,2018-08-07T06:00:00Z,18.80,132.70,JTWC b-deck
WP182018,2018,2018-08-07T12:00:00Z,18.90,132.50,JTWC b-deck
WP182018,2018,2018-08-07T18:00:00Z,19.10,132.40,JTWC b-deck
WP182018,2018,2018-08-08T00:00:00Z,19.30,132.60,JTWC b-deck
WP182018,2018,2018-08-08T06:00:00Z,19.50,133.40,JTWC b-deck
WP182018,2018,2018-08-08T12:00:00Z,19.90,134.00,JTWC b-deck
WP182018,2018,2018-08-08T18:00:00Z,20.50,134.10,JTWC b-deck
WP182018,2018,2018-08-09T00:00:00Z,20.90,133.70,JTWC b-deck
WP182018,2018,2018-08-09T06:00:00Z,20.80,133.50,JTWC b-deck
WP182018,2018,2018-08-09T12:00:00Z,21.30,133.50,JTWC b-deck
WP182018,2018,2018-08-09T18:00:00Z,22.10,132.80,JTWC b-deck
WP182018,2018,2018-08-10T00:00:00Z,22.80,132.20,JTWC b-deck
WP182018,2018,2018-08-10T06:00:00Z,22.90,132.20,JTWC b-deck
WP182018,2018,2018-08-10T12:00:00Z,23.30,131.90,JTWC b-deck
WP182018,2018,2018-08-10T18:00:00Z,24.30,131.00,JTWC b-deck
WP182018,2018,2018-08-11T00:00:00Z,25.00,129.50,JTWC b-deck
WP182018,2018,2018-08-11T06:00:00Z,24.90,128.20,JTWC b-deck
WP182018,2018,2018-08-11T12:00:00Z,24.90,126.90,JTWC b-deck
WP182018,2018,2018-08-11T18:00:00Z,25.10,125.60,JTWC b-deck
WP182018,2018,2018-08-12T00:00:00Z,25.60,124.80,JTWC b-deck
WP182018,2018,2018-08-12T06:00:00Z,26.60,123.80,JTWC b-deck
WP182018,2018,2018-08-12T12:00:00Z,27.80,122.30,JTWC b-deck
WP182018,2018,2018-08-12T18:00:00Z,29.20,120.70,JTWC b-deck
WP182018,2018,2018-08-13T00:00:00Z,30.50,119.30,JTWC b-deck
WP182018,2018,2018-08-13T06:00:00Z,31.90,117.70,JTWC b-deck
WP182018,2018,2018-08-13T12:00:00Z,33.00,116.80,JTWC b-deck
WP182018,2018,2018-08-13T18:00:00Z,34.40,116.20,JTWC b-deck
WP182018,2018,2018-08-14T00:00:00Z,36.00,116.30,JTWC b-deck
WP182018,2018,2018-08-14T06:00:00Z,37.00,116.70,JTWC b-deck
WP182018,2018,2018-08-14T12:00:00Z,37.60,117.10,JTWC b-deck
WP182019,2019,2019-09-17T00:00:00Z,20.20,128.70,JTWC b-deck
WP182019,2019,2019-09-17T06:00:00Z,20.60,128.80,JTWC b-deck
WP182019,2019,2019-09-17T12:00:00Z,21.00,128.80,JTWC b-deck
WP182019,2019,2019-09-17T18:00:00Z,21.30,128.80,JTWC b-deck
WP182019,2019,2019-09-18T00:00:00Z,21.60,128.90,JTWC b-deck
WP182019,2019,2019-09-18T06:00:00Z,21.80,129.10,JTWC b-deck
WP182019,2019,2019-09-18T12:00:00Z,22.10,129.30,JTWC b-deck
WP182019,2019,2019-09-18T18:00:00Z,22.30,129.00,JTWC b-deck
WP182019,2019,2019-09-19T00:00:00Z,22.40,128.70,JTWC b-deck
WP182019,2019,2019-09-19T03:00:00Z,22.30,128.60,JTWC b-deck
WP182019,2019,2019-09-19T06:00:00Z,22.40,128.70,JTWC b-deck
WP182019,2019,2019-09-19T09:00:00Z,22.70,128.80,JTWC b-deck
WP182019,2019,2019-09-19T12:00:00Z,22.80,128.30,JTWC b-deck
WP182019,2019,2019-09-19T18:00:00Z,22.90,127.70,JTWC b-deck
WP182019,2019,2019-09-20T00:00:00Z,23.00,127.40,JTWC b-deck
WP182019,2019,2019-09-20T00:00:00Z,23.00,127.40,JTWC b-deck
WP182019,2019,2019-09-20T06:00:00Z,23.30,127.10,JTWC b-deck
WP182019,2019,2019-09-20T06:00:00Z,23.30,127.10,JTWC b-deck
WP182019,2019,2019-09-20T12:00:00Z,24.10,126.90,JTWC b-deck
WP182019,2019,2019-09-20T12:00:00Z,24.10,126.90,JTWC b-deck
WP182019,2019,2019-09-20T18:00:00Z,25.10,126.40,JTWC b-deck
WP182019,2019,2019-09-20T18:00:00Z,25.10,126.40,JTWC b-deck
WP182019,2019,2019-09-21T00:00:00Z,26.30,125.70,JTWC b-deck
WP182019,2019,2019-09-21T00:00:00Z,26.30,125.70,JTWC b-deck
WP182019,2019,2019-09-21T06:00:00Z,27.50,125.60,JTWC b-deck
WP182019,2019,2019-09-21T06:00:00Z,27.50,125.60,JTWC b-deck
WP182019,2019,2019-09-21T06:00:00Z,27.50,125.60,JTWC b-deck
WP182019,2019,2019-09-21T12:00:00Z,28.50,125.60,JTWC b-deck
WP182019,2019,2019-09-21T12:00:00Z,28.50,125.60,JTWC b-deck
WP182019,2019,2019-09-21T12:00:00Z,28.50,125.60,JTWC b-deck
WP182019,2019,2019-09-21T18:00:00Z,29.60,126.00,JTWC b-deck
WP182019,2019,2019-09-21T18:00:00Z,29.60,126.00,JTWC b-deck
WP182019,2019,2019-09-21T18:00:00Z,29.60,126.00,JTWC b-deck
WP182019,2019,2019-09-22T00:00:00Z,31.00,126.60,JTWC b-deck
WP182019,2019,2019-09-22T00:00:00Z,31.00,126.60,JTWC b-deck
WP182019,2019,2019-09-22T06:00:00Z,32.70,127.90,JTWC b-deck
WP182019,2019,2019-09-22T06:00:00Z,32.70,127.90,JTWC b-deck
WP182019,2019,2019-09-22T12:00:00Z,34.10,129.60,JTWC b-deck
WP182019,2019,2019-09-22T12:00:00Z,34.10,129.60,JTWC b-deck
WP182019,2019,2019-09-22T18:00:00Z,35.40,131.50,JTWC b-deck
WP182019,2019,2019-09-22T18:00:00Z,35.40,131.50,JTWC b-deck
WP182019,2019,2019-09-23T00:00:00Z,38.30,135.10,JTWC b-deck
WP182019,2019,2019-09-23T06:00:00Z,40.90,138.60,JTWC b-deck
WP182020,2020,2020-10-11T00:00:00Z,16.90,119.70,JTWC b-deck
WP182020,2020,2020-10-11T06:00:00Z,17.10,119.20,JTWC b-deck
WP182020,2020,2020-10-11T12:00:00Z,17.30,118.80,JTWC b-deck
WP182020,2020,2020-10-11T18:00:00Z,17.50,118.20,JTWC b-deck
WP182020,2020,2020-10-12T00:00:00Z,17.80,117.20,JTWC b-deck
WP182020,2020,2020-10-12T06:00:00Z,17.90,115.70,JTWC b-deck
WP182020,2020,2020-10-12T12:00:00Z,18.10,114.50,JTWC b-deck
WP182020,2020,2020-10-12T18:00:00Z,18.40,113.40,JTWC b-deck
WP182020,2020,2020-10-13T00:00:00Z,18.60,112.10,JTWC b-deck
WP182020,2020,2020-10-13T06:00:00Z,18.80,111.20,JTWC b-deck
WP182020,2020,2020-10-13T12:00:00Z,19.00,110.50,JTWC b-deck
WP182020,2020,2020-10-13T12:00:00Z,19.00,110.50,JTWC b-deck
WP182020,2020,2020-10-13T18:00:00Z,19.80,108.80,JTWC b-deck
WP182020,2020,2020-10-14T00:00:00Z,19.90,107.70,JTWC b-deck
WP182020,2020,2020-10-14T06:00:00Z,20.00,106.60,JTWC b-deck
WP182020,2020,2020-10-14T12:00:00Z,20.00,105.40,JTWC b-deck
WP182021,2021,2021-09-05T00:00:00Z,11.20,131.40,JTWC b-deck
WP182021,2021,2021-09-05T06:00:00Z,10.80,130.40,JTWC b-deck
WP182021,2021,2021-09-05T12:00:00Z,10.50,129.40,JTWC b-deck
WP182021,2021,2021-09-05T18:00:00Z,10.00,128.60,JTWC b-deck
WP182021,2021,2021-09-06T00:00:00Z,10.30,127.80,JTWC b-deck
WP182021,2021,2021-09-06T06:00:00Z,10.80,126.80,JTWC b-deck
WP182021,2021,2021-09-06T06:00:00Z,10.80,126.80,JTWC b-deck
WP182021,2021,2021-09-06T12:00:00Z,11.30,126.00,JTWC b-deck
WP182021,2021,2021-09-06T12:00:00Z,11.30,126.00,JTWC b-deck
WP182021,2021,2021-09-06T18:00:00Z,11.50,124.80,JTWC b-deck
WP182021,2021,2021-09-06T18:00:00Z,11.50,124.80,JTWC b-deck
WP182021,2021,2021-09-07T00:00:00Z,12.00,124.30,JTWC b-deck
WP182021,2021,2021-09-07T00:00:00Z,12.00,124.30,JTWC b-deck
WP182021,2021,2021-09-07T06:00:00Z,12.50,123.50,JTWC b-deck
WP182021,2021,2021-09-07T06:00:00Z,12.50,123.50,JTWC b-deck
WP182021,2021,2021-09-07T12:00:00Z,12.90,122.80,JTWC b-deck
WP182021,2021,2021-09-07T12:00:00Z,12.90,122.80,JTWC b-deck
WP182021,2021,2021-09-07T18:00:00Z,13.30,122.00,JTWC b-deck
WP182021,2021,2021-09-07T18:00:00Z,13.30,122.00,JTWC b-deck
WP182021,2021,2021-09-07T21:00:00Z,13.50,121.70,JTWC b-deck
WP182021,2021,2021-09-07T21:00:00Z,13.50,121.70,JTWC b-deck
WP182021,2021,2021-09-07T21:00:00Z,13.50,121.70,JTWC b-deck
WP182021,2021,2021-09-08T00:00:00Z,13.70,121.40,JTWC b-deck
WP182021,2021,2021-09-08T00:00:00Z,13.70,121.40,JTWC b-deck
WP182021,2021,2021-09-08T06:00:00Z,14.10,120.80,JTWC b-deck
WP182021,2021,2021-09-08T06:00:00Z,14.10,120.80,JTWC b-deck
WP182021,2021,2021-09-08T12:00:00Z,14.60,120.00,JTWC b-deck
WP182021,2021,2021-09-08T18:00:00Z,14.80,119.40,JTWC b-deck
WP182021,2021,2021-09-09T00:00:00Z,15.30,118.30,JTWC b-deck
WP182021,2021,2021-09-09T06:00:00Z,15.80,116.80,JTWC b-deck
WP182021,2021,2021-09-09T12:00:00Z,16.00,115.10,JTWC b-deck
WP182021,2021,2021-09-09T18:00:00Z,15.80,113.90,JTWC b-deck
WP182021,2021,2021-09-09T18:00:00Z,15.80,113.90,JTWC b-deck
WP182021,2021,2021-09-10T00:00:00Z,15.70,112.80,JTWC b-deck
WP182021,2021,2021-09-10T06:00:00Z,15.70,112.10,JTWC b-deck
WP182021,2021,2021-09-10T12:00:00Z,15.70,111.60,JTWC b-deck
WP182021,2021,2021-09-10T18:00:00Z,15.80,110.90,JTWC b-deck
WP182021,2021,2021-09-10T18:00:00Z,15.80,110.90,JTWC b-deck
WP182021,2021,2021-09-11T00:00:00Z,15.80,109.90,JTWC b-deck
WP182021,2021,2021-09-11T00:00:00Z,15.80,109.90,JTWC b-deck
WP182021,2021,2021-09-11T06:00:00Z,15.60,109.60,JTWC b-deck
WP182021,2021,2021-09-11T12:00:00Z,15.30,109.20,JTWC b-deck
WP182021,2021,2021-09-11T18:00:00Z,15.20,109.20,JTWC b-deck
WP182021,2021,2021-09-12T00:00:00Z,15.30,109.20,JTWC b-deck
WP182021,2021,2021-09-12T06:00:00Z,15.30,109.20,JTWC b-deck
WP182021,2021,2021-09-12T12:00:00Z,15.30,109.20,JTWC b-deck
WP182021,2021,2021-09-12T18:00:00Z,15.40,109.10,JTWC b-deck
WP182021,2021,2021-09-13T00:00:00Z,15.80,108.80,JTWC b-deck
WP182021,2021,2021-09-13T06:00:00Z,16.10,108.40,JTWC b-deck
WP182021,2021,2021-09-13T12:00:00Z,16.30,107.70,JTWC b-deck
WP182022,2022,2022-09-21T00:00:00Z,17.40,132.40,JTWC b-deck
WP182022,2022,2022-09-21T06:00:00Z,17.40,133.00,JTWC b-deck
WP182022,2022,2022-09-21T12:00:00Z,17.50,133.60,JTWC b-deck
WP182022,2022,2022-09-21T18:00:00Z,17.70,134.20,JTWC b-deck
WP182022,2022,2022-09-22T00:00:00Z,17.80,134.60,JTWC b-deck
WP182022,2022,2022-09-22T06:00:00Z,17.90,134.50,JTWC b-deck
WP182022,2022,2022-09-22T12:00:00Z,18.00,134.00,JTWC b-deck
WP182022,2022,2022-09-22T18:00:00Z,18.20,133.40,JTWC b-deck
WP182022,2022,2022-09-23T00:00:00Z,18.00,132.40,JTWC b-deck
WP182022,2022,2022-09-23T06:00:00Z,17.70,131.30,JTWC b-deck
WP182022,2022,2022-09-23T12:00:00Z,17.50,130.50,JTWC b-deck
WP182022,2022,2022-09-23T18:00:00Z,16.90,129.30,JTWC b-deck
WP182022,2022,2022-09-24T00:00:00Z,16.20,128.10,JTWC b-deck
WP182022,2022,2022-09-24T00:00:00Z,16.20,128.10,JTWC b-deck
WP182022,2022,2022-09-24T06:00:00Z,15.80,126.90,JTWC b-deck
WP182022,2022,2022-09-24T06:00:00Z,15.80,126.90,JTWC b-deck
WP182022,2022,2022-09-24T06:00:00Z,15.80,126.90,JTWC b-deck
WP182022,2022,2022-09-24T12:00:00Z,15.40,125.90,JTWC b-deck
WP182022,2022,2022-09-24T12:00:00Z,15.40,125.90,JTWC b-deck
WP182022,2022,2022-09-24T12:00:00Z,15.40,125.90,JTWC b-deck
WP182022,2022,2022-09-24T18:00:00Z,15.20,124.70,JTWC b-deck
WP182022,2022,2022-09-24T18:00:00Z,15.20,124.70,JTWC b-deck
WP182022,2022,2022-09-24T18:00:00Z,15.20,124.70,JTWC b-deck
WP182022,2022,2022-09-25T00:00:00Z,15.00,123.60,JTWC b-deck
WP182022,2022,2022-09-25T00:00:00Z,15.00,123.60,JTWC b-deck
WP182022,2022,2022-09-25T00:00:00Z,15.00,123.60,JTWC b-deck
WP182022,2022,2022-09-25T06:00:00Z,15.00,122.40,JTWC b-deck
WP182022,2022,2022-09-25T06:00:00Z,15.00,122.40,JTWC b-deck
WP182022,2022,2022-09-25T06:00:00Z,15.00,122.40,JTWC b-deck
WP182022,2022,2022-09-25T12:00:00Z,15.10,121.40,JTWC b-deck
WP182022,2022,2022-09-25T12:00:00Z,15.10,121.40,JTWC b-deck
WP182022,2022,2022-09-25T12:00:00Z,15.10,121.40,JTWC b-deck
WP182022,2022,2022-09-25T18:00:00Z,15.40,119.80,JTWC b-deck
WP182022,2022,2022-09-25T18:00:00Z,15.40,119.80,JTWC b-deck
WP182022,2022,2022-09-25T18:00:00Z,15.40,119.80,JTWC b-deck
WP182022,2022,2022-09-26T00:00:00Z,15.90,118.30,JTWC b-deck
WP182022,2022,2022-09-26T00:00:00Z,15.90,118.30,JTWC b-deck
WP182022,2022,2022-09-26T00:00:00Z,15.90,118.30,JTWC b-deck
WP182022,2022,2022-09-26T06:00:00Z,15.90,116.90,JTWC b-deck
WP182022,2022,2022-09-26T06:00:00Z,15.90,116.90,JTWC b-deck
WP182022,2022,2022-09-26T06:00:00Z,15.90,116.90,JTWC b-deck
WP182022,2022,2022-09-26T12:00:00Z,15.90,115.40,JTWC b-deck
WP182022,2022,2022-09-26T12:00:00Z,15.90,115.40,JTWC b-deck
WP182022,2022,2022-09-26T12:00:00Z,15.90,115.40,JTWC b-deck
WP182022,2022,2022-09-26T18:00:00Z,15.80,113.60,JTWC b-deck
WP182022,2022,2022-09-26T18:00:00Z,15.80,113.60,JTWC b-deck
WP182022,2022,2022-09-26T18:00:00Z,15.80,113.60,JTWC b-deck
WP182022,2022,2022-09-27T00:00:00Z,15.40,112.00,JTWC b-deck
WP182022,2022,2022-09-27T00:00:00Z,15.40,112.00,JTWC b-deck
WP182022,2022,2022-09-27T00:00:00Z,15.40,112.00,JTWC b-deck
WP182022,2022,2022-09-27T06:00:00Z,15.60,111.20,JTWC b-deck
WP182022,2022,2022-09-27T06:00:00Z,15.60,111.20,JTWC b-deck
WP182022,2022,2022-09-27T06:00:00Z,15.60,111.20,JTWC b-deck
WP182022,2022,2022-09-27T12:00:00Z,15.70,110.20,JTWC b-deck
WP182022,2022,2022-09-27T12:00:00Z,15.70,110.20,JTWC b-deck
WP182022,2022,2022-09-27T12:00:00Z,15.70,110.20,JTWC b-deck
WP182022,2022,2022-09-27T18:00:00Z,15.80,108.90,JTWC b-deck
WP182022,2022,2022-09-27T18:00:00Z,15.80,108.90,JTWC b-deck
WP182022,2022,2022-09-27T18:00:00Z,15.80,108.90,JTWC b-deck
WP182022,2022,2022-09-28T00:00:00Z,15.80,107.70,JTWC b-deck
WP182022,2022,2022-09-28T00:00:00Z,15.80,107.70,JTWC b-deck
WP182022,2022,2022-09-28T00:00:00Z,15.80,107.70,JTWC b-deck
WP182022,2022,2022-09-28T06:00:00Z,15.60,105.30,JTWC b-deck
WP182022,2022,2022-09-28T06:00:00Z,15.60,105.30,JTWC b-deck
WP182022,2022,2022-09-28T12:00:00Z,15.50,103.60,JTWC b-deck
WP182023,2023,2023-12-14T12:00:00Z,3.70,140.60,JTWC b-deck
WP182023,2023,2023-12-14T18:00:00Z,4.10,140.30,JTWC b-deck
WP182023,2023,2023-12-15T00:00:00Z,4.50,140.00,JTWC b-deck
WP182023,2023,2023-12-15T06:00:00Z,5.10,138.80,JTWC b-deck
WP182023,2023,2023-12-15T12:00:00Z,5.50,137.70,JTWC b-deck
WP182023,2023,2023-12-15T18:00:00Z,5.50,136.80,JTWC b-deck
WP182023,2023,2023-12-16T00:00:00Z,5.50,135.90,JTWC b-deck
WP182023,2023,2023-12-16T06:00:00Z,6.00,134.20,JTWC b-deck
WP182023,2023,2023-12-16T12:00:00Z,6.50,132.50,JTWC b-deck
WP182023,2023,2023-12-16T18:00:00Z,6.70,131.40,JTWC b-deck
WP182023,2023,2023-12-17T00:00:00Z,6.80,130.40,JTWC b-deck
WP182023,2023,2023-12-17T06:00:00Z,6.80,129.60,JTWC b-deck
WP182023,2023,2023-12-17T12:00:00Z,6.80,128.80,JTWC b-deck
WP182023,2023,2023-12-17T18:00:00Z,6.90,127.70,JTWC b-deck
WP182023,2023,2023-12-18T00:00:00Z,7.10,126.60,JTWC b-deck
WP182023,2023,2023-12-18T06:00:00Z,7.20,125.90,JTWC b-deck
WP182023,2023,2023-12-18T12:00:00Z,7.10,125.20,JTWC b-deck
WP182024,2024,2024-09-24T00:00:00Z,27.90,133.60,JTWC b-deck
WP182024,2024,2024-09-24T06:00:00Z,27.80,134.10,JTWC b-deck
WP182024,2024,2024-09-24T12:00:00Z,27.90,134.90,JTWC b-deck
WP182024,2024,2024-09-24T18:00:00Z,28.10,135.20,JTWC b-deck
WP182024,2024,2024-09-25T00:00:00Z,28.30,134.70,JTWC b-deck
WP182024,2024,2024-09-25T06:00:00Z,28.20,133.80,JTWC b-deck
WP182024,2024,2024-09-25T12:00:00Z,27.80,133.30,JTWC b-deck
WP182024,2024,2024-09-25T18:00:00Z,28.00,132.90,JTWC b-deck
WP182024,2024,2024-09-26T00:00:00Z,28.30,132.40,JTWC b-deck
WP182024,2024,2024-09-26T06:00:00Z,28.00,132.10,JTWC b-deck
WP182024,2024,2024-09-26T12:00:00Z,28.00,131.90,JTWC b-deck
WP182024,2024,2024-09-26T18:00:00Z,28.40,132.00,JTWC b-deck
WP182024,2024,2024-09-27T00:00:00Z,28.50,132.10,JTWC b-deck
WP182024,2024,2024-09-27T06:00:00Z,28.80,132.60,JTWC b-deck
WP182024,2024,2024-09-27T12:00:00Z,29.40,132.70,JTWC b-deck
WP182025,2025,2025-08-19T06:00:00Z,27.20,127.40,IBTrACS v04r01 (CMA)
WP182025,2025,2025-08-19T09:00:00Z,27.50,127.20,IBTrACS v04r01 (CMA)
WP182025,2025,2025-08-19T12:00:00Z,27.80,127.10,IBTrACS v04r01 (CMA)
WP182025,2025,2025-08-19T15:00:00Z,28.10,127.00,IBTrACS v04r01 (CMA)
WP182025,2025,2025-08-19T18:00:00Z,28.50,127.00,IBTrACS v04r01 (CMA)
WP182025,2025,2025-08-19T21:00:00Z,28.80,127.20,IBTrACS v04r01 (CMA)
WP182025,2025,2025-08-20T00:00:00Z,29.20,127.40,IBTrACS v04r01 (CMA)
WP182025,2025,2025-08-20T03:00:00Z,29.80,127.60,IBTrACS v04r01 (CMA)
WP182025,2025,2025-08-20T06:00:00Z,30.40,127.80,IBTrACS v04r01 (CMA)
WP182025,2025,2025-08-20T09:00:00Z,30.80,127.90,IBTrACS v04r01 (CMA)
WP182025,2025,2025-08-20T12:00:00Z,31.20,128.00,IBTrACS v04r01 (CMA)
WP182025,2025,2025-08-20T15:00:00Z,31.50,128.30,IBTrACS v04r01 (CMA)
WP182025,2025,2025-08-20T18:00:00Z,31.80,128.70,IBTrACS v04r01 (CMA)
WP182025,2025,2025-08-20T21:00:00Z,32.00,129.10,IBTrACS v04r01 (CMA)
WP182025,2025,2025-08-21T00:00:00Z,32.00,129.40,IBTrACS v04r01 (CMA)
WP182025,2025,2025-08-21T03:00:00Z,31.80,129.70,IBTrACS v04r01 (CMA)
WP182025,2025,2025-08-21T06:00:00Z,31.60,130.00,IBTrACS v04r01 (CMA)
WP182025,2025,2025-08-21T08:00:00Z,31.60,130.30,IBTrACS v04r01 (CMA)
WP182025,2025,2025-08-21T09:00:00Z,31.60,130.40,IBTrACS v04r01 (CMA)
WP182025,2025,2025-08-21T12:00:00Z,31.60,130.80,IBTrACS v04r01 (CMA)
WP182025,2025,2025-08-21T15:00:00Z,31.60,131.10,IBTrACS v04r01 (CMA)
WP182025,2025,2025-08-21T18:00:00Z,31.70,131.40,IBTrACS v04r01 (CMA)
WP182025,2025,2025-08-21T21:00:00Z,31.90,131.70,IBTrACS v04r01 (CMA)
WP182025,2025,2025-08-22T00:00:00Z,32.10,132.00,IBTrACS v04r01 (CMA)
WP182025,2025,2025-08-22T03:00:00Z,32.30,132.20,IBTrACS v04r01 (CMA)
WP182025,2025,2025-08-22T06:00:00Z,32.50,132.50,IBTrACS v04r01 (CMA)
WP182025,2025,2025-08-22T09:00:00Z,32.50,132.80,IBTrACS v04r01 (CMA)
WP182025,2025,2025-08-22T12:00:00Z,32.50,133.10,IBTrACS v04r01 (CMA)
WP182025,2025,2025-08-22T15:00:00Z,32.60,133.50,IBTrACS v04r01 (CMA)
WP192017,2017,2017-09-03T12:00:00Z,15.90,132.90,JTWC b-deck
WP192017,2017,2017-09-03T18:00:00Z,16.40,130.90,JTWC b-deck
WP192017,2017,2017-09-04T00:00:00Z,16.50,128.80,JTWC b-deck
WP192017,2017,2017-09-04T06:00:00Z,16.30,127.20,JTWC b-deck
WP192017,2017,2017-09-04T12:00:00Z,16.40,126.00,JTWC b-deck
WP192017,2017,2017-09-04T18:00:00Z,16.60,125.30,JTWC b-deck
WP192017,2017,2017-09-04T21:00:00Z,17.10,124.80,JTWC b-deck
WP192017,2017,2017-09-05T00:00:00Z,17.60,124.90,JTWC b-deck
WP192017,2017,2017-09-05T06:00:00Z,19.00,124.20,JTWC b-deck
WP192017,2017,2017-09-05T12:00:00Z,19.70,122.60,JTWC b-deck
WP192017,2017,2017-09-05T18:00:00Z,20.20,121.10,JTWC b-deck
WP192017,2017,2017-09-06T00:00:00Z,20.20,120.40,JTWC b-deck
WP192017,2017,2017-09-06T06:00:00Z,20.70,120.00,JTWC b-deck
WP192017,2017,2017-09-06T09:00:00Z,21.20,120.10,JTWC b-deck
WP192017,2017,2017-09-06T12:00:00Z,21.70,119.90,JTWC b-deck
WP192017,2017,2017-09-06T18:00:00Z,22.20,118.90,JTWC b-deck
WP192017,2017,2017-09-07T00:00:00Z,22.90,119.00,JTWC b-deck
WP192017,2017,2017-09-07T06:00:00Z,23.70,119.10,JTWC b-deck
WP192017,2017,2017-09-07T12:00:00Z,24.80,119.40,JTWC b-deck
WP192017,2017,2017-09-07T18:00:00Z,25.40,119.60,JTWC b-deck
WP192018,2018,2018-08-10T00:00:00Z,16.10,146.60,JTWC b-deck
WP192018,2018,2018-08-10T06:00:00Z,16.90,145.80,JTWC b-deck
WP192018,2018,2018-08-10T12:00:00Z,17.10,145.20,JTWC b-deck
WP192018,2018,2018-08-10T18:00:00Z,17.90,144.80,JTWC b-deck
WP192018,2018,2018-08-11T00:00:00Z,18.40,144.50,JTWC b-deck
WP192018,2018,2018-08-11T06:00:00Z,19.10,144.10,JTWC b-deck
WP192018,2018,2018-08-11T12:00:00Z,19.90,143.60,JTWC b-deck
WP192018,2018,2018-08-11T12:00:00Z,19.90,143.60,JTWC b-deck
WP192018,2018,2018-08-11T18:00:00Z,20.60,143.00,JTWC b-deck
WP192018,2018,2018-08-11T18:00:00Z,20.60,143.00,JTWC b-deck
WP192018,2018,2018-08-12T00:00:00Z,21.50,142.60,JTWC b-deck
WP192018,2018,2018-08-12T00:00:00Z,21.50,142.60,JTWC b-deck
WP192018,2018,2018-08-12T06:00:00Z,22.80,142.20,JTWC b-deck
WP192018,2018,2018-08-12T06:00:00Z,22.80,142.20,JTWC b-deck
WP192018,2018,2018-08-12T12:00:00Z,23.70,141.50,JTWC b-deck
WP192018,2018,2018-08-12T12:00:00Z,23.70,141.50,JTWC b-deck
WP192018,2018,2018-08-12T12:00:00Z,23.70,141.50,JTWC b-deck
WP192018,2018,2018-08-12T18:00:00Z,24.70,140.60,JTWC b-deck
WP192018,2018,2018-08-12T18:00:00Z,24.70,140.60,JTWC b-deck
WP192018,2018,2018-08-12T18:00:00Z,24.70,140.60,JTWC b-deck
WP192018,2018,2018-08-13T00:00:00Z,25.70,139.50,JTWC b-deck
WP192018,2018,2018-08-13T00:00:00Z,25.70,139.50,JTWC b-deck
WP192018,2018,2018-08-13T06:00:00Z,26.50,138.60,JTWC b-deck
WP192018,2018,2018-08-13T06:00:00Z,26.50,138.60,JTWC b-deck
WP192018,2018,2018-08-13T12:00:00Z,27.30,137.60,JTWC b-deck
WP192018,2018,2018-08-13T12:00:00Z,27.30,137.60,JTWC b-deck
WP192018,2018,2018-08-13T18:00:00Z,28.30,137.10,JTWC b-deck
WP192018,2018,2018-08-13T18:00:00Z,28.30,137.10,JTWC b-deck
WP192018,2018,2018-08-14T00:00:00Z,29.40,136.10,JTWC b-deck
WP192018,2018,2018-08-14T00:00:00Z,29.40,136.10,JTWC b-deck
WP192018,2018,2018-08-14T06:00:00Z,30.60,134.70,JTWC b-deck
WP192018,2018,2018-08-14T12:00:00Z,31.60,133.10,JTWC b-deck
WP192018,2018,2018-08-14T18:00:00Z,32.60,131.40,JTWC b-deck
WP192018,2018,2018-08-15T00:00:00Z,33.90,130.00,JTWC b-deck
WP192018,2018,2018-08-15T06:00:00Z,34.90,129.40,JTWC b-deck
WP192018,2018,2018-08-15T12:00:00Z,35.90,129.50,JTWC b-deck
WP192018,2018,2018-08-15T18:00:00Z,36.60,129.90,JTWC b-deck
WP192019,2019,2019-09-25T18:00:00Z,12.30,149.30,JTWC b-deck
WP192019,2019,2019-09-26T00:00:00Z,12.10,147.10,JTWC b-deck
WP192019,2019,2019-09-26T06:00:00Z,12.40,145.10,JTWC b-deck
WP192019,2019,2019-09-26T12:00:00Z,12.80,143.10,JTWC b-deck
WP192019,2019,2019-09-26T18:00:00Z,13.20,141.10,JTWC b-deck
WP192019,2019,2019-09-27T00:00:00Z,13.80,138.90,JTWC b-deck
WP192019,2019,2019-09-27T06:00:00Z,14.00,137.40,JTWC b-deck
WP192019,2019,2019-09-27T12:00:00Z,14.40,135.90,JTWC b-deck
WP192019,2019,2019-09-27T18:00:00Z,15.00,134.20,JTWC b-deck
WP192019,2019,2019-09-28T00:00:00Z,16.10,132.30,JTWC b-deck
WP192019,2019,2019-09-28T06:00:00Z,17.20,130.50,JTWC b-deck
WP192019,2019,2019-09-28T12:00:00Z,17.70,128.90,JTWC b-deck
WP192019,2019,2019-09-28T18:00:00Z,18.00,127.70,JTWC b-deck
WP192019,2019,2019-09-29T00:00:00Z,18.60,126.50,JTWC b-deck
WP192019,2019,2019-09-29T00:00:00Z,18.60,126.50,JTWC b-deck
WP192019,2019,2019-09-29T06:00:00Z,19.60,125.70,JTWC b-deck
WP192019,2019,2019-09-29T06:00:00Z,19.60,125.70,JTWC b-deck
WP192019,2019,2019-09-29T12:00:00Z,20.40,124.70,JTWC b-deck
WP192019,2019,2019-09-29T12:00:00Z,20.40,124.70,JTWC b-deck
WP192019,2019,2019-09-29T12:00:00Z,20.40,124.70,JTWC b-deck
WP192019,2019,2019-09-29T18:00:00Z,21.00,123.60,JTWC b-deck
WP192019,2019,2019-09-29T18:00:00Z,21.00,123.60,JTWC b-deck
WP192019,2019,2019-09-29T18:00:00Z,21.00,123.60,JTWC b-deck
WP192019,2019,2019-09-29T21:00:00Z,21.20,123.20,JTWC b-deck
WP192019,2019,2019-09-29T21:00:00Z,21.20,123.20,JTWC b-deck
WP192019,2019,2019-09-29T21:00:00Z,21.20,123.20,JTWC b-deck
WP192019,2019,2019-09-30T00:00:00Z,21.80,123.00,JTWC b-deck
WP192019,2019,2019-09-30T00:00:00Z,21.80,123.00,JTWC b-deck
WP192019,2019,2019-09-30T00:00:00Z,21.80,123.00,JTWC b-deck
WP192019,2019,2019-09-30T06:00:00Z,22.80,123.00,JTWC b-deck
WP192019,2019,2019-09-30T06:00:00Z,22.80,123.00,JTWC b-deck
WP192019,2019,2019-09-30T06:00:00Z,22.80,123.00,JTWC b-deck
WP192019,2019,2019-09-30T12:00:00Z,24.60,122.90,JTWC b-deck
WP192019,2019,2019-09-30T12:00:00Z,24.60,122.90,JTWC b-deck
WP192019,2019,2019-09-30T12:00:00Z,24.60,122.90,JTWC b-deck
WP192019,2019,2019-09-30T18:00:00Z,26.00,122.20,JTWC b-deck
WP192019,2019,2019-09-30T18:00:00Z,26.00,122.20,JTWC b-deck
WP192019,2019,2019-09-30T18:00:00Z,26.00,122.20,JTWC b-deck
WP192019,2019,2019-10-01T00:00:00Z,27.30,122.10,JTWC b-deck
WP192019,2019,2019-10-01T00:00:00Z,27.30,122.10,JTWC b-deck
WP192019,2019,2019-10-01T00:00:00Z,27.30,122.10,JTWC b-deck
WP192019,2019,2019-10-01T06:00:00Z,28.60,122.30,JTWC b-deck
WP192019,2019,2019-10-01T06:00:00Z,28.60,122.30,JTWC b-deck
WP192019,2019,2019-10-01T06:00:00Z,28.60,122.30,JTWC b-deck
WP192019,2019,2019-10-01T12:00:00Z,30.10,122.50,JTWC b-deck
WP192019,2019,2019-10-01T12:00:00Z,30.10,122.50,JTWC b-deck
WP192019,2019,2019-10-01T18:00:00Z,30.80,122.80,JTWC b-deck
WP192019,2019,2019-10-01T18:00:00Z,30.80,122.80,JTWC b-deck
WP192019,2019,2019-10-02T00:00:00Z,32.10,123.80,JTWC b-deck
WP192019,2019,2019-10-02T06:00:00Z,33.30,124.80,JTWC b-deck
WP192019,2019,2019-10-02T12:00:00Z,34.30,126.40,JTWC b-deck
WP192019,2019,2019-10-02T18:00:00Z,35.80,128.10,JTWC b-deck
WP192019,2019,2019-10-03T00:00:00Z,37.50,130.00,JTWC b-deck
WP192019,2019,2019-10-03T06:00:00Z,38.10,131.50,JTWC b-deck
WP192019,2019,2019-10-03T12:00:00Z,38.70,132.90,JTWC b-deck
WP192019,2019,2019-10-03T12:00:00Z,38.70,132.90,JTWC b-deck
WP192019,2019,2019-10-03T18:00:00Z,39.00,134.30,JTWC b-deck
WP192019,2019,2019-10-04T00:00:00Z,39.00,136.40,JTWC b-deck
WP192019,2019,2019-10-04T06:00:00Z,38.80,138.70,JTWC b-deck
WP192019,2019,2019-10-04T12:00:00Z,38.50,141.40,JTWC b-deck
WP192020,2020,2020-10-16T12:00:00Z,6.00,140.90,JTWC b-deck
WP192020,2020,2020-10-16T18:00:00Z,7.10,141.40,JTWC b-deck
WP192020,2020,2020-10-17T00:00:00Z,8.20,141.60,JTWC b-deck
WP192020,2020,2020-10-17T06:00:00Z,8.70,139.90,JTWC b-deck
WP192020,2020,2020-10-17T12:00:00Z,9.60,138.60,JTWC b-deck
WP192020,2020,2020-10-17T18:00:00Z,10.20,137.60,JTWC b-deck
WP192020,2020,2020-10-18T00:00:00Z,10.60,136.40,JTWC b-deck
WP192020,2020,2020-10-18T06:00:00Z,11.40,133.90,JTWC b-deck
WP192020,2020,2020-10-18T12:00:00Z,12.20,133.20,JTWC b-deck
WP192020,2020,2020-10-18T18:00:00Z,13.40,131.10,JTWC b-deck
WP192020,2020,2020-10-19T00:00:00Z,13.70,129.40,JTWC b-deck
WP192020,2020,2020-10-19T06:00:00Z,13.90,128.30,JTWC b-deck
WP192020,2020,2020-10-19T12:00:00Z,14.20,126.80,JTWC b-deck
WP192020,2020,2020-10-19T18:00:00Z,15.00,125.90,JTWC b-deck
WP192020,2020,2020-10-20T00:00:00Z,15.70,124.70,JTWC b-deck
WP192020,2020,2020-10-20T06:00:00Z,16.10,123.70,JTWC b-deck
WP192020,2020,2020-10-20T12:00:00Z,15.90,122.20,JTWC b-deck
WP192020,2020,2020-10-20T18:00:00Z,16.20,120.00,JTWC b-deck
WP192020,2020,2020-10-21T00:00:00Z,15.80,119.30,JTWC b-deck
WP192020,2020,2020-10-21T06:00:00Z,16.00,118.50,JTWC b-deck
WP192020,2020,2020-10-21T12:00:00Z,15.90,117.50,JTWC b-deck
WP192020,2020,2020-10-21T18:00:00Z,16.20,116.80,JTWC b-deck
WP192020,2020,2020-10-21T18:00:00Z,16.20,116.80,JTWC b-deck
WP192020,2020,2020-10-22T00:00:00Z,16.70,116.50,JTWC b-deck
WP192020,2020,2020-10-22T00:00:00Z,16.70,116.50,JTWC b-deck
WP192020,2020,2020-10-22T06:00:00Z,17.00,116.40,JTWC b-deck
WP192020,2020,2020-10-22T06:00:00Z,17.00,116.40,JTWC b-deck
WP192020,2020,2020-10-22T12:00:00Z,17.50,116.10,JTWC b-deck
WP192020,2020,2020-10-22T12:00:00Z,17.50,116.10,JTWC b-deck
WP192020,2020,2020-10-22T18:00:00Z,17.80,115.80,JTWC b-deck
WP192020,2020,2020-10-22T18:00:00Z,17.80,115.80,JTWC b-deck
WP192020,2020,2020-10-22T18:00:00Z,17.80,115.80,JTWC b-deck
WP192020,2020,2020-10-23T00:00:00Z,17.90,115.50,JTWC b-deck
WP192020,2020,2020-10-23T00:00:00Z,17.90,115.50,JTWC b-deck
WP192020,2020,2020-10-23T00:00:00Z,17.90,115.50,JTWC b-deck
WP192020,2020,2020-10-23T06:00:00Z,18.00,115.20,JTWC b-deck
WP192020,2020,2020-10-23T06:00:00Z,18.00,115.20,JTWC b-deck
WP192020,2020,2020-10-23T06:00:00Z,18.00,115.20,JTWC b-deck
WP192020,2020,2020-10-23T12:00:00Z,17.80,114.80,JTWC b-deck
WP192020,2020,2020-10-23T12:00:00Z,17.80,114.80,JTWC b-deck
WP192020,2020,2020-10-23T12:00:00Z,17.80,114.80,JTWC b-deck
WP192020,2020,2020-10-23T18:00:00Z,17.60,114.30,JTWC b-deck
WP192020,2020,2020-10-23T18:00:00Z,17.60,114.30,JTWC b-deck
WP192020,2020,2020-10-24T00:00:00Z,17.60,113.50,JTWC b-deck
WP192020,2020,2020-10-24T00:00:00Z,17.60,113.50,JTWC b-deck
WP192020,2020,2020-10-24T06:00:00Z,17.50,112.70,JTWC b-deck
WP192020,2020,2020-10-24T12:00:00Z,17.50,111.60,JTWC b-deck
WP192020,2020,2020-10-24T18:00:00Z,17.60,110.30,JTWC b-deck
WP192020,2020,2020-10-25T00:00:00Z,17.60,109.20,JTWC b-deck
WP192020,2020,2020-10-25T06:00:00Z,17.50,108.30,JTWC b-deck
WP192020,2020,2020-10-25T12:00:00Z,17.60,107.80,JTWC b-deck
WP192020,2020,2020-10-25T18:00:00Z,17.90,107.30,JTWC b-deck
WP192020,2020,2020-10-26T00:00:00Z,18.00,106.70,JTWC b-deck
WP192020,2020,2020-10-26T06:00:00Z,18.10,106.30,JTWC b-deck
WP192021,2021,2021-09-05T18:00:00Z,13.40,138.90,JTWC b-deck
WP192021,2021,2021-09-06T00:00:00Z,13.50,138.60,JTWC b-deck
WP192021,2021,2021-09-06T06:00:00Z,14.10,138.50,JTWC b-deck
WP192021,2021,2021-09-06T12:00:00Z,14.80,137.90,JTWC b-deck
WP192021,2021,2021-09-06T18:00:00Z,15.20,137.40,JTWC b-deck
WP192021,2021,2021-09-07T00:00:00Z,15.60,136.60,JTWC b-deck
WP192021,2021,2021-09-07T00:00:00Z,15.60,136.60,JTWC b-deck
WP192021,2021,2021-09-07T06:00:00Z,16.20,135.70,JTWC b-deck
WP192021,2021,2021-09-07T06:00:00Z,16.20,135.70,JTWC b-deck
WP192021,2021,2021-09-07T06:00:00Z,16.20,135.70,JTWC b-deck
WP192021,2021,2021-09-07T12:00:00Z,16.30,134.60,JTWC b-deck
WP192021,2021,2021-09-07T12:00:00Z,16.30,134.60,JTWC b-deck
WP192021,2021,2021-09-07T12:00:00Z,16.30,134.60,JTWC b-deck
WP192021,2021,2021-09-07T18:00:00Z,16.20,133.50,JTWC b-deck
WP192021,2021,2021-09-07T18:00:00Z,16.20,133.50,JTWC b-deck
WP192021,2021,2021-09-07T18:00:00Z,16.20,133.50,JTWC b-deck
WP192021,2021,2021-09-08T00:00:00Z,16.00,132.30,JTWC b-deck
WP192021,2021,2021-09-08T00:00:00Z,16.00,132.30,JTWC b-deck
WP192021,2021,2021-09-08T00:00:00Z,16.00,132.30,JTWC b-deck
WP192021,2021,2021-09-08T06:00:00Z,15.60,131.30,JTWC b-deck
WP192021,2021,2021-09-08T06:00:00Z,15.60,131.30,JTWC b-deck
WP192021,2021,2021-09-08T06:00:00Z,15.60,131.30,JTWC b-deck
WP192021,2021,2021-09-08T12:00:00Z,15.50,130.30,JTWC b-deck
WP192021,2021,2021-09-08T12:00:00Z,15.50,130.30,JTWC b-deck
WP192021,2021,2021-09-08T12:00:00Z,15.50,130.30,JTWC b-deck
WP192021,2021,2021-09-08T18:00:00Z,15.40,129.10,JTWC b-deck
WP192021,2021,2021-09-08T18:00:00Z,15.40,129.10,JTWC b-deck
WP192021,2021,2021-09-08T18:00:00Z,15.40,129.10,JTWC b-deck
WP192021,2021,2021-09-09T00:00:00Z,15.40,128.00,JTWC b-deck
WP192021,2021,2021-09-09T00:00:00Z,15.40,128.00,JTWC b-deck
WP192021,2021,2021-09-09T00:00:00Z,15.40,128.00,JTWC b-deck
WP192021,2021,2021-09-09T06:00:00Z,15.80,127.10,JTWC b-deck
WP192021,2021,2021-09-09T06:00:00Z,15.80,127.10,JTWC b-deck
WP192021,2021,2021-09-09T06:00:00Z,15.80,127.10,JTWC b-deck
WP192021,2021,2021-09-09T12:00:00Z,16.10,125.90,JTWC b-deck
WP192021,2021,2021-09-09T12:00:00Z,16.10,125.90,JTWC b-deck
WP192021,2021,2021-09-09T12:00:00Z,16.10,125.90,JTWC b-deck
WP192021,2021,2021-09-09T18:00:00Z,16.60,124.90,JTWC b-deck
WP192021,2021,2021-09-09T18:00:00Z,16.60,124.90,JTWC b-deck
WP192021,2021,2021-09-09T18:00:00Z,16.60,124.90,JTWC b-deck
WP192021,2021,2021-09-10T00:00:00Z,17.10,124.10,JTWC b-deck
WP192021,2021,2021-09-10T00:00:00Z,17.10,124.10,JTWC b-deck
WP192021,2021,2021-09-10T00:00:00Z,17.10,124.10,JTWC b-deck
WP192021,2021,2021-09-10T06:00:00Z,17.80,123.50,JTWC b-deck
WP192021,2021,2021-09-10T06:00:00Z,17.80,123.50,JTWC b-deck
WP192021,2021,2021-09-10T06:00:00Z,17.80,123.50,JTWC b-deck
WP192021,2021,2021-09-10T12:00:00Z,18.80,122.80,JTWC b-deck
WP192021,2021,2021-09-10T12:00:00Z,18.80,122.80,JTWC b-deck
WP192021,2021,2021-09-10T12:00:00Z,18.80,122.80,JTWC b-deck
WP192021,2021,2021-09-10T18:00:00Z,19.50,122.30,JTWC b-deck
WP192021,2021,2021-09-10T18:00:00Z,19.50,122.30,JTWC b-deck
WP192021,2021,2021-09-10T18:00:00Z,19.50,122.30,JTWC b-deck
WP192021,2021,2021-09-11T00:00:00Z,20.30,122.00,JTWC b-deck
WP192021,2021,2021-09-11T00:00:00Z,20.30,122.00,JTWC b-deck
WP192021,2021,2021-09-11T00:00:00Z,20.30,122.00,JTWC b-deck
WP192021,2021,2021-09-11T06:00:00Z,21.00,121.50,JTWC b-deck
WP192021,2021,2021-09-11T06:00:00Z,21.00,121.50,JTWC b-deck
WP192021,2021,2021-09-11T06:00:00Z,21.00,121.50,JTWC b-deck
WP192021,2021,2021-09-11T12:00:00Z,21.80,121.80,JTWC b-deck
WP192021,2021,2021-09-11T12:00:00Z,21.80,121.80,JTWC b-deck
WP192021,2021,2021-09-11T12:00:00Z,21.80,121.80,JTWC b-deck
WP192021,2021,2021-09-11T18:00:00Z,22.80,122.00,JTWC b-deck
WP192021,2021,2021-09-11T18:00:00Z,22.80,122.00,JTWC b-deck
WP192021,2021,2021-09-11T18:00:00Z,22.80,122.00,JTWC b-deck
WP192021,2021,2021-09-12T00:00:00Z,23.80,122.30,JTWC b-deck
WP192021,2021,2021-09-12T00:00:00Z,23.80,122.30,JTWC b-deck
WP192021,2021,2021-09-12T00:00:00Z,23.80,122.30,JTWC b-deck
WP192021,2021,2021-09-12T06:00:00Z,25.30,122.30,JTWC b-deck
WP192021,2021,2021-09-12T06:00:00Z,25.30,122.30,JTWC b-deck
WP192021,2021,2021-09-12T06:00:00Z,25.30,122.30,JTWC b-deck
WP192021,2021,2021-09-12T12:00:00Z,26.30,122.70,JTWC b-deck
WP192021,2021,2021-09-12T12:00:00Z,26.30,122.70,JTWC b-deck
WP192021,2021,2021-09-12T12:00:00Z,26.30,122.70,JTWC b-deck
WP192021,2021,2021-09-12T18:00:00Z,27.60,123.10,JTWC b-deck
WP192021,2021,2021-09-12T18:00:00Z,27.60,123.10,JTWC b-deck
WP192021,2021,2021-09-12T18:00:00Z,27.60,123.10,JTWC b-deck
WP192021,2021,2021-09-13T00:00:00Z,29.10,123.60,JTWC b-deck
WP192021,2021,2021-09-13T00:00:00Z,29.10,123.60,JTWC b-deck
WP192021,2021,2021-09-13T00:00:00Z,29.10,123.60,JTWC b-deck
WP192021,2021,2021-09-13T06:00:00Z,30.70,123.40,JTWC b-deck
WP192021,2021,2021-09-13T06:00:00Z,30.70,123.40,JTWC b-deck
WP192021,2021,2021-09-13T06:00:00Z,30.70,123.40,JTWC b-deck
WP192021,2021,2021-09-13T12:00:00Z,30.90,123.20,JTWC b-deck
WP192021,2021,2021-09-13T12:00:00Z,30.90,123.20,JTWC b-deck
WP192021,2021,2021-09-13T12:00:00Z,30.90,123.20,JTWC b-deck
WP192021,2021,2021-09-13T18:00:00Z,31.50,123.60,JTWC b-deck
WP192021,2021,2021-09-13T18:00:00Z,31.50,123.60,JTWC b-deck
WP192021,2021,2021-09-14T00:00:00Z,31.30,123.80,JTWC b-deck
WP192021,2021,2021-09-14T06:00:00Z,30.90,124.30,JTWC b-deck
WP192021,2021,2021-09-14T12:00:00Z,30.50,124.80,JTWC b-deck
WP192021,2021,2021-09-14T18:00:00Z,30.30,125.30,JTWC b-deck
WP192021,2021,2021-09-15T00:00:00Z,30.20,125.70,JTWC b-deck
WP192021,2021,2021-09-15T06:00:00Z,30.10,125.60,JTWC b-deck
WP192021,2021,2021-09-15T12:00:00Z,30.00,125.40,JTWC b-deck
WP192021,2021,2021-09-15T18:00:00Z,30.20,125.20,JTWC b-deck
WP192021,2021,2021-09-15T18:00:00Z,30.20,125.20,JTWC b-deck
WP192021,2021,2021-09-16T00:00:00Z,30.40,125.10,JTWC b-deck
WP192021,2021,2021-09-16T00:00:00Z,30.40,125.10,JTWC b-deck
WP192021,2021,2021-09-16T06:00:00Z,30.90,125.40,JTWC b-deck
WP192021,2021,2021-09-16T06:00:00Z,30.90,125.40,JTWC b-deck
WP192021,2021,2021-09-16T12:00:00Z,31.30,125.90,JTWC b-deck
WP192021,2021,2021-09-16T12:00:00Z,31.30,125.90,JTWC b-deck
WP192021,2021,2021-09-16T18:00:00Z,32.30,126.40,JTWC b-deck
WP192021,2021,2021-09-17T00:00:00Z,32.90,127.50,JTWC b-deck
WP192021,2021,2021-09-17T06:00:00Z,33.40,129.10,JTWC b-deck
WP192021,2021,2021-09-17T12:00:00Z,33.70,131.50,JTWC b-deck
WP192021,2021,2021-09-17T18:00:00Z,33.90,134.20,JTWC b-deck
WP192021,2021,2021-09-18T00:00:00Z,34.50,136.80,JTWC b-deck
WP192021,2021,2021-09-18T06:00:00Z,34.40,137.70,JTWC b-deck
WP192021,2021,2021-09-18T09:00:00Z,34.10,138.30,JTWC b-deck
WP192022,2022,2022-09-25T12:00:00Z,20.90,145.10,JTWC b-deck
WP192022,2022,2022-09-25T18:00:00Z,21.60,144.40,JTWC b-deck
WP192022,2022,2022-09-26T00:00:00Z,22.80,143.30,JTWC b-deck
WP192022,2022,2022-09-26T06:00:00Z,23.90,142.60,JTWC b-deck
WP192022,2022,2022-09-26T12:00:00Z,25.90,142.40,JTWC b-deck
WP192022,2022,2022-09-26T18:00:00Z,27.00,142.10,JTWC b-deck
WP192022,2022,2022-09-27T00:00:00Z,27.90,141.60,JTWC b-deck
WP192022,2022,2022-09-27T06:00:00Z,28.60,141.80,JTWC b-deck
WP192022,2022,2022-09-27T12:00:00Z,29.80,142.50,JTWC b-deck
WP192022,2022,2022-09-27T12:00:00Z,29.80,142.50,JTWC b-deck
WP192022,2022,2022-09-27T18:00:00Z,30.60,143.50,JTWC b-deck
WP192022,2022,2022-09-27T18:00:00Z,30.60,143.50,JTWC b-deck
WP192022,2022,2022-09-28T00:00:00Z,32.10,145.30,JTWC b-deck
WP192022,2022,2022-09-28T00:00:00Z,32.10,145.30,JTWC b-deck
WP192022,2022,2022-09-28T06:00:00Z,33.40,147.60,JTWC b-deck
WP192022,2022,2022-09-28T06:00:00Z,33.40,147.60,JTWC b-deck
WP192022,2022,2022-09-28T12:00:00Z,34.90,150.50,JTWC b-deck
WP192022,2022,2022-09-28T12:00:00Z,34.90,150.50,JTWC b-deck
WP192022,2022,2022-09-28T12:00:00Z,34.90,150.50,JTWC b-deck
WP192022,2022,2022-09-28T18:00:00Z,36.60,153.10,JTWC b-deck
WP192022,2022,2022-09-28T18:00:00Z,36.60,153.10,JTWC b-deck
WP192022,2022,2022-09-28T18:00:00Z,36.60,153.10,JTWC b-deck
WP192022,2022,2022-09-29T00:00:00Z,38.80,155.90,JTWC b-deck
WP192022,2022,2022-09-29T00:00:00Z,38.80,155.90,JTWC b-deck
WP192022,2022,2022-09-29T00:00:00Z,38.80,155.90,JTWC b-deck
WP192022,2022,2022-09-29T06:00:00Z,41.50,159.40,JTWC b-deck
WP192022,2022,2022-09-29T06:00:00Z,41.50,159.40,JTWC b-deck
WP192022,2022,2022-09-29T06:00:00Z,41.50,159.40,JTWC b-deck
WP192022,2022,2022-09-29T12:00:00Z,44.50,163.50,JTWC b-deck
WP192022,2022,2022-09-29T12:00:00Z,44.50,163.50,JTWC b-deck
WP192022,2022,2022-09-29T12:00:00Z,44.50,163.50,JTWC b-deck
WP192024,2024,2024-09-24T18:00:00Z,14.30,149.80,JTWC b-deck
WP192024,2024,2024-09-25T00:00:00Z,14.70,149.50,JTWC b-deck
WP192024,2024,2024-09-25T06:00:00Z,15.70,149.10,JTWC b-deck
WP192024,2024,2024-09-25T12:00:00Z,16.20,148.30,JTWC b-deck
WP192024,2024,2024-09-25T18:00:00Z,16.40,147.40,JTWC b-deck
WP192024,2024,2024-09-26T00:00:00Z,16.30,146.60,JTWC b-deck
WP192024,2024,2024-09-26T06:00:00Z,16.60,146.50,JTWC b-deck
WP192024,2024,2024-09-26T12:00:00Z,16.90,146.50,JTWC b-deck
WP192024,2024,2024-09-26T18:00:00Z,17.60,146.20,JTWC b-deck
WP192024,2024,2024-09-27T00:00:00Z,18.00,145.60,JTWC b-deck
WP192024,2024,2024-09-27T06:00:00Z,18.30,145.20,JTWC b-deck
WP192024,2024,2024-09-27T12:00:00Z,18.50,144.90,JTWC b-deck
WP192024,2024,2024-09-27T18:00:00Z,19.20,144.20,JTWC b-deck
WP192024,2024,2024-09-28T00:00:00Z,20.00,143.30,JTWC b-deck
WP192024,2024,2024-09-28T06:00:00Z,20.60,143.10,JTWC b-deck
WP192024,2024,2024-09-28T12:00:00Z,21.30,143.00,JTWC b-deck
WP192024,2024,2024-09-28T18:00:00Z,21.90,142.20,JTWC b-deck
WP192024,2024,2024-09-29T00:00:00Z,22.60,141.50,JTWC b-deck
WP192024,2024,2024-09-29T06:00:00Z,23.90,141.10,JTWC b-deck
WP192024,2024,2024-09-29T12:00:00Z,24.60,140.70,JTWC b-deck
WP192024,2024,2024-09-29T18:00:00Z,25.10,140.40,JTWC b-deck
WP192024,2024,2024-09-30T00:00:00Z,25.90,140.20,JTWC b-deck
WP192024,2024,2024-09-30T06:00:00Z,27.70,140.50,JTWC b-deck
WP192024,2024,2024-09-30T12:00:00Z,29.30,140.90,JTWC b-deck
WP192024,2024,2024-09-30T18:00:00Z,31.00,141.30,JTWC b-deck
WP192024,2024,2024-09-30T18:00:00Z,31.00,141.30,JTWC b-deck
WP192024,2024,2024-10-01T00:00:00Z,32.80,141.60,JTWC b-deck
WP192024,2024,2024-10-01T00:00:00Z,32.80,141.60,JTWC b-deck
WP192024,2024,2024-10-01T00:00:00Z,32.80,141.60,JTWC b-deck
WP192024,2024,2024-10-01T06:00:00Z,34.90,142.20,JTWC b-deck
WP192024,2024,2024-10-01T06:00:00Z,34.90,142.20,JTWC b-deck
WP192024,2024,2024-10-01T06:00:00Z,34.90,142.20,JTWC b-deck
WP192024,2024,2024-10-01T12:00:00Z,37.00,143.00,JTWC b-deck
WP192024,2024,2024-10-01T12:00:00Z,37.00,143.00,JTWC b-deck
WP192024,2024,2024-10-01T12:00:00Z,37.00,143.00,JTWC b-deck
WP192024,2024,2024-10-01T18:00:00Z,39.50,145.60,JTWC b-deck
WP192024,2024,2024-10-01T18:00:00Z,39.50,145.60,JTWC b-deck
WP192024,2024,2024-10-01T18:00:00Z,39.50,145.60,JTWC b-deck
WP192024,2024,2024-10-02T00:00:00Z,42.10,148.30,JTWC b-deck
WP192024,2024,2024-10-02T00:00:00Z,42.10,148.30,JTWC b-deck
WP192024,2024,2024-10-02T00:00:00Z,42.10,148.30,JTWC b-deck
WP192024,2024,2024-10-02T06:00:00Z,45.10,152.30,JTWC b-deck
WP192024,2024,2024-10-02T06:00:00Z,45.10,152.30,JTWC b-deck
WP192024,2024,2024-10-02T12:00:00Z,48.50,158.20,JTWC b-deck
WP192025,2025,2025-08-22T18:00:00Z,17.00,118.10,IBTrACS v04r01 (CMA)
WP192025,2025,2025-08-22T21:00:00Z,17.10,117.40,IBTrACS v04r01 (CMA)
WP192025,2025,2025-08-23T00:00:00Z,17.20,116.70,IBTrACS v04r01 (CMA)
WP192025,2025,2025-08-23T03:00:00Z,17.40,115.90,IBTrACS v04r01 (CMA)
WP192025,2025,2025-08-23T06:00:00Z,17.50,115.00,IBTrACS v04r01 (CMA)
WP192025,2025,2025-08-23T09:00:00Z,17.50,114.20,IBTrACS v04r01 (CMA)
WP192025,2025,2025-08-23T12:00:00Z,17.50,113.40,IBTrACS v04r01 (CMA)
WP192025,2025,2025-08-23T15:00:00Z,17.50,112.80,IBTrACS v04r01 (CMA)
WP192025,2025,2025-08-23T18:00:00Z,17.40,112.30,IBTrACS v04r01 (CMA)
WP192025,2025,2025-08-23T21:00:00Z,17.30,111.80,IBTrACS v04r01 (CMA)
WP192025,2025,2025-08-24T00:00:00Z,17.20,111.30,IBTrACS v04r01 (CMA)
WP192025,2025,2025-08-24T03:00:00Z,17.20,110.90,IBTrACS v04r01 (CMA)
WP192025,2025,2025-08-24T06:00:00Z,17.40,110.40,IBTrACS v04r01 (CMA)
WP192025,2025,2025-08-24T09:00:00Z,17.60,109.90,IBTrACS v04r01 (CMA)
WP192025,2025,2025-08-24T12:00:00Z,17.90,109.30,IBTrACS v04r01 (CMA)
WP192025,2025,2025-08-24T15:00:00Z,18.00,108.70,IBTrACS v04r01 (CMA)
WP192025,2025,2025-08-24T18:00:00Z,18.10,108.20,IBTrACS v04r01 (CMA)
WP192025,2025,2025-08-24T21:00:00Z,18.20,107.70,IBTrACS v04r01 (CMA)
WP192025,2025,2025-08-25T00:00:00Z,18.30,107.30,IBTrACS v04r01 (CMA)
WP192025,2025,2025-08-25T03:00:00Z,18.40,106.80,IBTrACS v04r01 (CMA)
WP192025,2025,2025-08-25T06:00:00Z,18.40,106.30,IBTrACS v04r01 (CMA)
WP192025,2025,2025-08-25T09:00:00Z,18.40,106.00,IBTrACS v04r01 (CMA)
WP192025,2025,2025-08-25T12:00:00Z,18.40,105.80,IBTrACS v04r01 (CMA)
WP192025,2025,2025-08-25T15:00:00Z,18.50,105.40,IBTrACS v04r01 (CMA)
WP202017,2017,2017-09-09T00:00:00Z,14.60,144.80,JTWC b-deck
WP202017,2017,2017-09-09T06:00:00Z,15.20,144.00,JTWC b-deck
WP202017,2017,2017-09-09T12:00:00Z,15.50,142.80,JTWC b-deck
WP202017,2017,2017-09-09T18:00:00Z,15.60,141.60,JTWC b-deck
WP202017,2017,2017-09-10T00:00:00Z,15.80,140.40,JTWC b-deck
WP202017,2017,2017-09-10T06:00:00Z,16.40,139.30,JTWC b-deck
WP202017,2017,2017-09-10T12:00:00Z,17.10,138.20,JTWC b-deck
WP202017,2017,2017-09-10T18:00:00Z,17.70,136.90,JTWC b-deck
WP202017,2017,2017-09-11T00:00:00Z,18.30,135.90,JTWC b-deck
WP202017,2017,2017-09-11T00:00:00Z,18.30,135.90,JTWC b-deck
WP202017,2017,2017-09-11T06:00:00Z,19.10,134.70,JTWC b-deck
WP202017,2017,2017-09-11T06:00:00Z,19.10,134.70,JTWC b-deck
WP202017,2017,2017-09-11T12:00:00Z,19.70,133.30,JTWC b-deck
WP202017,2017,2017-09-11T12:00:00Z,19.70,133.30,JTWC b-deck
WP202017,2017,2017-09-11T18:00:00Z,20.40,132.00,JTWC b-deck
WP202017,2017,2017-09-11T18:00:00Z,20.40,132.00,JTWC b-deck
WP202017,2017,2017-09-12T00:00:00Z,21.40,130.60,JTWC b-deck
WP202017,2017,2017-09-12T00:00:00Z,21.40,130.60,JTWC b-deck
WP202017,2017,2017-09-12T00:00:00Z,21.40,130.60,JTWC b-deck
WP202017,2017,2017-09-12T06:00:00Z,22.20,129.20,JTWC b-deck
WP202017,2017,2017-09-12T06:00:00Z,22.20,129.20,JTWC b-deck
WP202017,2017,2017-09-12T06:00:00Z,22.20,129.20,JTWC b-deck
WP202017,2017,2017-09-12T12:00:00Z,23.10,128.10,JTWC b-deck
WP202017,2017,2017-09-12T12:00:00Z,23.10,128.10,JTWC b-deck
WP202017,2017,2017-09-12T12:00:00Z,23.10,128.10,JTWC b-deck
WP202017,2017,2017-09-12T18:00:00Z,23.70,127.00,JTWC b-deck
WP202017,2017,2017-09-12T18:00:00Z,23.70,127.00,JTWC b-deck
WP202017,2017,2017-09-12T18:00:00Z,23.70,127.00,JTWC b-deck
WP202017,2017,2017-09-13T00:00:00Z,24.30,126.40,JTWC b-deck
WP202017,2017,2017-09-13T00:00:00Z,24.30,126.40,JTWC b-deck
WP202017,2017,2017-09-13T00:00:00Z,24.30,126.40,JTWC b-deck
WP202017,2017,2017-09-13T06:00:00Z,24.90,125.90,JTWC b-deck
WP202017,2017,2017-09-13T06:00:00Z,24.90,125.90,JTWC b-deck
WP202017,2017,2017-09-13T06:00:00Z,24.90,125.90,JTWC b-deck
WP202017,2017,2017-09-13T12:00:00Z,25.50,125.30,JTWC b-deck
WP202017,2017,2017-09-13T12:00:00Z,25.50,125.30,JTWC b-deck
WP202017,2017,2017-09-13T12:00:00Z,25.50,125.30,JTWC b-deck
WP202017,2017,2017-09-13T18:00:00Z,26.10,124.90,JTWC b-deck
WP202017,2017,2017-09-13T18:00:00Z,26.10,124.90,JTWC b-deck
WP202017,2017,2017-09-13T18:00:00Z,26.10,124.90,JTWC b-deck
WP202017,2017,2017-09-14T00:00:00Z,26.60,124.60,JTWC b-deck
WP202017,2017,2017-09-14T00:00:00Z,26.60,124.60,JTWC b-deck
WP202017,2017,2017-09-14T00:00:00Z,26.60,124.60,JTWC b-deck
WP202017,2017,2017-09-14T06:00:00Z,27.00,124.40,JTWC b-deck
WP202017,2017,2017-09-14T06:00:00Z,27.00,124.40,JTWC b-deck
WP202017,2017,2017-09-14T06:00:00Z,27.00,124.40,JTWC b-deck
WP202017,2017,2017-09-14T12:00:00Z,27.30,124.30,JTWC b-deck
WP202017,2017,2017-09-14T12:00:00Z,27.30,124.30,JTWC b-deck
WP202017,2017,2017-09-14T12:00:00Z,27.30,124.30,JTWC b-deck
WP202017,2017,2017-09-14T18:00:00Z,27.70,124.40,JTWC b-deck
WP202017,2017,2017-09-14T18:00:00Z,27.70,124.40,JTWC b-deck
WP202017,2017,2017-09-14T18:00:00Z,27.70,124.40,JTWC b-deck
WP202017,2017,2017-09-15T00:00:00Z,27.90,124.70,JTWC b-deck
WP202017,2017,2017-09-15T00:00:00Z,27.90,124.70,JTWC b-deck
WP202017,2017,2017-09-15T00:00:00Z,27.90,124.70,JTWC b-deck
WP202017,2017,2017-09-15T06:00:00Z,27.90,125.00,JTWC b-deck
WP202017,2017,2017-09-15T06:00:00Z,27.90,125.00,JTWC b-deck
WP202017,2017,2017-09-15T06:00:00Z,27.90,125.00,JTWC b-deck
WP202017,2017,2017-09-15T12:00:00Z,28.10,125.30,JTWC b-deck
WP202017,2017,2017-09-15T12:00:00Z,28.10,125.30,JTWC b-deck
WP202017,2017,2017-09-15T12:00:00Z,28.10,125.30,JTWC b-deck
WP202017,2017,2017-09-15T18:00:00Z,28.40,125.30,JTWC b-deck
WP202017,2017,2017-09-15T18:00:00Z,28.40,125.30,JTWC b-deck
WP202017,2017,2017-09-16T00:00:00Z,28.60,126.00,JTWC b-deck
WP202017,2017,2017-09-16T00:00:00Z,28.60,126.00,JTWC b-deck
WP202017,2017,2017-09-16T06:00:00Z,28.80,126.60,JTWC b-deck
WP202017,2017,2017-09-16T06:00:00Z,28.80,126.60,JTWC b-deck
WP202017,2017,2017-09-16T12:00:00Z,29.30,127.50,JTWC b-deck
WP202017,2017,2017-09-16T12:00:00Z,29.30,127.50,JTWC b-deck
WP202017,2017,2017-09-16T18:00:00Z,29.90,128.40,JTWC b-deck
WP202017,2017,2017-09-16T18:00:00Z,29.90,128.40,JTWC b-deck
WP202017,2017,2017-09-17T00:00:00Z,31.00,130.10,JTWC b-deck
WP202017,2017,2017-09-17T00:00:00Z,31.00,130.10,JTWC b-deck
WP202017,2017,2017-09-17T06:00:00Z,32.30,132.00,JTWC b-deck
WP202017,2017,2017-09-17T06:00:00Z,32.30,132.00,JTWC b-deck
WP202017,2017,2017-09-17T12:00:00Z,34.10,134.40,JTWC b-deck
WP202017,2017,2017-09-17T12:00:00Z,34.10,134.40,JTWC b-deck
WP202017,2017,2017-09-17T18:00:00Z,37.40,138.10,JTWC b-deck
WP202017,2017,2017-09-17T18:00:00Z,37.40,138.10,JTWC b-deck
WP202018,2018,2018-08-10T00:00:00Z,20.00,111.20,JTWC b-deck
WP202018,2018,2018-08-10T06:00:00Z,20.10,111.50,JTWC b-deck
WP202018,2018,2018-08-10T12:00:00Z,20.20,111.80,JTWC b-deck
WP202018,2018,2018-08-10T18:00:00Z,20.70,111.90,JTWC b-deck
WP202018,2018,2018-08-11T00:00:00Z,21.40,112.10,JTWC b-deck
WP202018,2018,2018-08-11T06:00:00Z,21.50,112.10,JTWC b-deck
WP202018,2018,2018-08-11T12:00:00Z,21.60,111.80,JTWC b-deck
WP202018,2018,2018-08-11T18:00:00Z,21.40,111.40,JTWC b-deck
WP202018,2018,2018-08-12T00:00:00Z,21.10,111.90,JTWC b-deck
WP202018,2018,2018-08-12T06:00:00Z,21.00,112.20,JTWC b-deck
WP202018,2018,2018-08-12T12:00:00Z,20.60,112.40,JTWC b-deck
WP202018,2018,2018-08-12T18:00:00Z,20.60,112.60,JTWC b-deck
WP202018,2018,2018-08-13T00:00:00Z,20.60,112.90,JTWC b-deck
WP202018,2018,2018-08-13T06:00:00Z,20.50,113.10,JTWC b-deck
WP202018,2018,2018-08-13T12:00:00Z,20.50,113.30,JTWC b-deck
WP202018,2018,2018-08-13T18:00:00Z,20.70,113.60,JTWC b-deck
WP202018,2018,2018-08-14T00:00:00Z,20.80,113.70,JTWC b-deck
WP202018,2018,2018-08-14T06:00:00Z,21.00,113.70,JTWC b-deck
WP202018,2018,2018-08-14T12:00:00Z,21.00,113.40,JTWC b-deck
WP202018,2018,2018-08-14T18:00:00Z,21.00,113.00,JTWC b-deck
WP202018,2018,2018-08-15T00:00:00Z,20.70,112.10,JTWC b-deck
WP202018,2018,2018-08-15T06:00:00Z,21.00,111.50,JTWC b-deck
WP202018,2018,2018-08-15T12:00:00Z,20.90,110.70,JTWC b-deck
WP202018,2018,2018-08-15T18:00:00Z,20.60,109.50,JTWC b-deck
WP202018,2018,2018-08-15T18:00:00Z,20.60,109.50,JTWC b-deck
WP202018,2018,2018-08-16T00:00:00Z,20.20,108.60,JTWC b-deck
WP202018,2018,2018-08-16T00:00:00Z,20.20,108.60,JTWC b-deck
WP202018,2018,2018-08-16T06:00:00Z,20.00,107.90,JTWC b-deck
WP202018,2018,2018-08-16T06:00:00Z,20.00,107.90,JTWC b-deck
WP202018,2018,2018-08-16T12:00:00Z,19.90,107.30,JTWC b-deck
WP202018,2018,2018-08-16T12:00:00Z,19.90,107.30,JTWC b-deck
WP202018,2018,2018-08-16T18:00:00Z,19.60,106.30,JTWC b-deck
WP202018,2018,2018-08-16T18:00:00Z,19.60,106.30,JTWC b-deck
WP202018,2018,2018-08-17T00:00:00Z,19.40,105.20,JTWC b-deck
WP202018,2018,2018-08-17T06:00:00Z,19.40,103.50,JTWC b-deck
WP202018,2018,2018-08-17T12:00:00Z,19.80,101.50,JTWC b-deck
WP202018,2018,2018-08-17T18:00:00Z,19.90,99.60,JTWC b-deck
WP202019,2019,2019-10-04T12:00:00Z,15.80,164.60,JTWC b-deck
WP202019,2019,2019-10-04T18:00:00Z,15.70,163.60,JTWC b-deck
WP202019,2019,2019-10-05T00:00:00Z,15.30,162.30,JTWC b-deck
WP202019,2019,2019-10-05T06:00:00Z,15.10,161.20,JTWC b-deck
WP202019,2019,2019-10-05T12:00:00Z,15.10,159.40,JTWC b-deck
WP202019,2019,2019-10-05T18:00:00Z,15.00,157.60,JTWC b-deck
WP202019,2019,2019-10-06T00:00:00Z,14.50,155.80,JTWC b-deck
WP202019,2019,2019-10-06T06:00:00Z,14.30,154.10,JTWC b-deck
WP202019,2019,2019-10-06T06:00:00Z,14.30,154.10,JTWC b-deck
WP202019,2019,2019-10-06T12:00:00Z,14.60,152.60,JTWC b-deck
WP202019,2019,2019-10-06T12:00:00Z,14.60,152.60,JTWC b-deck
WP202019,2019,2019-10-06T18:00:00Z,14.90,151.10,JTWC b-deck
WP202019,2019,2019-10-06T18:00:00Z,14.90,151.10,JTWC b-deck
WP202019,2019,2019-10-06T18:00:00Z,14.90,151.10,JTWC b-deck
WP202019,2019,2019-10-07T00:00:00Z,15.20,149.50,JTWC b-deck
WP202019,2019,2019-10-07T00:00:00Z,15.20,149.50,JTWC b-deck
WP202019,2019,2019-10-07T00:00:00Z,15.20,149.50,JTWC b-deck
WP202019,2019,2019-10-07T06:00:00Z,15.60,148.20,JTWC b-deck
WP202019,2019,2019-10-07T06:00:00Z,15.60,148.20,JTWC b-deck
WP202019,2019,2019-10-07T06:00:00Z,15.60,148.20,JTWC b-deck
WP202019,2019,2019-10-07T10:00:00Z,15.90,147.00,JTWC b-deck
WP202019,2019,2019-10-07T10:00:00Z,15.90,147.00,JTWC b-deck
WP202019,2019,2019-10-07T10:00:00Z,15.90,147.00,JTWC b-deck
WP202019,2019,2019-10-07T12:00:00Z,16.10,146.60,JTWC b-deck
WP202019,2019,2019-10-07T12:00:00Z,16.10,146.60,JTWC b-deck
WP202019,2019,2019-10-07T12:00:00Z,16.10,146.60,JTWC b-deck
WP202019,2019,2019-10-07T18:00:00Z,16.50,145.00,JTWC b-deck
WP202019,2019,2019-10-07T18:00:00Z,16.50,145.00,JTWC b-deck
WP202019,2019,2019-10-07T18:00:00Z,16.50,145.00,JTWC b-deck
WP202019,2019,2019-10-08T00:00:00Z,16.90,143.70,JTWC b-deck
WP202019,2019,2019-10-08T00:00:00Z,16.90,143.70,JTWC b-deck
WP202019,2019,2019-10-08T00:00:00Z,16.90,143.70,JTWC b-deck
WP202019,2019,2019-10-08T06:00:00Z,17.70,142.70,JTWC b-deck
WP202019,2019,2019-10-08T06:00:00Z,17.70,142.70,JTWC b-deck
WP202019,2019,2019-10-08T06:00:00Z,17.70,142.70,JTWC b-deck
WP202019,2019,2019-10-08T12:00:00Z,18.40,141.80,JTWC b-deck
WP202019,2019,2019-10-08T12:00:00Z,18.40,141.80,JTWC b-deck
WP202019,2019,2019-10-08T12:00:00Z,18.40,141.80,JTWC b-deck
WP202019,2019,2019-10-08T18:00:00Z,19.20,140.90,JTWC b-deck
WP202019,2019,2019-10-08T18:00:00Z,19.20,140.90,JTWC b-deck
WP202019,2019,2019-10-08T18:00:00Z,19.20,140.90,JTWC b-deck
WP202019,2019,2019-10-09T00:00:00Z,19.80,140.40,JTWC b-deck
WP202019,2019,2019-10-09T00:00:00Z,19.80,140.40,JTWC b-deck
WP202019,2019,2019-10-09T00:00:00Z,19.80,140.40,JTWC b-deck
WP202019,2019,2019-10-09T04:00:00Z,20.30,140.10,JTWC b-deck
WP202019,2019,2019-10-09T04:00:00Z,20.30,140.10,JTWC b-deck
WP202019,2019,2019-10-09T04:00:00Z,20.30,140.10,JTWC b-deck
WP202019,2019,2019-10-09T06:00:00Z,20.60,139.90,JTWC b-deck
WP202019,2019,2019-10-09T06:00:00Z,20.60,139.90,JTWC b-deck
WP202019,2019,2019-10-09T06:00:00Z,20.60,139.90,JTWC b-deck
WP202019,2019,2019-10-09T12:00:00Z,21.20,139.60,JTWC b-deck
WP202019,2019,2019-10-09T12:00:00Z,21.20,139.60,JTWC b-deck
WP202019,2019,2019-10-09T12:00:00Z,21.20,139.60,JTWC b-deck
WP202019,2019,2019-10-09T18:00:00Z,22.00,139.80,JTWC b-deck
WP202019,2019,2019-10-09T18:00:00Z,22.00,139.80,JTWC b-deck
WP202019,2019,2019-10-09T18:00:00Z,22.00,139.80,JTWC b-deck
WP202019,2019,2019-10-10T00:00:00Z,23.20,139.90,JTWC b-deck
WP202019,2019,2019-10-10T00:00:00Z,23.20,139.90,JTWC b-deck
WP202019,2019,2019-10-10T00:00:00Z,23.20,139.90,JTWC b-deck
WP202019,2019,2019-10-10T06:00:00Z,24.40,139.50,JTWC b-deck
WP202019,2019,2019-10-10T06:00:00Z,24.40,139.50,JTWC b-deck
WP202019,2019,2019-10-10T06:00:00Z,24.40,139.50,JTWC b-deck
WP202019,2019,2019-10-10T12:00:00Z,25.30,139.00,JTWC b-deck
WP202019,2019,2019-10-10T12:00:00Z,25.30,139.00,JTWC b-deck
WP202019,2019,2019-10-10T12:00:00Z,25.30,139.00,JTWC b-deck
WP202019,2019,2019-10-10T18:00:00Z,26.30,138.50,JTWC b-deck
WP202019,2019,2019-10-10T18:00:00Z,26.30,138.50,JTWC b-deck
WP202019,2019,2019-10-10T18:00:00Z,26.30,138.50,JTWC b-deck
WP202019,2019,2019-10-11T00:00:00Z,27.50,138.00,JTWC b-deck
WP202019,2019,2019-10-11T00:00:00Z,27.50,138.00,JTWC b-deck
WP202019,2019,2019-10-11T00:00:00Z,27.50,138.00,JTWC b-deck
WP202019,2019,2019-10-11T06:00:00Z,28.60,137.50,JTWC b-deck
WP202019,2019,2019-10-11T06:00:00Z,28.60,137.50,JTWC b-deck
WP202019,2019,2019-10-11T06:00:00Z,28.60,137.50,JTWC b-deck
WP202019,2019,2019-10-11T12:00:00Z,29.90,137.10,JTWC b-deck
WP202019,2019,2019-10-11T12:00:00Z,29.90,137.10,JTWC b-deck
WP202019,2019,2019-10-11T12:00:00Z,29.90,137.10,JTWC b-deck
WP202019,2019,2019-10-11T18:00:00Z,30.80,136.90,JTWC b-deck
WP202019,2019,2019-10-11T18:00:00Z,30.80,136.90,JTWC b-deck
WP202019,2019,2019-10-11T18:00:00Z,30.80,136.90,JTWC b-deck
WP202019,2019,2019-10-12T00:00:00Z,32.10,137.30,JTWC b-deck
WP202019,2019,2019-10-12T00:00:00Z,32.10,137.30,JTWC b-deck
WP202019,2019,2019-10-12T00:00:00Z,32.10,137.30,JTWC b-deck
WP202019,2019,2019-10-12T06:00:00Z,33.70,138.20,JTWC b-deck
WP202019,2019,2019-10-12T06:00:00Z,33.70,138.20,JTWC b-deck
WP202019,2019,2019-10-12T06:00:00Z,33.70,138.20,JTWC b-deck
WP202019,2019,2019-10-12T12:00:00Z,35.60,139.30,JTWC b-deck
WP202019,2019,2019-10-12T12:00:00Z,35.60,139.30,JTWC b-deck
WP202019,2019,2019-10-12T12:00:00Z,35.60,139.30,JTWC b-deck
WP202019,2019,2019-10-12T18:00:00Z,38.30,142.00,JTWC b-deck
WP202019,2019,2019-10-12T18:00:00Z,38.30,142.00,JTWC b-deck
WP202019,2019,2019-10-12T18:00:00Z,38.30,142.00,JTWC b-deck
WP202019,2019,2019-10-13T00:00:00Z,40.10,145.40,JTWC b-deck
WP202019,2019,2019-10-13T00:00:00Z,40.10,145.40,JTWC b-deck
WP202019,2019,2019-10-13T06:00:00Z,42.20,150.60,JTWC b-deck
WP202019,2019,2019-10-13T06:00:00Z,42.20,150.60,JTWC b-deck
WP202019,2019,2019-10-13T12:00:00Z,44.20,156.70,JTWC b-deck
WP202020,2020,2020-10-19T06:00:00Z,22.60,139.40,JTWC b-deck
WP202020,2020,2020-10-19T12:00:00Z,23.20,139.00,JTWC b-deck
WP202020,2020,2020-10-19T18:00:00Z,23.70,138.70,JTWC b-deck
WP202020,2020,2020-10-20T00:00:00Z,24.40,138.40,JTWC b-deck
WP202020,2020,2020-10-20T06:00:00Z,24.80,138.70,JTWC b-deck
WP202020,2020,2020-10-20T12:00:00Z,25.10,139.30,JTWC b-deck
WP202020,2020,2020-10-20T18:00:00Z,25.20,139.70,JTWC b-deck
WP202020,2020,2020-10-21T00:00:00Z,25.00,139.90,JTWC b-deck
WP202020,2020,2020-10-21T06:00:00Z,24.60,139.70,JTWC b-deck
WP202020,2020,2020-10-21T12:00:00Z,24.20,139.50,JTWC b-deck
WP202020,2020,2020-10-21T18:00:00Z,24.60,139.40,JTWC b-deck
WP202020,2020,2020-10-22T00:00:00Z,25.20,139.50,JTWC b-deck
WP202020,2020,2020-10-22T06:00:00Z,26.10,139.20,JTWC b-deck
WP202020,2020,2020-10-22T12:00:00Z,27.00,139.40,JTWC b-deck
WP202020,2020,2020-10-22T18:00:00Z,28.60,140.00,JTWC b-deck
WP202021,2021,2021-09-22T06:00:00Z,10.80,150.00,JTWC b-deck
WP202021,2021,2021-09-22T12:00:00Z,11.50,148.70,JTWC b-deck
WP202021,2021,2021-09-22T18:00:00Z,11.90,147.70,JTWC b-deck
WP202021,2021,2021-09-23T00:00:00Z,12.70,146.00,JTWC b-deck
WP202021,2021,2021-09-23T06:00:00Z,13.30,144.70,JTWC b-deck
WP202021,2021,2021-09-23T12:00:00Z,13.90,142.80,JTWC b-deck
WP202021,2021,2021-09-23T18:00:00Z,14.20,141.90,JTWC b-deck
WP202021,2021,2021-09-24T00:00:00Z,14.80,141.00,JTWC b-deck
WP202021,2021,2021-09-24T06:00:00Z,15.40,140.10,JTWC b-deck
WP202021,2021,2021-09-24T12:00:00Z,16.10,139.30,JTWC b-deck
WP202021,2021,2021-09-24T12:00:00Z,16.10,139.30,JTWC b-deck
WP202021,2021,2021-09-24T18:00:00Z,16.70,138.50,JTWC b-deck
WP202021,2021,2021-09-24T18:00:00Z,16.70,138.50,JTWC b-deck
WP202021,2021,2021-09-24T18:00:00Z,16.70,138.50,JTWC b-deck
WP202021,2021,2021-09-25T00:00:00Z,17.10,138.10,JTWC b-deck
WP202021,2021,2021-09-25T00:00:00Z,17.10,138.10,JTWC b-deck
WP202021,2021,2021-09-25T00:00:00Z,17.10,138.10,JTWC b-deck
WP202021,2021,2021-09-25T06:00:00Z,17.60,137.70,JTWC b-deck
WP202021,2021,2021-09-25T06:00:00Z,17.60,137.70,JTWC b-deck
WP202021,2021,2021-09-25T06:00:00Z,17.60,137.70,JTWC b-deck
WP202021,2021,2021-09-25T12:00:00Z,18.10,137.40,JTWC b-deck
WP202021,2021,2021-09-25T12:00:00Z,18.10,137.40,JTWC b-deck
WP202021,2021,2021-09-25T12:00:00Z,18.10,137.40,JTWC b-deck
WP202021,2021,2021-09-25T18:00:00Z,18.40,137.10,JTWC b-deck
WP202021,2021,2021-09-25T18:00:00Z,18.40,137.10,JTWC b-deck
WP202021,2021,2021-09-25T18:00:00Z,18.40,137.10,JTWC b-deck
WP202021,2021,2021-09-26T00:00:00Z,18.60,136.80,JTWC b-deck
WP202021,2021,2021-09-26T00:00:00Z,18.60,136.80,JTWC b-deck
WP202021,2021,2021-09-26T00:00:00Z,18.60,136.80,JTWC b-deck
WP202021,2021,2021-09-26T06:00:00Z,18.80,136.70,JTWC b-deck
WP202021,2021,2021-09-26T06:00:00Z,18.80,136.70,JTWC b-deck
WP202021,2021,2021-09-26T06:00:00Z,18.80,136.70,JTWC b-deck
WP202021,2021,2021-09-26T12:00:00Z,19.00,136.70,JTWC b-deck
WP202021,2021,2021-09-26T12:00:00Z,19.00,136.70,JTWC b-deck
WP202021,2021,2021-09-26T12:00:00Z,19.00,136.70,JTWC b-deck
WP202021,2021,2021-09-26T18:00:00Z,19.40,136.70,JTWC b-deck
WP202021,2021,2021-09-26T18:00:00Z,19.40,136.70,JTWC b-deck
WP202021,2021,2021-09-26T18:00:00Z,19.40,136.70,JTWC b-deck
WP202021,2021,2021-09-27T00:00:00Z,19.60,136.70,JTWC b-deck
WP202021,2021,2021-09-27T00:00:00Z,19.60,136.70,JTWC b-deck
WP202021,2021,2021-09-27T00:00:00Z,19.60,136.70,JTWC b-deck
WP202021,2021,2021-09-27T06:00:00Z,19.90,136.60,JTWC b-deck
WP202021,2021,2021-09-27T06:00:00Z,19.90,136.60,JTWC b-deck
WP202021,2021,2021-09-27T06:00:00Z,19.90,136.60,JTWC b-deck
WP202021,2021,2021-09-27T12:00:00Z,20.20,136.40,JTWC b-deck
WP202021,2021,2021-09-27T12:00:00Z,20.20,136.40,JTWC b-deck
WP202021,2021,2021-09-27T12:00:00Z,20.20,136.40,JTWC b-deck
WP202021,2021,2021-09-27T18:00:00Z,20.50,136.30,JTWC b-deck
WP202021,2021,2021-09-27T18:00:00Z,20.50,136.30,JTWC b-deck
WP202021,2021,2021-09-27T18:00:00Z,20.50,136.30,JTWC b-deck
WP202021,2021,2021-09-28T00:00:00Z,21.00,136.20,JTWC b-deck
WP202021,2021,2021-09-28T00:00:00Z,21.00,136.20,JTWC b-deck
WP202021,2021,2021-09-28T00:00:00Z,21.00,136.20,JTWC b-deck
WP202021,2021,2021-09-28T06:00:00Z,21.60,135.80,JTWC b-deck
WP202021,2021,2021-09-28T06:00:00Z,21.60,135.80,JTWC b-deck
WP202021,2021,2021-09-28T06:00:00Z,21.60,135.80,JTWC b-deck
WP202021,2021,2021-09-28T12:00:00Z,22.00,135.40,JTWC b-deck
WP202021,2021,2021-09-28T12:00:00Z,22.00,135.40,JTWC b-deck
WP202021,2021,2021-09-28T12:00:00Z,22.00,135.40,JTWC b-deck
WP202021,2021,2021-09-28T18:00:00Z,22.70,135.40,JTWC b-deck
WP202021,2021,2021-09-28T18:00:00Z,22.70,135.40,JTWC b-deck
WP202021,2021,2021-09-28T18:00:00Z,22.70,135.40,JTWC b-deck
WP202021,2021,2021-09-29T00:00:00Z,23.40,135.40,JTWC b-deck
WP202021,2021,2021-09-29T00:00:00Z,23.40,135.40,JTWC b-deck
WP202021,2021,2021-09-29T00:00:00Z,23.40,135.40,JTWC b-deck
WP202021,2021,2021-09-29T06:00:00Z,24.20,135.30,JTWC b-deck
WP202021,2021,2021-09-29T06:00:00Z,24.20,135.30,JTWC b-deck
WP202021,2021,2021-09-29T06:00:00Z,24.20,135.30,JTWC b-deck
WP202021,2021,2021-09-29T12:00:00Z,24.90,135.60,JTWC b-deck
WP202021,2021,2021-09-29T12:00:00Z,24.90,135.60,JTWC b-deck
WP202021,2021,2021-09-29T12:00:00Z,24.90,135.60,JTWC b-deck
WP202021,2021,2021-09-29T18:00:00Z,25.90,135.90,JTWC b-deck
WP202021,2021,2021-09-29T18:00:00Z,25.90,135.90,JTWC b-deck
WP202021,2021,2021-09-29T18:00:00Z,25.90,135.90,JTWC b-deck
WP202021,2021,2021-09-30T00:00:00Z,26.70,136.40,JTWC b-deck
WP202021,2021,2021-09-30T00:00:00Z,26.70,136.40,JTWC b-deck
WP202021,2021,2021-09-30T00:00:00Z,26.70,136.40,JTWC b-deck
WP202021,2021,2021-09-30T06:00:00Z,28.10,137.40,JTWC b-deck
WP202021,2021,2021-09-30T06:00:00Z,28.10,137.40,JTWC b-deck
WP202021,2021,2021-09-30T06:00:00Z,28.10,137.40,JTWC b-deck
WP202021,2021,2021-09-30T12:00:00Z,29.30,138.20,JTWC b-deck
WP202021,2021,2021-09-30T12:00:00Z,29.30,138.20,JTWC b-deck
WP202021,2021,2021-09-30T12:00:00Z,29.30,138.20,JTWC b-deck
WP202021,2021,2021-09-30T18:00:00Z,30.40,139.30,JTWC b-deck
WP202021,2021,2021-09-30T18:00:00Z,30.40,139.30,JTWC b-deck
WP202021,2021,2021-09-30T18:00:00Z,30.40,139.30,JTWC b-deck
WP202021,2021,2021-10-01T00:00:00Z,32.20,141.20,JTWC b-deck
WP202021,2021,2021-10-01T00:00:00Z,32.20,141.20,JTWC b-deck
WP202021,2021,2021-10-01T00:00:00Z,32.20,141.20,JTWC b-deck
WP202021,2021,2021-10-01T06:00:00Z,33.70,142.40,JTWC b-deck
WP202021,2021,2021-10-01T06:00:00Z,33.70,142.40,JTWC b-deck
WP202021,2021,2021-10-01T06:00:00Z,33.70,142.40,JTWC b-deck
WP202021,2021,2021-10-01T12:00:00Z,35.60,143.80,JTWC b-deck
WP202021,2021,2021-10-01T12:00:00Z,35.60,143.80,JTWC b-deck
WP202021,2021,2021-10-01T12:00:00Z,35.60,143.80,JTWC b-deck
WP202021,2021,2021-10-01T18:00:00Z,37.40,145.60,JTWC b-deck
WP202021,2021,2021-10-01T18:00:00Z,37.40,145.60,JTWC b-deck
WP202021,2021,2021-10-01T18:00:00Z,37.40,145.60,JTWC b-deck
WP202021,2021,2021-10-02T00:00:00Z,39.60,147.80,JTWC b-deck
WP202021,2021,2021-10-02T00:00:00Z,39.60,147.80,JTWC b-deck
WP202021,2021,2021-10-02T06:00:00Z,41.80,150.30,JTWC b-deck
WP202022,2022,2022-09-26T12:00:00Z,14.00,136.00,JTWC b-deck
WP202022,2022,2022-09-26T18:00:00Z,15.10,136.10,JTWC b-deck
WP202022,2022,2022-09-27T00:00:00Z,16.30,136.10,JTWC b-deck
WP202022,2022,2022-09-27T06:00:00Z,17.40,135.00,JTWC b-deck
WP202022,2022,2022-09-27T12:00:00Z,18.30,134.00,JTWC b-deck
WP202022,2022,2022-09-27T18:00:00Z,19.60,133.40,JTWC b-deck
WP202022,2022,2022-09-28T00:00:00Z,20.90,132.60,JTWC b-deck
WP202022,2022,2022-09-28T06:00:00Z,21.80,132.20,JTWC b-deck
WP202022,2022,2022-09-28T12:00:00Z,23.00,131.70,JTWC b-deck
WP202022,2022,2022-09-28T18:00:00Z,24.00,131.50,JTWC b-deck
WP202022,2022,2022-09-29T00:00:00Z,25.20,131.80,JTWC b-deck
WP202022,2022,2022-09-29T00:00:00Z,25.20,131.80,JTWC b-deck
WP202022,2022,2022-09-29T06:00:00Z,25.80,132.20,JTWC b-deck
WP202022,2022,2022-09-29T06:00:00Z,25.80,132.20,JTWC b-deck
WP202022,2022,2022-09-29T06:00:00Z,25.80,132.20,JTWC b-deck
WP202022,2022,2022-09-29T09:00:00Z,26.20,132.70,JTWC b-deck
WP202022,2022,2022-09-29T09:00:00Z,26.20,132.70,JTWC b-deck
WP202022,2022,2022-09-29T09:00:00Z,26.20,132.70,JTWC b-deck
WP202022,2022,2022-09-29T12:00:00Z,26.60,133.20,JTWC b-deck
WP202022,2022,2022-09-29T12:00:00Z,26.60,133.20,JTWC b-deck
WP202022,2022,2022-09-29T12:00:00Z,26.60,133.20,JTWC b-deck
WP202022,2022,2022-09-29T18:00:00Z,27.50,134.40,JTWC b-deck
WP202022,2022,2022-09-29T18:00:00Z,27.50,134.40,JTWC b-deck
WP202022,2022,2022-09-29T18:00:00Z,27.50,134.40,JTWC b-deck
WP202022,2022,2022-09-30T00:00:00Z,28.30,135.90,JTWC b-deck
WP202022,2022,2022-09-30T00:00:00Z,28.30,135.90,JTWC b-deck
WP202022,2022,2022-09-30T00:00:00Z,28.30,135.90,JTWC b-deck
WP202022,2022,2022-09-30T06:00:00Z,29.60,137.90,JTWC b-deck
WP202022,2022,2022-09-30T06:00:00Z,29.60,137.90,JTWC b-deck
WP202022,2022,2022-09-30T06:00:00Z,29.60,137.90,JTWC b-deck
WP202022,2022,2022-09-30T12:00:00Z,29.90,140.50,JTWC b-deck
WP202022,2022,2022-09-30T12:00:00Z,29.90,140.50,JTWC b-deck
WP202022,2022,2022-09-30T18:00:00Z,30.80,142.70,JTWC b-deck
WP202022,2022,2022-09-30T18:00:00Z,30.80,142.70,JTWC b-deck
WP202022,2022,2022-10-01T00:00:00Z,31.90,144.50,JTWC b-deck
WP202022,2022,2022-10-01T00:00:00Z,31.90,144.50,JTWC b-deck
WP202022,2022,2022-10-01T06:00:00Z,33.10,146.70,JTWC b-deck
WP202022,2022,2022-10-01T06:00:00Z,33.10,146.70,JTWC b-deck
WP202024,2024,2024-09-26T00:00:00Z,24.10,128.20,JTWC b-deck
WP202024,2024,2024-09-26T06:00:00Z,22.90,127.90,JTWC b-deck
WP202024,2024,2024-09-26T12:00:00Z,21.80,127.50,JTWC b-deck
WP202024,2024,2024-09-26T18:00:00Z,21.30,127.30,JTWC b-deck
WP202024,2024,2024-09-27T00:00:00Z,20.80,127.00,JTWC b-deck
WP202024,2024,2024-09-27T06:00:00Z,20.30,126.50,JTWC b-deck
WP202024,2024,2024-09-27T12:00:00Z,19.70,125.90,JTWC b-deck
WP202024,2024,2024-09-27T18:00:00Z,19.40,125.60,JTWC b-deck
WP202024,2024,2024-09-28T00:00:00Z,19.00,125.30,JTWC b-deck
WP202024,2024,2024-09-28T06:00:00Z,18.90,125.20,JTWC b-deck
WP202024,2024,2024-09-28T12:00:00Z,18.70,125.10,JTWC b-deck
WP202024,2024,2024-09-28T12:00:00Z,18.70,125.10,JTWC b-deck
WP202024,2024,2024-09-28T18:00:00Z,18.60,124.90,JTWC b-deck
WP202024,2024,2024-09-28T18:00:00Z,18.60,124.90,JTWC b-deck
WP202024,2024,2024-09-29T00:00:00Z,18.70,124.40,JTWC b-deck
WP202024,2024,2024-09-29T00:00:00Z,18.70,124.40,JTWC b-deck
WP202024,2024,2024-09-29T00:00:00Z,18.70,124.40,JTWC b-deck
WP202024,2024,2024-09-29T06:00:00Z,19.40,123.70,JTWC b-deck
WP202024,2024,2024-09-29T06:00:00Z,19.40,123.70,JTWC b-deck
WP202024,2024,2024-09-29T06:00:00Z,19.40,123.70,JTWC b-deck
WP202024,2024,2024-09-29T12:00:00Z,19.70,123.20,JTWC b-deck
WP202024,2024,2024-09-29T12:00:00Z,19.70,123.20,JTWC b-deck
WP202024,2024,2024-09-29T12:00:00Z,19.70,123.20,JTWC b-deck
WP202024,2024,2024-09-29T18:00:00Z,19.90,122.50,JTWC b-deck
WP202024,2024,2024-09-29T18:00:00Z,19.90,122.50,JTWC b-deck
WP202024,2024,2024-09-29T18:00:00Z,19.90,122.50,JTWC b-deck
WP202024,2024,2024-09-30T00:00:00Z,20.20,122.10,JTWC b-deck
WP202024,2024,2024-09-30T00:00:00Z,20.20,122.10,JTWC b-deck
WP202024,2024,2024-09-30T00:00:00Z,20.20,122.10,JTWC b-deck
WP202024,2024,2024-09-30T06:00:00Z,20.50,121.30,JTWC b-deck
WP202024,2024,2024-09-30T06:00:00Z,20.50,121.30,JTWC b-deck
WP202024,2024,2024-09-30T06:00:00Z,20.50,121.30,JTWC b-deck
WP202024,2024,2024-09-30T12:00:00Z,20.50,120.30,JTWC b-deck
WP202024,2024,2024-09-30T12:00:00Z,20.50,120.30,JTWC b-deck
WP202024,2024,2024-09-30T12:00:00Z,20.50,120.30,JTWC b-deck
WP202024,2024,2024-09-30T18:00:00Z,20.60,119.90,JTWC b-deck
WP202024,2024,2024-09-30T18:00:00Z,20.60,119.90,JTWC b-deck
WP202024,2024,2024-09-30T18:00:00Z,20.60,119.90,JTWC b-deck
WP202024,2024,2024-10-01T00:00:00Z,20.70,119.60,JTWC b-deck
WP202024,2024,2024-10-01T00:00:00Z,20.70,119.60,JTWC b-deck
WP202024,2024,2024-10-01T00:00:00Z,20.70,119.60,JTWC b-deck
WP202024,2024,2024-10-01T06:00:00Z,21.00,119.40,JTWC b-deck
WP202024,2024,2024-10-01T06:00:00Z,21.00,119.40,JTWC b-deck
WP202024,2024,2024-10-01T06:00:00Z,21.00,119.40,JTWC b-deck
WP202024,2024,2024-10-01T12:00:00Z,21.30,119.30,JTWC b-deck
WP202024,2024,2024-10-01T12:00:00Z,21.30,119.30,JTWC b-deck
WP202024,2024,2024-10-01T12:00:00Z,21.30,119.30,JTWC b-deck
WP202024,2024,2024-10-01T18:00:00Z,21.40,119.20,JTWC b-deck
WP202024,2024,2024-10-01T18:00:00Z,21.40,119.20,JTWC b-deck
WP202024,2024,2024-10-01T18:00:00Z,21.40,119.20,JTWC b-deck
WP202024,2024,2024-10-02T00:00:00Z,21.60,119.30,JTWC b-deck
WP202024,2024,2024-10-02T00:00:00Z,21.60,119.30,JTWC b-deck
WP202024,2024,2024-10-02T00:00:00Z,21.60,119.30,JTWC b-deck
WP202024,2024,2024-10-02T06:00:00Z,21.90,119.40,JTWC b-deck
WP202024,2024,2024-10-02T06:00:00Z,21.90,119.40,JTWC b-deck
WP202024,2024,2024-10-02T06:00:00Z,21.90,119.40,JTWC b-deck
WP202024,2024,2024-10-02T12:00:00Z,22.00,119.50,JTWC b-deck
WP202024,2024,2024-10-02T12:00:00Z,22.00,119.50,JTWC b-deck
WP202024,2024,2024-10-02T12:00:00Z,22.00,119.50,JTWC b-deck
WP202024,2024,2024-10-02T18:00:00Z,22.30,119.70,JTWC b-deck
WP202024,2024,2024-10-02T18:00:00Z,22.30,119.70,JTWC b-deck
WP202024,2024,2024-10-02T18:00:00Z,22.30,119.70,JTWC b-deck
WP202024,2024,2024-10-03T00:00:00Z,22.40,120.00,JTWC b-deck
WP202024,2024,2024-10-03T00:00:00Z,22.40,120.00,JTWC b-deck
WP202024,2024,2024-10-03T00:00:00Z,22.40,120.00,JTWC b-deck
WP202024,2024,2024-10-03T06:00:00Z,22.60,120.40,JTWC b-deck
WP202024,2024,2024-10-03T06:00:00Z,22.60,120.40,JTWC b-deck
WP202024,2024,2024-10-03T06:00:00Z,22.60,120.40,JTWC b-deck
WP202024,2024,2024-10-03T12:00:00Z,22.60,120.70,JTWC b-deck
WP202024,2024,2024-10-03T18:00:00Z,22.60,121.00,JTWC b-deck
WP202025,2025,2025-08-28T06:00:00Z,15.00,115.90,IBTrACS v04r01 (CMA)
WP202025,2025,2025-08-28T09:00:00Z,15.20,115.50,IBTrACS v04r01 (CMA)
WP202025,2025,2025-08-28T12:00:00Z,15.50,115.00,IBTrACS v04r01 (CMA)
WP202025,2025,2025-08-28T15:00:00Z,15.70,114.60,IBTrACS v04r01 (CMA)
WP202025,2025,2025-08-28T18:00:00Z,15.90,114.10,IBTrACS v04r01 (CMA)
WP202025,2025,2025-08-28T21:00:00Z,16.10,113.50,IBTrACS v04r01 (CMA)
WP202025,2025,2025-08-29T00:00:00Z,16.20,113.00,IBTrACS v04r01 (CMA)
WP202025,2025,2025-08-29T03:00:00Z,16.30,112.60,IBTrACS v04r01 (CMA)
WP202025,2025,2025-08-29T06:00:00Z,16.50,112.20,IBTrACS v04r01 (CMA)
WP202025,2025,2025-08-29T09:00:00Z,16.90,111.80,IBTrACS v04r01 (CMA)
WP202025,2025,2025-08-29T12:00:00Z,17.30,111.20,IBTrACS v04r01 (CMA)
WP202025,2025,2025-08-29T15:00:00Z,17.50,110.40,IBTrACS v04r01 (CMA)
WP202025,2025,2025-08-29T18:00:00Z,17.60,109.50,IBTrACS v04r01 (CMA)
WP202025,2025,2025-08-29T21:00:00Z,17.70,108.70,IBTrACS v04r01 (CMA)
WP202025,2025,2025-08-30T00:00:00Z,17.80,107.90,IBTrACS v04r01 (CMA)
WP202025,2025,2025-08-30T03:00:00Z,17.80,107.30,IBTrACS v04r01 (CMA)
WP202025,2025,2025-08-30T06:00:00Z,17.90,106.80,IBTrACS v04r01 (CMA)
WP202025,2025,2025-08-30T09:00:00Z,18.00,106.20,IBTrACS v04r01 (CMA)
WP202025,2025,2025-08-30T12:00:00Z,18.10,105.40,IBTrACS v04r01 (CMA)
WP202025,2025,2025-08-30T15:00:00Z,18.00,104.30,IBTrACS v04r01 (CMA)
WP212017,2017,2017-09-10T18:00:00Z,14.40,126.90,JTWC b-deck
WP212017,2017,2017-09-11T00:00:00Z,14.70,126.00,JTWC b-deck
WP212017,2017,2017-09-11T06:00:00Z,14.70,124.70,JTWC b-deck
WP212017,2017,2017-09-11T12:00:00Z,14.80,123.70,JTWC b-deck
WP212017,2017,2017-09-11T18:00:00Z,14.70,122.70,JTWC b-deck
WP212017,2017,2017-09-12T00:00:00Z,14.50,121.70,JTWC b-deck
WP212017,2017,2017-09-12T06:00:00Z,14.50,120.40,JTWC b-deck
WP212017,2017,2017-09-12T12:00:00Z,14.30,119.00,JTWC b-deck
WP212017,2017,2017-09-12T18:00:00Z,14.10,118.00,JTWC b-deck
WP212017,2017,2017-09-13T00:00:00Z,14.60,116.90,JTWC b-deck
WP212017,2017,2017-09-13T06:00:00Z,15.30,115.90,JTWC b-deck
WP212017,2017,2017-09-13T12:00:00Z,15.40,114.50,JTWC b-deck
WP212017,2017,2017-09-13T12:00:00Z,15.40,114.50,JTWC b-deck
WP212017,2017,2017-09-13T18:00:00Z,15.70,113.30,JTWC b-deck
WP212017,2017,2017-09-13T18:00:00Z,15.70,113.30,JTWC b-deck
WP212017,2017,2017-09-14T00:00:00Z,16.00,112.30,JTWC b-deck
WP212017,2017,2017-09-14T00:00:00Z,16.00,112.30,JTWC b-deck
WP212017,2017,2017-09-14T06:00:00Z,16.50,111.10,JTWC b-deck
WP212017,2017,2017-09-14T06:00:00Z,16.50,111.10,JTWC b-deck
WP212017,2017,2017-09-14T06:00:00Z,16.50,111.10,JTWC b-deck
WP212017,2017,2017-09-14T12:00:00Z,16.90,109.90,JTWC b-deck
WP212017,2017,2017-09-14T12:00:00Z,16.90,109.90,JTWC b-deck
WP212017,2017,2017-09-14T12:00:00Z,16.90,109.90,JTWC b-deck
WP212017,2017,2017-09-14T18:00:00Z,17.40,108.80,JTWC b-deck
WP212017,2017,2017-09-14T18:00:00Z,17.40,108.80,JTWC b-deck
WP212017,2017,2017-09-14T18:00:00Z,17.40,108.80,JTWC b-deck
WP212017,2017,2017-09-15T00:00:00Z,17.60,107.30,JTWC b-deck
WP212017,2017,2017-09-15T00:00:00Z,17.60,107.30,JTWC b-deck
WP212017,2017,2017-09-15T00:00:00Z,17.60,107.30,JTWC b-deck
WP212017,2017,2017-09-15T06:00:00Z,17.90,105.90,JTWC b-deck
WP212017,2017,2017-09-15T06:00:00Z,17.90,105.90,JTWC b-deck
WP212017,2017,2017-09-15T06:00:00Z,17.90,105.90,JTWC b-deck
WP212017,2017,2017-09-15T12:00:00Z,18.10,104.40,JTWC b-deck
WP212017,2017,2017-09-15T12:00:00Z,18.10,104.40,JTWC b-deck
WP212017,2017,2017-09-15T18:00:00Z,18.30,102.90,JTWC b-deck
WP212017,2017,2017-09-16T00:00:00Z,18.60,101.10,JTWC b-deck
WP212018,2018,2018-08-14T00:00:00Z,23.60,127.70,JTWC b-deck
WP212018,2018,2018-08-14T06:00:00Z,24.40,127.50,JTWC b-deck
WP212018,2018,2018-08-14T12:00:00Z,25.20,127.50,JTWC b-deck
WP212018,2018,2018-08-14T18:00:00Z,26.10,127.50,JTWC b-deck
WP212018,2018,2018-08-15T00:00:00Z,27.10,127.30,JTWC b-deck
WP212018,2018,2018-08-15T06:00:00Z,27.90,126.90,JTWC b-deck
WP212018,2018,2018-08-15T12:00:00Z,29.00,125.90,JTWC b-deck
WP212018,2018,2018-08-15T18:00:00Z,29.70,125.20,JTWC b-deck
WP212018,2018,2018-08-16T00:00:00Z,29.90,124.70,JTWC b-deck
WP212018,2018,2018-08-16T06:00:00Z,30.10,124.10,JTWC b-deck
WP212018,2018,2018-08-16T12:00:00Z,30.30,123.00,JTWC b-deck
WP212018,2018,2018-08-16T18:00:00Z,30.70,121.80,JTWC b-deck
WP212018,2018,2018-08-16T18:00:00Z,30.70,121.80,JTWC b-deck
WP212018,2018,2018-08-17T00:00:00Z,31.30,120.50,JTWC b-deck
WP212018,2018,2018-08-17T06:00:00Z,31.60,118.70,JTWC b-deck
WP212018,2018,2018-08-17T12:00:00Z,31.60,117.20,JTWC b-deck
WP212018,2018,2018-08-17T18:00:00Z,31.90,116.20,JTWC b-deck
WP212018,2018,2018-08-18T00:00:00Z,32.30,115.70,JTWC b-deck
WP212018,2018,2018-08-18T06:00:00Z,32.90,115.10,JTWC b-deck
WP212019,2019,2019-10-15T00:00:00Z,15.90,136.20,JTWC b-deck
WP212019,2019,2019-10-15T06:00:00Z,16.10,135.40,JTWC b-deck
WP212019,2019,2019-10-15T12:00:00Z,16.30,134.50,JTWC b-deck
WP212019,2019,2019-10-15T18:00:00Z,16.70,133.70,JTWC b-deck
WP212019,2019,2019-10-16T00:00:00Z,17.10,132.60,JTWC b-deck
WP212019,2019,2019-10-16T06:00:00Z,17.60,131.60,JTWC b-deck
WP212019,2019,2019-10-16T12:00:00Z,17.80,130.50,JTWC b-deck
WP212019,2019,2019-10-16T18:00:00Z,18.20,130.00,JTWC b-deck
WP212019,2019,2019-10-17T00:00:00Z,18.70,129.90,JTWC b-deck
WP212019,2019,2019-10-17T06:00:00Z,19.10,129.90,JTWC b-deck
WP212019,2019,2019-10-17T12:00:00Z,19.40,130.00,JTWC b-deck
WP212019,2019,2019-10-17T18:00:00Z,19.60,130.00,JTWC b-deck
WP212019,2019,2019-10-18T00:00:00Z,19.80,129.70,JTWC b-deck
WP212019,2019,2019-10-18T06:00:00Z,20.00,129.50,JTWC b-deck
WP212019,2019,2019-10-18T12:00:00Z,20.40,129.20,JTWC b-deck
WP212019,2019,2019-10-18T12:00:00Z,20.40,129.20,JTWC b-deck
WP212019,2019,2019-10-18T18:00:00Z,20.80,128.50,JTWC b-deck
WP212019,2019,2019-10-18T18:00:00Z,20.80,128.50,JTWC b-deck
WP212019,2019,2019-10-19T00:00:00Z,21.10,127.90,JTWC b-deck
WP212019,2019,2019-10-19T00:00:00Z,21.10,127.90,JTWC b-deck
WP212019,2019,2019-10-19T06:00:00Z,21.50,127.40,JTWC b-deck
WP212019,2019,2019-10-19T06:00:00Z,21.50,127.40,JTWC b-deck
WP212019,2019,2019-10-19T06:00:00Z,21.50,127.40,JTWC b-deck
WP212019,2019,2019-10-19T12:00:00Z,21.80,127.30,JTWC b-deck
WP212019,2019,2019-10-19T12:00:00Z,21.80,127.30,JTWC b-deck
WP212019,2019,2019-10-19T12:00:00Z,21.80,127.30,JTWC b-deck
WP212019,2019,2019-10-19T18:00:00Z,22.60,127.50,JTWC b-deck
WP212019,2019,2019-10-19T18:00:00Z,22.60,127.50,JTWC b-deck
WP212019,2019,2019-10-19T18:00:00Z,22.60,127.50,JTWC b-deck
WP212019,2019,2019-10-20T00:00:00Z,23.30,128.00,JTWC b-deck
WP212019,2019,2019-10-20T00:00:00Z,23.30,128.00,JTWC b-deck
WP212019,2019,2019-10-20T00:00:00Z,23.30,128.00,JTWC b-deck
WP212019,2019,2019-10-20T06:00:00Z,24.50,129.20,JTWC b-deck
WP212019,2019,2019-10-20T06:00:00Z,24.50,129.20,JTWC b-deck
WP212019,2019,2019-10-20T06:00:00Z,24.50,129.20,JTWC b-deck
WP212019,2019,2019-10-20T12:00:00Z,25.40,130.10,JTWC b-deck
WP212019,2019,2019-10-20T12:00:00Z,25.40,130.10,JTWC b-deck
WP212019,2019,2019-10-20T12:00:00Z,25.40,130.10,JTWC b-deck
WP212019,2019,2019-10-20T18:00:00Z,27.00,131.60,JTWC b-deck
WP212019,2019,2019-10-20T18:00:00Z,27.00,131.60,JTWC b-deck
WP212019,2019,2019-10-21T00:00:00Z,28.70,133.20,JTWC b-deck
WP212019,2019,2019-10-21T00:00:00Z,28.70,133.20,JTWC b-deck
WP212019,2019,2019-10-21T06:00:00Z,30.30,134.40,JTWC b-deck
WP212019,2019,2019-10-21T12:00:00Z,31.00,135.60,JTWC b-deck
WP212019,2019,2019-10-21T18:00:00Z,31.90,136.90,JTWC b-deck
WP212019,2019,2019-10-22T00:00:00Z,32.40,138.20,JTWC b-deck
WP212020,2020,2020-10-21T18:00:00Z,8.70,137.40,JTWC b-deck
WP212020,2020,2020-10-22T00:00:00Z,9.10,137.50,JTWC b-deck
WP212020,2020,2020-10-22T06:00:00Z,9.50,137.40,JTWC b-deck
WP212020,2020,2020-10-22T12:00:00Z,9.80,136.80,JTWC b-deck
WP212020,2020,2020-10-22T18:00:00Z,10.10,136.20,JTWC b-deck
WP212020,2020,2020-10-23T00:00:00Z,10.20,135.10,JTWC b-deck
WP212020,2020,2020-10-23T06:00:00Z,10.40,134.00,JTWC b-deck
WP212020,2020,2020-10-23T12:00:00Z,11.30,132.80,JTWC b-deck
WP212020,2020,2020-10-23T18:00:00Z,11.80,132.00,JTWC b-deck
WP212020,2020,2020-10-24T00:00:00Z,12.40,131.20,JTWC b-deck
WP212020,2020,2020-10-24T06:00:00Z,13.10,130.00,JTWC b-deck
WP212020,2020,2020-10-24T12:00:00Z,13.30,128.90,JTWC b-deck
WP212020,2020,2020-10-24T18:00:00Z,13.40,127.70,JTWC b-deck
WP212020,2020,2020-10-25T00:00:00Z,13.40,126.40,JTWC b-deck
WP212020,2020,2020-10-25T00:00:00Z,13.40,126.40,JTWC b-deck
WP212020,2020,2020-10-25T06:00:00Z,13.40,124.70,JTWC b-deck
WP212020,2020,2020-10-25T06:00:00Z,13.40,124.70,JTWC b-deck
WP212020,2020,2020-10-25T06:00:00Z,13.40,124.70,JTWC b-deck
WP212020,2020,2020-10-25T12:00:00Z,13.40,123.10,JTWC b-deck
WP212020,2020,2020-10-25T12:00:00Z,13.40,123.10,JTWC b-deck
WP212020,2020,2020-10-25T12:00:00Z,13.40,123.10,JTWC b-deck
WP212020,2020,2020-10-25T18:00:00Z,13.10,121.90,JTWC b-deck
WP212020,2020,2020-10-25T18:00:00Z,13.10,121.90,JTWC b-deck
WP212020,2020,2020-10-25T18:00:00Z,13.10,121.90,JTWC b-deck
WP212020,2020,2020-10-26T00:00:00Z,13.10,120.40,JTWC b-deck
WP212020,2020,2020-10-26T00:00:00Z,13.10,120.40,JTWC b-deck
WP212020,2020,2020-10-26T00:00:00Z,13.10,120.40,JTWC b-deck
WP212020,2020,2020-10-26T06:00:00Z,13.40,118.90,JTWC b-deck
WP212020,2020,2020-10-26T06:00:00Z,13.40,118.90,JTWC b-deck
WP212020,2020,2020-10-26T06:00:00Z,13.40,118.90,JTWC b-deck
WP212020,2020,2020-10-26T12:00:00Z,13.20,117.70,JTWC b-deck
WP212020,2020,2020-10-26T12:00:00Z,13.20,117.70,JTWC b-deck
WP212020,2020,2020-10-26T12:00:00Z,13.20,117.70,JTWC b-deck
WP212020,2020,2020-10-26T18:00:00Z,13.30,115.80,JTWC b-deck
WP212020,2020,2020-10-26T18:00:00Z,13.30,115.80,JTWC b-deck
WP212020,2020,2020-10-26T18:00:00Z,13.30,115.80,JTWC b-deck
WP212020,2020,2020-10-27T00:00:00Z,13.50,114.50,JTWC b-deck
WP212020,2020,2020-10-27T00:00:00Z,13.50,114.50,JTWC b-deck
WP212020,2020,2020-10-27T00:00:00Z,13.50,114.50,JTWC b-deck
WP212020,2020,2020-10-27T06:00:00Z,13.50,113.30,JTWC b-deck
WP212020,2020,2020-10-27T06:00:00Z,13.50,113.30,JTWC b-deck
WP212020,2020,2020-10-27T06:00:00Z,13.50,113.30,JTWC b-deck
WP212020,2020,2020-10-27T12:00:00Z,13.90,111.90,JTWC b-deck
WP212020,2020,2020-10-27T12:00:00Z,13.90,111.90,JTWC b-deck
WP212020,2020,2020-10-27T12:00:00Z,13.90,111.90,JTWC b-deck
WP212020,2020,2020-10-27T18:00:00Z,14.20,111.30,JTWC b-deck
WP212020,2020,2020-10-27T18:00:00Z,14.20,111.30,JTWC b-deck
WP212020,2020,2020-10-27T18:00:00Z,14.20,111.30,JTWC b-deck
WP212020,2020,2020-10-28T00:00:00Z,14.70,109.80,JTWC b-deck
WP212020,2020,2020-10-28T00:00:00Z,14.70,109.80,JTWC b-deck
WP212020,2020,2020-10-28T00:00:00Z,14.70,109.80,JTWC b-deck
WP212020,2020,2020-10-28T06:00:00Z,15.20,108.40,JTWC b-deck
WP212020,2020,2020-10-28T06:00:00Z,15.20,108.40,JTWC b-deck
WP212020,2020,2020-10-28T06:00:00Z,15.20,108.40,JTWC b-deck
WP212020,2020,2020-10-28T12:00:00Z,15.40,107.30,JTWC b-deck
WP212020,2020,2020-10-28T12:00:00Z,15.40,107.30,JTWC b-deck
WP212020,2020,2020-10-28T18:00:00Z,15.50,106.30,JTWC b-deck
WP212020,2020,2020-10-29T00:00:00Z,15.50,105.40,JTWC b-deck
WP212021,2021,2021-09-21T00:00:00Z,12.90,119.00,JTWC b-deck
WP212021,2021,2021-09-21T06:00:00Z,12.00,118.40,JTWC b-deck
WP212021,2021,2021-09-21T12:00:00Z,11.70,117.60,JTWC b-deck
WP212021,2021,2021-09-21T18:00:00Z,11.70,116.40,JTWC b-deck
WP212021,2021,2021-09-22T00:00:00Z,11.90,115.40,JTWC b-deck
WP212021,2021,2021-09-22T06:00:00Z,12.30,114.40,JTWC b-deck
WP212021,2021,2021-09-22T12:00:00Z,12.60,113.50,JTWC b-deck
WP212021,2021,2021-09-22T18:00:00Z,13.20,112.60,JTWC b-deck
WP212021,2021,2021-09-23T00:00:00Z,13.90,111.70,JTWC b-deck
WP212021,2021,2021-09-23T06:00:00Z,14.60,110.60,JTWC b-deck
WP212021,2021,2021-09-23T12:00:00Z,15.00,109.20,JTWC b-deck
WP212021,2021,2021-09-23T18:00:00Z,15.40,107.80,JTWC b-deck
WP212021,2021,2021-09-24T00:00:00Z,15.60,106.40,JTWC b-deck
WP212021,2021,2021-09-24T06:00:00Z,16.20,105.80,JTWC b-deck
WP212021,2021,2021-09-24T12:00:00Z,16.80,105.30,JTWC b-deck
WP212022,2022,2022-10-11T06:00:00Z,15.30,152.40,JTWC b-deck
WP212022,2022,2022-10-11T12:00:00Z,15.70,151.90,JTWC b-deck
WP212022,2022,2022-10-11T18:00:00Z,15.80,151.40,JTWC b-deck
WP212022,2022,2022-10-12T00:00:00Z,16.00,151.20,JTWC b-deck
WP212022,2022,2022-10-12T06:00:00Z,15.70,151.10,JTWC b-deck
WP212022,2022,2022-10-12T12:00:00Z,15.20,151.00,JTWC b-deck
WP212022,2022,2022-10-12T18:00:00Z,14.50,150.70,JTWC b-deck
WP212022,2022,2022-10-13T00:00:00Z,14.60,151.40,JTWC b-deck
WP212022,2022,2022-10-13T06:00:00Z,15.20,152.70,JTWC b-deck
WP212022,2022,2022-10-13T12:00:00Z,15.70,154.00,JTWC b-deck
WP212022,2022,2022-10-13T18:00:00Z,16.80,155.20,JTWC b-deck
WP212022,2022,2022-10-14T00:00:00Z,18.70,156.20,JTWC b-deck
WP212022,2022,2022-10-14T06:00:00Z,21.30,156.60,JTWC b-deck
WP212022,2022,2022-10-14T12:00:00Z,23.60,157.40,JTWC b-deck
WP212022,2022,2022-10-14T18:00:00Z,27.50,154.60,JTWC b-deck
WP212022,2022,2022-10-15T00:00:00Z,27.30,153.70,JTWC b-deck
WP212024,2024,2024-10-04T06:00:00Z,10.70,149.50,JTWC b-deck
WP212024,2024,2024-10-04T12:00:00Z,11.20,148.80,JTWC b-deck
WP212024,2024,2024-10-04T18:00:00Z,11.90,148.00,JTWC b-deck
WP212024,2024,2024-10-05T00:00:00Z,12.80,147.30,JTWC b-deck
WP212024,2024,2024-10-05T06:00:00Z,13.40,147.10,JTWC b-deck
WP212024,2024,2024-10-05T12:00:00Z,14.00,147.00,JTWC b-deck
WP212024,2024,2024-10-05T18:00:00Z,15.40,146.20,JTWC b-deck
WP212024,2024,2024-10-06T00:00:00Z,16.80,145.60,JTWC b-deck
WP212024,2024,2024-10-06T06:00:00Z,17.80,145.50,JTWC b-deck
WP212024,2024,2024-10-06T12:00:00Z,18.70,145.60,JTWC b-deck
WP212024,2024,2024-10-06T18:00:00Z,20.20,145.80,JTWC b-deck
WP212024,2024,2024-10-07T00:00:00Z,20.90,146.00,JTWC b-deck
WP212024,2024,2024-10-07T06:00:00Z,22.00,146.70,JTWC b-deck
WP212024,2024,2024-10-07T12:00:00Z,23.20,147.30,JTWC b-deck
WP212024,2024,2024-10-07T18:00:00Z,23.90,147.30,JTWC b-deck
WP212024,2024,2024-10-08T00:00:00Z,24.00,147.00,JTWC b-deck
WP212024,2024,2024-10-08T06:00:00Z,23.90,147.00,JTWC b-deck
WP212024,2024,2024-10-08T12:00:00Z,24.00,147.40,JTWC b-deck
WP212024,2024,2024-10-08T18:00:00Z,24.60,148.30,JTWC b-deck
WP212024,2024,2024-10-09T00:00:00Z,25.90,149.00,JTWC b-deck
WP212024,2024,2024-10-09T06:00:00Z,27.80,149.50,JTWC b-deck
WP212024,2024,2024-10-09T12:00:00Z,29.80,149.10,JTWC b-deck
WP212024,2024,2024-10-09T18:00:00Z,31.60,149.30,JTWC b-deck
WP212024,2024,2024-10-10T00:00:00Z,32.60,150.50,JTWC b-deck
WP212024,2024,2024-10-10T06:00:00Z,34.80,150.90,JTWC b-deck
WP212024,2024,2024-10-10T12:00:00Z,36.60,152.70,JTWC b-deck
WP212025,2025,2025-09-03T12:00:00Z,27.10,131.50,IBTrACS v04r01 (CMA)
WP212025,2025,2025-09-03T15:00:00Z,27.70,131.30,IBTrACS v04r01 (CMA)
WP212025,2025,2025-09-03T18:00:00Z,28.20,131.00,IBTrACS v04r01 (CMA)
WP212025,2025,2025-09-03T21:00:00Z,28.90,130.90,IBTrACS v04r01 (CMA)
WP212025,2025,2025-09-04T00:00:00Z,29.70,131.00,IBTrACS v04r01 (CMA)
WP212025,2025,2025-09-04T03:00:00Z,30.50,131.20,IBTrACS v04r01 (CMA)
WP212025,2025,2025-09-04T06:00:00Z,31.30,131.50,IBTrACS v04r01 (CMA)
WP212025,2025,2025-09-04T09:00:00Z,32.10,131.80,IBTrACS v04r01 (CMA)
WP212025,2025,2025-09-04T12:00:00Z,32.70,132.10,IBTrACS v04r01 (CMA)
WP212025,2025,2025-09-04T15:00:00Z,33.10,132.40,IBTrACS v04r01 (CMA)
WP212025,2025,2025-09-04T16:00:00Z,33.20,132.60,IBTrACS v04r01 (CMA)
WP212025,2025,2025-09-04T18:00:00Z,33.40,133.00,IBTrACS v04r01 (CMA)
WP212025,2025,2025-09-04T21:00:00Z,33.60,133.90,IBTrACS v04r01 (CMA)
WP212025,2025,2025-09-04T23:00:00Z,33.80,134.70,IBTrACS v04r01 (CMA)
WP212025,2025,2025-09-05T00:00:00Z,33.90,135.20,IBTrACS v04r01 (CMA)
WP212025,2025,2025-09-05T03:00:00Z,34.40,137.10,IBTrACS v04r01 (CMA)
WP212025,2025,2025-09-05T04:00:00Z,34.50,137.80,IBTrACS v04r01 (CMA)
WP212025,2025,2025-09-05T06:00:00Z,34.90,139.20,IBTrACS v04r01 (CMA)
WP212025,2025,2025-09-05T07:00:00Z,35.10,139.90,IBTrACS v04r01 (CMA)
WP212025,2025,2025-09-05T09:00:00Z,35.50,141.30,IBTrACS v04r01 (CMA)
WP212025,2025,2025-09-05T12:00:00Z,35.90,143.30,IBTrACS v04r01 (CMA)
WP212025,2025,2025-09-05T15:00:00Z,36.10,145.20,IBTrACS v04r01 (CMA)
WP222017,2017,2017-09-23T12:00:00Z,18.00,116.10,JTWC b-deck
WP222017,2017,2017-09-23T18:00:00Z,18.20,114.60,JTWC b-deck
WP222017,2017,2017-09-24T00:00:00Z,18.20,112.90,JTWC b-deck
WP222017,2017,2017-09-24T03:00:00Z,18.30,112.20,JTWC b-deck
WP222017,2017,2017-09-24T06:00:00Z,18.60,111.80,JTWC b-deck
WP222017,2017,2017-09-24T12:00:00Z,19.00,110.70,JTWC b-deck
WP222017,2017,2017-09-24T18:00:00Z,19.50,109.60,JTWC b-deck
WP222017,2017,2017-09-25T00:00:00Z,20.30,108.10,JTWC b-deck
WP222017,2017,2017-09-25T06:00:00Z,21.10,106.90,JTWC b-deck
WP222018,2018,2018-08-15T00:00:00Z,11.40,145.10,JTWC b-deck
WP222018,2018,2018-08-15T06:00:00Z,11.90,144.80,JTWC b-deck
WP222018,2018,2018-08-15T12:00:00Z,12.70,144.40,JTWC b-deck
WP222018,2018,2018-08-15T18:00:00Z,13.70,143.90,JTWC b-deck
WP222018,2018,2018-08-16T00:00:00Z,15.20,143.30,JTWC b-deck
WP222018,2018,2018-08-16T06:00:00Z,16.80,142.50,JTWC b-deck
WP222018,2018,2018-08-16T12:00:00Z,18.50,141.90,JTWC b-deck
WP222018,2018,2018-08-16T12:00:00Z,18.50,141.90,JTWC b-deck
WP222018,2018,2018-08-16T18:00:00Z,20.20,141.40,JTWC b-deck
WP222018,2018,2018-08-16T18:00:00Z,20.20,141.40,JTWC b-deck
WP222018,2018,2018-08-17T00:00:00Z,22.00,140.80,JTWC b-deck
WP222018,2018,2018-08-17T00:00:00Z,22.00,140.80,JTWC b-deck
WP222018,2018,2018-08-17T00:00:00Z,22.00,140.80,JTWC b-deck
WP222018,2018,2018-08-17T06:00:00Z,23.20,140.20,JTWC b-deck
WP222018,2018,2018-08-17T06:00:00Z,23.20,140.20,JTWC b-deck
WP222018,2018,2018-08-17T06:00:00Z,23.20,140.20,JTWC b-deck
WP222018,2018,2018-08-17T12:00:00Z,23.70,139.90,JTWC b-deck
WP222018,2018,2018-08-17T12:00:00Z,23.70,139.90,JTWC b-deck
WP222018,2018,2018-08-17T12:00:00Z,23.70,139.90,JTWC b-deck
WP222018,2018,2018-08-17T18:00:00Z,24.30,140.00,JTWC b-deck
WP222018,2018,2018-08-17T18:00:00Z,24.30,140.00,JTWC b-deck
WP222018,2018,2018-08-17T18:00:00Z,24.30,140.00,JTWC b-deck
WP222018,2018,2018-08-18T00:00:00Z,24.60,140.10,JTWC b-deck
WP222018,2018,2018-08-18T00:00:00Z,24.60,140.10,JTWC b-deck
WP222018,2018,2018-08-18T00:00:00Z,24.60,140.10,JTWC b-deck
WP222018,2018,2018-08-18T06:00:00Z,24.80,140.10,JTWC b-deck
WP222018,2018,2018-08-18T06:00:00Z,24.80,140.10,JTWC b-deck
WP222018,2018,2018-08-18T06:00:00Z,24.80,140.10,JTWC b-deck
WP222018,2018,2018-08-18T12:00:00Z,24.90,139.90,JTWC b-deck
WP222018,2018,2018-08-18T12:00:00Z,24.90,139.90,JTWC b-deck
WP222018,2018,2018-08-18T12:00:00Z,24.90,139.90,JTWC b-deck
WP222018,2018,2018-08-18T18:00:00Z,25.00,139.50,JTWC b-deck
WP222018,2018,2018-08-18T18:00:00Z,25.00,139.50,JTWC b-deck
WP222018,2018,2018-08-18T18:00:00Z,25.00,139.50,JTWC b-deck
WP222018,2018,2018-08-19T00:00:00Z,25.00,139.10,JTWC b-deck
WP222018,2018,2018-08-19T00:00:00Z,25.00,139.10,JTWC b-deck
WP222018,2018,2018-08-19T00:00:00Z,25.00,139.10,JTWC b-deck
WP222018,2018,2018-08-19T06:00:00Z,25.00,138.60,JTWC b-deck
WP222018,2018,2018-08-19T06:00:00Z,25.00,138.60,JTWC b-deck
WP222018,2018,2018-08-19T06:00:00Z,25.00,138.60,JTWC b-deck
WP222018,2018,2018-08-19T12:00:00Z,25.20,138.00,JTWC b-deck
WP222018,2018,2018-08-19T12:00:00Z,25.20,138.00,JTWC b-deck
WP222018,2018,2018-08-19T12:00:00Z,25.20,138.00,JTWC b-deck
WP222018,2018,2018-08-19T18:00:00Z,25.50,137.30,JTWC b-deck
WP222018,2018,2018-08-19T18:00:00Z,25.50,137.30,JTWC b-deck
WP222018,2018,2018-08-19T18:00:00Z,25.50,137.30,JTWC b-deck
WP222018,2018,2018-08-20T00:00:00Z,25.80,136.40,JTWC b-deck
WP222018,2018,2018-08-20T00:00:00Z,25.80,136.40,JTWC b-deck
WP222018,2018,2018-08-20T00:00:00Z,25.80,136.40,JTWC b-deck
WP222018,2018,2018-08-20T06:00:00Z,26.10,135.50,JTWC b-deck
WP222018,2018,2018-08-20T06:00:00Z,26.10,135.50,JTWC b-deck
WP222018,2018,2018-08-20T06:00:00Z,26.10,135.50,JTWC b-deck
WP222018,2018,2018-08-20T12:00:00Z,26.50,134.40,JTWC b-deck
WP222018,2018,2018-08-20T12:00:00Z,26.50,134.40,JTWC b-deck
WP222018,2018,2018-08-20T12:00:00Z,26.50,134.40,JTWC b-deck
WP222018,2018,2018-08-20T18:00:00Z,27.00,133.30,JTWC b-deck
WP222018,2018,2018-08-20T18:00:00Z,27.00,133.30,JTWC b-deck
WP222018,2018,2018-08-20T18:00:00Z,27.00,133.30,JTWC b-deck
WP222018,2018,2018-08-21T00:00:00Z,27.70,132.20,JTWC b-deck
WP222018,2018,2018-08-21T00:00:00Z,27.70,132.20,JTWC b-deck
WP222018,2018,2018-08-21T00:00:00Z,27.70,132.20,JTWC b-deck
WP222018,2018,2018-08-21T06:00:00Z,28.40,130.90,JTWC b-deck
WP222018,2018,2018-08-21T06:00:00Z,28.40,130.90,JTWC b-deck
WP222018,2018,2018-08-21T06:00:00Z,28.40,130.90,JTWC b-deck
WP222018,2018,2018-08-21T12:00:00Z,29.00,129.80,JTWC b-deck
WP222018,2018,2018-08-21T12:00:00Z,29.00,129.80,JTWC b-deck
WP222018,2018,2018-08-21T12:00:00Z,29.00,129.80,JTWC b-deck
WP222018,2018,2018-08-21T18:00:00Z,29.80,128.60,JTWC b-deck
WP222018,2018,2018-08-21T18:00:00Z,29.80,128.60,JTWC b-deck
WP222018,2018,2018-08-21T18:00:00Z,29.80,128.60,JTWC b-deck
WP222018,2018,2018-08-22T00:00:00Z,30.40,127.70,JTWC b-deck
WP222018,2018,2018-08-22T00:00:00Z,30.40,127.70,JTWC b-deck
WP222018,2018,2018-08-22T00:00:00Z,30.40,127.70,JTWC b-deck
WP222018,2018,2018-08-22T06:00:00Z,31.00,126.90,JTWC b-deck
WP222018,2018,2018-08-22T06:00:00Z,31.00,126.90,JTWC b-deck
WP222018,2018,2018-08-22T06:00:00Z,31.00,126.90,JTWC b-deck
WP222018,2018,2018-08-22T12:00:00Z,31.80,126.20,JTWC b-deck
WP222018,2018,2018-08-22T12:00:00Z,31.80,126.20,JTWC b-deck
WP222018,2018,2018-08-22T12:00:00Z,31.80,126.20,JTWC b-deck
WP222018,2018,2018-08-22T18:00:00Z,32.40,125.40,JTWC b-deck
WP222018,2018,2018-08-22T18:00:00Z,32.40,125.40,JTWC b-deck
WP222018,2018,2018-08-22T18:00:00Z,32.40,125.40,JTWC b-deck
WP222018,2018,2018-08-23T00:00:00Z,32.90,125.30,JTWC b-deck
WP222018,2018,2018-08-23T00:00:00Z,32.90,125.30,JTWC b-deck
WP222018,2018,2018-08-23T00:00:00Z,32.90,125.30,JTWC b-deck
WP222018,2018,2018-08-23T06:00:00Z,33.60,125.50,JTWC b-deck
WP222018,2018,2018-08-23T06:00:00Z,33.60,125.50,JTWC b-deck
WP222018,2018,2018-08-23T12:00:00Z,34.70,126.30,JTWC b-deck
WP222018,2018,2018-08-23T12:00:00Z,34.70,126.30,JTWC b-deck
WP222018,2018,2018-08-23T18:00:00Z,35.90,127.40,JTWC b-deck
WP222018,2018,2018-08-24T00:00:00Z,37.20,128.80,JTWC b-deck
WP222018,2018,2018-08-24T06:00:00Z,38.50,130.20,JTWC b-deck
WP222018,2018,2018-08-24T12:00:00Z,40.10,131.70,JTWC b-deck
WP222018,2018,2018-08-24T18:00:00Z,41.30,133.60,JTWC b-deck
WP222018,2018,2018-08-25T00:00:00Z,42.10,135.50,JTWC b-deck
WP222018,2018,2018-08-25T06:00:00Z,43.70,138.60,JTWC b-deck
WP222018,2018,2018-08-25T12:00:00Z,43.90,139.20,JTWC b-deck
WP222019,2019,2019-10-17T06:00:00Z,7.90,168.60,JTWC b-deck
WP222019,2019,2019-10-17T12:00:00Z,7.90,166.90,JTWC b-deck
WP222019,2019,2019-10-17T18:00:00Z,7.90,165.20,JTWC b-deck
WP222019,2019,2019-10-18T00:00:00Z,8.20,163.60,JTWC b-deck
WP222019,2019,2019-10-18T06:00:00Z,8.80,161.80,JTWC b-deck
WP222019,2019,2019-10-18T12:00:00Z,9.10,160.10,JTWC b-deck
WP222019,2019,2019-10-18T18:00:00Z,9.60,158.40,JTWC b-deck
WP222019,2019,2019-10-19T00:00:00Z,10.10,156.70,JTWC b-deck
WP222019,2019,2019-10-19T06:00:00Z,10.60,154.90,JTWC b-deck
WP222019,2019,2019-10-19T12:00:00Z,11.00,153.70,JTWC b-deck
WP222019,2019,2019-10-19T18:00:00Z,11.30,152.30,JTWC b-deck
WP222019,2019,2019-10-19T18:00:00Z,11.30,152.30,JTWC b-deck
WP222019,2019,2019-10-20T00:00:00Z,11.70,151.30,JTWC b-deck
WP222019,2019,2019-10-20T00:00:00Z,11.70,151.30,JTWC b-deck
WP222019,2019,2019-10-20T06:00:00Z,12.20,150.40,JTWC b-deck
WP222019,2019,2019-10-20T06:00:00Z,12.20,150.40,JTWC b-deck
WP222019,2019,2019-10-20T06:00:00Z,12.20,150.40,JTWC b-deck
WP222019,2019,2019-10-20T12:00:00Z,12.70,149.70,JTWC b-deck
WP222019,2019,2019-10-20T12:00:00Z,12.70,149.70,JTWC b-deck
WP222019,2019,2019-10-20T12:00:00Z,12.70,149.70,JTWC b-deck
WP222019,2019,2019-10-20T18:00:00Z,13.20,149.10,JTWC b-deck
WP222019,2019,2019-10-20T18:00:00Z,13.20,149.10,JTWC b-deck
WP222019,2019,2019-10-20T18:00:00Z,13.20,149.10,JTWC b-deck
WP222019,2019,2019-10-21T00:00:00Z,14.00,148.20,JTWC b-deck
WP222019,2019,2019-10-21T00:00:00Z,14.00,148.20,JTWC b-deck
WP222019,2019,2019-10-21T00:00:00Z,14.00,148.20,JTWC b-deck
WP222019,2019,2019-10-21T06:00:00Z,14.70,147.60,JTWC b-deck
WP222019,2019,2019-10-21T06:00:00Z,14.70,147.60,JTWC b-deck
WP222019,2019,2019-10-21T06:00:00Z,14.70,147.60,JTWC b-deck
WP222019,2019,2019-10-21T12:00:00Z,15.40,146.80,JTWC b-deck
WP222019,2019,2019-10-21T12:00:00Z,15.40,146.80,JTWC b-deck
WP222019,2019,2019-10-21T12:00:00Z,15.40,146.80,JTWC b-deck
WP222019,2019,2019-10-21T18:00:00Z,16.30,146.00,JTWC b-deck
WP222019,2019,2019-10-21T18:00:00Z,16.30,146.00,JTWC b-deck
WP222019,2019,2019-10-21T18:00:00Z,16.30,146.00,JTWC b-deck
WP222019,2019,2019-10-22T00:00:00Z,17.10,145.00,JTWC b-deck
WP222019,2019,2019-10-22T00:00:00Z,17.10,145.00,JTWC b-deck
WP222019,2019,2019-10-22T00:00:00Z,17.10,145.00,JTWC b-deck
WP222019,2019,2019-10-22T06:00:00Z,18.20,144.40,JTWC b-deck
WP222019,2019,2019-10-22T06:00:00Z,18.20,144.40,JTWC b-deck
WP222019,2019,2019-10-22T06:00:00Z,18.20,144.40,JTWC b-deck
WP222019,2019,2019-10-22T09:00:00Z,18.70,144.00,JTWC b-deck
WP222019,2019,2019-10-22T09:00:00Z,18.70,144.00,JTWC b-deck
WP222019,2019,2019-10-22T09:00:00Z,18.70,144.00,JTWC b-deck
WP222019,2019,2019-10-22T12:00:00Z,19.20,143.50,JTWC b-deck
WP222019,2019,2019-10-22T12:00:00Z,19.20,143.50,JTWC b-deck
WP222019,2019,2019-10-22T12:00:00Z,19.20,143.50,JTWC b-deck
WP222019,2019,2019-10-22T18:00:00Z,20.40,143.10,JTWC b-deck
WP222019,2019,2019-10-22T18:00:00Z,20.40,143.10,JTWC b-deck
WP222019,2019,2019-10-22T18:00:00Z,20.40,143.10,JTWC b-deck
WP222019,2019,2019-10-23T00:00:00Z,21.70,142.30,JTWC b-deck
WP222019,2019,2019-10-23T00:00:00Z,21.70,142.30,JTWC b-deck
WP222019,2019,2019-10-23T00:00:00Z,21.70,142.30,JTWC b-deck
WP222019,2019,2019-10-23T06:00:00Z,22.80,142.00,JTWC b-deck
WP222019,2019,2019-10-23T06:00:00Z,22.80,142.00,JTWC b-deck
WP222019,2019,2019-10-23T06:00:00Z,22.80,142.00,JTWC b-deck
WP222019,2019,2019-10-23T12:00:00Z,24.00,141.90,JTWC b-deck
WP222019,2019,2019-10-23T12:00:00Z,24.00,141.90,JTWC b-deck
WP222019,2019,2019-10-23T12:00:00Z,24.00,141.90,JTWC b-deck
WP222019,2019,2019-10-23T18:00:00Z,25.40,141.90,JTWC b-deck
WP222019,2019,2019-10-23T18:00:00Z,25.40,141.90,JTWC b-deck
WP222019,2019,2019-10-23T18:00:00Z,25.40,141.90,JTWC b-deck
WP222019,2019,2019-10-24T00:00:00Z,26.80,142.10,JTWC b-deck
WP222019,2019,2019-10-24T00:00:00Z,26.80,142.10,JTWC b-deck
WP222019,2019,2019-10-24T00:00:00Z,26.80,142.10,JTWC b-deck
WP222019,2019,2019-10-24T06:00:00Z,28.10,142.70,JTWC b-deck
WP222019,2019,2019-10-24T06:00:00Z,28.10,142.70,JTWC b-deck
WP222019,2019,2019-10-24T06:00:00Z,28.10,142.70,JTWC b-deck
WP222019,2019,2019-10-24T12:00:00Z,29.30,143.50,JTWC b-deck
WP222019,2019,2019-10-24T12:00:00Z,29.30,143.50,JTWC b-deck
WP222019,2019,2019-10-24T12:00:00Z,29.30,143.50,JTWC b-deck
WP222019,2019,2019-10-24T18:00:00Z,30.70,144.70,JTWC b-deck
WP222019,2019,2019-10-24T18:00:00Z,30.70,144.70,JTWC b-deck
WP222019,2019,2019-10-24T18:00:00Z,30.70,144.70,JTWC b-deck
WP222019,2019,2019-10-25T00:00:00Z,32.20,146.30,JTWC b-deck
WP222019,2019,2019-10-25T00:00:00Z,32.20,146.30,JTWC b-deck
WP222019,2019,2019-10-25T00:00:00Z,32.20,146.30,JTWC b-deck
WP222019,2019,2019-10-25T06:00:00Z,33.80,148.10,JTWC b-deck
WP222019,2019,2019-10-25T06:00:00Z,33.80,148.10,JTWC b-deck
WP222019,2019,2019-10-25T12:00:00Z,35.00,149.80,JTWC b-deck
WP222019,2019,2019-10-25T12:00:00Z,35.00,149.80,JTWC b-deck
WP222020,2020,2020-10-25T06:00:00Z,10.60,143.90,JTWC b-deck
WP222020,2020,2020-10-25T12:00:00Z,11.40,143.60,JTWC b-deck
WP222020,2020,2020-10-25T18:00:00Z,11.90,142.90,JTWC b-deck
WP222020,2020,2020-10-26T00:00:00Z,12.80,142.30,JTWC b-deck
WP222020,2020,2020-10-26T06:00:00Z,13.80,141.80,JTWC b-deck
WP222020,2020,2020-10-26T12:00:00Z,14.40,141.60,JTWC b-deck
WP222020,2020,2020-10-26T18:00:00Z,15.00,141.80,JTWC b-deck
WP222020,2020,2020-10-27T00:00:00Z,15.40,141.60,JTWC b-deck
WP222020,2020,2020-10-27T06:00:00Z,15.80,141.40,JTWC b-deck
WP222020,2020,2020-10-27T12:00:00Z,16.20,140.90,JTWC b-deck
WP222020,2020,2020-10-27T18:00:00Z,16.40,140.60,JTWC b-deck
WP222020,2020,2020-10-28T00:00:00Z,16.50,140.30,JTWC b-deck
WP222020,2020,2020-10-28T06:00:00Z,16.60,139.80,JTWC b-deck
WP222020,2020,2020-10-28T12:00:00Z,16.60,138.50,JTWC b-deck
WP222020,2020,2020-10-28T18:00:00Z,16.70,137.60,JTWC b-deck
WP222020,2020,2020-10-29T00:00:00Z,16.70,136.80,JTWC b-deck
WP222020,2020,2020-10-29T00:00:00Z,16.70,136.80,JTWC b-deck
WP222020,2020,2020-10-29T06:00:00Z,16.80,135.60,JTWC b-deck
WP222020,2020,2020-10-29T06:00:00Z,16.80,135.60,JTWC b-deck
WP222020,2020,2020-10-29T06:00:00Z,16.80,135.60,JTWC b-deck
WP222020,2020,2020-10-29T12:00:00Z,16.60,134.50,JTWC b-deck
WP222020,2020,2020-10-29T12:00:00Z,16.60,134.50,JTWC b-deck
WP222020,2020,2020-10-29T12:00:00Z,16.60,134.50,JTWC b-deck
WP222020,2020,2020-10-29T18:00:00Z,16.30,133.40,JTWC b-deck
WP222020,2020,2020-10-29T18:00:00Z,16.30,133.40,JTWC b-deck
WP222020,2020,2020-10-29T18:00:00Z,16.30,133.40,JTWC b-deck
WP222020,2020,2020-10-30T00:00:00Z,16.30,132.70,JTWC b-deck
WP222020,2020,2020-10-30T00:00:00Z,16.30,132.70,JTWC b-deck
WP222020,2020,2020-10-30T00:00:00Z,16.30,132.70,JTWC b-deck
WP222020,2020,2020-10-30T06:00:00Z,16.30,131.50,JTWC b-deck
WP222020,2020,2020-10-30T06:00:00Z,16.30,131.50,JTWC b-deck
WP222020,2020,2020-10-30T06:00:00Z,16.30,131.50,JTWC b-deck
WP222020,2020,2020-10-30T12:00:00Z,16.10,130.80,JTWC b-deck
WP222020,2020,2020-10-30T12:00:00Z,16.10,130.80,JTWC b-deck
WP222020,2020,2020-10-30T12:00:00Z,16.10,130.80,JTWC b-deck
WP222020,2020,2020-10-30T18:00:00Z,15.80,129.90,JTWC b-deck
WP222020,2020,2020-10-30T18:00:00Z,15.80,129.90,JTWC b-deck
WP222020,2020,2020-10-30T18:00:00Z,15.80,129.90,JTWC b-deck
WP222020,2020,2020-10-31T00:00:00Z,15.30,128.80,JTWC b-deck
WP222020,2020,2020-10-31T00:00:00Z,15.30,128.80,JTWC b-deck
WP222020,2020,2020-10-31T00:00:00Z,15.30,128.80,JTWC b-deck
WP222020,2020,2020-10-31T06:00:00Z,14.70,127.60,JTWC b-deck
WP222020,2020,2020-10-31T06:00:00Z,14.70,127.60,JTWC b-deck
WP222020,2020,2020-10-31T06:00:00Z,14.70,127.60,JTWC b-deck
WP222020,2020,2020-10-31T12:00:00Z,14.20,126.40,JTWC b-deck
WP222020,2020,2020-10-31T12:00:00Z,14.20,126.40,JTWC b-deck
WP222020,2020,2020-10-31T12:00:00Z,14.20,126.40,JTWC b-deck
WP222020,2020,2020-10-31T18:00:00Z,13.60,125.10,JTWC b-deck
WP222020,2020,2020-10-31T18:00:00Z,13.60,125.10,JTWC b-deck
WP222020,2020,2020-10-31T18:00:00Z,13.60,125.10,JTWC b-deck
WP222020,2020,2020-11-01T00:00:00Z,13.50,123.60,JTWC b-deck
WP222020,2020,2020-11-01T00:00:00Z,13.50,123.60,JTWC b-deck
WP222020,2020,2020-11-01T00:00:00Z,13.50,123.60,JTWC b-deck
WP222020,2020,2020-11-01T06:00:00Z,13.60,122.20,JTWC b-deck
WP222020,2020,2020-11-01T06:00:00Z,13.60,122.20,JTWC b-deck
WP222020,2020,2020-11-01T06:00:00Z,13.60,122.20,JTWC b-deck
WP222020,2020,2020-11-01T12:00:00Z,14.10,121.20,JTWC b-deck
WP222020,2020,2020-11-01T12:00:00Z,14.10,121.20,JTWC b-deck
WP222020,2020,2020-11-01T18:00:00Z,14.50,119.60,JTWC b-deck
WP222020,2020,2020-11-01T18:00:00Z,14.50,119.60,JTWC b-deck
WP222020,2020,2020-11-02T00:00:00Z,14.70,118.50,JTWC b-deck
WP222020,2020,2020-11-02T06:00:00Z,15.20,118.00,JTWC b-deck
WP222020,2020,2020-11-02T12:00:00Z,15.10,116.90,JTWC b-deck
WP222020,2020,2020-11-02T18:00:00Z,15.10,116.10,JTWC b-deck
WP222020,2020,2020-11-03T00:00:00Z,14.80,115.40,JTWC b-deck
WP222020,2020,2020-11-03T06:00:00Z,14.70,115.20,JTWC b-deck
WP222020,2020,2020-11-03T12:00:00Z,14.70,114.70,JTWC b-deck
WP222020,2020,2020-11-03T18:00:00Z,14.70,114.20,JTWC b-deck
WP222020,2020,2020-11-04T00:00:00Z,14.50,113.50,JTWC b-deck
WP222020,2020,2020-11-04T06:00:00Z,14.40,113.30,JTWC b-deck
WP222020,2020,2020-11-04T12:00:00Z,14.30,112.70,JTWC b-deck
WP222020,2020,2020-11-04T18:00:00Z,14.30,112.10,JTWC b-deck
WP222020,2020,2020-11-05T00:00:00Z,14.20,111.70,JTWC b-deck
WP222020,2020,2020-11-05T06:00:00Z,14.00,111.40,JTWC b-deck
WP222020,2020,2020-11-05T12:00:00Z,14.00,110.90,JTWC b-deck
WP222020,2020,2020-11-05T18:00:00Z,13.90,110.20,JTWC b-deck
WP222020,2020,2020-11-06T00:00:00Z,14.10,109.40,JTWC b-deck
WP222020,2020,2020-11-06T06:00:00Z,14.20,108.70,JTWC b-deck
WP222021,2021,2021-10-02T18:00:00Z,6.90,130.80,JTWC b-deck
WP222021,2021,2021-10-03T00:00:00Z,7.40,129.60,JTWC b-deck
WP222021,2021,2021-10-03T06:00:00Z,8.20,128.10,JTWC b-deck
WP222021,2021,2021-10-03T12:00:00Z,8.90,127.50,JTWC b-deck
WP222021,2021,2021-10-03T18:00:00Z,9.50,126.30,JTWC b-deck
WP222021,2021,2021-10-04T00:00:00Z,10.00,125.00,JTWC b-deck
WP222021,2021,2021-10-04T06:00:00Z,9.80,122.60,JTWC b-deck
WP222021,2021,2021-10-04T12:00:00Z,9.80,121.40,JTWC b-deck
WP222021,2021,2021-10-04T18:00:00Z,10.70,120.60,JTWC b-deck
WP222021,2021,2021-10-05T00:00:00Z,11.80,119.20,JTWC b-deck
WP222021,2021,2021-10-05T06:00:00Z,12.30,118.50,JTWC b-deck
WP222021,2021,2021-10-05T12:00:00Z,12.80,117.10,JTWC b-deck
WP222021,2021,2021-10-05T18:00:00Z,13.70,115.50,JTWC b-deck
WP222021,2021,2021-10-06T00:00:00Z,14.40,114.10,JTWC b-deck
WP222021,2021,2021-10-06T06:00:00Z,15.00,113.30,JTWC b-deck
WP222021,2021,2021-10-06T12:00:00Z,15.70,112.40,JTWC b-deck
WP222021,2021,2021-10-06T18:00:00Z,16.00,112.10,JTWC b-deck
WP222021,2021,2021-10-07T00:00:00Z,16.30,111.90,JTWC b-deck
WP222021,2021,2021-10-07T06:00:00Z,16.60,111.50,JTWC b-deck
WP222021,2021,2021-10-07T12:00:00Z,16.90,111.10,JTWC b-deck
WP222021,2021,2021-10-07T18:00:00Z,17.40,111.10,JTWC b-deck
WP222021,2021,2021-10-08T00:00:00Z,18.00,111.10,JTWC b-deck
WP222021,2021,2021-10-08T06:00:00Z,18.50,110.70,JTWC b-deck
WP222021,2021,2021-10-08T12:00:00Z,18.90,110.50,JTWC b-deck
WP222021,2021,2021-10-08T18:00:00Z,19.30,110.00,JTWC b-deck
WP222021,2021,2021-10-09T00:00:00Z,19.70,109.50,JTWC b-deck
WP222021,2021,2021-10-09T06:00:00Z,20.00,109.40,JTWC b-deck
WP222021,2021,2021-10-09T12:00:00Z,20.10,109.00,JTWC b-deck
WP222021,2021,2021-10-09T18:00:00Z,20.20,108.60,JTWC b-deck
WP222021,2021,2021-10-10T00:00:00Z,20.50,107.80,JTWC b-deck
WP222021,2021,2021-10-10T06:00:00Z,20.70,106.90,JTWC b-deck
WP222021,2021,2021-10-10T12:00:00Z,20.80,106.30,JTWC b-deck
WP222022,2022,2022-10-12T06:00:00Z,11.50,115.60,JTWC b-deck
WP222022,2022,2022-10-12T12:00:00Z,11.60,115.50,JTWC b-deck
WP222022,2022,2022-10-12T18:00:00Z,11.80,115.50,JTWC b-deck
WP222022,2022,2022-10-13T00:00:00Z,12.00,114.90,JTWC b-deck
WP222022,2022,2022-10-13T06:00:00Z,12.90,114.10,JTWC b-deck
WP222022,2022,2022-10-13T12:00:00Z,13.10,113.60,JTWC b-deck
WP222022,2022,2022-10-13T18:00:00Z,13.70,112.60,JTWC b-deck
WP222022,2022,2022-10-14T00:00:00Z,13.70,111.90,JTWC b-deck
WP222022,2022,2022-10-14T06:00:00Z,14.20,111.40,JTWC b-deck
WP222022,2022,2022-10-14T12:00:00Z,14.90,109.90,JTWC b-deck
WP222022,2022,2022-10-14T18:00:00Z,15.30,108.90,JTWC b-deck
WP222022,2022,2022-10-15T00:00:00Z,15.70,107.50,JTWC b-deck
WP222024,2024,2024-10-20T18:00:00Z,13.00,130.40,JTWC b-deck
WP222024,2024,2024-10-21T00:00:00Z,13.10,129.80,JTWC b-deck
WP222024,2024,2024-10-21T06:00:00Z,13.20,129.50,JTWC b-deck
WP222024,2024,2024-10-21T12:00:00Z,13.20,129.10,JTWC b-deck
WP222024,2024,2024-10-21T18:00:00Z,13.40,128.30,JTWC b-deck
WP222024,2024,2024-10-22T00:00:00Z,13.60,127.40,JTWC b-deck
WP222024,2024,2024-10-22T06:00:00Z,14.10,126.60,JTWC b-deck
WP222024,2024,2024-10-22T12:00:00Z,14.60,125.90,JTWC b-deck
WP222024,2024,2024-10-22T18:00:00Z,15.10,125.00,JTWC b-deck
WP222024,2024,2024-10-23T00:00:00Z,15.60,124.10,JTWC b-deck
WP222024,2024,2024-10-23T06:00:00Z,16.30,123.50,JTWC b-deck
WP222024,2024,2024-10-23T12:00:00Z,16.90,122.90,JTWC b-deck
WP222024,2024,2024-10-23T18:00:00Z,17.10,122.10,JTWC b-deck
WP222024,2024,2024-10-24T00:00:00Z,17.00,121.10,JTWC b-deck
WP222024,2024,2024-10-24T06:00:00Z,16.80,120.10,JTWC b-deck
WP222024,2024,2024-10-24T12:00:00Z,16.90,119.60,JTWC b-deck
WP222024,2024,2024-10-24T18:00:00Z,17.00,119.20,JTWC b-deck
WP222024,2024,2024-10-25T00:00:00Z,17.10,118.80,JTWC b-deck
WP222024,2024,2024-10-25T00:00:00Z,17.10,118.80,JTWC b-deck
WP222024,2024,2024-10-25T06:00:00Z,17.50,117.40,JTWC b-deck
WP222024,2024,2024-10-25T06:00:00Z,17.50,117.40,JTWC b-deck
WP222024,2024,2024-10-25T12:00:00Z,17.20,116.50,JTWC b-deck
WP222024,2024,2024-10-25T12:00:00Z,17.20,116.50,JTWC b-deck
WP222024,2024,2024-10-25T18:00:00Z,17.10,115.00,JTWC b-deck
WP222024,2024,2024-10-25T18:00:00Z,17.10,115.00,JTWC b-deck
WP222024,2024,2024-10-26T00:00:00Z,17.00,113.60,JTWC b-deck
WP222024,2024,2024-10-26T00:00:00Z,17.00,113.60,JTWC b-deck
WP222024,2024,2024-10-26T00:00:00Z,17.00,113.60,JTWC b-deck
WP222024,2024,2024-10-26T06:00:00Z,17.10,112.10,JTWC b-deck
WP222024,2024,2024-10-26T06:00:00Z,17.10,112.10,JTWC b-deck
WP222024,2024,2024-10-26T12:00:00Z,17.00,110.80,JTWC b-deck
WP222024,2024,2024-10-26T12:00:00Z,17.00,110.80,JTWC b-deck
WP222024,2024,2024-10-26T18:00:00Z,16.90,109.60,JTWC b-deck
WP222024,2024,2024-10-26T18:00:00Z,16.90,109.60,JTWC b-deck
WP222024,2024,2024-10-27T00:00:00Z,16.50,108.50,JTWC b-deck
WP222024,2024,2024-10-27T00:00:00Z,16.50,108.50,JTWC b-deck
WP222024,2024,2024-10-27T06:00:00Z,16.00,108.00,JTWC b-deck
WP222024,2024,2024-10-27T12:00:00Z,15.40,107.30,JTWC b-deck
WP222024,2024,2024-10-27T18:00:00Z,15.40,107.70,JTWC b-deck
WP222024,2024,2024-10-28T00:00:00Z,15.60,107.90,JTWC b-deck
WP222024,2024,2024-10-28T06:00:00Z,15.80,108.00,JTWC b-deck
WP222025,2025,2025-09-06T06:00:00Z,18.00,116.60,IBTrACS v04r01 (CMA)
WP222025,2025,2025-09-06T09:00:00Z,18.20,116.10,IBTrACS v04r01 (CMA)
WP222025,2025,2025-09-06T12:00:00Z,18.30,115.70,IBTrACS v04r01 (CMA)
WP222025,2025,2025-09-06T15:00:00Z,18.40,115.30,IBTrACS v04r01 (CMA)
WP222025,2025,2025-09-06T18:00:00Z,18.50,115.00,IBTrACS v04r01 (CMA)
WP222025,2025,2025-09-06T21:00:00Z,18.50,114.80,IBTrACS v04r01 (CMA)
WP222025,2025,2025-09-07T00:00:00Z,18.60,114.60,IBTrACS v04r01 (CMA)
WP222025,2025,2025-09-07T03:00:00Z,18.70,114.30,IBTrACS v04r01 (CMA)
WP222025,2025,2025-09-07T06:00:00Z,19.00,114.00,IBTrACS v04r01 (CMA)
WP222025,2025,2025-09-07T09:00:00Z,19.50,113.80,IBTrACS v04r01 (CMA)
WP222025,2025,2025-09-07T12:00:00Z,19.90,113.60,IBTrACS v04r01 (CMA)
WP222025,2025,2025-09-07T13:00:00Z,20.00,113.50,IBTrACS v04r01 (CMA)
WP222025,2025,2025-09-07T14:00:00Z,20.10,113.50,IBTrACS v04r01 (CMA)
WP222025,2025,2025-09-07T15:00:00Z,20.20,113.40,IBTrACS v04r01 (CMA)
WP222025,2025,2025-09-07T16:00:00Z,20.40,113.30,IBTrACS v04r01 (CMA)
WP222025,2025,2025-09-07T17:00:00Z,20.60,113.30,IBTrACS v04r01 (CMA)
WP222025,2025,2025-09-07T18:00:00Z,20.80,113.20,IBTrACS v04r01 (CMA)
WP222025,2025,2025-09-07T19:00:00Z,21.00,113.10,IBTrACS v04r01 (CMA)
WP222025,2025,2025-09-07T20:00:00Z,21.20,112.90,IBTrACS v04r01 (CMA)
WP222025,2025,2025-09-07T21:00:00Z,21.40,112.80,IBTrACS v04r01 (CMA)
WP222025,2025,2025-09-07T22:00:00Z,21.50,112.70,IBTrACS v04r01 (CMA)
WP222025,2025,2025-09-07T23:00:00Z,21.60,112.70,IBTrACS v04r01 (CMA)
WP222025,2025,2025-09-08T00:00:00Z,21.70,112.60,IBTrACS v04r01 (CMA)
WP222025,2025,2025-09-08T01:00:00Z,21.80,112.50,IBTrACS v04r01 (CMA)
WP222025,2025,2025-09-08T02:00:00Z,22.00,112.50,IBTrACS v04r01 (CMA)
WP222025,2025,2025-09-08T03:00:00Z,22.20,112.40,IBTrACS v04r01 (CMA)
WP222025,2025,2025-09-08T04:00:00Z,22.40,112.30,IBTrACS v04r01 (CMA)
WP222025,2025,2025-09-08T05:00:00Z,22.60,112.10,IBTrACS v04r01 (CMA)
WP232017,2017,2017-10-09T00:00:00Z,16.60,111.90,JTWC b-deck
WP232017,2017,2017-10-09T06:00:00Z,16.90,110.40,JTWC b-deck
WP232017,2017,2017-10-09T12:00:00Z,17.30,108.60,JTWC b-deck
WP232017,2017,2017-10-09T18:00:00Z,17.80,107.10,JTWC b-deck
WP232017,2017,2017-10-10T00:00:00Z,18.40,105.60,JTWC b-deck
WP232017,2017,2017-10-10T06:00:00Z,19.20,103.50,JTWC b-deck
WP232018,2018,2018-08-16T18:00:00Z,12.80,158.30,JTWC b-deck
WP232018,2018,2018-08-17T00:00:00Z,12.60,158.30,JTWC b-deck
WP232018,2018,2018-08-17T06:00:00Z,12.60,158.10,JTWC b-deck
WP232018,2018,2018-08-17T12:00:00Z,13.00,156.90,JTWC b-deck
WP232018,2018,2018-08-17T18:00:00Z,13.40,155.70,JTWC b-deck
WP232018,2018,2018-08-18T00:00:00Z,13.70,155.00,JTWC b-deck
WP232018,2018,2018-08-18T06:00:00Z,14.00,154.50,JTWC b-deck
WP232018,2018,2018-08-18T12:00:00Z,14.40,153.70,JTWC b-deck
WP232018,2018,2018-08-18T18:00:00Z,14.80,152.90,JTWC b-deck
WP232018,2018,2018-08-19T00:00:00Z,15.10,152.10,JTWC b-deck
WP232018,2018,2018-08-19T06:00:00Z,15.60,151.20,JTWC b-deck
WP232018,2018,2018-08-19T12:00:00Z,15.80,150.60,JTWC b-deck
WP232018,2018,2018-08-19T12:00:00Z,15.80,150.60,JTWC b-deck
WP232018,2018,2018-08-19T18:00:00Z,16.40,150.00,JTWC b-deck
WP232018,2018,2018-08-19T18:00:00Z,16.40,150.00,JTWC b-deck
WP232018,2018,2018-08-20T00:00:00Z,17.00,148.90,JTWC b-deck
WP232018,2018,2018-08-20T00:00:00Z,17.00,148.90,JTWC b-deck
WP232018,2018,2018-08-20T06:00:00Z,17.80,147.90,JTWC b-deck
WP232018,2018,2018-08-20T06:00:00Z,17.80,147.90,JTWC b-deck
WP232018,2018,2018-08-20T06:00:00Z,17.80,147.90,JTWC b-deck
WP232018,2018,2018-08-20T12:00:00Z,18.50,147.30,JTWC b-deck
WP232018,2018,2018-08-20T12:00:00Z,18.50,147.30,JTWC b-deck
WP232018,2018,2018-08-20T12:00:00Z,18.50,147.30,JTWC b-deck
WP232018,2018,2018-08-20T18:00:00Z,19.40,146.20,JTWC b-deck
WP232018,2018,2018-08-20T18:00:00Z,19.40,146.20,JTWC b-deck
WP232018,2018,2018-08-20T18:00:00Z,19.40,146.20,JTWC b-deck
WP232018,2018,2018-08-21T00:00:00Z,20.20,145.10,JTWC b-deck
WP232018,2018,2018-08-21T00:00:00Z,20.20,145.10,JTWC b-deck
WP232018,2018,2018-08-21T00:00:00Z,20.20,145.10,JTWC b-deck
WP232018,2018,2018-08-21T06:00:00Z,21.20,144.00,JTWC b-deck
WP232018,2018,2018-08-21T06:00:00Z,21.20,144.00,JTWC b-deck
WP232018,2018,2018-08-21T06:00:00Z,21.20,144.00,JTWC b-deck
WP232018,2018,2018-08-21T12:00:00Z,21.90,142.80,JTWC b-deck
WP232018,2018,2018-08-21T12:00:00Z,21.90,142.80,JTWC b-deck
WP232018,2018,2018-08-21T12:00:00Z,21.90,142.80,JTWC b-deck
WP232018,2018,2018-08-21T18:00:00Z,23.20,141.20,JTWC b-deck
WP232018,2018,2018-08-21T18:00:00Z,23.20,141.20,JTWC b-deck
WP232018,2018,2018-08-21T18:00:00Z,23.20,141.20,JTWC b-deck
WP232018,2018,2018-08-22T00:00:00Z,24.20,139.90,JTWC b-deck
WP232018,2018,2018-08-22T00:00:00Z,24.20,139.90,JTWC b-deck
WP232018,2018,2018-08-22T00:00:00Z,24.20,139.90,JTWC b-deck
WP232018,2018,2018-08-22T06:00:00Z,25.50,138.70,JTWC b-deck
WP232018,2018,2018-08-22T06:00:00Z,25.50,138.70,JTWC b-deck
WP232018,2018,2018-08-22T06:00:00Z,25.50,138.70,JTWC b-deck
WP232018,2018,2018-08-22T12:00:00Z,26.90,137.20,JTWC b-deck
WP232018,2018,2018-08-22T12:00:00Z,26.90,137.20,JTWC b-deck
WP232018,2018,2018-08-22T12:00:00Z,26.90,137.20,JTWC b-deck
WP232018,2018,2018-08-22T18:00:00Z,28.40,135.90,JTWC b-deck
WP232018,2018,2018-08-22T18:00:00Z,28.40,135.90,JTWC b-deck
WP232018,2018,2018-08-22T18:00:00Z,28.40,135.90,JTWC b-deck
WP232018,2018,2018-08-23T00:00:00Z,30.10,135.00,JTWC b-deck
WP232018,2018,2018-08-23T00:00:00Z,30.10,135.00,JTWC b-deck
WP232018,2018,2018-08-23T00:00:00Z,30.10,135.00,JTWC b-deck
WP232018,2018,2018-08-23T06:00:00Z,31.90,134.40,JTWC b-deck
WP232018,2018,2018-08-23T06:00:00Z,31.90,134.40,JTWC b-deck
WP232018,2018,2018-08-23T06:00:00Z,31.90,134.40,JTWC b-deck
WP232018,2018,2018-08-23T12:00:00Z,33.90,134.60,JTWC b-deck
WP232018,2018,2018-08-23T12:00:00Z,33.90,134.60,JTWC b-deck
WP232018,2018,2018-08-23T12:00:00Z,33.90,134.60,JTWC b-deck
WP232018,2018,2018-08-23T18:00:00Z,36.50,135.10,JTWC b-deck
WP232018,2018,2018-08-23T18:00:00Z,36.50,135.10,JTWC b-deck
WP232018,2018,2018-08-24T00:00:00Z,39.00,135.90,JTWC b-deck
WP232018,2018,2018-08-24T06:00:00Z,40.70,137.90,JTWC b-deck
WP232018,2018,2018-08-24T12:00:00Z,41.30,139.90,JTWC b-deck
WP232019,2019,2019-10-28T12:00:00Z,10.60,118.20,JTWC b-deck
WP232019,2019,2019-10-28T18:00:00Z,10.70,117.50,JTWC b-deck
WP232019,2019,2019-10-29T00:00:00Z,11.20,116.30,JTWC b-deck
WP232019,2019,2019-10-29T06:00:00Z,11.60,115.00,JTWC b-deck
WP232019,2019,2019-10-29T12:00:00Z,12.10,114.10,JTWC b-deck
WP232019,2019,2019-10-29T18:00:00Z,12.70,113.10,JTWC b-deck
WP232019,2019,2019-10-30T00:00:00Z,13.00,112.00,JTWC b-deck
WP232019,2019,2019-10-30T06:00:00Z,13.10,110.80,JTWC b-deck
WP232019,2019,2019-10-30T12:00:00Z,13.30,110.00,JTWC b-deck
WP232019,2019,2019-10-30T12:00:00Z,13.30,110.00,JTWC b-deck
WP232019,2019,2019-10-30T15:00:00Z,13.40,109.40,JTWC b-deck
WP232019,2019,2019-10-30T15:00:00Z,13.40,109.40,JTWC b-deck
WP232019,2019,2019-10-30T18:00:00Z,13.50,108.50,JTWC b-deck
WP232019,2019,2019-10-30T18:00:00Z,13.50,108.50,JTWC b-deck
WP232019,2019,2019-10-31T00:00:00Z,13.60,107.20,JTWC b-deck
WP232019,2019,2019-10-31T06:00:00Z,13.70,105.80,JTWC b-deck
WP232019,2019,2019-10-31T12:00:00Z,13.80,104.60,JTWC b-deck
WP232019,2019,2019-10-31T18:00:00Z,14.00,103.40,JTWC b-deck
WP232019,2019,2019-11-01T00:00:00Z,14.30,102.20,JTWC b-deck
WP232019,2019,2019-11-01T06:00:00Z,14.50,101.40,JTWC b-deck
WP232019,2019,2019-11-01T12:00:00Z,14.40,100.70,JTWC b-deck
WP232019,2019,2019-11-01T18:00:00Z,14.20,100.00,JTWC b-deck
WP232019,2019,2019-11-02T00:00:00Z,14.00,99.30,JTWC b-deck
WP232019,2019,2019-11-02T06:00:00Z,13.80,98.80,JTWC b-deck
WP232019,2019,2019-11-02T12:00:00Z,13.60,98.30,JTWC b-deck
WP232019,2019,2019-11-02T18:00:00Z,13.40,97.60,JTWC b-deck
WP232019,2019,2019-11-03T00:00:00Z,13.30,96.70,JTWC b-deck
WP232019,2019,2019-11-03T06:00:00Z,13.30,96.00,JTWC b-deck
WP232019,2019,2019-11-03T12:00:00Z,13.30,95.40,JTWC b-deck
WP232019,2019,2019-11-03T18:00:00Z,13.20,94.80,JTWC b-deck
WP232019,2019,2019-11-04T00:00:00Z,13.00,94.10,JTWC b-deck
WP232019,2019,2019-11-04T06:00:00Z,12.80,93.20,JTWC b-deck
WP232019,2019,2019-11-04T12:00:00Z,12.80,92.30,JTWC b-deck
WP232019,2019,2019-11-04T18:00:00Z,12.80,91.60,JTWC b-deck
WP232019,2019,2019-11-05T00:00:00Z,12.80,91.00,JTWC b-deck
WP232019,2019,2019-11-05T06:00:00Z,12.80,90.60,JTWC b-deck
WP232019,2019,2019-11-05T12:00:00Z,12.90,90.10,JTWC b-deck
WP232019,2019,2019-11-05T18:00:00Z,12.90,89.70,JTWC b-deck
WP232019,2019,2019-11-06T00:00:00Z,13.20,89.90,JTWC b-deck
WP232019,2019,2019-11-06T06:00:00Z,13.10,90.00,JTWC b-deck
WP232019,2019,2019-11-06T12:00:00Z,13.30,90.00,JTWC b-deck
WP232019,2019,2019-11-06T18:00:00Z,13.90,89.80,JTWC b-deck
WP232019,2019,2019-11-07T00:00:00Z,14.50,89.20,JTWC b-deck
WP232019,2019,2019-11-07T06:00:00Z,15.10,88.70,JTWC b-deck
WP232019,2019,2019-11-07T06:00:00Z,15.10,88.70,JTWC b-deck
WP232019,2019,2019-11-07T12:00:00Z,15.60,88.30,JTWC b-deck
WP232019,2019,2019-11-07T12:00:00Z,15.60,88.30,JTWC b-deck
WP232019,2019,2019-11-07T18:00:00Z,16.20,87.80,JTWC b-deck
WP232019,2019,2019-11-07T18:00:00Z,16.20,87.80,JTWC b-deck
WP232019,2019,2019-11-07T18:00:00Z,16.20,87.80,JTWC b-deck
WP232019,2019,2019-11-08T00:00:00Z,17.00,87.80,JTWC b-deck
WP232019,2019,2019-11-08T00:00:00Z,17.00,87.80,JTWC b-deck
WP232019,2019,2019-11-08T00:00:00Z,17.00,87.80,JTWC b-deck
WP232019,2019,2019-11-08T06:00:00Z,17.80,87.90,JTWC b-deck
WP232019,2019,2019-11-08T06:00:00Z,17.80,87.90,JTWC b-deck
WP232019,2019,2019-11-08T06:00:00Z,17.80,87.90,JTWC b-deck
WP232019,2019,2019-11-08T12:00:00Z,18.70,87.90,JTWC b-deck
WP232019,2019,2019-11-08T12:00:00Z,18.70,87.90,JTWC b-deck
WP232019,2019,2019-11-08T12:00:00Z,18.70,87.90,JTWC b-deck
WP232019,2019,2019-11-08T18:00:00Z,19.30,87.80,JTWC b-deck
WP232019,2019,2019-11-08T18:00:00Z,19.30,87.80,JTWC b-deck
WP232019,2019,2019-11-08T18:00:00Z,19.30,87.80,JTWC b-deck
WP232019,2019,2019-11-09T00:00:00Z,20.00,87.70,JTWC b-deck
WP232019,2019,2019-11-09T00:00:00Z,20.00,87.70,JTWC b-deck
WP232019,2019,2019-11-09T00:00:00Z,20.00,87.70,JTWC b-deck
WP232019,2019,2019-11-09T06:00:00Z,20.60,87.70,JTWC b-deck
WP232019,2019,2019-11-09T06:00:00Z,20.60,87.70,JTWC b-deck
WP232019,2019,2019-11-09T06:00:00Z,20.60,87.70,JTWC b-deck
WP232019,2019,2019-11-09T12:00:00Z,21.10,88.00,JTWC b-deck
WP232019,2019,2019-11-09T12:00:00Z,21.10,88.00,JTWC b-deck
WP232019,2019,2019-11-09T12:00:00Z,21.10,88.00,JTWC b-deck
WP232019,2019,2019-11-09T15:00:00Z,21.40,88.20,JTWC b-deck
WP232019,2019,2019-11-09T15:00:00Z,21.40,88.20,JTWC b-deck
WP232019,2019,2019-11-09T15:00:00Z,21.40,88.20,JTWC b-deck
WP232019,2019,2019-11-09T18:00:00Z,21.60,88.60,JTWC b-deck
WP232019,2019,2019-11-09T18:00:00Z,21.60,88.60,JTWC b-deck
WP232019,2019,2019-11-09T18:00:00Z,21.60,88.60,JTWC b-deck
WP232019,2019,2019-11-10T00:00:00Z,21.90,89.40,JTWC b-deck
WP232019,2019,2019-11-10T00:00:00Z,21.90,89.40,JTWC b-deck
WP232019,2019,2019-11-10T00:00:00Z,21.90,89.40,JTWC b-deck
WP232019,2019,2019-11-10T06:00:00Z,22.30,90.20,JTWC b-deck
WP232019,2019,2019-11-10T06:00:00Z,22.30,90.20,JTWC b-deck
WP232019,2019,2019-11-10T12:00:00Z,22.60,90.70,JTWC b-deck
WP232019,2019,2019-11-10T18:00:00Z,22.80,91.00,JTWC b-deck
WP232019,2019,2019-11-11T00:00:00Z,23.10,91.10,JTWC b-deck
WP232020,2020,2020-10-31T12:00:00Z,14.70,137.10,JTWC b-deck
WP232020,2020,2020-10-31T18:00:00Z,15.30,135.90,JTWC b-deck
WP232020,2020,2020-11-01T00:00:00Z,15.70,134.30,JTWC b-deck
WP232020,2020,2020-11-01T06:00:00Z,16.10,132.80,JTWC b-deck
WP232020,2020,2020-11-01T12:00:00Z,16.90,131.60,JTWC b-deck
WP232020,2020,2020-11-01T18:00:00Z,17.90,130.10,JTWC b-deck
WP232020,2020,2020-11-02T00:00:00Z,18.90,128.70,JTWC b-deck
WP232020,2020,2020-11-02T06:00:00Z,19.60,127.40,JTWC b-deck
WP232020,2020,2020-11-02T12:00:00Z,19.80,127.00,JTWC b-deck
WP232020,2020,2020-11-02T18:00:00Z,20.00,127.30,JTWC b-deck
WP232020,2020,2020-11-03T00:00:00Z,20.10,127.90,JTWC b-deck
WP232020,2020,2020-11-03T06:00:00Z,20.00,128.40,JTWC b-deck
WP232020,2020,2020-11-03T12:00:00Z,19.90,128.90,JTWC b-deck
WP232020,2020,2020-11-03T18:00:00Z,20.00,129.30,JTWC b-deck
WP232020,2020,2020-11-04T00:00:00Z,20.20,129.50,JTWC b-deck
WP232020,2020,2020-11-04T06:00:00Z,20.30,129.10,JTWC b-deck
WP232020,2020,2020-11-04T12:00:00Z,20.20,128.70,JTWC b-deck
WP232020,2020,2020-11-04T12:00:00Z,20.20,128.70,JTWC b-deck
WP232020,2020,2020-11-04T18:00:00Z,20.40,127.60,JTWC b-deck
WP232020,2020,2020-11-04T18:00:00Z,20.40,127.60,JTWC b-deck
WP232020,2020,2020-11-05T00:00:00Z,20.30,126.50,JTWC b-deck
WP232020,2020,2020-11-05T00:00:00Z,20.30,126.50,JTWC b-deck
WP232020,2020,2020-11-05T06:00:00Z,20.30,125.70,JTWC b-deck
WP232020,2020,2020-11-05T06:00:00Z,20.30,125.70,JTWC b-deck
WP232020,2020,2020-11-05T12:00:00Z,20.50,124.20,JTWC b-deck
WP232020,2020,2020-11-05T12:00:00Z,20.50,124.20,JTWC b-deck
WP232020,2020,2020-11-05T18:00:00Z,20.60,122.70,JTWC b-deck
WP232020,2020,2020-11-06T00:00:00Z,20.90,121.80,JTWC b-deck
WP232020,2020,2020-11-06T06:00:00Z,21.40,120.90,JTWC b-deck
WP232020,2020,2020-11-06T12:00:00Z,21.90,120.30,JTWC b-deck
WP232020,2020,2020-11-06T12:00:00Z,21.90,120.30,JTWC b-deck
WP232020,2020,2020-11-06T18:00:00Z,22.30,119.80,JTWC b-deck
WP232020,2020,2020-11-06T18:00:00Z,22.30,119.80,JTWC b-deck
WP232020,2020,2020-11-07T00:00:00Z,22.70,119.40,JTWC b-deck
WP232020,2020,2020-11-07T06:00:00Z,22.70,119.10,JTWC b-deck
WP232021,2021,2021-10-08T18:00:00Z,15.70,164.10,JTWC b-deck
WP232021,2021,2021-10-09T00:00:00Z,16.20,163.50,JTWC b-deck
WP232021,2021,2021-10-09T06:00:00Z,16.80,162.80,JTWC b-deck
WP232021,2021,2021-10-09T12:00:00Z,16.90,161.90,JTWC b-deck
WP232021,2021,2021-10-09T18:00:00Z,16.80,161.10,JTWC b-deck
WP232021,2021,2021-10-10T00:00:00Z,16.80,160.60,JTWC b-deck
WP232021,2021,2021-10-10T06:00:00Z,17.00,159.60,JTWC b-deck
WP232021,2021,2021-10-10T12:00:00Z,17.50,159.30,JTWC b-deck
WP232021,2021,2021-10-10T18:00:00Z,18.10,158.70,JTWC b-deck
WP232021,2021,2021-10-11T00:00:00Z,18.30,157.50,JTWC b-deck
WP232021,2021,2021-10-11T06:00:00Z,18.60,155.90,JTWC b-deck
WP232021,2021,2021-10-11T12:00:00Z,18.80,154.90,JTWC b-deck
WP232021,2021,2021-10-11T18:00:00Z,18.80,153.80,JTWC b-deck
WP232021,2021,2021-10-12T00:00:00Z,19.10,153.00,JTWC b-deck
WP232021,2021,2021-10-12T06:00:00Z,19.30,152.00,JTWC b-deck
WP232021,2021,2021-10-12T12:00:00Z,19.90,151.60,JTWC b-deck
WP232021,2021,2021-10-12T18:00:00Z,20.80,151.90,JTWC b-deck
WP232021,2021,2021-10-13T00:00:00Z,22.20,152.50,JTWC b-deck
WP232021,2021,2021-10-13T06:00:00Z,22.50,152.90,JTWC b-deck
WP232021,2021,2021-10-13T12:00:00Z,23.30,154.20,JTWC b-deck
WP232021,2021,2021-10-13T18:00:00Z,23.60,155.30,JTWC b-deck
WP232021,2021,2021-10-14T00:00:00Z,23.90,156.40,JTWC b-deck
WP232021,2021,2021-10-14T06:00:00Z,24.20,157.30,JTWC b-deck
WP232021,2021,2021-10-14T12:00:00Z,24.50,158.00,JTWC b-deck
WP232021,2021,2021-10-14T18:00:00Z,25.10,159.30,JTWC b-deck
WP232021,2021,2021-10-15T00:00:00Z,25.70,160.10,JTWC b-deck
WP232021,2021,2021-10-15T06:00:00Z,26.30,161.40,JTWC b-deck
WP232021,2021,2021-10-15T12:00:00Z,27.20,162.40,JTWC b-deck
WP232021,2021,2021-10-15T18:00:00Z,28.20,163.20,JTWC b-deck
WP232021,2021,2021-10-15T18:00:00Z,28.20,163.20,JTWC b-deck
WP232021,2021,2021-10-16T00:00:00Z,29.40,164.30,JTWC b-deck
WP232021,2021,2021-10-16T00:00:00Z,29.40,164.30,JTWC b-deck
WP232021,2021,2021-10-16T06:00:00Z,30.90,165.20,JTWC b-deck
WP232021,2021,2021-10-16T06:00:00Z,30.90,165.20,JTWC b-deck
WP232021,2021,2021-10-16T12:00:00Z,31.80,165.90,JTWC b-deck
WP232021,2021,2021-10-16T12:00:00Z,31.80,165.90,JTWC b-deck
WP232021,2021,2021-10-16T18:00:00Z,32.90,166.80,JTWC b-deck
WP232021,2021,2021-10-16T18:00:00Z,32.90,166.80,JTWC b-deck
WP232021,2021,2021-10-17T00:00:00Z,33.80,167.30,JTWC b-deck
WP232021,2021,2021-10-17T06:00:00Z,35.00,167.40,JTWC b-deck
WP232021,2021,2021-10-17T12:00:00Z,36.50,167.60,JTWC b-deck
WP232021,2021,2021-10-17T18:00:00Z,38.20,167.60,JTWC b-deck
WP232021,2021,2021-10-18T00:00:00Z,39.60,168.70,JTWC b-deck
WP232022,2022,2022-10-12T00:00:00Z,16.60,140.40,JTWC b-deck
WP232022,2022,2022-10-12T06:00:00Z,18.00,138.80,JTWC b-deck
WP232022,2022,2022-10-12T12:00:00Z,19.10,137.30,JTWC b-deck
WP232022,2022,2022-10-12T18:00:00Z,19.80,135.60,JTWC b-deck
WP232022,2022,2022-10-13T00:00:00Z,20.40,133.80,JTWC b-deck
WP232022,2022,2022-10-13T06:00:00Z,20.10,132.60,JTWC b-deck
WP232022,2022,2022-10-13T12:00:00Z,19.80,132.00,JTWC b-deck
WP232022,2022,2022-10-13T18:00:00Z,19.70,130.90,JTWC b-deck
WP232022,2022,2022-10-14T00:00:00Z,19.60,129.90,JTWC b-deck
WP232022,2022,2022-10-14T06:00:00Z,19.20,129.40,JTWC b-deck
WP232022,2022,2022-10-14T12:00:00Z,18.80,128.90,JTWC b-deck
WP232022,2022,2022-10-14T18:00:00Z,18.60,127.70,JTWC b-deck
WP232022,2022,2022-10-15T00:00:00Z,18.40,126.50,JTWC b-deck
WP232022,2022,2022-10-15T06:00:00Z,18.60,124.90,JTWC b-deck
WP232022,2022,2022-10-15T12:00:00Z,18.90,123.10,JTWC b-deck
WP232022,2022,2022-10-15T18:00:00Z,19.10,122.30,JTWC b-deck
WP232022,2022,2022-10-15T18:00:00Z,19.10,122.30,JTWC b-deck
WP232022,2022,2022-10-16T00:00:00Z,19.20,120.90,JTWC b-deck
WP232022,2022,2022-10-16T00:00:00Z,19.20,120.90,JTWC b-deck
WP232022,2022,2022-10-16T06:00:00Z,19.50,119.90,JTWC b-deck
WP232022,2022,2022-10-16T06:00:00Z,19.50,119.90,JTWC b-deck
WP232022,2022,2022-10-16T06:00:00Z,19.50,119.90,JTWC b-deck
WP232022,2022,2022-10-16T12:00:00Z,19.60,119.10,JTWC b-deck
WP232022,2022,2022-10-16T12:00:00Z,19.60,119.10,JTWC b-deck
WP232022,2022,2022-10-16T12:00:00Z,19.60,119.10,JTWC b-deck
WP232022,2022,2022-10-16T18:00:00Z,19.60,118.20,JTWC b-deck
WP232022,2022,2022-10-16T18:00:00Z,19.60,118.20,JTWC b-deck
WP232022,2022,2022-10-16T18:00:00Z,19.60,118.20,JTWC b-deck
WP232022,2022,2022-10-17T00:00:00Z,19.40,117.20,JTWC b-deck
WP232022,2022,2022-10-17T00:00:00Z,19.40,117.20,JTWC b-deck
WP232022,2022,2022-10-17T00:00:00Z,19.40,117.20,JTWC b-deck
WP232022,2022,2022-10-17T06:00:00Z,19.20,116.40,JTWC b-deck
WP232022,2022,2022-10-17T06:00:00Z,19.20,116.40,JTWC b-deck
WP232022,2022,2022-10-17T06:00:00Z,19.20,116.40,JTWC b-deck
WP232022,2022,2022-10-17T12:00:00Z,19.10,115.40,JTWC b-deck
WP232022,2022,2022-10-17T12:00:00Z,19.10,115.40,JTWC b-deck
WP232022,2022,2022-10-17T12:00:00Z,19.10,115.40,JTWC b-deck
WP232022,2022,2022-10-17T18:00:00Z,18.50,114.80,JTWC b-deck
WP232022,2022,2022-10-17T18:00:00Z,18.50,114.80,JTWC b-deck
WP232022,2022,2022-10-17T18:00:00Z,18.50,114.80,JTWC b-deck
WP232022,2022,2022-10-18T00:00:00Z,18.20,113.70,JTWC b-deck
WP232022,2022,2022-10-18T00:00:00Z,18.20,113.70,JTWC b-deck
WP232022,2022,2022-10-18T00:00:00Z,18.20,113.70,JTWC b-deck
WP232022,2022,2022-10-18T06:00:00Z,18.00,113.10,JTWC b-deck
WP232022,2022,2022-10-18T06:00:00Z,18.00,113.10,JTWC b-deck
WP232022,2022,2022-10-18T06:00:00Z,18.00,113.10,JTWC b-deck
WP232022,2022,2022-10-18T12:00:00Z,17.50,112.40,JTWC b-deck
WP232022,2022,2022-10-18T12:00:00Z,17.50,112.40,JTWC b-deck
WP232022,2022,2022-10-18T12:00:00Z,17.50,112.40,JTWC b-deck
WP232022,2022,2022-10-18T18:00:00Z,17.10,111.70,JTWC b-deck
WP232022,2022,2022-10-18T18:00:00Z,17.10,111.70,JTWC b-deck
WP232022,2022,2022-10-19T00:00:00Z,17.10,110.90,JTWC b-deck
WP232022,2022,2022-10-19T06:00:00Z,17.10,110.20,JTWC b-deck
WP232022,2022,2022-10-19T12:00:00Z,17.20,109.40,JTWC b-deck
WP232022,2022,2022-10-19T18:00:00Z,17.30,108.60,JTWC b-deck
WP232022,2022,2022-10-20T00:00:00Z,17.40,108.50,JTWC b-deck
WP232022,2022,2022-10-20T06:00:00Z,17.70,108.20,JTWC b-deck
WP232022,2022,2022-10-20T12:00:00Z,17.50,108.00,JTWC b-deck
WP232022,2022,2022-10-20T18:00:00Z,17.40,108.10,JTWC b-deck
WP232024,2024,2024-10-24T06:00:00Z,13.10,148.30,JTWC b-deck
WP232024,2024,2024-10-24T12:00:00Z,13.30,147.10,JTWC b-deck
WP232024,2024,2024-10-24T18:00:00Z,13.60,146.10,JTWC b-deck
WP232024,2024,2024-10-25T00:00:00Z,13.70,145.40,JTWC b-deck
WP232024,2024,2024-10-25T06:00:00Z,14.50,143.20,JTWC b-deck
WP232024,2024,2024-10-25T12:00:00Z,15.40,141.00,JTWC b-deck
WP232024,2024,2024-10-25T18:00:00Z,16.10,139.30,JTWC b-deck
WP232024,2024,2024-10-26T00:00:00Z,16.40,137.60,JTWC b-deck
WP232024,2024,2024-10-26T06:00:00Z,16.60,136.60,JTWC b-deck
WP232024,2024,2024-10-26T12:00:00Z,16.70,135.60,JTWC b-deck
WP232024,2024,2024-10-26T18:00:00Z,16.70,134.30,JTWC b-deck
WP232024,2024,2024-10-27T00:00:00Z,16.70,133.10,JTWC b-deck
WP232024,2024,2024-10-27T06:00:00Z,16.60,132.20,JTWC b-deck
WP232024,2024,2024-10-27T12:00:00Z,16.50,131.40,JTWC b-deck
WP232024,2024,2024-10-27T18:00:00Z,16.50,130.40,JTWC b-deck
WP232024,2024,2024-10-28T00:00:00Z,16.50,129.60,JTWC b-deck
WP232024,2024,2024-10-28T00:00:00Z,16.50,129.60,JTWC b-deck
WP232024,2024,2024-10-28T06:00:00Z,16.30,129.00,JTWC b-deck
WP232024,2024,2024-10-28T06:00:00Z,16.30,129.00,JTWC b-deck
WP232024,2024,2024-10-28T12:00:00Z,16.60,128.50,JTWC b-deck
WP232024,2024,2024-10-28T12:00:00Z,16.60,128.50,JTWC b-deck
WP232024,2024,2024-10-28T12:00:00Z,16.60,128.50,JTWC b-deck
WP232024,2024,2024-10-28T18:00:00Z,17.00,127.90,JTWC b-deck
WP232024,2024,2024-10-28T18:00:00Z,17.00,127.90,JTWC b-deck
WP232024,2024,2024-10-28T18:00:00Z,17.00,127.90,JTWC b-deck
WP232024,2024,2024-10-29T00:00:00Z,17.40,127.20,JTWC b-deck
WP232024,2024,2024-10-29T00:00:00Z,17.40,127.20,JTWC b-deck
WP232024,2024,2024-10-29T00:00:00Z,17.40,127.20,JTWC b-deck
WP232024,2024,2024-10-29T06:00:00Z,17.90,126.60,JTWC b-deck
WP232024,2024,2024-10-29T06:00:00Z,17.90,126.60,JTWC b-deck
WP232024,2024,2024-10-29T06:00:00Z,17.90,126.60,JTWC b-deck
WP232024,2024,2024-10-29T12:00:00Z,18.50,126.00,JTWC b-deck
WP232024,2024,2024-10-29T12:00:00Z,18.50,126.00,JTWC b-deck
WP232024,2024,2024-10-29T12:00:00Z,18.50,126.00,JTWC b-deck
WP232024,2024,2024-10-29T18:00:00Z,18.90,125.40,JTWC b-deck
WP232024,2024,2024-10-29T18:00:00Z,18.90,125.40,JTWC b-deck
WP232024,2024,2024-10-29T18:00:00Z,18.90,125.40,JTWC b-deck
WP232024,2024,2024-10-30T00:00:00Z,19.20,124.90,JTWC b-deck
WP232024,2024,2024-10-30T00:00:00Z,19.20,124.90,JTWC b-deck
WP232024,2024,2024-10-30T00:00:00Z,19.20,124.90,JTWC b-deck
WP232024,2024,2024-10-30T06:00:00Z,19.80,124.20,JTWC b-deck
WP232024,2024,2024-10-30T06:00:00Z,19.80,124.20,JTWC b-deck
WP232024,2024,2024-10-30T06:00:00Z,19.80,124.20,JTWC b-deck
WP232024,2024,2024-10-30T12:00:00Z,20.40,123.60,JTWC b-deck
WP232024,2024,2024-10-30T12:00:00Z,20.40,123.60,JTWC b-deck
WP232024,2024,2024-10-30T12:00:00Z,20.40,123.60,JTWC b-deck
WP232024,2024,2024-10-30T18:00:00Z,21.10,122.80,JTWC b-deck
WP232024,2024,2024-10-30T18:00:00Z,21.10,122.80,JTWC b-deck
WP232024,2024,2024-10-30T18:00:00Z,21.10,122.80,JTWC b-deck
WP232024,2024,2024-10-31T00:00:00Z,22.00,122.10,JTWC b-deck
WP232024,2024,2024-10-31T00:00:00Z,22.00,122.10,JTWC b-deck
WP232024,2024,2024-10-31T00:00:00Z,22.00,122.10,JTWC b-deck
WP232024,2024,2024-10-31T06:00:00Z,23.10,121.30,JTWC b-deck
WP232024,2024,2024-10-31T06:00:00Z,23.10,121.30,JTWC b-deck
WP232024,2024,2024-10-31T06:00:00Z,23.10,121.30,JTWC b-deck
WP232024,2024,2024-10-31T12:00:00Z,24.00,120.20,JTWC b-deck
WP232024,2024,2024-10-31T12:00:00Z,24.00,120.20,JTWC b-deck
WP232024,2024,2024-10-31T12:00:00Z,24.00,120.20,JTWC b-deck
WP232024,2024,2024-10-31T18:00:00Z,25.30,120.00,JTWC b-deck
WP232024,2024,2024-10-31T18:00:00Z,25.30,120.00,JTWC b-deck
WP232024,2024,2024-11-01T00:00:00Z,26.60,120.60,JTWC b-deck
WP232024,2024,2024-11-01T00:00:00Z,26.60,120.60,JTWC b-deck
WP232024,2024,2024-11-01T06:00:00Z,28.30,121.40,JTWC b-deck
WP232024,2024,2024-11-01T06:00:00Z,28.30,121.40,JTWC b-deck
WP232024,2024,2024-11-01T12:00:00Z,30.50,123.00,JTWC b-deck
WP232024,2024,2024-11-01T18:00:00Z,32.60,128.40,JTWC b-deck
WP232025,2025,2025-09-16T06:00:00Z,15.30,123.70,IBTrACS v04r01 (CMA)
WP232025,2025,2025-09-16T09:00:00Z,15.50,123.30,IBTrACS v04r01 (CMA)
WP232025,2025,2025-09-16T12:00:00Z,15.70,122.90,IBTrACS v04r01 (CMA)
WP232025,2025,2025-09-16T15:00:00Z,15.80,122.60,IBTrACS v04r01 (CMA)
WP232025,2025,2025-09-16T18:00:00Z,16.00,122.30,IBTrACS v04r01 (CMA)
WP232025,2025,2025-09-16T21:00:00Z,16.30,121.90,IBTrACS v04r01 (CMA)
WP232025,2025,2025-09-17T00:00:00Z,16.70,121.50,IBTrACS v04r01 (CMA)
WP232025,2025,2025-09-17T03:00:00Z,17.20,121.30,IBTrACS v04r01 (CMA)
WP232025,2025,2025-09-17T06:00:00Z,17.60,121.00,IBTrACS v04r01 (CMA)
WP232025,2025,2025-09-17T09:00:00Z,17.90,120.60,IBTrACS v04r01 (CMA)
WP232025,2025,2025-09-17T12:00:00Z,18.20,120.10,IBTrACS v04r01 (CMA)
WP232025,2025,2025-09-17T15:00:00Z,18.70,119.60,IBTrACS v04r01 (CMA)
WP232025,2025,2025-09-17T18:00:00Z,19.10,119.20,IBTrACS v04r01 (CMA)
WP232025,2025,2025-09-17T21:00:00Z,19.40,118.90,IBTrACS v04r01 (CMA)
WP232025,2025,2025-09-18T00:00:00Z,19.60,118.60,IBTrACS v04r01 (CMA)
WP232025,2025,2025-09-18T03:00:00Z,19.70,118.50,IBTrACS v04r01 (CMA)
WP232025,2025,2025-09-18T06:00:00Z,19.90,118.20,IBTrACS v04r01 (CMA)
WP232025,2025,2025-09-18T09:00:00Z,20.20,117.60,IBTrACS v04r01 (CMA)
WP232025,2025,2025-09-18T12:00:00Z,20.50,117.30,IBTrACS v04r01 (CMA)
WP232025,2025,2025-09-18T15:00:00Z,20.70,116.90,IBTrACS v04r01 (CMA)
WP232025,2025,2025-09-18T18:00:00Z,21.10,116.50,IBTrACS v04r01 (CMA)
WP232025,2025,2025-09-18T19:00:00Z,21.30,116.40,IBTrACS v04r01 (CMA)
WP232025,2025,2025-09-18T20:00:00Z,21.50,116.20,IBTrACS v04r01 (CMA)
WP232025,2025,2025-09-18T21:00:00Z,21.70,116.10,IBTrACS v04r01 (CMA)
WP232025,2025,2025-09-18T22:00:00Z,21.90,116.00,IBTrACS v04r01 (CMA)
WP232025,2025,2025-09-18T23:00:00Z,22.10,115.90,IBTrACS v04r01 (CMA)
WP232025,2025,2025-09-19T00:00:00Z,22.20,115.80,IBTrACS v04r01 (CMA)
WP232025,2025,2025-09-19T01:00:00Z,22.30,115.80,IBTrACS v04r01 (CMA)
WP232025,2025,2025-09-19T02:00:00Z,22.30,115.70,IBTrACS v04r01 (CMA)
WP232025,2025,2025-09-19T03:00:00Z,22.40,115.70,IBTrACS v04r01 (CMA)
WP232025,2025,2025-09-19T04:00:00Z,22.50,115.60,IBTrACS v04r01 (CMA)
WP232025,2025,2025-09-19T05:00:00Z,22.50,115.60,IBTrACS v04r01 (CMA)
WP232025,2025,2025-09-19T06:00:00Z,22.60,115.50,IBTrACS v04r01 (CMA)
WP232025,2025,2025-09-19T07:00:00Z,22.70,115.40,IBTrACS v04r01 (CMA)
WP232025,2025,2025-09-19T08:00:00Z,22.80,115.30,IBTrACS v04r01 (CMA)
WP232025,2025,2025-09-19T09:00:00Z,22.90,115.20,IBTrACS v04r01 (CMA)
WP232025,2025,2025-09-19T10:00:00Z,23.00,115.10,IBTrACS v04r01 (CMA)
WP232025,2025,2025-09-19T11:00:00Z,23.00,115.00,IBTrACS v04r01 (CMA)
WP232025,2025,2025-09-19T12:00:00Z,23.10,114.90,IBTrACS v04r01 (CMA)
WP232025,2025,2025-09-19T13:00:00Z,23.10,114.80,IBTrACS v04r01 (CMA)
WP232025,2025,2025-09-19T14:00:00Z,23.20,114.70,IBTrACS v04r01 (CMA)
WP232025,2025,2025-09-19T15:00:00Z,23.20,114.60,IBTrACS v04r01 (CMA)
WP232025,2025,2025-09-19T16:00:00Z,23.20,114.50,IBTrACS v04r01 (CMA)
WP232025,2025,2025-09-19T17:00:00Z,23.20,114.50,IBTrACS v04r01 (CMA)
WP242017,2017,2017-10-12T06:00:00Z,17.80,124.10,JTWC b-deck
WP242017,2017,2017-10-12T12:00:00Z,18.20,123.10,JTWC b-deck
WP242017,2017,2017-10-12T18:00:00Z,18.50,122.00,JTWC b-deck
WP242017,2017,2017-10-13T00:00:00Z,17.50,120.30,JTWC b-deck
WP242017,2017,2017-10-13T06:00:00Z,17.20,119.80,JTWC b-deck
WP242017,2017,2017-10-13T12:00:00Z,16.90,119.40,JTWC b-deck
WP242017,2017,2017-10-13T18:00:00Z,16.90,119.10,JTWC b-deck
WP242017,2017,2017-10-13T18:00:00Z,16.90,119.10,JTWC b-deck
WP242017,2017,2017-10-14T00:00:00Z,17.20,118.60,JTWC b-deck
WP242017,2017,2017-10-14T00:00:00Z,17.20,118.60,JTWC b-deck
WP242017,2017,2017-10-14T06:00:00Z,17.70,118.10,JTWC b-deck
WP242017,2017,2017-10-14T06:00:00Z,17.70,118.10,JTWC b-deck
WP242017,2017,2017-10-14T12:00:00Z,18.60,117.50,JTWC b-deck
WP242017,2017,2017-10-14T12:00:00Z,18.60,117.50,JTWC b-deck
WP242017,2017,2017-10-14T18:00:00Z,19.40,116.30,JTWC b-deck
WP242017,2017,2017-10-14T18:00:00Z,19.40,116.30,JTWC b-deck
WP242017,2017,2017-10-14T18:00:00Z,19.40,116.30,JTWC b-deck
WP242017,2017,2017-10-15T00:00:00Z,20.00,114.80,JTWC b-deck
WP242017,2017,2017-10-15T00:00:00Z,20.00,114.80,JTWC b-deck
WP242017,2017,2017-10-15T00:00:00Z,20.00,114.80,JTWC b-deck
WP242017,2017,2017-10-15T03:00:00Z,20.20,114.30,JTWC b-deck
WP242017,2017,2017-10-15T03:00:00Z,20.20,114.30,JTWC b-deck
WP242017,2017,2017-10-15T03:00:00Z,20.20,114.30,JTWC b-deck
WP242017,2017,2017-10-15T06:00:00Z,20.40,113.60,JTWC b-deck
WP242017,2017,2017-10-15T06:00:00Z,20.40,113.60,JTWC b-deck
WP242017,2017,2017-10-15T06:00:00Z,20.40,113.60,JTWC b-deck
WP242017,2017,2017-10-15T12:00:00Z,20.70,112.00,JTWC b-deck
WP242017,2017,2017-10-15T12:00:00Z,20.70,112.00,JTWC b-deck
WP242017,2017,2017-10-15T12:00:00Z,20.70,112.00,JTWC b-deck
WP242017,2017,2017-10-15T18:00:00Z,20.60,110.50,JTWC b-deck
WP242017,2017,2017-10-15T18:00:00Z,20.60,110.50,JTWC b-deck
WP242017,2017,2017-10-16T00:00:00Z,20.20,109.70,JTWC b-deck
WP242017,2017,2017-10-16T06:00:00Z,20.30,109.30,JTWC b-deck
WP242018,2018,2018-08-22T00:00:00Z,22.10,118.70,JTWC b-deck
WP242018,2018,2018-08-22T06:00:00Z,22.10,118.90,JTWC b-deck
WP242018,2018,2018-08-22T12:00:00Z,22.10,119.40,JTWC b-deck
WP242018,2018,2018-08-22T18:00:00Z,22.30,120.00,JTWC b-deck
WP242018,2018,2018-08-23T00:00:00Z,22.80,120.50,JTWC b-deck
WP242018,2018,2018-08-23T06:00:00Z,23.40,120.50,JTWC b-deck
WP242018,2018,2018-08-23T12:00:00Z,23.90,120.40,JTWC b-deck
WP242018,2018,2018-08-23T18:00:00Z,24.20,120.10,JTWC b-deck
WP242018,2018,2018-08-24T00:00:00Z,24.40,120.10,JTWC b-deck
WP242018,2018,2018-08-24T06:00:00Z,24.60,120.20,JTWC b-deck
WP242018,2018,2018-08-24T12:00:00Z,24.70,120.10,JTWC b-deck
WP242018,2018,2018-08-24T18:00:00Z,24.90,119.90,JTWC b-deck
WP242018,2018,2018-08-25T00:00:00Z,25.00,119.30,JTWC b-deck
WP242018,2018,2018-08-25T06:00:00Z,25.00,118.00,JTWC b-deck
WP242018,2018,2018-08-25T12:00:00Z,25.00,116.80,JTWC b-deck
WP242019,2019,2019-11-01T12:00:00Z,9.60,162.20,JTWC b-deck
WP242019,2019,2019-11-01T18:00:00Z,10.50,160.70,JTWC b-deck
WP242019,2019,2019-11-02T00:00:00Z,11.30,159.30,JTWC b-deck
WP242019,2019,2019-11-02T06:00:00Z,12.10,158.10,JTWC b-deck
WP242019,2019,2019-11-02T12:00:00Z,12.90,157.10,JTWC b-deck
WP242019,2019,2019-11-02T18:00:00Z,13.70,156.10,JTWC b-deck
WP242019,2019,2019-11-03T00:00:00Z,14.60,155.10,JTWC b-deck
WP242019,2019,2019-11-03T06:00:00Z,15.20,154.50,JTWC b-deck
WP242019,2019,2019-11-03T06:00:00Z,15.20,154.50,JTWC b-deck
WP242019,2019,2019-11-03T12:00:00Z,15.90,154.20,JTWC b-deck
WP242019,2019,2019-11-03T12:00:00Z,15.90,154.20,JTWC b-deck
WP242019,2019,2019-11-03T18:00:00Z,16.60,153.90,JTWC b-deck
WP242019,2019,2019-11-03T18:00:00Z,16.60,153.90,JTWC b-deck
WP242019,2019,2019-11-03T18:00:00Z,16.60,153.90,JTWC b-deck
WP242019,2019,2019-11-04T00:00:00Z,17.20,153.60,JTWC b-deck
WP242019,2019,2019-11-04T00:00:00Z,17.20,153.60,JTWC b-deck
WP242019,2019,2019-11-04T00:00:00Z,17.20,153.60,JTWC b-deck
WP242019,2019,2019-11-04T06:00:00Z,17.90,153.10,JTWC b-deck
WP242019,2019,2019-11-04T06:00:00Z,17.90,153.10,JTWC b-deck
WP242019,2019,2019-11-04T06:00:00Z,17.90,153.10,JTWC b-deck
WP242019,2019,2019-11-04T12:00:00Z,18.30,152.70,JTWC b-deck
WP242019,2019,2019-11-04T12:00:00Z,18.30,152.70,JTWC b-deck
WP242019,2019,2019-11-04T12:00:00Z,18.30,152.70,JTWC b-deck
WP242019,2019,2019-11-04T18:00:00Z,18.70,152.30,JTWC b-deck
WP242019,2019,2019-11-04T18:00:00Z,18.70,152.30,JTWC b-deck
WP242019,2019,2019-11-04T18:00:00Z,18.70,152.30,JTWC b-deck
WP242019,2019,2019-11-05T00:00:00Z,19.10,151.90,JTWC b-deck
WP242019,2019,2019-11-05T00:00:00Z,19.10,151.90,JTWC b-deck
WP242019,2019,2019-11-05T00:00:00Z,19.10,151.90,JTWC b-deck
WP242019,2019,2019-11-05T06:00:00Z,19.60,151.20,JTWC b-deck
WP242019,2019,2019-11-05T06:00:00Z,19.60,151.20,JTWC b-deck
WP242019,2019,2019-11-05T06:00:00Z,19.60,151.20,JTWC b-deck
WP242019,2019,2019-11-05T12:00:00Z,19.90,150.80,JTWC b-deck
WP242019,2019,2019-11-05T12:00:00Z,19.90,150.80,JTWC b-deck
WP242019,2019,2019-11-05T12:00:00Z,19.90,150.80,JTWC b-deck
WP242019,2019,2019-11-05T15:00:00Z,20.10,150.70,JTWC b-deck
WP242019,2019,2019-11-05T15:00:00Z,20.10,150.70,JTWC b-deck
WP242019,2019,2019-11-05T15:00:00Z,20.10,150.70,JTWC b-deck
WP242019,2019,2019-11-05T18:00:00Z,20.30,150.60,JTWC b-deck
WP242019,2019,2019-11-05T18:00:00Z,20.30,150.60,JTWC b-deck
WP242019,2019,2019-11-05T18:00:00Z,20.30,150.60,JTWC b-deck
WP242019,2019,2019-11-06T00:00:00Z,20.80,150.50,JTWC b-deck
WP242019,2019,2019-11-06T00:00:00Z,20.80,150.50,JTWC b-deck
WP242019,2019,2019-11-06T00:00:00Z,20.80,150.50,JTWC b-deck
WP242019,2019,2019-11-06T06:00:00Z,21.20,150.60,JTWC b-deck
WP242019,2019,2019-11-06T06:00:00Z,21.20,150.60,JTWC b-deck
WP242019,2019,2019-11-06T06:00:00Z,21.20,150.60,JTWC b-deck
WP242019,2019,2019-11-06T12:00:00Z,21.70,150.80,JTWC b-deck
WP242019,2019,2019-11-06T12:00:00Z,21.70,150.80,JTWC b-deck
WP242019,2019,2019-11-06T12:00:00Z,21.70,150.80,JTWC b-deck
WP242019,2019,2019-11-06T18:00:00Z,22.20,151.00,JTWC b-deck
WP242019,2019,2019-11-06T18:00:00Z,22.20,151.00,JTWC b-deck
WP242019,2019,2019-11-06T18:00:00Z,22.20,151.00,JTWC b-deck
WP242019,2019,2019-11-07T00:00:00Z,22.70,151.20,JTWC b-deck
WP242019,2019,2019-11-07T00:00:00Z,22.70,151.20,JTWC b-deck
WP242019,2019,2019-11-07T00:00:00Z,22.70,151.20,JTWC b-deck
WP242019,2019,2019-11-07T06:00:00Z,23.40,151.50,JTWC b-deck
WP242019,2019,2019-11-07T06:00:00Z,23.40,151.50,JTWC b-deck
WP242019,2019,2019-11-07T06:00:00Z,23.40,151.50,JTWC b-deck
WP242019,2019,2019-11-07T12:00:00Z,24.40,152.00,JTWC b-deck
WP242019,2019,2019-11-07T12:00:00Z,24.40,152.00,JTWC b-deck
WP242019,2019,2019-11-07T12:00:00Z,24.40,152.00,JTWC b-deck
WP242019,2019,2019-11-07T18:00:00Z,25.60,153.00,JTWC b-deck
WP242019,2019,2019-11-07T18:00:00Z,25.60,153.00,JTWC b-deck
WP242019,2019,2019-11-07T18:00:00Z,25.60,153.00,JTWC b-deck
WP242019,2019,2019-11-08T00:00:00Z,27.00,154.70,JTWC b-deck
WP242019,2019,2019-11-08T00:00:00Z,27.00,154.70,JTWC b-deck
WP242019,2019,2019-11-08T00:00:00Z,27.00,154.70,JTWC b-deck
WP242019,2019,2019-11-08T06:00:00Z,28.20,156.20,JTWC b-deck
WP242019,2019,2019-11-08T06:00:00Z,28.20,156.20,JTWC b-deck
WP242019,2019,2019-11-08T06:00:00Z,28.20,156.20,JTWC b-deck
WP242019,2019,2019-11-08T12:00:00Z,29.40,158.00,JTWC b-deck
WP242019,2019,2019-11-08T12:00:00Z,29.40,158.00,JTWC b-deck
WP242019,2019,2019-11-08T18:00:00Z,30.80,159.60,JTWC b-deck
WP242019,2019,2019-11-09T00:00:00Z,31.30,160.90,JTWC b-deck
WP242019,2019,2019-11-09T06:00:00Z,31.40,162.60,JTWC b-deck
WP242019,2019,2019-11-09T12:00:00Z,31.40,164.20,JTWC b-deck
WP242019,2019,2019-11-09T18:00:00Z,31.10,165.70,JTWC b-deck
WP242019,2019,2019-11-10T00:00:00Z,31.40,168.30,JTWC b-deck
WP242019,2019,2019-11-10T06:00:00Z,32.40,170.20,JTWC b-deck
WP242020,2020,2020-11-06T18:00:00Z,10.60,129.60,JTWC b-deck
WP242020,2020,2020-11-07T00:00:00Z,11.20,127.40,JTWC b-deck
WP242020,2020,2020-11-07T06:00:00Z,12.00,125.60,JTWC b-deck
WP242020,2020,2020-11-07T12:00:00Z,12.50,123.90,JTWC b-deck
WP242020,2020,2020-11-07T18:00:00Z,12.80,122.50,JTWC b-deck
WP242020,2020,2020-11-08T00:00:00Z,12.90,120.30,JTWC b-deck
WP242020,2020,2020-11-08T06:00:00Z,12.70,118.70,JTWC b-deck
WP242020,2020,2020-11-08T12:00:00Z,12.50,117.00,JTWC b-deck
WP242020,2020,2020-11-08T18:00:00Z,12.60,115.00,JTWC b-deck
WP242020,2020,2020-11-09T00:00:00Z,12.90,113.30,JTWC b-deck
WP242020,2020,2020-11-09T06:00:00Z,12.90,112.20,JTWC b-deck
WP242020,2020,2020-11-09T12:00:00Z,12.40,111.30,JTWC b-deck
WP242020,2020,2020-11-09T18:00:00Z,12.30,110.90,JTWC b-deck
WP242020,2020,2020-11-10T00:00:00Z,12.30,109.90,JTWC b-deck
WP242020,2020,2020-11-10T06:00:00Z,12.60,109.00,JTWC b-deck
WP242020,2020,2020-11-10T12:00:00Z,12.60,107.60,JTWC b-deck
WP242020,2020,2020-11-10T18:00:00Z,12.50,106.60,JTWC b-deck
WP242020,2020,2020-11-11T00:00:00Z,12.60,105.20,JTWC b-deck
WP242021,2021,2021-10-09T00:00:00Z,15.90,131.10,JTWC b-deck
WP242021,2021,2021-10-09T06:00:00Z,15.70,130.10,JTWC b-deck
WP242021,2021,2021-10-09T12:00:00Z,14.80,129.60,JTWC b-deck
WP242021,2021,2021-10-09T18:00:00Z,15.80,129.00,JTWC b-deck
WP242021,2021,2021-10-10T00:00:00Z,17.00,128.80,JTWC b-deck
WP242021,2021,2021-10-10T06:00:00Z,17.60,127.90,JTWC b-deck
WP242021,2021,2021-10-10T12:00:00Z,18.00,126.90,JTWC b-deck
WP242021,2021,2021-10-10T18:00:00Z,18.40,125.80,JTWC b-deck
WP242021,2021,2021-10-11T00:00:00Z,18.50,124.40,JTWC b-deck
WP242021,2021,2021-10-11T00:00:00Z,18.50,124.40,JTWC b-deck
WP242021,2021,2021-10-11T06:00:00Z,18.90,123.00,JTWC b-deck
WP242021,2021,2021-10-11T06:00:00Z,18.90,123.00,JTWC b-deck
WP242021,2021,2021-10-11T12:00:00Z,18.80,121.70,JTWC b-deck
WP242021,2021,2021-10-11T12:00:00Z,18.80,121.70,JTWC b-deck
WP242021,2021,2021-10-11T18:00:00Z,18.80,120.50,JTWC b-deck
WP242021,2021,2021-10-11T18:00:00Z,18.80,120.50,JTWC b-deck
WP242021,2021,2021-10-12T00:00:00Z,18.70,119.10,JTWC b-deck
WP242021,2021,2021-10-12T00:00:00Z,18.70,119.10,JTWC b-deck
WP242021,2021,2021-10-12T06:00:00Z,18.80,117.10,JTWC b-deck
WP242021,2021,2021-10-12T06:00:00Z,18.80,117.10,JTWC b-deck
WP242021,2021,2021-10-12T12:00:00Z,18.80,116.40,JTWC b-deck
WP242021,2021,2021-10-12T12:00:00Z,18.80,116.40,JTWC b-deck
WP242021,2021,2021-10-12T18:00:00Z,19.10,114.50,JTWC b-deck
WP242021,2021,2021-10-12T18:00:00Z,19.10,114.50,JTWC b-deck
WP242021,2021,2021-10-13T00:00:00Z,19.00,112.70,JTWC b-deck
WP242021,2021,2021-10-13T00:00:00Z,19.00,112.70,JTWC b-deck
WP242021,2021,2021-10-13T06:00:00Z,19.20,110.70,JTWC b-deck
WP242021,2021,2021-10-13T06:00:00Z,19.20,110.70,JTWC b-deck
WP242021,2021,2021-10-13T12:00:00Z,19.30,109.70,JTWC b-deck
WP242021,2021,2021-10-13T18:00:00Z,19.20,108.40,JTWC b-deck
WP242021,2021,2021-10-14T00:00:00Z,19.10,107.50,JTWC b-deck
WP242021,2021,2021-10-14T06:00:00Z,19.50,106.70,JTWC b-deck
WP242021,2021,2021-10-14T09:00:00Z,19.70,106.20,JTWC b-deck
WP242022,2022,2022-10-14T06:00:00Z,26.40,154.40,JTWC b-deck
WP242022,2022,2022-10-14T12:00:00Z,27.30,154.50,JTWC b-deck
WP242022,2022,2022-10-14T18:00:00Z,27.40,154.10,JTWC b-deck
WP242022,2022,2022-10-15T00:00:00Z,27.60,153.60,JTWC b-deck
WP242022,2022,2022-10-15T06:00:00Z,27.80,153.40,JTWC b-deck
WP242022,2022,2022-10-15T12:00:00Z,27.00,152.70,JTWC b-deck
WP242022,2022,2022-10-15T18:00:00Z,26.70,153.10,JTWC b-deck
WP242022,2022,2022-10-16T00:00:00Z,26.60,153.50,JTWC b-deck
WP242022,2022,2022-10-16T06:00:00Z,26.90,154.10,JTWC b-deck
WP242022,2022,2022-10-16T12:00:00Z,27.30,155.40,JTWC b-deck
WP242022,2022,2022-10-16T18:00:00Z,27.50,156.20,JTWC b-deck
WP242022,2022,2022-10-17T00:00:00Z,27.20,156.80,JTWC b-deck
WP242022,2022,2022-10-17T06:00:00Z,27.60,157.50,JTWC b-deck
WP242022,2022,2022-10-17T12:00:00Z,27.70,157.80,JTWC b-deck
WP242022,2022,2022-10-17T18:00:00Z,28.20,158.10,JTWC b-deck
WP242022,2022,2022-10-18T00:00:00Z,28.60,158.30,JTWC b-deck
WP242022,2022,2022-10-18T06:00:00Z,29.50,159.00,JTWC b-deck
WP242022,2022,2022-10-18T12:00:00Z,31.40,159.60,JTWC b-deck
WP242022,2022,2022-10-18T18:00:00Z,32.30,161.10,JTWC b-deck
WP242022,2022,2022-10-19T00:00:00Z,33.40,162.70,JTWC b-deck
WP242022,2022,2022-10-19T06:00:00Z,35.20,165.20,JTWC b-deck
WP242022,2022,2022-10-19T12:00:00Z,36.50,167.60,JTWC b-deck
WP242024,2024,2024-11-02T06:00:00Z,6.00,143.20,JTWC b-deck
WP242024,2024,2024-11-02T12:00:00Z,6.80,142.10,JTWC b-deck
WP242024,2024,2024-11-02T18:00:00Z,7.60,140.30,JTWC b-deck
WP242024,2024,2024-11-03T00:00:00Z,8.30,138.70,JTWC b-deck
WP242024,2024,2024-11-03T06:00:00Z,9.40,137.80,JTWC b-deck
WP242024,2024,2024-11-03T12:00:00Z,10.50,136.00,JTWC b-deck
WP242024,2024,2024-11-03T18:00:00Z,11.30,134.70,JTWC b-deck
WP242024,2024,2024-11-04T00:00:00Z,12.10,132.70,JTWC b-deck
WP242024,2024,2024-11-04T00:00:00Z,12.10,132.70,JTWC b-deck
WP242024,2024,2024-11-04T06:00:00Z,13.20,131.20,JTWC b-deck
WP242024,2024,2024-11-04T06:00:00Z,13.20,131.20,JTWC b-deck
WP242024,2024,2024-11-04T12:00:00Z,14.20,130.00,JTWC b-deck
WP242024,2024,2024-11-04T12:00:00Z,14.20,130.00,JTWC b-deck
WP242024,2024,2024-11-04T18:00:00Z,15.20,128.70,JTWC b-deck
WP242024,2024,2024-11-04T18:00:00Z,15.20,128.70,JTWC b-deck
WP242024,2024,2024-11-04T18:00:00Z,15.20,128.70,JTWC b-deck
WP242024,2024,2024-11-05T00:00:00Z,16.20,127.40,JTWC b-deck
WP242024,2024,2024-11-05T00:00:00Z,16.20,127.40,JTWC b-deck
WP242024,2024,2024-11-05T00:00:00Z,16.20,127.40,JTWC b-deck
WP242024,2024,2024-11-05T06:00:00Z,16.80,126.60,JTWC b-deck
WP242024,2024,2024-11-05T06:00:00Z,16.80,126.60,JTWC b-deck
WP242024,2024,2024-11-05T06:00:00Z,16.80,126.60,JTWC b-deck
WP242024,2024,2024-11-05T12:00:00Z,17.30,125.80,JTWC b-deck
WP242024,2024,2024-11-05T12:00:00Z,17.30,125.80,JTWC b-deck
WP242024,2024,2024-11-05T12:00:00Z,17.30,125.80,JTWC b-deck
WP242024,2024,2024-11-05T18:00:00Z,17.70,125.30,JTWC b-deck
WP242024,2024,2024-11-05T18:00:00Z,17.70,125.30,JTWC b-deck
WP242024,2024,2024-11-05T18:00:00Z,17.70,125.30,JTWC b-deck
WP242024,2024,2024-11-06T00:00:00Z,17.90,124.70,JTWC b-deck
WP242024,2024,2024-11-06T00:00:00Z,17.90,124.70,JTWC b-deck
WP242024,2024,2024-11-06T00:00:00Z,17.90,124.70,JTWC b-deck
WP242024,2024,2024-11-06T06:00:00Z,18.00,124.30,JTWC b-deck
WP242024,2024,2024-11-06T06:00:00Z,18.00,124.30,JTWC b-deck
WP242024,2024,2024-11-06T06:00:00Z,18.00,124.30,JTWC b-deck
WP242024,2024,2024-11-06T12:00:00Z,18.20,124.00,JTWC b-deck
WP242024,2024,2024-11-06T12:00:00Z,18.20,124.00,JTWC b-deck
WP242024,2024,2024-11-06T12:00:00Z,18.20,124.00,JTWC b-deck
WP242024,2024,2024-11-06T18:00:00Z,18.30,123.60,JTWC b-deck
WP242024,2024,2024-11-06T18:00:00Z,18.30,123.60,JTWC b-deck
WP242024,2024,2024-11-06T18:00:00Z,18.30,123.60,JTWC b-deck
WP242024,2024,2024-11-07T00:00:00Z,18.50,123.10,JTWC b-deck
WP242024,2024,2024-11-07T00:00:00Z,18.50,123.10,JTWC b-deck
WP242024,2024,2024-11-07T00:00:00Z,18.50,123.10,JTWC b-deck
WP242024,2024,2024-11-07T06:00:00Z,18.60,122.30,JTWC b-deck
WP242024,2024,2024-11-07T06:00:00Z,18.60,122.30,JTWC b-deck
WP242024,2024,2024-11-07T06:00:00Z,18.60,122.30,JTWC b-deck
WP242024,2024,2024-11-07T12:00:00Z,18.60,121.50,JTWC b-deck
WP242024,2024,2024-11-07T12:00:00Z,18.60,121.50,JTWC b-deck
WP242024,2024,2024-11-07T12:00:00Z,18.60,121.50,JTWC b-deck
WP242024,2024,2024-11-07T18:00:00Z,18.20,120.30,JTWC b-deck
WP242024,2024,2024-11-07T18:00:00Z,18.20,120.30,JTWC b-deck
WP242024,2024,2024-11-07T18:00:00Z,18.20,120.30,JTWC b-deck
WP242024,2024,2024-11-08T00:00:00Z,18.30,119.40,JTWC b-deck
WP242024,2024,2024-11-08T00:00:00Z,18.30,119.40,JTWC b-deck
WP242024,2024,2024-11-08T00:00:00Z,18.30,119.40,JTWC b-deck
WP242024,2024,2024-11-08T06:00:00Z,18.40,118.10,JTWC b-deck
WP242024,2024,2024-11-08T06:00:00Z,18.40,118.10,JTWC b-deck
WP242024,2024,2024-11-08T06:00:00Z,18.40,118.10,JTWC b-deck
WP242024,2024,2024-11-08T12:00:00Z,18.40,116.90,JTWC b-deck
WP242024,2024,2024-11-08T12:00:00Z,18.40,116.90,JTWC b-deck
WP242024,2024,2024-11-08T12:00:00Z,18.40,116.90,JTWC b-deck
WP242024,2024,2024-11-08T18:00:00Z,18.60,115.80,JTWC b-deck
WP242024,2024,2024-11-08T18:00:00Z,18.60,115.80,JTWC b-deck
WP242024,2024,2024-11-08T18:00:00Z,18.60,115.80,JTWC b-deck
WP242024,2024,2024-11-09T00:00:00Z,18.90,114.80,JTWC b-deck
WP242024,2024,2024-11-09T00:00:00Z,18.90,114.80,JTWC b-deck
WP242024,2024,2024-11-09T00:00:00Z,18.90,114.80,JTWC b-deck
WP242024,2024,2024-11-09T06:00:00Z,19.00,114.10,JTWC b-deck
WP242024,2024,2024-11-09T06:00:00Z,19.00,114.10,JTWC b-deck
WP242024,2024,2024-11-09T06:00:00Z,19.00,114.10,JTWC b-deck
WP242024,2024,2024-11-09T12:00:00Z,19.10,113.60,JTWC b-deck
WP242024,2024,2024-11-09T12:00:00Z,19.10,113.60,JTWC b-deck
WP242024,2024,2024-11-09T12:00:00Z,19.10,113.60,JTWC b-deck
WP242024,2024,2024-11-09T18:00:00Z,19.10,113.40,JTWC b-deck
WP242024,2024,2024-11-09T18:00:00Z,19.10,113.40,JTWC b-deck
WP242024,2024,2024-11-09T18:00:00Z,19.10,113.40,JTWC b-deck
WP242024,2024,2024-11-10T00:00:00Z,19.00,113.20,JTWC b-deck
WP242024,2024,2024-11-10T00:00:00Z,19.00,113.20,JTWC b-deck
WP242024,2024,2024-11-10T00:00:00Z,19.00,113.20,JTWC b-deck
WP242024,2024,2024-11-10T06:00:00Z,18.90,113.00,JTWC b-deck
WP242024,2024,2024-11-10T06:00:00Z,18.90,113.00,JTWC b-deck
WP242024,2024,2024-11-10T06:00:00Z,18.90,113.00,JTWC b-deck
WP242024,2024,2024-11-10T12:00:00Z,18.60,112.70,JTWC b-deck
WP242024,2024,2024-11-10T12:00:00Z,18.60,112.70,JTWC b-deck
WP242024,2024,2024-11-10T12:00:00Z,18.60,112.70,JTWC b-deck
WP242024,2024,2024-11-10T18:00:00Z,17.90,112.10,JTWC b-deck
WP242024,2024,2024-11-10T18:00:00Z,17.90,112.10,JTWC b-deck
WP242024,2024,2024-11-11T00:00:00Z,17.10,111.50,JTWC b-deck
WP242024,2024,2024-11-11T06:00:00Z,16.40,110.70,JTWC b-deck
WP242024,2024,2024-11-11T12:00:00Z,15.50,110.30,JTWC b-deck
WP242024,2024,2024-11-11T18:00:00Z,15.00,110.00,JTWC b-deck
WP242024,2024,2024-11-12T00:00:00Z,14.50,109.70,JTWC b-deck
WP242024,2024,2024-11-12T06:00:00Z,14.10,109.40,JTWC b-deck
WP242024,2024,2024-11-12T12:00:00Z,13.80,108.40,JTWC b-deck
WP242024,2024,2024-11-12T18:00:00Z,13.90,107.00,JTWC b-deck
WP242025,2025,2025-09-18T12:00:00Z,15.80,133.20,IBTrACS v04r01 (CMA)
WP242025,2025,2025-09-18T15:00:00Z,16.00,132.90,IBTrACS v04r01 (CMA)
WP242025,2025,2025-09-18T18:00:00Z,16.20,132.40,IBTrACS v04r01 (CMA)
WP242025,2025,2025-09-18T21:00:00Z,16.10,131.80,IBTrACS v04r01 (CMA)
WP242025,2025,2025-09-19T00:00:00Z,16.00,131.30,IBTrACS v04r01 (CMA)
WP242025,2025,2025-09-19T03:00:00Z,16.00,130.90,IBTrACS v04r01 (CMA)
WP242025,2025,2025-09-19T06:00:00Z,16.10,130.70,IBTrACS v04r01 (CMA)
WP242025,2025,2025-09-19T09:00:00Z,16.10,130.50,IBTrACS v04r01 (CMA)
WP242025,2025,2025-09-19T12:00:00Z,16.20,130.30,IBTrACS v04r01 (CMA)
WP242025,2025,2025-09-19T15:00:00Z,16.20,130.20,IBTrACS v04r01 (CMA)
WP242025,2025,2025-09-19T18:00:00Z,16.30,130.00,IBTrACS v04r01 (CMA)
WP242025,2025,2025-09-19T21:00:00Z,16.30,129.80,IBTrACS v04r01 (CMA)
WP242025,2025,2025-09-20T00:00:00Z,16.40,129.60,IBTrACS v04r01 (CMA)
WP242025,2025,2025-09-20T03:00:00Z,16.60,129.30,IBTrACS v04r01 (CMA)
WP242025,2025,2025-09-20T06:00:00Z,16.80,129.00,IBTrACS v04r01 (CMA)
WP242025,2025,2025-09-20T09:00:00Z,17.00,128.80,IBTrACS v04r01 (CMA)
WP242025,2025,2025-09-20T12:00:00Z,17.30,128.60,IBTrACS v04r01 (CMA)
WP242025,2025,2025-09-20T15:00:00Z,17.60,128.20,IBTrACS v04r01 (CMA)
WP242025,2025,2025-09-20T18:00:00Z,17.80,127.80,IBTrACS v04r01 (CMA)
WP242025,2025,2025-09-20T21:00:00Z,17.80,127.40,IBTrACS v04r01 (CMA)
WP242025,2025,2025-09-21T00:00:00Z,17.90,127.00,IBTrACS v04r01 (CMA)
WP242025,2025,2025-09-21T03:00:00Z,18.10,126.70,IBTrACS v04r01 (CMA)
WP242025,2025,2025-09-21T06:00:00Z,18.40,126.30,IBTrACS v04r01 (CMA)
WP242025,2025,2025-09-21T09:00:00Z,18.60,125.90,IBTrACS v04r01 (CMA)
WP242025,2025,2025-09-21T12:00:00Z,18.80,125.40,IBTrACS v04r01 (CMA)
WP242025,2025,2025-09-21T15:00:00Z,19.00,124.80,IBTrACS v04r01 (CMA)
WP242025,2025,2025-09-21T18:00:00Z,19.20,124.20,IBTrACS v04r01 (CMA)
WP242025,2025,2025-09-21T21:00:00Z,19.30,123.60,IBTrACS v04r01 (CMA)
WP242025,2025,2025-09-22T00:00:00Z,19.30,123.00,IBTrACS v04r01 (CMA)
WP242025,2025,2025-09-22T03:00:00Z,19.30,122.40,IBTrACS v04r01 (CMA)
WP242025,2025,2025-09-22T06:00:00Z,19.40,121.80,IBTrACS v04r01 (CMA)
WP242025,2025,2025-09-22T09:00:00Z,19.40,121.20,IBTrACS v04r01 (CMA)
WP242025,2025,2025-09-22T12:00:00Z,19.50,120.60,IBTrACS v04r01 (CMA)
WP242025,2025,2025-09-22T15:00:00Z,19.50,119.90,IBTrACS v04r01 (CMA)
WP242025,2025,2025-09-22T18:00:00Z,19.60,119.30,IBTrACS v04r01 (CMA)
WP242025,2025,2025-09-22T21:00:00Z,19.70,118.80,IBTrACS v04r01 (CMA)
WP242025,2025,2025-09-23T00:00:00Z,19.90,118.30,IBTrACS v04r01 (CMA)
WP242025,2025,2025-09-23T03:00:00Z,20.10,117.70,IBTrACS v04r01 (CMA)
WP242025,2025,2025-09-23T06:00:00Z,20.30,117.20,IBTrACS v04r01 (CMA)
WP242025,2025,2025-09-23T09:00:00Z,20.60,116.70,IBTrACS v04r01 (CMA)
WP242025,2025,2025-09-23T10:00:00Z,20.70,116.50,IBTrACS v04r01 (CMA)
WP242025,2025,2025-09-23T11:00:00Z,20.70,116.30,IBTrACS v04r01 (CMA)
WP242025,2025,2025-09-23T12:00:00Z,20.80,116.10,IBTrACS v04r01 (CMA)
WP242025,2025,2025-09-23T13:00:00Z,20.90,115.90,IBTrACS v04r01 (CMA)
WP242025,2025,2025-09-23T14:00:00Z,20.90,115.70,IBTrACS v04r01 (CMA)
WP242025,2025,2025-09-23T15:00:00Z,21.00,115.50,IBTrACS v04r01 (CMA)
WP242025,2025,2025-09-23T16:00:00Z,21.00,115.30,IBTrACS v04r01 (CMA)
WP242025,2025,2025-09-23T17:00:00Z,21.10,115.10,IBTrACS v04r01 (CMA)
WP242025,2025,2025-09-23T18:00:00Z,21.10,114.90,IBTrACS v04r01 (CMA)
WP242025,2025,2025-09-23T19:00:00Z,21.10,114.70,IBTrACS v04r01 (CMA)
WP242025,2025,2025-09-23T20:00:00Z,21.10,114.50,IBTrACS v04r01 (CMA)
WP242025,2025,2025-09-23T21:00:00Z,21.10,114.30,IBTrACS v04r01 (CMA)
WP242025,2025,2025-09-23T22:00:00Z,21.10,114.10,IBTrACS v04r01 (CMA)
WP242025,2025,2025-09-23T23:00:00Z,21.20,114.00,IBTrACS v04r01 (CMA)
WP242025,2025,2025-09-24T00:00:00Z,21.20,113.80,IBTrACS v04r01 (CMA)
WP242025,2025,2025-09-24T01:00:00Z,21.30,113.60,IBTrACS v04r01 (CMA)
WP242025,2025,2025-09-24T02:00:00Z,21.30,113.50,IBTrACS v04r01 (CMA)
WP242025,2025,2025-09-24T03:00:00Z,21.40,113.30,IBTrACS v04r01 (CMA)
WP242025,2025,2025-09-24T04:00:00Z,21.50,113.10,IBTrACS v04r01 (CMA)
WP242025,2025,2025-09-24T05:00:00Z,21.50,112.80,IBTrACS v04r01 (CMA)
WP242025,2025,2025-09-24T06:00:00Z,21.60,112.60,IBTrACS v04r01 (CMA)
WP242025,2025,2025-09-24T07:00:00Z,21.70,112.40,IBTrACS v04r01 (CMA)
WP242025,2025,2025-09-24T08:00:00Z,21.70,112.10,IBTrACS v04r01 (CMA)
WP242025,2025,2025-09-24T09:00:00Z,21.70,111.90,IBTrACS v04r01 (CMA)
WP242025,2025,2025-09-24T10:00:00Z,21.70,111.70,IBTrACS v04r01 (CMA)
WP242025,2025,2025-09-24T11:00:00Z,21.60,111.40,IBTrACS v04r01 (CMA)
WP242025,2025,2025-09-24T12:00:00Z,21.60,111.20,IBTrACS v04r01 (CMA)
WP242025,2025,2025-09-24T15:00:00Z,21.50,110.50,IBTrACS v04r01 (CMA)
WP252017,2017,2017-10-15T00:00:00Z,8.70,137.90,JTWC b-deck
WP252017,2017,2017-10-15T06:00:00Z,9.10,137.30,JTWC b-deck
WP252017,2017,2017-10-15T12:00:00Z,9.50,136.80,JTWC b-deck
WP252017,2017,2017-10-15T18:00:00Z,10.00,136.30,JTWC b-deck
WP252017,2017,2017-10-16T00:00:00Z,10.30,135.60,JTWC b-deck
WP252017,2017,2017-10-16T06:00:00Z,10.40,134.60,JTWC b-deck
WP252017,2017,2017-10-16T12:00:00Z,10.60,133.40,JTWC b-deck
WP252017,2017,2017-10-16T18:00:00Z,10.70,132.70,JTWC b-deck
WP252017,2017,2017-10-17T00:00:00Z,10.40,132.00,JTWC b-deck
WP252017,2017,2017-10-17T03:00:00Z,10.00,132.10,JTWC b-deck
WP252017,2017,2017-10-17T06:00:00Z,10.10,132.50,JTWC b-deck
WP252017,2017,2017-10-17T06:00:00Z,10.10,132.50,JTWC b-deck
WP252017,2017,2017-10-17T12:00:00Z,10.40,132.40,JTWC b-deck
WP252017,2017,2017-10-17T12:00:00Z,10.40,132.40,JTWC b-deck
WP252017,2017,2017-10-17T18:00:00Z,11.00,132.50,JTWC b-deck
WP252017,2017,2017-10-17T18:00:00Z,11.00,132.50,JTWC b-deck
WP252017,2017,2017-10-18T00:00:00Z,12.20,132.50,JTWC b-deck
WP252017,2017,2017-10-18T00:00:00Z,12.20,132.50,JTWC b-deck
WP252017,2017,2017-10-18T00:00:00Z,12.20,132.50,JTWC b-deck
WP252017,2017,2017-10-18T06:00:00Z,13.10,132.20,JTWC b-deck
WP252017,2017,2017-10-18T06:00:00Z,13.10,132.20,JTWC b-deck
WP252017,2017,2017-10-18T06:00:00Z,13.10,132.20,JTWC b-deck
WP252017,2017,2017-10-18T12:00:00Z,14.00,131.70,JTWC b-deck
WP252017,2017,2017-10-18T12:00:00Z,14.00,131.70,JTWC b-deck
WP252017,2017,2017-10-18T12:00:00Z,14.00,131.70,JTWC b-deck
WP252017,2017,2017-10-18T18:00:00Z,14.60,131.10,JTWC b-deck
WP252017,2017,2017-10-18T18:00:00Z,14.60,131.10,JTWC b-deck
WP252017,2017,2017-10-18T18:00:00Z,14.60,131.10,JTWC b-deck
WP252017,2017,2017-10-19T00:00:00Z,15.40,130.30,JTWC b-deck
WP252017,2017,2017-10-19T00:00:00Z,15.40,130.30,JTWC b-deck
WP252017,2017,2017-10-19T00:00:00Z,15.40,130.30,JTWC b-deck
WP252017,2017,2017-10-19T06:00:00Z,16.30,130.10,JTWC b-deck
WP252017,2017,2017-10-19T06:00:00Z,16.30,130.10,JTWC b-deck
WP252017,2017,2017-10-19T06:00:00Z,16.30,130.10,JTWC b-deck
WP252017,2017,2017-10-19T12:00:00Z,17.00,130.00,JTWC b-deck
WP252017,2017,2017-10-19T12:00:00Z,17.00,130.00,JTWC b-deck
WP252017,2017,2017-10-19T12:00:00Z,17.00,130.00,JTWC b-deck
WP252017,2017,2017-10-19T18:00:00Z,18.00,129.90,JTWC b-deck
WP252017,2017,2017-10-19T18:00:00Z,18.00,129.90,JTWC b-deck
WP252017,2017,2017-10-19T18:00:00Z,18.00,129.90,JTWC b-deck
WP252017,2017,2017-10-20T00:00:00Z,18.90,130.00,JTWC b-deck
WP252017,2017,2017-10-20T00:00:00Z,18.90,130.00,JTWC b-deck
WP252017,2017,2017-10-20T00:00:00Z,18.90,130.00,JTWC b-deck
WP252017,2017,2017-10-20T06:00:00Z,19.70,130.10,JTWC b-deck
WP252017,2017,2017-10-20T06:00:00Z,19.70,130.10,JTWC b-deck
WP252017,2017,2017-10-20T06:00:00Z,19.70,130.10,JTWC b-deck
WP252017,2017,2017-10-20T12:00:00Z,20.10,130.30,JTWC b-deck
WP252017,2017,2017-10-20T12:00:00Z,20.10,130.30,JTWC b-deck
WP252017,2017,2017-10-20T12:00:00Z,20.10,130.30,JTWC b-deck
WP252017,2017,2017-10-20T18:00:00Z,20.70,130.70,JTWC b-deck
WP252017,2017,2017-10-20T18:00:00Z,20.70,130.70,JTWC b-deck
WP252017,2017,2017-10-20T18:00:00Z,20.70,130.70,JTWC b-deck
WP252017,2017,2017-10-21T00:00:00Z,21.40,131.30,JTWC b-deck
WP252017,2017,2017-10-21T00:00:00Z,21.40,131.30,JTWC b-deck
WP252017,2017,2017-10-21T00:00:00Z,21.40,131.30,JTWC b-deck
WP252017,2017,2017-10-21T06:00:00Z,22.40,132.00,JTWC b-deck
WP252017,2017,2017-10-21T06:00:00Z,22.40,132.00,JTWC b-deck
WP252017,2017,2017-10-21T06:00:00Z,22.40,132.00,JTWC b-deck
WP252017,2017,2017-10-21T12:00:00Z,23.80,132.60,JTWC b-deck
WP252017,2017,2017-10-21T12:00:00Z,23.80,132.60,JTWC b-deck
WP252017,2017,2017-10-21T12:00:00Z,23.80,132.60,JTWC b-deck
WP252017,2017,2017-10-21T18:00:00Z,25.50,133.30,JTWC b-deck
WP252017,2017,2017-10-21T18:00:00Z,25.50,133.30,JTWC b-deck
WP252017,2017,2017-10-21T18:00:00Z,25.50,133.30,JTWC b-deck
WP252017,2017,2017-10-22T00:00:00Z,27.80,133.80,JTWC b-deck
WP252017,2017,2017-10-22T00:00:00Z,27.80,133.80,JTWC b-deck
WP252017,2017,2017-10-22T00:00:00Z,27.80,133.80,JTWC b-deck
WP252017,2017,2017-10-22T06:00:00Z,29.90,134.60,JTWC b-deck
WP252017,2017,2017-10-22T06:00:00Z,29.90,134.60,JTWC b-deck
WP252017,2017,2017-10-22T06:00:00Z,29.90,134.60,JTWC b-deck
WP252017,2017,2017-10-22T12:00:00Z,32.00,136.20,JTWC b-deck
WP252017,2017,2017-10-22T12:00:00Z,32.00,136.20,JTWC b-deck
WP252017,2017,2017-10-22T12:00:00Z,32.00,136.20,JTWC b-deck
WP252017,2017,2017-10-22T18:00:00Z,34.60,138.60,JTWC b-deck
WP252017,2017,2017-10-22T18:00:00Z,34.60,138.60,JTWC b-deck
WP252017,2017,2017-10-22T18:00:00Z,34.60,138.60,JTWC b-deck
WP252017,2017,2017-10-23T00:00:00Z,37.50,141.60,JTWC b-deck
WP252017,2017,2017-10-23T00:00:00Z,37.50,141.60,JTWC b-deck
WP252018,2018,2018-08-27T00:00:00Z,13.10,159.30,JTWC b-deck
WP252018,2018,2018-08-27T06:00:00Z,13.50,159.10,JTWC b-deck
WP252018,2018,2018-08-27T12:00:00Z,14.10,158.60,JTWC b-deck
WP252018,2018,2018-08-27T18:00:00Z,14.70,157.90,JTWC b-deck
WP252018,2018,2018-08-28T00:00:00Z,15.20,157.10,JTWC b-deck
WP252018,2018,2018-08-28T06:00:00Z,15.90,156.20,JTWC b-deck
WP252018,2018,2018-08-28T12:00:00Z,16.40,155.30,JTWC b-deck
WP252018,2018,2018-08-28T12:00:00Z,16.40,155.30,JTWC b-deck
WP252018,2018,2018-08-28T18:00:00Z,16.70,154.30,JTWC b-deck
WP252018,2018,2018-08-28T18:00:00Z,16.70,154.30,JTWC b-deck
WP252018,2018,2018-08-29T00:00:00Z,16.90,153.40,JTWC b-deck
WP252018,2018,2018-08-29T00:00:00Z,16.90,153.40,JTWC b-deck
WP252018,2018,2018-08-29T06:00:00Z,17.10,152.40,JTWC b-deck
WP252018,2018,2018-08-29T06:00:00Z,17.10,152.40,JTWC b-deck
WP252018,2018,2018-08-29T06:00:00Z,17.10,152.40,JTWC b-deck
WP252018,2018,2018-08-29T12:00:00Z,17.30,151.30,JTWC b-deck
WP252018,2018,2018-08-29T12:00:00Z,17.30,151.30,JTWC b-deck
WP252018,2018,2018-08-29T12:00:00Z,17.30,151.30,JTWC b-deck
WP252018,2018,2018-08-29T18:00:00Z,17.40,150.30,JTWC b-deck
WP252018,2018,2018-08-29T18:00:00Z,17.40,150.30,JTWC b-deck
WP252018,2018,2018-08-29T18:00:00Z,17.40,150.30,JTWC b-deck
WP252018,2018,2018-08-30T00:00:00Z,17.60,149.20,JTWC b-deck
WP252018,2018,2018-08-30T00:00:00Z,17.60,149.20,JTWC b-deck
WP252018,2018,2018-08-30T00:00:00Z,17.60,149.20,JTWC b-deck
WP252018,2018,2018-08-30T06:00:00Z,17.70,148.10,JTWC b-deck
WP252018,2018,2018-08-30T06:00:00Z,17.70,148.10,JTWC b-deck
WP252018,2018,2018-08-30T06:00:00Z,17.70,148.10,JTWC b-deck
WP252018,2018,2018-08-30T12:00:00Z,17.80,146.80,JTWC b-deck
WP252018,2018,2018-08-30T12:00:00Z,17.80,146.80,JTWC b-deck
WP252018,2018,2018-08-30T12:00:00Z,17.80,146.80,JTWC b-deck
WP252018,2018,2018-08-30T18:00:00Z,17.80,145.40,JTWC b-deck
WP252018,2018,2018-08-30T18:00:00Z,17.80,145.40,JTWC b-deck
WP252018,2018,2018-08-30T18:00:00Z,17.80,145.40,JTWC b-deck
WP252018,2018,2018-08-31T00:00:00Z,17.90,144.10,JTWC b-deck
WP252018,2018,2018-08-31T00:00:00Z,17.90,144.10,JTWC b-deck
WP252018,2018,2018-08-31T00:00:00Z,17.90,144.10,JTWC b-deck
WP252018,2018,2018-08-31T06:00:00Z,18.20,142.70,JTWC b-deck
WP252018,2018,2018-08-31T06:00:00Z,18.20,142.70,JTWC b-deck
WP252018,2018,2018-08-31T06:00:00Z,18.20,142.70,JTWC b-deck
WP252018,2018,2018-08-31T12:00:00Z,18.50,141.50,JTWC b-deck
WP252018,2018,2018-08-31T12:00:00Z,18.50,141.50,JTWC b-deck
WP252018,2018,2018-08-31T12:00:00Z,18.50,141.50,JTWC b-deck
WP252018,2018,2018-08-31T18:00:00Z,19.00,140.30,JTWC b-deck
WP252018,2018,2018-08-31T18:00:00Z,19.00,140.30,JTWC b-deck
WP252018,2018,2018-08-31T18:00:00Z,19.00,140.30,JTWC b-deck
WP252018,2018,2018-09-01T00:00:00Z,19.60,139.20,JTWC b-deck
WP252018,2018,2018-09-01T00:00:00Z,19.60,139.20,JTWC b-deck
WP252018,2018,2018-09-01T00:00:00Z,19.60,139.20,JTWC b-deck
WP252018,2018,2018-09-01T06:00:00Z,20.40,138.20,JTWC b-deck
WP252018,2018,2018-09-01T06:00:00Z,20.40,138.20,JTWC b-deck
WP252018,2018,2018-09-01T06:00:00Z,20.40,138.20,JTWC b-deck
WP252018,2018,2018-09-01T12:00:00Z,21.00,137.40,JTWC b-deck
WP252018,2018,2018-09-01T12:00:00Z,21.00,137.40,JTWC b-deck
WP252018,2018,2018-09-01T12:00:00Z,21.00,137.40,JTWC b-deck
WP252018,2018,2018-09-01T18:00:00Z,21.70,136.50,JTWC b-deck
WP252018,2018,2018-09-01T18:00:00Z,21.70,136.50,JTWC b-deck
WP252018,2018,2018-09-01T18:00:00Z,21.70,136.50,JTWC b-deck
WP252018,2018,2018-09-02T00:00:00Z,22.70,135.70,JTWC b-deck
WP252018,2018,2018-09-02T00:00:00Z,22.70,135.70,JTWC b-deck
WP252018,2018,2018-09-02T00:00:00Z,22.70,135.70,JTWC b-deck
WP252018,2018,2018-09-02T06:00:00Z,23.70,134.90,JTWC b-deck
WP252018,2018,2018-09-02T06:00:00Z,23.70,134.90,JTWC b-deck
WP252018,2018,2018-09-02T06:00:00Z,23.70,134.90,JTWC b-deck
WP252018,2018,2018-09-02T12:00:00Z,24.50,134.40,JTWC b-deck
WP252018,2018,2018-09-02T12:00:00Z,24.50,134.40,JTWC b-deck
WP252018,2018,2018-09-02T12:00:00Z,24.50,134.40,JTWC b-deck
WP252018,2018,2018-09-02T18:00:00Z,25.50,133.80,JTWC b-deck
WP252018,2018,2018-09-02T18:00:00Z,25.50,133.80,JTWC b-deck
WP252018,2018,2018-09-02T18:00:00Z,25.50,133.80,JTWC b-deck
WP252018,2018,2018-09-03T00:00:00Z,26.50,133.10,JTWC b-deck
WP252018,2018,2018-09-03T00:00:00Z,26.50,133.10,JTWC b-deck
WP252018,2018,2018-09-03T00:00:00Z,26.50,133.10,JTWC b-deck
WP252018,2018,2018-09-03T06:00:00Z,27.40,132.60,JTWC b-deck
WP252018,2018,2018-09-03T06:00:00Z,27.40,132.60,JTWC b-deck
WP252018,2018,2018-09-03T06:00:00Z,27.40,132.60,JTWC b-deck
WP252018,2018,2018-09-03T12:00:00Z,28.80,132.50,JTWC b-deck
WP252018,2018,2018-09-03T12:00:00Z,28.80,132.50,JTWC b-deck
WP252018,2018,2018-09-03T12:00:00Z,28.80,132.50,JTWC b-deck
WP252018,2018,2018-09-03T18:00:00Z,30.30,132.80,JTWC b-deck
WP252018,2018,2018-09-03T18:00:00Z,30.30,132.80,JTWC b-deck
WP252018,2018,2018-09-03T18:00:00Z,30.30,132.80,JTWC b-deck
WP252018,2018,2018-09-04T00:00:00Z,32.40,133.80,JTWC b-deck
WP252018,2018,2018-09-04T00:00:00Z,32.40,133.80,JTWC b-deck
WP252018,2018,2018-09-04T00:00:00Z,32.40,133.80,JTWC b-deck
WP252018,2018,2018-09-04T06:00:00Z,35.30,135.70,JTWC b-deck
WP252018,2018,2018-09-04T06:00:00Z,35.30,135.70,JTWC b-deck
WP252018,2018,2018-09-04T06:00:00Z,35.30,135.70,JTWC b-deck
WP252018,2018,2018-09-04T12:00:00Z,39.20,137.60,JTWC b-deck
WP252018,2018,2018-09-04T12:00:00Z,39.20,137.60,JTWC b-deck
WP252018,2018,2018-09-04T18:00:00Z,43.20,139.50,JTWC b-deck
WP252018,2018,2018-09-04T18:00:00Z,43.20,139.50,JTWC b-deck
WP252019,2019,2019-11-05T00:00:00Z,13.90,114.80,JTWC b-deck
WP252019,2019,2019-11-05T06:00:00Z,13.80,115.30,JTWC b-deck
WP252019,2019,2019-11-05T12:00:00Z,13.70,115.80,JTWC b-deck
WP252019,2019,2019-11-05T18:00:00Z,13.60,116.20,JTWC b-deck
WP252019,2019,2019-11-06T00:00:00Z,13.40,116.40,JTWC b-deck
WP252019,2019,2019-11-06T06:00:00Z,13.30,116.60,JTWC b-deck
WP252019,2019,2019-11-06T12:00:00Z,13.30,116.80,JTWC b-deck
WP252019,2019,2019-11-06T18:00:00Z,13.40,117.00,JTWC b-deck
WP252019,2019,2019-11-07T00:00:00Z,13.40,117.10,JTWC b-deck
WP252019,2019,2019-11-07T00:00:00Z,13.40,117.10,JTWC b-deck
WP252019,2019,2019-11-07T06:00:00Z,13.40,117.30,JTWC b-deck
WP252019,2019,2019-11-07T06:00:00Z,13.40,117.30,JTWC b-deck
WP252019,2019,2019-11-07T12:00:00Z,13.20,117.30,JTWC b-deck
WP252019,2019,2019-11-07T12:00:00Z,13.20,117.30,JTWC b-deck
WP252019,2019,2019-11-07T18:00:00Z,13.00,117.30,JTWC b-deck
WP252019,2019,2019-11-07T18:00:00Z,13.00,117.30,JTWC b-deck
WP252019,2019,2019-11-08T00:00:00Z,12.80,117.10,JTWC b-deck
WP252019,2019,2019-11-08T00:00:00Z,12.80,117.10,JTWC b-deck
WP252019,2019,2019-11-08T06:00:00Z,12.70,116.80,JTWC b-deck
WP252019,2019,2019-11-08T06:00:00Z,12.70,116.80,JTWC b-deck
WP252019,2019,2019-11-08T06:00:00Z,12.70,116.80,JTWC b-deck
WP252019,2019,2019-11-08T12:00:00Z,12.50,116.40,JTWC b-deck
WP252019,2019,2019-11-08T12:00:00Z,12.50,116.40,JTWC b-deck
WP252019,2019,2019-11-08T18:00:00Z,12.40,115.70,JTWC b-deck
WP252019,2019,2019-11-08T18:00:00Z,12.40,115.70,JTWC b-deck
WP252019,2019,2019-11-09T00:00:00Z,12.30,115.10,JTWC b-deck
WP252019,2019,2019-11-09T00:00:00Z,12.30,115.10,JTWC b-deck
WP252019,2019,2019-11-09T06:00:00Z,12.40,114.30,JTWC b-deck
WP252019,2019,2019-11-09T06:00:00Z,12.40,114.30,JTWC b-deck
WP252019,2019,2019-11-09T12:00:00Z,12.40,113.50,JTWC b-deck
WP252019,2019,2019-11-09T12:00:00Z,12.40,113.50,JTWC b-deck
WP252019,2019,2019-11-09T18:00:00Z,12.50,112.80,JTWC b-deck
WP252019,2019,2019-11-09T18:00:00Z,12.50,112.80,JTWC b-deck
WP252019,2019,2019-11-10T00:00:00Z,12.60,111.90,JTWC b-deck
WP252019,2019,2019-11-10T00:00:00Z,12.60,111.90,JTWC b-deck
WP252019,2019,2019-11-10T06:00:00Z,12.80,110.90,JTWC b-deck
WP252019,2019,2019-11-10T06:00:00Z,12.80,110.90,JTWC b-deck
WP252019,2019,2019-11-10T12:00:00Z,12.80,110.00,JTWC b-deck
WP252019,2019,2019-11-10T12:00:00Z,12.80,110.00,JTWC b-deck
WP252019,2019,2019-11-10T18:00:00Z,12.90,109.10,JTWC b-deck
WP252019,2019,2019-11-11T00:00:00Z,13.00,108.60,JTWC b-deck
WP252019,2019,2019-11-11T06:00:00Z,13.10,108.00,JTWC b-deck
WP252020,2020,2020-11-08T06:00:00Z,8.90,135.20,JTWC b-deck
WP252020,2020,2020-11-08T12:00:00Z,9.10,134.10,JTWC b-deck
WP252020,2020,2020-11-08T18:00:00Z,10.30,132.40,JTWC b-deck
WP252020,2020,2020-11-09T00:00:00Z,11.50,131.10,JTWC b-deck
WP252020,2020,2020-11-09T06:00:00Z,12.00,130.80,JTWC b-deck
WP252020,2020,2020-11-09T12:00:00Z,12.40,129.80,JTWC b-deck
WP252020,2020,2020-11-09T18:00:00Z,12.90,129.00,JTWC b-deck
WP252020,2020,2020-11-10T00:00:00Z,13.30,128.30,JTWC b-deck
WP252020,2020,2020-11-10T06:00:00Z,13.60,127.90,JTWC b-deck
WP252020,2020,2020-11-10T12:00:00Z,14.40,126.60,JTWC b-deck
WP252020,2020,2020-11-10T18:00:00Z,14.50,125.90,JTWC b-deck
WP252020,2020,2020-11-10T18:00:00Z,14.50,125.90,JTWC b-deck
WP252020,2020,2020-11-11T00:00:00Z,14.60,124.60,JTWC b-deck
WP252020,2020,2020-11-11T00:00:00Z,14.60,124.60,JTWC b-deck
WP252020,2020,2020-11-11T00:00:00Z,14.60,124.60,JTWC b-deck
WP252020,2020,2020-11-11T06:00:00Z,14.50,123.50,JTWC b-deck
WP252020,2020,2020-11-11T06:00:00Z,14.50,123.50,JTWC b-deck
WP252020,2020,2020-11-11T06:00:00Z,14.50,123.50,JTWC b-deck
WP252020,2020,2020-11-11T12:00:00Z,14.60,122.90,JTWC b-deck
WP252020,2020,2020-11-11T12:00:00Z,14.60,122.90,JTWC b-deck
WP252020,2020,2020-11-11T12:00:00Z,14.60,122.90,JTWC b-deck
WP252020,2020,2020-11-11T18:00:00Z,15.00,121.40,JTWC b-deck
WP252020,2020,2020-11-11T18:00:00Z,15.00,121.40,JTWC b-deck
WP252020,2020,2020-11-11T18:00:00Z,15.00,121.40,JTWC b-deck
WP252020,2020,2020-11-12T00:00:00Z,15.20,119.50,JTWC b-deck
WP252020,2020,2020-11-12T00:00:00Z,15.20,119.50,JTWC b-deck
WP252020,2020,2020-11-12T00:00:00Z,15.20,119.50,JTWC b-deck
WP252020,2020,2020-11-12T06:00:00Z,15.20,118.50,JTWC b-deck
WP252020,2020,2020-11-12T06:00:00Z,15.20,118.50,JTWC b-deck
WP252020,2020,2020-11-12T06:00:00Z,15.20,118.50,JTWC b-deck
WP252020,2020,2020-11-12T12:00:00Z,15.20,117.40,JTWC b-deck
WP252020,2020,2020-11-12T12:00:00Z,15.20,117.40,JTWC b-deck
WP252020,2020,2020-11-12T12:00:00Z,15.20,117.40,JTWC b-deck
WP252020,2020,2020-11-12T18:00:00Z,15.30,116.50,JTWC b-deck
WP252020,2020,2020-11-12T18:00:00Z,15.30,116.50,JTWC b-deck
WP252020,2020,2020-11-12T18:00:00Z,15.30,116.50,JTWC b-deck
WP252020,2020,2020-11-13T00:00:00Z,15.40,115.50,JTWC b-deck
WP252020,2020,2020-11-13T00:00:00Z,15.40,115.50,JTWC b-deck
WP252020,2020,2020-11-13T00:00:00Z,15.40,115.50,JTWC b-deck
WP252020,2020,2020-11-13T06:00:00Z,15.50,114.40,JTWC b-deck
WP252020,2020,2020-11-13T06:00:00Z,15.50,114.40,JTWC b-deck
WP252020,2020,2020-11-13T06:00:00Z,15.50,114.40,JTWC b-deck
WP252020,2020,2020-11-13T12:00:00Z,15.50,113.40,JTWC b-deck
WP252020,2020,2020-11-13T12:00:00Z,15.50,113.40,JTWC b-deck
WP252020,2020,2020-11-13T12:00:00Z,15.50,113.40,JTWC b-deck
WP252020,2020,2020-11-13T18:00:00Z,15.50,112.40,JTWC b-deck
WP252020,2020,2020-11-13T18:00:00Z,15.50,112.40,JTWC b-deck
WP252020,2020,2020-11-13T18:00:00Z,15.50,112.40,JTWC b-deck
WP252020,2020,2020-11-14T00:00:00Z,15.70,111.30,JTWC b-deck
WP252020,2020,2020-11-14T00:00:00Z,15.70,111.30,JTWC b-deck
WP252020,2020,2020-11-14T00:00:00Z,15.70,111.30,JTWC b-deck
WP252020,2020,2020-11-14T06:00:00Z,15.90,110.30,JTWC b-deck
WP252020,2020,2020-11-14T06:00:00Z,15.90,110.30,JTWC b-deck
WP252020,2020,2020-11-14T06:00:00Z,15.90,110.30,JTWC b-deck
WP252020,2020,2020-11-14T12:00:00Z,16.30,109.40,JTWC b-deck
WP252020,2020,2020-11-14T12:00:00Z,16.30,109.40,JTWC b-deck
WP252020,2020,2020-11-14T12:00:00Z,16.30,109.40,JTWC b-deck
WP252020,2020,2020-11-14T18:00:00Z,17.10,107.90,JTWC b-deck
WP252020,2020,2020-11-14T18:00:00Z,17.10,107.90,JTWC b-deck
WP252020,2020,2020-11-14T18:00:00Z,17.10,107.90,JTWC b-deck
WP252020,2020,2020-11-15T00:00:00Z,17.10,107.60,JTWC b-deck
WP252020,2020,2020-11-15T00:00:00Z,17.10,107.60,JTWC b-deck
WP252020,2020,2020-11-15T00:00:00Z,17.10,107.60,JTWC b-deck
WP252020,2020,2020-11-15T06:00:00Z,17.70,106.70,JTWC b-deck
WP252020,2020,2020-11-15T06:00:00Z,17.70,106.70,JTWC b-deck
WP252020,2020,2020-11-15T12:00:00Z,18.40,105.70,JTWC b-deck
WP252020,2020,2020-11-15T18:00:00Z,18.20,104.10,JTWC b-deck
WP252020,2020,2020-11-16T00:00:00Z,19.10,103.40,JTWC b-deck
WP252021,2021,2021-10-22T06:00:00Z,8.70,144.60,JTWC b-deck
WP252021,2021,2021-10-22T12:00:00Z,9.60,143.80,JTWC b-deck
WP252021,2021,2021-10-22T18:00:00Z,10.30,143.10,JTWC b-deck
WP252021,2021,2021-10-23T00:00:00Z,10.80,142.40,JTWC b-deck
WP252021,2021,2021-10-23T06:00:00Z,11.50,141.20,JTWC b-deck
WP252021,2021,2021-10-23T12:00:00Z,11.30,140.40,JTWC b-deck
WP252021,2021,2021-10-23T18:00:00Z,11.90,140.30,JTWC b-deck
WP252021,2021,2021-10-24T00:00:00Z,12.20,139.50,JTWC b-deck
WP252021,2021,2021-10-24T06:00:00Z,12.40,139.30,JTWC b-deck
WP252021,2021,2021-10-24T12:00:00Z,13.20,139.30,JTWC b-deck
WP252021,2021,2021-10-24T18:00:00Z,14.00,139.00,JTWC b-deck
WP252021,2021,2021-10-25T00:00:00Z,16.00,138.50,JTWC b-deck
WP252021,2021,2021-10-25T06:00:00Z,17.80,138.20,JTWC b-deck
WP252021,2021,2021-10-25T12:00:00Z,18.40,138.10,JTWC b-deck
WP252021,2021,2021-10-25T18:00:00Z,19.10,138.10,JTWC b-deck
WP252021,2021,2021-10-26T00:00:00Z,19.40,138.50,JTWC b-deck
WP252021,2021,2021-10-26T06:00:00Z,19.70,138.80,JTWC b-deck
WP252021,2021,2021-10-26T06:00:00Z,19.70,138.80,JTWC b-deck
WP252021,2021,2021-10-26T12:00:00Z,20.10,139.20,JTWC b-deck
WP252021,2021,2021-10-26T12:00:00Z,20.10,139.20,JTWC b-deck
WP252021,2021,2021-10-26T18:00:00Z,20.40,139.40,JTWC b-deck
WP252021,2021,2021-10-26T18:00:00Z,20.40,139.40,JTWC b-deck
WP252021,2021,2021-10-26T18:00:00Z,20.40,139.40,JTWC b-deck
WP252021,2021,2021-10-27T00:00:00Z,20.70,139.30,JTWC b-deck
WP252021,2021,2021-10-27T00:00:00Z,20.70,139.30,JTWC b-deck
WP252021,2021,2021-10-27T00:00:00Z,20.70,139.30,JTWC b-deck
WP252021,2021,2021-10-27T06:00:00Z,21.20,139.40,JTWC b-deck
WP252021,2021,2021-10-27T06:00:00Z,21.20,139.40,JTWC b-deck
WP252021,2021,2021-10-27T06:00:00Z,21.20,139.40,JTWC b-deck
WP252021,2021,2021-10-27T12:00:00Z,21.90,139.70,JTWC b-deck
WP252021,2021,2021-10-27T12:00:00Z,21.90,139.70,JTWC b-deck
WP252021,2021,2021-10-27T12:00:00Z,21.90,139.70,JTWC b-deck
WP252021,2021,2021-10-27T18:00:00Z,22.60,140.00,JTWC b-deck
WP252021,2021,2021-10-27T18:00:00Z,22.60,140.00,JTWC b-deck
WP252021,2021,2021-10-27T18:00:00Z,22.60,140.00,JTWC b-deck
WP252021,2021,2021-10-28T00:00:00Z,23.70,140.70,JTWC b-deck
WP252021,2021,2021-10-28T00:00:00Z,23.70,140.70,JTWC b-deck
WP252021,2021,2021-10-28T00:00:00Z,23.70,140.70,JTWC b-deck
WP252021,2021,2021-10-28T06:00:00Z,24.80,141.50,JTWC b-deck
WP252021,2021,2021-10-28T06:00:00Z,24.80,141.50,JTWC b-deck
WP252021,2021,2021-10-28T06:00:00Z,24.80,141.50,JTWC b-deck
WP252021,2021,2021-10-28T12:00:00Z,26.30,142.50,JTWC b-deck
WP252021,2021,2021-10-28T12:00:00Z,26.30,142.50,JTWC b-deck
WP252021,2021,2021-10-28T12:00:00Z,26.30,142.50,JTWC b-deck
WP252021,2021,2021-10-28T18:00:00Z,28.10,143.50,JTWC b-deck
WP252021,2021,2021-10-28T18:00:00Z,28.10,143.50,JTWC b-deck
WP252021,2021,2021-10-28T18:00:00Z,28.10,143.50,JTWC b-deck
WP252021,2021,2021-10-29T00:00:00Z,29.70,144.60,JTWC b-deck
WP252021,2021,2021-10-29T00:00:00Z,29.70,144.60,JTWC b-deck
WP252021,2021,2021-10-29T00:00:00Z,29.70,144.60,JTWC b-deck
WP252021,2021,2021-10-29T06:00:00Z,32.10,146.80,JTWC b-deck
WP252021,2021,2021-10-29T06:00:00Z,32.10,146.80,JTWC b-deck
WP252021,2021,2021-10-29T06:00:00Z,32.10,146.80,JTWC b-deck
WP252021,2021,2021-10-29T12:00:00Z,33.80,149.90,JTWC b-deck
WP252021,2021,2021-10-29T12:00:00Z,33.80,149.90,JTWC b-deck
WP252021,2021,2021-10-29T18:00:00Z,35.70,153.10,JTWC b-deck
WP252021,2021,2021-10-29T18:00:00Z,35.70,153.10,JTWC b-deck
WP252022,2022,2022-10-19T00:00:00Z,21.00,131.60,JTWC b-deck
WP252022,2022,2022-10-19T06:00:00Z,21.00,131.10,JTWC b-deck
WP252022,2022,2022-10-19T12:00:00Z,20.90,130.70,JTWC b-deck
WP252022,2022,2022-10-19T18:00:00Z,20.80,130.30,JTWC b-deck
WP252022,2022,2022-10-20T00:00:00Z,20.90,129.50,JTWC b-deck
WP252022,2022,2022-10-20T06:00:00Z,20.80,128.40,JTWC b-deck
WP252022,2022,2022-10-20T12:00:00Z,20.10,127.10,JTWC b-deck
WP252022,2022,2022-10-20T18:00:00Z,20.30,125.60,JTWC b-deck
WP252022,2022,2022-10-21T00:00:00Z,20.20,124.50,JTWC b-deck
WP252022,2022,2022-10-21T06:00:00Z,20.20,122.90,JTWC b-deck
WP252022,2022,2022-10-21T12:00:00Z,20.30,121.70,JTWC b-deck
WP252022,2022,2022-10-21T18:00:00Z,20.30,121.00,JTWC b-deck
WP252022,2022,2022-10-22T00:00:00Z,20.30,120.30,JTWC b-deck
WP252022,2022,2022-10-22T06:00:00Z,20.20,119.70,JTWC b-deck
WP252022,2022,2022-10-22T12:00:00Z,20.30,118.90,JTWC b-deck
WP252022,2022,2022-10-22T18:00:00Z,20.30,117.70,JTWC b-deck
WP252022,2022,2022-10-23T00:00:00Z,20.10,116.40,JTWC b-deck
WP252024,2024,2024-11-08T00:00:00Z,10.20,166.30,JTWC b-deck
WP252024,2024,2024-11-08T06:00:00Z,11.30,164.80,JTWC b-deck
WP252024,2024,2024-11-08T12:00:00Z,12.50,163.30,JTWC b-deck
WP252024,2024,2024-11-08T18:00:00Z,13.10,161.50,JTWC b-deck
WP252024,2024,2024-11-09T00:00:00Z,13.80,159.70,JTWC b-deck
WP252024,2024,2024-11-09T06:00:00Z,14.70,158.50,JTWC b-deck
WP252024,2024,2024-11-09T12:00:00Z,15.40,157.50,JTWC b-deck
WP252024,2024,2024-11-09T18:00:00Z,15.70,156.80,JTWC b-deck
WP252024,2024,2024-11-10T00:00:00Z,15.80,156.10,JTWC b-deck
WP252024,2024,2024-11-10T00:00:00Z,15.80,156.10,JTWC b-deck
WP252024,2024,2024-11-10T06:00:00Z,15.80,155.40,JTWC b-deck
WP252024,2024,2024-11-10T06:00:00Z,15.80,155.40,JTWC b-deck
WP252024,2024,2024-11-10T12:00:00Z,15.90,154.30,JTWC b-deck
WP252024,2024,2024-11-10T18:00:00Z,15.50,153.40,JTWC b-deck
WP252024,2024,2024-11-11T00:00:00Z,15.10,152.70,JTWC b-deck
WP252024,2024,2024-11-11T06:00:00Z,14.80,152.20,JTWC b-deck
WP252024,2024,2024-11-11T12:00:00Z,14.40,151.70,JTWC b-deck
WP252024,2024,2024-11-11T18:00:00Z,14.30,149.90,JTWC b-deck
WP252024,2024,2024-11-12T00:00:00Z,14.20,148.80,JTWC b-deck
WP252024,2024,2024-11-12T06:00:00Z,14.10,147.50,JTWC b-deck
WP252024,2024,2024-11-12T12:00:00Z,13.90,146.40,JTWC b-deck
WP252024,2024,2024-11-12T18:00:00Z,13.20,145.10,JTWC b-deck
WP252024,2024,2024-11-13T00:00:00Z,12.50,143.80,JTWC b-deck
WP252024,2024,2024-11-13T06:00:00Z,12.20,142.70,JTWC b-deck
WP252024,2024,2024-11-13T12:00:00Z,11.90,141.20,JTWC b-deck
WP252024,2024,2024-11-13T18:00:00Z,11.20,139.50,JTWC b-deck
WP252024,2024,2024-11-14T00:00:00Z,10.70,138.10,JTWC b-deck
WP252024,2024,2024-11-14T06:00:00Z,10.50,136.70,JTWC b-deck
WP252024,2024,2024-11-14T12:00:00Z,10.30,135.00,JTWC b-deck
WP252024,2024,2024-11-14T12:00:00Z,10.30,135.00,JTWC b-deck
WP252024,2024,2024-11-14T18:00:00Z,10.40,133.50,JTWC b-deck
WP252024,2024,2024-11-14T18:00:00Z,10.40,133.50,JTWC b-deck
WP252024,2024,2024-11-15T00:00:00Z,10.50,131.90,JTWC b-deck
WP252024,2024,2024-11-15T00:00:00Z,10.50,131.90,JTWC b-deck
WP252024,2024,2024-11-15T00:00:00Z,10.50,131.90,JTWC b-deck
WP252024,2024,2024-11-15T06:00:00Z,10.90,130.40,JTWC b-deck
WP252024,2024,2024-11-15T06:00:00Z,10.90,130.40,JTWC b-deck
WP252024,2024,2024-11-15T06:00:00Z,10.90,130.40,JTWC b-deck
WP252024,2024,2024-11-15T12:00:00Z,11.40,129.00,JTWC b-deck
WP252024,2024,2024-11-15T12:00:00Z,11.40,129.00,JTWC b-deck
WP252024,2024,2024-11-15T12:00:00Z,11.40,129.00,JTWC b-deck
WP252024,2024,2024-11-15T18:00:00Z,12.00,127.80,JTWC b-deck
WP252024,2024,2024-11-15T18:00:00Z,12.00,127.80,JTWC b-deck
WP252024,2024,2024-11-15T18:00:00Z,12.00,127.80,JTWC b-deck
WP252024,2024,2024-11-16T00:00:00Z,12.60,126.60,JTWC b-deck
WP252024,2024,2024-11-16T00:00:00Z,12.60,126.60,JTWC b-deck
WP252024,2024,2024-11-16T00:00:00Z,12.60,126.60,JTWC b-deck
WP252024,2024,2024-11-16T06:00:00Z,13.20,125.60,JTWC b-deck
WP252024,2024,2024-11-16T06:00:00Z,13.20,125.60,JTWC b-deck
WP252024,2024,2024-11-16T06:00:00Z,13.20,125.60,JTWC b-deck
WP252024,2024,2024-11-16T12:00:00Z,13.90,124.60,JTWC b-deck
WP252024,2024,2024-11-16T12:00:00Z,13.90,124.60,JTWC b-deck
WP252024,2024,2024-11-16T12:00:00Z,13.90,124.60,JTWC b-deck
WP252024,2024,2024-11-16T18:00:00Z,14.30,123.80,JTWC b-deck
WP252024,2024,2024-11-16T18:00:00Z,14.30,123.80,JTWC b-deck
WP252024,2024,2024-11-16T18:00:00Z,14.30,123.80,JTWC b-deck
WP252024,2024,2024-11-17T00:00:00Z,15.00,122.90,JTWC b-deck
WP252024,2024,2024-11-17T00:00:00Z,15.00,122.90,JTWC b-deck
WP252024,2024,2024-11-17T00:00:00Z,15.00,122.90,JTWC b-deck
WP252024,2024,2024-11-17T06:00:00Z,15.80,121.90,JTWC b-deck
WP252024,2024,2024-11-17T06:00:00Z,15.80,121.90,JTWC b-deck
WP252024,2024,2024-11-17T06:00:00Z,15.80,121.90,JTWC b-deck
WP252024,2024,2024-11-17T12:00:00Z,16.40,120.80,JTWC b-deck
WP252024,2024,2024-11-17T12:00:00Z,16.40,120.80,JTWC b-deck
WP252024,2024,2024-11-17T12:00:00Z,16.40,120.80,JTWC b-deck
WP252024,2024,2024-11-17T18:00:00Z,17.70,119.30,JTWC b-deck
WP252024,2024,2024-11-17T18:00:00Z,17.70,119.30,JTWC b-deck
WP252024,2024,2024-11-17T18:00:00Z,17.70,119.30,JTWC b-deck
WP252024,2024,2024-11-18T00:00:00Z,18.20,118.30,JTWC b-deck
WP252024,2024,2024-11-18T00:00:00Z,18.20,118.30,JTWC b-deck
WP252024,2024,2024-11-18T06:00:00Z,18.60,117.00,JTWC b-deck
WP252024,2024,2024-11-18T06:00:00Z,18.60,117.00,JTWC b-deck
WP252024,2024,2024-11-18T12:00:00Z,18.60,116.30,JTWC b-deck
WP252024,2024,2024-11-18T12:00:00Z,18.60,116.30,JTWC b-deck
WP252024,2024,2024-11-18T18:00:00Z,18.80,115.30,JTWC b-deck
WP252024,2024,2024-11-19T00:00:00Z,19.00,113.70,JTWC b-deck
WP252024,2024,2024-11-19T06:00:00Z,18.80,112.90,JTWC b-deck
WP252024,2024,2024-11-19T12:00:00Z,18.10,111.80,JTWC b-deck
WP252024,2024,2024-11-19T18:00:00Z,17.40,111.20,JTWC b-deck
WP252025,2025,2025-09-18T12:00:00Z,23.50,163.00,IBTrACS v04r01 (CMA)
WP252025,2025,2025-09-18T15:00:00Z,23.50,162.60,IBTrACS v04r01 (CMA)
WP252025,2025,2025-09-18T18:00:00Z,23.60,162.30,IBTrACS v04r01 (CMA)
WP252025,2025,2025-09-18T21:00:00Z,23.70,161.80,IBTrACS v04r01 (CMA)
WP252025,2025,2025-09-19T00:00:00Z,23.80,161.30,IBTrACS v04r01 (CMA)
WP252025,2025,2025-09-19T03:00:00Z,23.90,160.80,IBTrACS v04r01 (CMA)
WP252025,2025,2025-09-19T06:00:00Z,24.10,160.30,IBTrACS v04r01 (CMA)
WP252025,2025,2025-09-19T09:00:00Z,24.40,159.70,IBTrACS v04r01 (CMA)
WP252025,2025,2025-09-19T12:00:00Z,24.70,159.10,IBTrACS v04r01 (CMA)
WP252025,2025,2025-09-19T15:00:00Z,24.90,158.60,IBTrACS v04r01 (CMA)
WP252025,2025,2025-09-19T18:00:00Z,25.10,158.10,IBTrACS v04r01 (CMA)
WP252025,2025,2025-09-19T21:00:00Z,25.20,157.40,IBTrACS v04r01 (CMA)
WP252025,2025,2025-09-20T00:00:00Z,25.40,156.80,IBTrACS v04r01 (CMA)
WP252025,2025,2025-09-20T03:00:00Z,25.60,156.40,IBTrACS v04r01 (CMA)
WP252025,2025,2025-09-20T06:00:00Z,25.90,156.00,IBTrACS v04r01 (CMA)
WP252025,2025,2025-09-20T09:00:00Z,26.10,155.50,IBTrACS v04r01 (CMA)
WP252025,2025,2025-09-20T12:00:00Z,26.30,155.00,IBTrACS v04r01 (CMA)
WP252025,2025,2025-09-20T15:00:00Z,26.50,154.40,IBTrACS v04r01 (CMA)
WP252025,2025,2025-09-20T18:00:00Z,26.80,153.80,IBTrACS v04r01 (CMA)
WP252025,2025,2025-09-20T21:00:00Z,27.00,153.20,IBTrACS v04r01 (CMA)
WP252025,2025,2025-09-21T00:00:00Z,27.30,152.70,IBTrACS v04r01 (CMA)
WP252025,2025,2025-09-21T03:00:00Z,27.50,152.20,IBTrACS v04r01 (CMA)
WP252025,2025,2025-09-21T06:00:00Z,27.80,151.80,IBTrACS v04r01 (CMA)
WP252025,2025,2025-09-21T09:00:00Z,28.10,151.50,IBTrACS v04r01 (CMA)
WP252025,2025,2025-09-21T12:00:00Z,28.50,151.30,IBTrACS v04r01 (CMA)
WP252025,2025,2025-09-21T15:00:00Z,28.90,151.10,IBTrACS v04r01 (CMA)
WP252025,2025,2025-09-21T18:00:00Z,29.30,150.90,IBTrACS v04r01 (CMA)
WP252025,2025,2025-09-21T21:00:00Z,29.50,150.90,IBTrACS v04r01 (CMA)
WP252025,2025,2025-09-22T00:00:00Z,29.70,151.00,IBTrACS v04r01 (CMA)
WP252025,2025,2025-09-22T03:00:00Z,30.00,151.30,IBTrACS v04r01 (CMA)
WP252025,2025,2025-09-22T06:00:00Z,30.20,151.70,IBTrACS v04r01 (CMA)
WP252025,2025,2025-09-22T09:00:00Z,30.30,152.00,IBTrACS v04r01 (CMA)
WP252025,2025,2025-09-22T12:00:00Z,30.40,152.30,IBTrACS v04r01 (CMA)
WP252025,2025,2025-09-22T15:00:00Z,30.40,152.60,IBTrACS v04r01 (CMA)
WP252025,2025,2025-09-22T18:00:00Z,30.40,152.80,IBTrACS v04r01 (CMA)
WP252025,2025,2025-09-22T21:00:00Z,30.40,153.00,IBTrACS v04r01 (CMA)
WP252025,2025,2025-09-23T00:00:00Z,30.50,153.20,IBTrACS v04r01 (CMA)
WP252025,2025,2025-09-23T03:00:00Z,30.60,153.30,IBTrACS v04r01 (CMA)
WP252025,2025,2025-09-23T06:00:00Z,30.60,153.40,IBTrACS v04r01 (CMA)
WP252025,2025,2025-09-23T09:00:00Z,30.60,153.50,IBTrACS v04r01 (CMA)
WP252025,2025,2025-09-23T12:00:00Z,30.60,153.60,IBTrACS v04r01 (CMA)
WP252025,2025,2025-09-23T15:00:00Z,30.60,153.70,IBTrACS v04r01 (CMA)
WP252025,2025,2025-09-23T18:00:00Z,30.50,153.90,IBTrACS v04r01 (CMA)
WP252025,2025,2025-09-23T21:00:00Z,30.40,154.20,IBTrACS v04r01 (CMA)
WP252025,2025,2025-09-24T00:00:00Z,30.40,154.50,IBTrACS v04r01 (CMA)
WP252025,2025,2025-09-24T03:00:00Z,30.40,154.90,IBTrACS v04r01 (CMA)
WP252025,2025,2025-09-24T06:00:00Z,30.60,155.40,IBTrACS v04r01 (CMA)
WP252025,2025,2025-09-24T09:00:00Z,30.80,156.00,IBTrACS v04r01 (CMA)
WP252025,2025,2025-09-24T12:00:00Z,31.20,156.60,IBTrACS v04r01 (CMA)
WP252025,2025,2025-09-24T15:00:00Z,31.70,157.10,IBTrACS v04r01 (CMA)
WP252025,2025,2025-09-24T18:00:00Z,32.30,157.40,IBTrACS v04r01 (CMA)
WP252025,2025,2025-09-24T21:00:00Z,32.70,157.40,IBTrACS v04r01 (CMA)
WP252025,2025,2025-09-25T00:00:00Z,33.00,157.10,IBTrACS v04r01 (CMA)
WP252025,2025,2025-09-25T03:00:00Z,33.00,156.60,IBTrACS v04r01 (CMA)
WP252025,2025,2025-09-25T06:00:00Z,32.90,156.00,IBTrACS v04r01 (CMA)
WP252025,2025,2025-09-25T09:00:00Z,32.70,155.40,IBTrACS v04r01 (CMA)
WP252025,2025,2025-09-25T12:00:00Z,32.40,154.90,IBTrACS v04r01 (CMA)
WP252025,2025,2025-09-25T15:00:00Z,32.20,154.40,IBTrACS v04r01 (CMA)
WP252025,2025,2025-09-25T18:00:00Z,32.00,154.00,IBTrACS v04r01 (CMA)
WP252025,2025,2025-09-25T21:00:00Z,31.80,153.80,IBTrACS v04r01 (CMA)
WP252025,2025,2025-09-26T00:00:00Z,31.80,153.80,IBTrACS v04r01 (CMA)
WP252025,2025,2025-09-26T03:00:00Z,32.00,153.70,IBTrACS v04r01 (CMA)
WP252025,2025,2025-09-26T06:00:00Z,32.10,153.60,IBTrACS v04r01 (CMA)
WP252025,2025,2025-09-26T09:00:00Z,32.00,153.70,IBTrACS v04r01 (CMA)
WP252025,2025,2025-09-26T12:00:00Z,31.90,153.90,IBTrACS v04r01 (CMA)
WP252025,2025,2025-09-26T15:00:00Z,31.80,154.00,IBTrACS v04r01 (CMA)
WP252025,2025,2025-09-26T18:00:00Z,31.70,154.30,IBTrACS v04r01 (CMA)
WP252025,2025,2025-09-26T21:00:00Z,31.60,154.80,IBTrACS v04r01 (CMA)
WP252025,2025,2025-09-27T00:00:00Z,31.50,155.50,IBTrACS v04r01 (CMA)
WP252025,2025,2025-09-27T03:00:00Z,31.60,156.30,IBTrACS v04r01 (CMA)
WP252025,2025,2025-09-27T06:00:00Z,31.80,157.10,IBTrACS v04r01 (CMA)
WP252025,2025,2025-09-27T09:00:00Z,32.00,157.80,IBTrACS v04r01 (CMA)
WP252025,2025,2025-09-27T12:00:00Z,32.30,158.60,IBTrACS v04r01 (CMA)
WP252025,2025,2025-09-27T15:00:00Z,32.70,159.50,IBTrACS v04r01 (CMA)
WP252025,2025,2025-09-27T18:00:00Z,33.20,160.40,IBTrACS v04r01 (CMA)
WP252025,2025,2025-09-27T21:00:00Z,33.70,161.40,IBTrACS v04r01 (CMA)
WP252025,2025,2025-09-28T00:00:00Z,34.30,162.40,IBTrACS v04r01 (CMA)
WP252025,2025,2025-09-28T03:00:00Z,35.00,163.50,IBTrACS v04r01 (CMA)
WP252025,2025,2025-09-28T06:00:00Z,35.80,164.70,IBTrACS v04r01 (CMA)
WP252025,2025,2025-09-28T09:00:00Z,36.80,166.00,IBTrACS v04r01 (CMA)
WP252025,2025,2025-09-28T12:00:00Z,38.00,167.40,IBTrACS v04r01 (CMA)
WP252025,2025,2025-09-28T15:00:00Z,39.20,168.60,IBTrACS v04r01 (CMA)
WP252025,2025,2025-09-28T18:00:00Z,40.40,169.80,IBTrACS v04r01 (CMA)
WP252025,2025,2025-09-28T21:00:00Z,41.40,170.90,IBTrACS v04r01 (CMA)
WP252025,2025,2025-09-29T00:00:00Z,42.30,172.20,IBTrACS v04r01 (CMA)
WP252025,2025,2025-09-29T03:00:00Z,43.20,174.00,IBTrACS v04r01 (CMA)
WP262017,2017,2017-10-18T06:00:00Z,9.10,115.80,JTWC b-deck
WP262017,2017,2017-10-18T12:00:00Z,9.40,116.20,JTWC b-deck
WP262017,2017,2017-10-18T18:00:00Z,9.80,116.60,JTWC b-deck
WP262017,2017,2017-10-19T00:00:00Z,10.40,117.10,JTWC b-deck
WP262017,2017,2017-10-19T06:00:00Z,10.80,117.80,JTWC b-deck
WP262017,2017,2017-10-19T12:00:00Z,11.10,118.50,JTWC b-deck
WP262017,2017,2017-10-19T18:00:00Z,11.40,119.40,JTWC b-deck
WP262017,2017,2017-10-20T00:00:00Z,11.70,120.50,JTWC b-deck
WP262018,2018,2018-09-06T18:00:00Z,12.00,169.30,JTWC b-deck
WP262018,2018,2018-09-07T00:00:00Z,12.20,168.00,JTWC b-deck
WP262018,2018,2018-09-07T06:00:00Z,12.40,166.60,JTWC b-deck
WP262018,2018,2018-09-07T12:00:00Z,12.80,165.30,JTWC b-deck
WP262018,2018,2018-09-07T18:00:00Z,13.30,163.60,JTWC b-deck
WP262018,2018,2018-09-08T00:00:00Z,13.60,162.40,JTWC b-deck
WP262018,2018,2018-09-08T06:00:00Z,14.20,160.80,JTWC b-deck
WP262018,2018,2018-09-08T12:00:00Z,14.70,158.90,JTWC b-deck
WP262018,2018,2018-09-08T12:00:00Z,14.70,158.90,JTWC b-deck
WP262018,2018,2018-09-08T18:00:00Z,15.00,156.80,JTWC b-deck
WP262018,2018,2018-09-08T18:00:00Z,15.00,156.80,JTWC b-deck
WP262018,2018,2018-09-09T00:00:00Z,15.20,154.80,JTWC b-deck
WP262018,2018,2018-09-09T00:00:00Z,15.20,154.80,JTWC b-deck
WP262018,2018,2018-09-09T00:00:00Z,15.20,154.80,JTWC b-deck
WP262018,2018,2018-09-09T06:00:00Z,15.30,153.20,JTWC b-deck
WP262018,2018,2018-09-09T06:00:00Z,15.30,153.20,JTWC b-deck
WP262018,2018,2018-09-09T06:00:00Z,15.30,153.20,JTWC b-deck
WP262018,2018,2018-09-09T12:00:00Z,15.20,151.10,JTWC b-deck
WP262018,2018,2018-09-09T12:00:00Z,15.20,151.10,JTWC b-deck
WP262018,2018,2018-09-09T12:00:00Z,15.20,151.10,JTWC b-deck
WP262018,2018,2018-09-09T18:00:00Z,14.80,149.10,JTWC b-deck
WP262018,2018,2018-09-09T18:00:00Z,14.80,149.10,JTWC b-deck
WP262018,2018,2018-09-09T18:00:00Z,14.80,149.10,JTWC b-deck
WP262018,2018,2018-09-10T00:00:00Z,14.50,147.40,JTWC b-deck
WP262018,2018,2018-09-10T00:00:00Z,14.50,147.40,JTWC b-deck
WP262018,2018,2018-09-10T00:00:00Z,14.50,147.40,JTWC b-deck
WP262018,2018,2018-09-10T06:00:00Z,14.30,145.60,JTWC b-deck
WP262018,2018,2018-09-10T06:00:00Z,14.30,145.60,JTWC b-deck
WP262018,2018,2018-09-10T06:00:00Z,14.30,145.60,JTWC b-deck
WP262018,2018,2018-09-10T12:00:00Z,14.10,144.20,JTWC b-deck
WP262018,2018,2018-09-10T12:00:00Z,14.10,144.20,JTWC b-deck
WP262018,2018,2018-09-10T12:00:00Z,14.10,144.20,JTWC b-deck
WP262018,2018,2018-09-10T18:00:00Z,13.90,142.70,JTWC b-deck
WP262018,2018,2018-09-10T18:00:00Z,13.90,142.70,JTWC b-deck
WP262018,2018,2018-09-10T18:00:00Z,13.90,142.70,JTWC b-deck
WP262018,2018,2018-09-11T00:00:00Z,13.90,141.20,JTWC b-deck
WP262018,2018,2018-09-11T00:00:00Z,13.90,141.20,JTWC b-deck
WP262018,2018,2018-09-11T00:00:00Z,13.90,141.20,JTWC b-deck
WP262018,2018,2018-09-11T06:00:00Z,13.90,139.80,JTWC b-deck
WP262018,2018,2018-09-11T06:00:00Z,13.90,139.80,JTWC b-deck
WP262018,2018,2018-09-11T06:00:00Z,13.90,139.80,JTWC b-deck
WP262018,2018,2018-09-11T12:00:00Z,13.80,138.70,JTWC b-deck
WP262018,2018,2018-09-11T12:00:00Z,13.80,138.70,JTWC b-deck
WP262018,2018,2018-09-11T12:00:00Z,13.80,138.70,JTWC b-deck
WP262018,2018,2018-09-11T18:00:00Z,13.90,137.30,JTWC b-deck
WP262018,2018,2018-09-11T18:00:00Z,13.90,137.30,JTWC b-deck
WP262018,2018,2018-09-11T18:00:00Z,13.90,137.30,JTWC b-deck
WP262018,2018,2018-09-12T00:00:00Z,13.90,136.20,JTWC b-deck
WP262018,2018,2018-09-12T00:00:00Z,13.90,136.20,JTWC b-deck
WP262018,2018,2018-09-12T00:00:00Z,13.90,136.20,JTWC b-deck
WP262018,2018,2018-09-12T06:00:00Z,14.00,135.20,JTWC b-deck
WP262018,2018,2018-09-12T06:00:00Z,14.00,135.20,JTWC b-deck
WP262018,2018,2018-09-12T06:00:00Z,14.00,135.20,JTWC b-deck
WP262018,2018,2018-09-12T12:00:00Z,14.20,133.90,JTWC b-deck
WP262018,2018,2018-09-12T12:00:00Z,14.20,133.90,JTWC b-deck
WP262018,2018,2018-09-12T12:00:00Z,14.20,133.90,JTWC b-deck
WP262018,2018,2018-09-12T18:00:00Z,14.30,132.50,JTWC b-deck
WP262018,2018,2018-09-12T18:00:00Z,14.30,132.50,JTWC b-deck
WP262018,2018,2018-09-12T18:00:00Z,14.30,132.50,JTWC b-deck
WP262018,2018,2018-09-13T00:00:00Z,14.50,131.30,JTWC b-deck
WP262018,2018,2018-09-13T00:00:00Z,14.50,131.30,JTWC b-deck
WP262018,2018,2018-09-13T00:00:00Z,14.50,131.30,JTWC b-deck
WP262018,2018,2018-09-13T06:00:00Z,14.70,130.10,JTWC b-deck
WP262018,2018,2018-09-13T06:00:00Z,14.70,130.10,JTWC b-deck
WP262018,2018,2018-09-13T06:00:00Z,14.70,130.10,JTWC b-deck
WP262018,2018,2018-09-13T12:00:00Z,14.90,129.00,JTWC b-deck
WP262018,2018,2018-09-13T12:00:00Z,14.90,129.00,JTWC b-deck
WP262018,2018,2018-09-13T12:00:00Z,14.90,129.00,JTWC b-deck
WP262018,2018,2018-09-13T18:00:00Z,15.30,127.90,JTWC b-deck
WP262018,2018,2018-09-13T18:00:00Z,15.30,127.90,JTWC b-deck
WP262018,2018,2018-09-13T18:00:00Z,15.30,127.90,JTWC b-deck
WP262018,2018,2018-09-14T00:00:00Z,15.90,126.90,JTWC b-deck
WP262018,2018,2018-09-14T00:00:00Z,15.90,126.90,JTWC b-deck
WP262018,2018,2018-09-14T00:00:00Z,15.90,126.90,JTWC b-deck
WP262018,2018,2018-09-14T06:00:00Z,16.80,125.60,JTWC b-deck
WP262018,2018,2018-09-14T06:00:00Z,16.80,125.60,JTWC b-deck
WP262018,2018,2018-09-14T06:00:00Z,16.80,125.60,JTWC b-deck
WP262018,2018,2018-09-14T12:00:00Z,17.40,124.10,JTWC b-deck
WP262018,2018,2018-09-14T12:00:00Z,17.40,124.10,JTWC b-deck
WP262018,2018,2018-09-14T12:00:00Z,17.40,124.10,JTWC b-deck
WP262018,2018,2018-09-14T18:00:00Z,17.90,122.30,JTWC b-deck
WP262018,2018,2018-09-14T18:00:00Z,17.90,122.30,JTWC b-deck
WP262018,2018,2018-09-14T18:00:00Z,17.90,122.30,JTWC b-deck
WP262018,2018,2018-09-15T00:00:00Z,18.20,120.90,JTWC b-deck
WP262018,2018,2018-09-15T00:00:00Z,18.20,120.90,JTWC b-deck
WP262018,2018,2018-09-15T00:00:00Z,18.20,120.90,JTWC b-deck
WP262018,2018,2018-09-15T06:00:00Z,18.60,119.60,JTWC b-deck
WP262018,2018,2018-09-15T06:00:00Z,18.60,119.60,JTWC b-deck
WP262018,2018,2018-09-15T06:00:00Z,18.60,119.60,JTWC b-deck
WP262018,2018,2018-09-15T12:00:00Z,19.20,118.20,JTWC b-deck
WP262018,2018,2018-09-15T12:00:00Z,19.20,118.20,JTWC b-deck
WP262018,2018,2018-09-15T12:00:00Z,19.20,118.20,JTWC b-deck
WP262018,2018,2018-09-15T18:00:00Z,19.80,116.90,JTWC b-deck
WP262018,2018,2018-09-15T18:00:00Z,19.80,116.90,JTWC b-deck
WP262018,2018,2018-09-15T18:00:00Z,19.80,116.90,JTWC b-deck
WP262018,2018,2018-09-16T00:00:00Z,20.80,115.30,JTWC b-deck
WP262018,2018,2018-09-16T00:00:00Z,20.80,115.30,JTWC b-deck
WP262018,2018,2018-09-16T00:00:00Z,20.80,115.30,JTWC b-deck
WP262018,2018,2018-09-16T06:00:00Z,21.40,113.60,JTWC b-deck
WP262018,2018,2018-09-16T06:00:00Z,21.40,113.60,JTWC b-deck
WP262018,2018,2018-09-16T06:00:00Z,21.40,113.60,JTWC b-deck
WP262018,2018,2018-09-16T12:00:00Z,22.10,111.40,JTWC b-deck
WP262018,2018,2018-09-16T12:00:00Z,22.10,111.40,JTWC b-deck
WP262018,2018,2018-09-16T12:00:00Z,22.10,111.40,JTWC b-deck
WP262018,2018,2018-09-16T18:00:00Z,22.40,109.90,JTWC b-deck
WP262018,2018,2018-09-16T18:00:00Z,22.40,109.90,JTWC b-deck
WP262018,2018,2018-09-17T00:00:00Z,23.00,108.50,JTWC b-deck
WP262018,2018,2018-09-17T06:00:00Z,23.40,106.90,JTWC b-deck
WP262018,2018,2018-09-17T12:00:00Z,23.70,105.30,JTWC b-deck
WP262019,2019,2019-11-09T18:00:00Z,10.70,171.50,JTWC b-deck
WP262019,2019,2019-11-10T00:00:00Z,11.00,170.60,JTWC b-deck
WP262019,2019,2019-11-10T06:00:00Z,11.40,170.00,JTWC b-deck
WP262019,2019,2019-11-10T12:00:00Z,12.10,169.50,JTWC b-deck
WP262019,2019,2019-11-10T18:00:00Z,12.80,168.90,JTWC b-deck
WP262019,2019,2019-11-11T00:00:00Z,13.30,168.00,JTWC b-deck
WP262019,2019,2019-11-11T06:00:00Z,14.00,166.60,JTWC b-deck
WP262019,2019,2019-11-11T12:00:00Z,14.30,165.00,JTWC b-deck
WP262019,2019,2019-11-11T18:00:00Z,14.70,163.60,JTWC b-deck
WP262019,2019,2019-11-12T00:00:00Z,15.10,162.40,JTWC b-deck
WP262019,2019,2019-11-12T06:00:00Z,15.60,160.70,JTWC b-deck
WP262019,2019,2019-11-12T12:00:00Z,16.20,159.30,JTWC b-deck
WP262019,2019,2019-11-12T18:00:00Z,16.80,157.70,JTWC b-deck
WP262019,2019,2019-11-13T00:00:00Z,17.20,156.00,JTWC b-deck
WP262019,2019,2019-11-13T06:00:00Z,17.00,154.50,JTWC b-deck
WP262019,2019,2019-11-13T12:00:00Z,17.00,153.00,JTWC b-deck
WP262019,2019,2019-11-13T18:00:00Z,17.00,151.40,JTWC b-deck
WP262019,2019,2019-11-14T00:00:00Z,17.00,149.60,JTWC b-deck
WP262019,2019,2019-11-14T00:00:00Z,17.00,149.60,JTWC b-deck
WP262019,2019,2019-11-14T06:00:00Z,17.10,148.00,JTWC b-deck
WP262019,2019,2019-11-14T06:00:00Z,17.10,148.00,JTWC b-deck
WP262019,2019,2019-11-14T12:00:00Z,17.50,146.50,JTWC b-deck
WP262019,2019,2019-11-14T12:00:00Z,17.50,146.50,JTWC b-deck
WP262019,2019,2019-11-14T18:00:00Z,18.20,145.00,JTWC b-deck
WP262019,2019,2019-11-14T18:00:00Z,18.20,145.00,JTWC b-deck
WP262019,2019,2019-11-14T18:00:00Z,18.20,145.00,JTWC b-deck
WP262019,2019,2019-11-15T00:00:00Z,19.00,143.60,JTWC b-deck
WP262019,2019,2019-11-15T00:00:00Z,19.00,143.60,JTWC b-deck
WP262019,2019,2019-11-15T00:00:00Z,19.00,143.60,JTWC b-deck
WP262019,2019,2019-11-15T06:00:00Z,20.10,142.60,JTWC b-deck
WP262019,2019,2019-11-15T06:00:00Z,20.10,142.60,JTWC b-deck
WP262019,2019,2019-11-15T06:00:00Z,20.10,142.60,JTWC b-deck
WP262019,2019,2019-11-15T12:00:00Z,21.20,142.20,JTWC b-deck
WP262019,2019,2019-11-15T12:00:00Z,21.20,142.20,JTWC b-deck
WP262019,2019,2019-11-15T12:00:00Z,21.20,142.20,JTWC b-deck
WP262019,2019,2019-11-15T18:00:00Z,22.40,142.50,JTWC b-deck
WP262019,2019,2019-11-15T18:00:00Z,22.40,142.50,JTWC b-deck
WP262019,2019,2019-11-15T18:00:00Z,22.40,142.50,JTWC b-deck
WP262019,2019,2019-11-16T00:00:00Z,23.80,143.30,JTWC b-deck
WP262019,2019,2019-11-16T00:00:00Z,23.80,143.30,JTWC b-deck
WP262019,2019,2019-11-16T00:00:00Z,23.80,143.30,JTWC b-deck
WP262019,2019,2019-11-16T06:00:00Z,24.90,144.80,JTWC b-deck
WP262019,2019,2019-11-16T06:00:00Z,24.90,144.80,JTWC b-deck
WP262019,2019,2019-11-16T06:00:00Z,24.90,144.80,JTWC b-deck
WP262019,2019,2019-11-16T12:00:00Z,25.90,146.80,JTWC b-deck
WP262019,2019,2019-11-16T12:00:00Z,25.90,146.80,JTWC b-deck
WP262019,2019,2019-11-16T12:00:00Z,25.90,146.80,JTWC b-deck
WP262019,2019,2019-11-16T18:00:00Z,26.40,149.30,JTWC b-deck
WP262019,2019,2019-11-16T18:00:00Z,26.40,149.30,JTWC b-deck
WP262019,2019,2019-11-16T18:00:00Z,26.40,149.30,JTWC b-deck
WP262019,2019,2019-11-17T00:00:00Z,26.60,152.20,JTWC b-deck
WP262019,2019,2019-11-17T00:00:00Z,26.60,152.20,JTWC b-deck
WP262019,2019,2019-11-17T00:00:00Z,26.60,152.20,JTWC b-deck
WP262019,2019,2019-11-17T06:00:00Z,26.70,155.30,JTWC b-deck
WP262019,2019,2019-11-17T06:00:00Z,26.70,155.30,JTWC b-deck
WP262019,2019,2019-11-17T12:00:00Z,26.00,156.40,JTWC b-deck
WP262019,2019,2019-11-17T18:00:00Z,25.00,157.80,JTWC b-deck
WP262019,2019,2019-11-18T00:00:00Z,23.80,158.40,JTWC b-deck
WP262019,2019,2019-11-18T06:00:00Z,22.20,157.70,JTWC b-deck
WP262019,2019,2019-11-18T12:00:00Z,20.80,156.00,JTWC b-deck
WP262020,2020,2020-12-17T12:00:00Z,5.80,129.00,JTWC b-deck
WP262020,2020,2020-12-17T18:00:00Z,6.50,127.80,JTWC b-deck
WP262020,2020,2020-12-18T00:00:00Z,6.90,127.00,JTWC b-deck
WP262020,2020,2020-12-18T06:00:00Z,7.80,126.00,JTWC b-deck
WP262020,2020,2020-12-18T12:00:00Z,8.30,124.00,JTWC b-deck
WP262020,2020,2020-12-18T18:00:00Z,8.90,122.30,JTWC b-deck
WP262020,2020,2020-12-19T00:00:00Z,9.00,120.80,JTWC b-deck
WP262020,2020,2020-12-19T06:00:00Z,9.10,120.10,JTWC b-deck
WP262020,2020,2020-12-19T12:00:00Z,9.60,119.20,JTWC b-deck
WP262020,2020,2020-12-19T18:00:00Z,10.00,117.40,JTWC b-deck
WP262020,2020,2020-12-20T00:00:00Z,10.30,115.50,JTWC b-deck
WP262020,2020,2020-12-20T06:00:00Z,10.10,115.00,JTWC b-deck
WP262020,2020,2020-12-20T12:00:00Z,9.90,114.30,JTWC b-deck
WP262020,2020,2020-12-20T18:00:00Z,9.60,114.00,JTWC b-deck
WP262020,2020,2020-12-21T00:00:00Z,9.40,113.60,JTWC b-deck
WP262020,2020,2020-12-21T06:00:00Z,9.20,113.00,JTWC b-deck
WP262020,2020,2020-12-21T12:00:00Z,8.80,112.20,JTWC b-deck
WP262020,2020,2020-12-21T18:00:00Z,8.50,111.60,JTWC b-deck
WP262020,2020,2020-12-22T00:00:00Z,7.90,111.00,JTWC b-deck
WP262020,2020,2020-12-22T06:00:00Z,7.70,110.60,JTWC b-deck
WP262020,2020,2020-12-22T12:00:00Z,7.60,109.90,JTWC b-deck
WP262020,2020,2020-12-22T18:00:00Z,8.00,109.20,JTWC b-deck
WP262020,2020,2020-12-23T00:00:00Z,8.30,108.30,JTWC b-deck
WP262020,2020,2020-12-23T06:00:00Z,8.30,107.20,JTWC b-deck
WP262020,2020,2020-12-23T12:00:00Z,8.10,106.40,JTWC b-deck
WP262020,2020,2020-12-23T18:00:00Z,7.90,105.40,JTWC b-deck
WP262020,2020,2020-12-24T00:00:00Z,7.60,104.00,JTWC b-deck
WP262020,2020,2020-12-24T06:00:00Z,7.70,102.80,JTWC b-deck
WP262020,2020,2020-12-24T12:00:00Z,8.10,101.80,JTWC b-deck
WP262020,2020,2020-12-24T18:00:00Z,8.40,100.90,JTWC b-deck
WP262020,2020,2020-12-25T00:00:00Z,9.70,99.60,JTWC b-deck
WP262020,2020,2020-12-25T06:00:00Z,10.10,97.80,JTWC b-deck
WP262020,2020,2020-12-25T12:00:00Z,11.30,97.00,JTWC b-deck
WP262021,2021,2021-10-22T12:00:00Z,5.80,127.20,JTWC b-deck
WP262021,2021,2021-10-22T18:00:00Z,6.50,124.10,JTWC b-deck
WP262021,2021,2021-10-23T00:00:00Z,7.40,121.30,JTWC b-deck
WP262021,2021,2021-10-23T06:00:00Z,8.30,120.40,JTWC b-deck
WP262021,2021,2021-10-23T12:00:00Z,9.00,119.60,JTWC b-deck
WP262021,2021,2021-10-23T18:00:00Z,10.40,118.70,JTWC b-deck
WP262021,2021,2021-10-24T00:00:00Z,10.70,117.10,JTWC b-deck
WP262021,2021,2021-10-24T06:00:00Z,10.80,116.20,JTWC b-deck
WP262021,2021,2021-10-24T12:00:00Z,10.90,115.60,JTWC b-deck
WP262021,2021,2021-10-24T18:00:00Z,11.00,114.50,JTWC b-deck
WP262021,2021,2021-10-25T00:00:00Z,11.40,113.70,JTWC b-deck
WP262021,2021,2021-10-25T06:00:00Z,11.30,112.60,JTWC b-deck
WP262021,2021,2021-10-25T12:00:00Z,10.90,112.40,JTWC b-deck
WP262021,2021,2021-10-25T18:00:00Z,10.80,112.10,JTWC b-deck
WP262021,2021,2021-10-26T00:00:00Z,11.30,111.70,JTWC b-deck
WP262021,2021,2021-10-26T06:00:00Z,11.70,111.00,JTWC b-deck
WP262021,2021,2021-10-26T12:00:00Z,11.80,110.40,JTWC b-deck
WP262021,2021,2021-10-26T18:00:00Z,12.00,109.60,JTWC b-deck
WP262021,2021,2021-10-26T22:00:00Z,12.10,109.20,JTWC b-deck
WP262021,2021,2021-10-27T00:00:00Z,12.20,109.00,JTWC b-deck
WP262021,2021,2021-10-27T06:00:00Z,12.60,108.30,JTWC b-deck
WP262022,2022,2022-10-26T00:00:00Z,12.20,133.80,JTWC b-deck
WP262022,2022,2022-10-26T06:00:00Z,12.10,133.00,JTWC b-deck
WP262022,2022,2022-10-26T12:00:00Z,12.00,132.20,JTWC b-deck
WP262022,2022,2022-10-26T18:00:00Z,11.90,131.40,JTWC b-deck
WP262022,2022,2022-10-27T00:00:00Z,11.90,130.60,JTWC b-deck
WP262022,2022,2022-10-27T06:00:00Z,12.00,130.10,JTWC b-deck
WP262022,2022,2022-10-27T12:00:00Z,12.10,129.60,JTWC b-deck
WP262022,2022,2022-10-27T18:00:00Z,12.10,128.80,JTWC b-deck
WP262022,2022,2022-10-28T00:00:00Z,12.00,127.80,JTWC b-deck
WP262022,2022,2022-10-28T06:00:00Z,12.20,126.60,JTWC b-deck
WP262022,2022,2022-10-28T12:00:00Z,13.00,125.30,JTWC b-deck
WP262022,2022,2022-10-28T12:00:00Z,13.00,125.30,JTWC b-deck
WP262022,2022,2022-10-28T18:00:00Z,13.50,123.90,JTWC b-deck
WP262022,2022,2022-10-28T18:00:00Z,13.50,123.90,JTWC b-deck
WP262022,2022,2022-10-29T00:00:00Z,13.80,122.30,JTWC b-deck
WP262022,2022,2022-10-29T00:00:00Z,13.80,122.30,JTWC b-deck
WP262022,2022,2022-10-29T06:00:00Z,13.80,122.30,JTWC b-deck
WP262022,2022,2022-10-29T06:00:00Z,13.80,122.30,JTWC b-deck
WP262022,2022,2022-10-29T12:00:00Z,14.60,121.00,JTWC b-deck
WP262022,2022,2022-10-29T18:00:00Z,15.80,119.90,JTWC b-deck
WP262022,2022,2022-10-30T00:00:00Z,15.60,118.50,JTWC b-deck
WP262022,2022,2022-10-30T03:00:00Z,15.50,117.90,JTWC b-deck
WP262022,2022,2022-10-30T06:00:00Z,15.50,117.70,JTWC b-deck
WP262022,2022,2022-10-30T12:00:00Z,15.40,117.50,JTWC b-deck
WP262022,2022,2022-10-30T18:00:00Z,15.80,117.30,JTWC b-deck
WP262022,2022,2022-10-31T00:00:00Z,16.40,117.00,JTWC b-deck
WP262022,2022,2022-10-31T00:00:00Z,16.40,117.00,JTWC b-deck
WP262022,2022,2022-10-31T06:00:00Z,17.30,116.60,JTWC b-deck
WP262022,2022,2022-10-31T06:00:00Z,17.30,116.60,JTWC b-deck
WP262022,2022,2022-10-31T06:00:00Z,17.30,116.60,JTWC b-deck
WP262022,2022,2022-10-31T12:00:00Z,17.60,116.40,JTWC b-deck
WP262022,2022,2022-10-31T12:00:00Z,17.60,116.40,JTWC b-deck
WP262022,2022,2022-10-31T12:00:00Z,17.60,116.40,JTWC b-deck
WP262022,2022,2022-10-31T18:00:00Z,18.10,116.10,JTWC b-deck
WP262022,2022,2022-10-31T18:00:00Z,18.10,116.10,JTWC b-deck
WP262022,2022,2022-10-31T18:00:00Z,18.10,116.10,JTWC b-deck
WP262022,2022,2022-11-01T00:00:00Z,18.40,116.00,JTWC b-deck
WP262022,2022,2022-11-01T00:00:00Z,18.40,116.00,JTWC b-deck
WP262022,2022,2022-11-01T00:00:00Z,18.40,116.00,JTWC b-deck
WP262022,2022,2022-11-01T06:00:00Z,19.30,115.80,JTWC b-deck
WP262022,2022,2022-11-01T06:00:00Z,19.30,115.80,JTWC b-deck
WP262022,2022,2022-11-01T12:00:00Z,19.90,115.60,JTWC b-deck
WP262022,2022,2022-11-01T12:00:00Z,19.90,115.60,JTWC b-deck
WP262022,2022,2022-11-01T18:00:00Z,20.60,115.30,JTWC b-deck
WP262022,2022,2022-11-01T18:00:00Z,20.60,115.30,JTWC b-deck
WP262022,2022,2022-11-02T00:00:00Z,20.90,115.10,JTWC b-deck
WP262022,2022,2022-11-02T06:00:00Z,21.10,114.80,JTWC b-deck
WP262022,2022,2022-11-02T12:00:00Z,21.40,114.60,JTWC b-deck
WP262022,2022,2022-11-02T18:00:00Z,21.90,114.00,JTWC b-deck
WP262022,2022,2022-11-03T00:00:00Z,22.40,113.00,JTWC b-deck
WP262024,2024,2024-11-07T06:00:00Z,13.90,144.60,JTWC b-deck
WP262024,2024,2024-11-07T12:00:00Z,14.30,143.00,JTWC b-deck
WP262024,2024,2024-11-07T18:00:00Z,14.80,141.30,JTWC b-deck
WP262024,2024,2024-11-08T00:00:00Z,14.80,139.00,JTWC b-deck
WP262024,2024,2024-11-08T06:00:00Z,14.50,137.60,JTWC b-deck
WP262024,2024,2024-11-08T12:00:00Z,14.50,136.30,JTWC b-deck
WP262024,2024,2024-11-08T18:00:00Z,14.60,134.60,JTWC b-deck
WP262024,2024,2024-11-09T00:00:00Z,14.40,133.10,JTWC b-deck
WP262024,2024,2024-11-09T06:00:00Z,14.40,131.60,JTWC b-deck
WP262024,2024,2024-11-09T12:00:00Z,14.80,130.10,JTWC b-deck
WP262024,2024,2024-11-09T12:00:00Z,14.80,130.10,JTWC b-deck
WP262024,2024,2024-11-09T18:00:00Z,15.10,128.50,JTWC b-deck
WP262024,2024,2024-11-09T18:00:00Z,15.10,128.50,JTWC b-deck
WP262024,2024,2024-11-10T00:00:00Z,15.20,126.80,JTWC b-deck
WP262024,2024,2024-11-10T00:00:00Z,15.20,126.80,JTWC b-deck
WP262024,2024,2024-11-10T06:00:00Z,15.20,125.70,JTWC b-deck
WP262024,2024,2024-11-10T06:00:00Z,15.20,125.70,JTWC b-deck
WP262024,2024,2024-11-10T06:00:00Z,15.20,125.70,JTWC b-deck
WP262024,2024,2024-11-10T12:00:00Z,15.50,124.50,JTWC b-deck
WP262024,2024,2024-11-10T12:00:00Z,15.50,124.50,JTWC b-deck
WP262024,2024,2024-11-10T12:00:00Z,15.50,124.50,JTWC b-deck
WP262024,2024,2024-11-10T18:00:00Z,15.90,123.20,JTWC b-deck
WP262024,2024,2024-11-10T18:00:00Z,15.90,123.20,JTWC b-deck
WP262024,2024,2024-11-10T18:00:00Z,15.90,123.20,JTWC b-deck
WP262024,2024,2024-11-11T00:00:00Z,16.40,122.30,JTWC b-deck
WP262024,2024,2024-11-11T00:00:00Z,16.40,122.30,JTWC b-deck
WP262024,2024,2024-11-11T00:00:00Z,16.40,122.30,JTWC b-deck
WP262024,2024,2024-11-11T06:00:00Z,17.00,121.00,JTWC b-deck
WP262024,2024,2024-11-11T06:00:00Z,17.00,121.00,JTWC b-deck
WP262024,2024,2024-11-11T06:00:00Z,17.00,121.00,JTWC b-deck
WP262024,2024,2024-11-11T12:00:00Z,17.90,120.00,JTWC b-deck
WP262024,2024,2024-11-11T18:00:00Z,18.30,119.00,JTWC b-deck
WP262024,2024,2024-11-12T00:00:00Z,18.70,118.60,JTWC b-deck
WP262024,2024,2024-11-12T06:00:00Z,19.20,118.00,JTWC b-deck
WP262024,2024,2024-11-12T12:00:00Z,19.80,117.40,JTWC b-deck
WP262024,2024,2024-11-12T18:00:00Z,19.90,116.80,JTWC b-deck
WP262024,2024,2024-11-13T00:00:00Z,20.20,116.20,JTWC b-deck
WP262024,2024,2024-11-13T06:00:00Z,20.60,115.40,JTWC b-deck
WP262024,2024,2024-11-13T12:00:00Z,20.80,115.00,JTWC b-deck
WP262024,2024,2024-11-13T18:00:00Z,21.00,114.60,JTWC b-deck
WP262024,2024,2024-11-14T00:00:00Z,21.10,114.20,JTWC b-deck
WP262024,2024,2024-11-14T06:00:00Z,21.20,113.80,JTWC b-deck
WP262024,2024,2024-11-14T12:00:00Z,21.20,113.50,JTWC b-deck
WP262024,2024,2024-11-14T18:00:00Z,21.10,113.30,JTWC b-deck
WP262024,2024,2024-11-15T00:00:00Z,21.00,113.00,JTWC b-deck
WP262024,2024,2024-11-15T06:00:00Z,20.50,113.30,JTWC b-deck
WP262024,2024,2024-11-15T12:00:00Z,20.20,113.70,JTWC b-deck
WP262025,2025,2025-09-23T12:00:00Z,9.80,134.50,IBTrACS v04r01 (CMA)
WP262025,2025,2025-09-23T15:00:00Z,9.70,134.10,IBTrACS v04r01 (CMA)
WP262025,2025,2025-09-23T18:00:00Z,9.60,133.70,IBTrACS v04r01 (CMA)
WP262025,2025,2025-09-23T21:00:00Z,9.70,133.30,IBTrACS v04r01 (CMA)
WP262025,2025,2025-09-24T00:00:00Z,9.80,132.80,IBTrACS v04r01 (CMA)
WP262025,2025,2025-09-24T03:00:00Z,9.90,132.30,IBTrACS v04r01 (CMA)
WP262025,2025,2025-09-24T06:00:00Z,10.00,131.90,IBTrACS v04r01 (CMA)
WP262025,2025,2025-09-24T09:00:00Z,10.10,131.50,IBTrACS v04r01 (CMA)
WP262025,2025,2025-09-24T12:00:00Z,10.30,131.10,IBTrACS v04r01 (CMA)
WP262025,2025,2025-09-24T15:00:00Z,10.50,130.60,IBTrACS v04r01 (CMA)
WP262025,2025,2025-09-24T18:00:00Z,10.70,130.00,IBTrACS v04r01 (CMA)
WP262025,2025,2025-09-24T21:00:00Z,10.90,129.50,IBTrACS v04r01 (CMA)
WP262025,2025,2025-09-25T00:00:00Z,11.00,129.00,IBTrACS v04r01 (CMA)
WP262025,2025,2025-09-25T03:00:00Z,11.10,128.50,IBTrACS v04r01 (CMA)
WP262025,2025,2025-09-25T06:00:00Z,11.20,128.00,IBTrACS v04r01 (CMA)
WP262025,2025,2025-09-25T09:00:00Z,11.40,127.50,IBTrACS v04r01 (CMA)
WP262025,2025,2025-09-25T12:00:00Z,11.60,126.80,IBTrACS v04r01 (CMA)
WP262025,2025,2025-09-25T15:00:00Z,11.90,125.90,IBTrACS v04r01 (CMA)
WP262025,2025,2025-09-25T18:00:00Z,12.10,124.80,IBTrACS v04r01 (CMA)
WP262025,2025,2025-09-25T21:00:00Z,12.20,123.70,IBTrACS v04r01 (CMA)
WP262025,2025,2025-09-26T00:00:00Z,12.30,122.70,IBTrACS v04r01 (CMA)
WP262025,2025,2025-09-26T03:00:00Z,12.50,121.80,IBTrACS v04r01 (CMA)
WP262025,2025,2025-09-26T06:00:00Z,12.80,121.00,IBTrACS v04r01 (CMA)
WP262025,2025,2025-09-26T09:00:00Z,13.00,120.10,IBTrACS v04r01 (CMA)
WP262025,2025,2025-09-26T12:00:00Z,13.20,119.20,IBTrACS v04r01 (CMA)
WP262025,2025,2025-09-26T15:00:00Z,13.50,118.30,IBTrACS v04r01 (CMA)
WP262025,2025,2025-09-26T18:00:00Z,13.80,117.40,IBTrACS v04r01 (CMA)
WP262025,2025,2025-09-26T21:00:00Z,14.20,116.50,IBTrACS v04r01 (CMA)
WP262025,2025,2025-09-27T00:00:00Z,14.60,115.60,IBTrACS v04r01 (CMA)
WP262025,2025,2025-09-27T03:00:00Z,14.90,114.70,IBTrACS v04r01 (CMA)
WP262025,2025,2025-09-27T06:00:00Z,15.20,113.80,IBTrACS v04r01 (CMA)
WP262025,2025,2025-09-27T09:00:00Z,15.50,113.00,IBTrACS v04r01 (CMA)
WP262025,2025,2025-09-27T12:00:00Z,15.70,112.20,IBTrACS v04r01 (CMA)
WP262025,2025,2025-09-27T15:00:00Z,15.80,111.40,IBTrACS v04r01 (CMA)
WP262025,2025,2025-09-27T18:00:00Z,16.00,110.70,IBTrACS v04r01 (CMA)
WP262025,2025,2025-09-27T21:00:00Z,16.20,110.00,IBTrACS v04r01 (CMA)
WP262025,2025,2025-09-28T00:00:00Z,16.50,109.40,IBTrACS v04r01 (CMA)
WP262025,2025,2025-09-28T03:00:00Z,16.80,108.70,IBTrACS v04r01 (CMA)
WP262025,2025,2025-09-28T06:00:00Z,17.10,108.10,IBTrACS v04r01 (CMA)
WP262025,2025,2025-09-28T09:00:00Z,17.40,107.60,IBTrACS v04r01 (CMA)
WP262025,2025,2025-09-28T12:00:00Z,17.70,107.10,IBTrACS v04r01 (CMA)
WP262025,2025,2025-09-28T15:00:00Z,18.00,106.70,IBTrACS v04r01 (CMA)
WP262025,2025,2025-09-28T18:00:00Z,18.20,106.20,IBTrACS v04r01 (CMA)
WP262025,2025,2025-09-28T21:00:00Z,18.40,105.70,IBTrACS v04r01 (CMA)
WP272017,2017,2017-10-19T06:00:00Z,12.70,150.80,JTWC b-deck
WP272017,2017,2017-10-19T12:00:00Z,12.20,151.60,JTWC b-deck
WP272017,2017,2017-10-19T18:00:00Z,11.90,151.90,JTWC b-deck
WP272017,2017,2017-10-20T00:00:00Z,11.50,151.90,JTWC b-deck
WP272017,2017,2017-10-20T06:00:00Z,11.70,151.60,JTWC b-deck
WP272017,2017,2017-10-20T12:00:00Z,12.30,151.00,JTWC b-deck
WP272017,2017,2017-10-20T18:00:00Z,12.40,150.30,JTWC b-deck
WP272017,2017,2017-10-21T00:00:00Z,12.10,149.60,JTWC b-deck
WP272017,2017,2017-10-21T06:00:00Z,12.00,148.80,JTWC b-deck
WP272017,2017,2017-10-21T12:00:00Z,11.70,148.30,JTWC b-deck
WP272017,2017,2017-10-21T18:00:00Z,11.20,147.70,JTWC b-deck
WP272017,2017,2017-10-22T00:00:00Z,10.20,147.50,JTWC b-deck
WP272017,2017,2017-10-22T06:00:00Z,9.10,148.30,JTWC b-deck
WP272017,2017,2017-10-22T12:00:00Z,9.00,148.30,JTWC b-deck
WP272017,2017,2017-10-22T18:00:00Z,9.10,147.90,JTWC b-deck
WP272017,2017,2017-10-23T00:00:00Z,9.10,147.50,JTWC b-deck
WP272017,2017,2017-10-23T06:00:00Z,9.20,146.90,JTWC b-deck
WP272017,2017,2017-10-23T12:00:00Z,9.60,145.90,JTWC b-deck
WP272017,2017,2017-10-23T18:00:00Z,10.50,145.00,JTWC b-deck
WP272017,2017,2017-10-24T00:00:00Z,11.80,143.20,JTWC b-deck
WP272017,2017,2017-10-24T06:00:00Z,12.70,141.40,JTWC b-deck
WP272017,2017,2017-10-24T12:00:00Z,13.00,138.70,JTWC b-deck
WP272017,2017,2017-10-24T18:00:00Z,13.60,137.10,JTWC b-deck
WP272017,2017,2017-10-25T00:00:00Z,14.50,135.90,JTWC b-deck
WP272017,2017,2017-10-25T06:00:00Z,15.30,135.30,JTWC b-deck
WP272017,2017,2017-10-25T12:00:00Z,16.50,134.40,JTWC b-deck
WP272017,2017,2017-10-25T18:00:00Z,17.20,133.50,JTWC b-deck
WP272017,2017,2017-10-26T00:00:00Z,17.80,132.70,JTWC b-deck
WP272017,2017,2017-10-26T06:00:00Z,18.80,132.00,JTWC b-deck
WP272017,2017,2017-10-26T12:00:00Z,19.60,131.30,JTWC b-deck
WP272017,2017,2017-10-26T18:00:00Z,20.40,130.50,JTWC b-deck
WP272017,2017,2017-10-27T00:00:00Z,21.40,129.70,JTWC b-deck
WP272017,2017,2017-10-27T06:00:00Z,22.40,129.00,JTWC b-deck
WP272017,2017,2017-10-27T12:00:00Z,23.20,128.30,JTWC b-deck
WP272017,2017,2017-10-27T12:00:00Z,23.20,128.30,JTWC b-deck
WP272017,2017,2017-10-27T18:00:00Z,24.40,128.00,JTWC b-deck
WP272017,2017,2017-10-27T18:00:00Z,24.40,128.00,JTWC b-deck
WP272017,2017,2017-10-28T00:00:00Z,25.60,128.00,JTWC b-deck
WP272017,2017,2017-10-28T00:00:00Z,25.60,128.00,JTWC b-deck
WP272017,2017,2017-10-28T06:00:00Z,27.10,128.40,JTWC b-deck
WP272017,2017,2017-10-28T06:00:00Z,27.10,128.40,JTWC b-deck
WP272017,2017,2017-10-28T06:00:00Z,27.10,128.40,JTWC b-deck
WP272017,2017,2017-10-28T12:00:00Z,28.50,129.40,JTWC b-deck
WP272017,2017,2017-10-28T12:00:00Z,28.50,129.40,JTWC b-deck
WP272017,2017,2017-10-28T12:00:00Z,28.50,129.40,JTWC b-deck
WP272017,2017,2017-10-28T18:00:00Z,29.90,130.60,JTWC b-deck
WP272017,2017,2017-10-28T18:00:00Z,29.90,130.60,JTWC b-deck
WP272017,2017,2017-10-29T00:00:00Z,31.40,132.80,JTWC b-deck
WP272017,2017,2017-10-29T00:00:00Z,31.40,132.80,JTWC b-deck
WP272017,2017,2017-10-29T06:00:00Z,32.80,136.30,JTWC b-deck
WP272017,2017,2017-10-29T06:00:00Z,32.80,136.30,JTWC b-deck
WP272017,2017,2017-10-29T12:00:00Z,34.60,140.90,JTWC b-deck
WP272017,2017,2017-10-29T12:00:00Z,34.60,140.90,JTWC b-deck
WP272018,2018,2018-09-08T12:00:00Z,20.50,122.10,JTWC b-deck
WP272018,2018,2018-09-08T18:00:00Z,20.90,122.30,JTWC b-deck
WP272018,2018,2018-09-09T00:00:00Z,21.00,122.70,JTWC b-deck
WP272018,2018,2018-09-09T06:00:00Z,21.40,123.00,JTWC b-deck
WP272018,2018,2018-09-09T12:00:00Z,22.00,123.10,JTWC b-deck
WP272018,2018,2018-09-09T18:00:00Z,21.90,122.40,JTWC b-deck
WP272018,2018,2018-09-10T00:00:00Z,21.70,121.90,JTWC b-deck
WP272018,2018,2018-09-10T06:00:00Z,21.50,121.40,JTWC b-deck
WP272018,2018,2018-09-10T12:00:00Z,21.40,120.70,JTWC b-deck
WP272018,2018,2018-09-10T18:00:00Z,20.90,119.70,JTWC b-deck
WP272018,2018,2018-09-11T00:00:00Z,20.80,119.00,JTWC b-deck
WP272018,2018,2018-09-11T06:00:00Z,20.80,118.20,JTWC b-deck
WP272018,2018,2018-09-11T12:00:00Z,20.70,117.40,JTWC b-deck
WP272018,2018,2018-09-11T18:00:00Z,20.70,116.40,JTWC b-deck
WP272018,2018,2018-09-12T00:00:00Z,20.80,115.40,JTWC b-deck
WP272018,2018,2018-09-12T06:00:00Z,20.90,114.50,JTWC b-deck
WP272018,2018,2018-09-12T12:00:00Z,20.80,113.30,JTWC b-deck
WP272018,2018,2018-09-12T18:00:00Z,20.80,112.20,JTWC b-deck
WP272018,2018,2018-09-13T00:00:00Z,21.20,110.70,JTWC b-deck
WP272018,2018,2018-09-13T06:00:00Z,21.30,109.70,JTWC b-deck
WP272018,2018,2018-09-13T12:00:00Z,21.20,108.30,JTWC b-deck
WP272018,2018,2018-09-13T18:00:00Z,21.80,106.70,JTWC b-deck
WP272019,2019,2019-11-11T12:00:00Z,11.50,133.10,JTWC b-deck
WP272019,2019,2019-11-11T18:00:00Z,11.60,132.60,JTWC b-deck
WP272019,2019,2019-11-12T00:00:00Z,11.70,132.20,JTWC b-deck
WP272019,2019,2019-11-12T06:00:00Z,11.70,132.00,JTWC b-deck
WP272019,2019,2019-11-12T12:00:00Z,11.90,131.30,JTWC b-deck
WP272019,2019,2019-11-12T18:00:00Z,12.20,130.20,JTWC b-deck
WP272019,2019,2019-11-13T00:00:00Z,12.70,129.10,JTWC b-deck
WP272019,2019,2019-11-13T06:00:00Z,12.90,128.60,JTWC b-deck
WP272019,2019,2019-11-13T12:00:00Z,13.20,128.30,JTWC b-deck
WP272019,2019,2019-11-13T18:00:00Z,13.70,127.80,JTWC b-deck
WP272019,2019,2019-11-14T00:00:00Z,14.50,127.30,JTWC b-deck
WP272019,2019,2019-11-14T06:00:00Z,15.10,126.80,JTWC b-deck
WP272019,2019,2019-11-14T12:00:00Z,15.20,126.40,JTWC b-deck
WP272019,2019,2019-11-14T18:00:00Z,15.40,126.20,JTWC b-deck
WP272019,2019,2019-11-15T00:00:00Z,15.60,126.40,JTWC b-deck
WP272019,2019,2019-11-15T06:00:00Z,15.80,126.30,JTWC b-deck
WP272019,2019,2019-11-15T12:00:00Z,15.90,126.30,JTWC b-deck
WP272019,2019,2019-11-15T18:00:00Z,16.00,126.30,JTWC b-deck
WP272019,2019,2019-11-16T00:00:00Z,15.80,126.10,JTWC b-deck
WP272019,2019,2019-11-16T06:00:00Z,15.70,126.10,JTWC b-deck
WP272019,2019,2019-11-16T12:00:00Z,15.50,125.90,JTWC b-deck
WP272019,2019,2019-11-16T18:00:00Z,15.60,125.40,JTWC b-deck
WP272019,2019,2019-11-17T00:00:00Z,16.10,125.00,JTWC b-deck
WP272019,2019,2019-11-17T06:00:00Z,16.60,124.90,JTWC b-deck
WP272019,2019,2019-11-17T12:00:00Z,16.80,124.60,JTWC b-deck
WP272019,2019,2019-11-17T18:00:00Z,17.10,124.10,JTWC b-deck
WP272019,2019,2019-11-17T18:00:00Z,17.10,124.10,JTWC b-deck
WP272019,2019,2019-11-18T00:00:00Z,17.50,123.60,JTWC b-deck
WP272019,2019,2019-11-18T00:00:00Z,17.50,123.60,JTWC b-deck
WP272019,2019,2019-11-18T06:00:00Z,18.20,123.30,JTWC b-deck
WP272019,2019,2019-11-18T06:00:00Z,18.20,123.30,JTWC b-deck
WP272019,2019,2019-11-18T06:00:00Z,18.20,123.30,JTWC b-deck
WP272019,2019,2019-11-18T12:00:00Z,18.90,123.00,JTWC b-deck
WP272019,2019,2019-11-18T12:00:00Z,18.90,123.00,JTWC b-deck
WP272019,2019,2019-11-18T12:00:00Z,18.90,123.00,JTWC b-deck
WP272019,2019,2019-11-18T18:00:00Z,19.00,122.60,JTWC b-deck
WP272019,2019,2019-11-18T18:00:00Z,19.00,122.60,JTWC b-deck
WP272019,2019,2019-11-18T18:00:00Z,19.00,122.60,JTWC b-deck
WP272019,2019,2019-11-19T00:00:00Z,19.20,122.50,JTWC b-deck
WP272019,2019,2019-11-19T00:00:00Z,19.20,122.50,JTWC b-deck
WP272019,2019,2019-11-19T00:00:00Z,19.20,122.50,JTWC b-deck
WP272019,2019,2019-11-19T06:00:00Z,19.20,122.70,JTWC b-deck
WP272019,2019,2019-11-19T06:00:00Z,19.20,122.70,JTWC b-deck
WP272019,2019,2019-11-19T06:00:00Z,19.20,122.70,JTWC b-deck
WP272019,2019,2019-11-19T12:00:00Z,18.90,122.50,JTWC b-deck
WP272019,2019,2019-11-19T12:00:00Z,18.90,122.50,JTWC b-deck
WP272019,2019,2019-11-19T12:00:00Z,18.90,122.50,JTWC b-deck
WP272019,2019,2019-11-19T18:00:00Z,18.50,122.20,JTWC b-deck
WP272019,2019,2019-11-19T18:00:00Z,18.50,122.20,JTWC b-deck
WP272019,2019,2019-11-19T18:00:00Z,18.50,122.20,JTWC b-deck
WP272019,2019,2019-11-20T00:00:00Z,17.50,121.50,JTWC b-deck
WP272019,2019,2019-11-20T06:00:00Z,16.60,120.80,JTWC b-deck
WP272019,2019,2019-11-20T12:00:00Z,15.40,120.10,JTWC b-deck
WP272019,2019,2019-11-20T18:00:00Z,14.20,118.90,JTWC b-deck
WP272019,2019,2019-11-21T00:00:00Z,13.50,118.00,JTWC b-deck
WP272019,2019,2019-11-21T06:00:00Z,13.00,116.90,JTWC b-deck
WP272019,2019,2019-11-21T12:00:00Z,12.50,115.90,JTWC b-deck
WP272019,2019,2019-11-21T18:00:00Z,12.00,114.90,JTWC b-deck
WP272019,2019,2019-11-22T00:00:00Z,11.30,114.00,JTWC b-deck
WP272019,2019,2019-11-22T06:00:00Z,10.50,112.90,JTWC b-deck
WP272019,2019,2019-11-22T12:00:00Z,9.70,111.50,JTWC b-deck
WP272021,2021,2021-11-28T12:00:00Z,11.20,146.20,JTWC b-deck
WP272021,2021,2021-11-28T18:00:00Z,11.40,144.20,JTWC b-deck
WP272021,2021,2021-11-29T00:00:00Z,11.70,142.60,JTWC b-deck
WP272021,2021,2021-11-29T06:00:00Z,12.10,141.80,JTWC b-deck
WP272021,2021,2021-11-29T12:00:00Z,12.30,141.60,JTWC b-deck
WP272021,2021,2021-11-29T18:00:00Z,12.60,140.30,JTWC b-deck
WP272021,2021,2021-11-30T00:00:00Z,12.50,139.10,JTWC b-deck
WP272021,2021,2021-11-30T06:00:00Z,12.70,138.50,JTWC b-deck
WP272021,2021,2021-11-30T12:00:00Z,13.00,137.50,JTWC b-deck
WP272021,2021,2021-11-30T18:00:00Z,13.40,137.30,JTWC b-deck
WP272021,2021,2021-11-30T18:00:00Z,13.40,137.30,JTWC b-deck
WP272021,2021,2021-12-01T00:00:00Z,13.90,136.60,JTWC b-deck
WP272021,2021,2021-12-01T00:00:00Z,13.90,136.60,JTWC b-deck
WP272021,2021,2021-12-01T06:00:00Z,14.50,135.80,JTWC b-deck
WP272021,2021,2021-12-01T06:00:00Z,14.50,135.80,JTWC b-deck
WP272021,2021,2021-12-01T12:00:00Z,15.20,135.60,JTWC b-deck
WP272021,2021,2021-12-01T12:00:00Z,15.20,135.60,JTWC b-deck
WP272021,2021,2021-12-01T12:00:00Z,15.20,135.60,JTWC b-deck
WP272021,2021,2021-12-01T18:00:00Z,15.80,135.50,JTWC b-deck
WP272021,2021,2021-12-01T18:00:00Z,15.80,135.50,JTWC b-deck
WP272021,2021,2021-12-01T18:00:00Z,15.80,135.50,JTWC b-deck
WP272021,2021,2021-12-02T00:00:00Z,16.60,135.60,JTWC b-deck
WP272021,2021,2021-12-02T00:00:00Z,16.60,135.60,JTWC b-deck
WP272021,2021,2021-12-02T00:00:00Z,16.60,135.60,JTWC b-deck
WP272021,2021,2021-12-02T06:00:00Z,17.20,135.80,JTWC b-deck
WP272021,2021,2021-12-02T06:00:00Z,17.20,135.80,JTWC b-deck
WP272021,2021,2021-12-02T06:00:00Z,17.20,135.80,JTWC b-deck
WP272021,2021,2021-12-02T12:00:00Z,18.40,136.70,JTWC b-deck
WP272021,2021,2021-12-02T12:00:00Z,18.40,136.70,JTWC b-deck
WP272021,2021,2021-12-02T12:00:00Z,18.40,136.70,JTWC b-deck
WP272021,2021,2021-12-02T18:00:00Z,19.50,137.50,JTWC b-deck
WP272021,2021,2021-12-02T18:00:00Z,19.50,137.50,JTWC b-deck
WP272021,2021,2021-12-02T18:00:00Z,19.50,137.50,JTWC b-deck
WP272021,2021,2021-12-02T21:00:00Z,20.10,138.00,JTWC b-deck
WP272021,2021,2021-12-02T21:00:00Z,20.10,138.00,JTWC b-deck
WP272021,2021,2021-12-02T21:00:00Z,20.10,138.00,JTWC b-deck
WP272021,2021,2021-12-03T00:00:00Z,21.00,138.80,JTWC b-deck
WP272021,2021,2021-12-03T00:00:00Z,21.00,138.80,JTWC b-deck
WP272021,2021,2021-12-03T00:00:00Z,21.00,138.80,JTWC b-deck
WP272021,2021,2021-12-03T06:00:00Z,22.60,140.60,JTWC b-deck
WP272021,2021,2021-12-03T06:00:00Z,22.60,140.60,JTWC b-deck
WP272021,2021,2021-12-03T06:00:00Z,22.60,140.60,JTWC b-deck
WP272021,2021,2021-12-03T12:00:00Z,24.00,142.30,JTWC b-deck
WP272021,2021,2021-12-03T12:00:00Z,24.00,142.30,JTWC b-deck
WP272021,2021,2021-12-03T12:00:00Z,24.00,142.30,JTWC b-deck
WP272021,2021,2021-12-03T18:00:00Z,26.20,144.30,JTWC b-deck
WP272021,2021,2021-12-03T18:00:00Z,26.20,144.30,JTWC b-deck
WP272021,2021,2021-12-03T18:00:00Z,26.20,144.30,JTWC b-deck
WP272021,2021,2021-12-04T00:00:00Z,28.50,146.60,JTWC b-deck
WP272022,2022,2022-10-28T12:00:00Z,8.00,140.40,JTWC b-deck
WP272022,2022,2022-10-28T18:00:00Z,8.80,140.40,JTWC b-deck
WP272022,2022,2022-10-29T00:00:00Z,8.90,140.00,JTWC b-deck
WP272022,2022,2022-10-29T06:00:00Z,8.70,139.80,JTWC b-deck
WP272022,2022,2022-10-29T12:00:00Z,8.90,139.40,JTWC b-deck
WP272022,2022,2022-10-29T18:00:00Z,9.00,138.90,JTWC b-deck
WP272022,2022,2022-10-30T00:00:00Z,9.00,138.00,JTWC b-deck
WP272022,2022,2022-10-30T06:00:00Z,9.00,136.90,JTWC b-deck
WP272022,2022,2022-10-30T12:00:00Z,8.60,136.20,JTWC b-deck
WP272022,2022,2022-10-30T18:00:00Z,8.10,135.40,JTWC b-deck
WP272022,2022,2022-10-31T00:00:00Z,7.50,133.90,JTWC b-deck
WP272022,2022,2022-10-31T06:00:00Z,7.20,132.60,JTWC b-deck
WP272022,2022,2022-10-31T12:00:00Z,7.10,131.60,JTWC b-deck
WP272022,2022,2022-10-31T18:00:00Z,7.00,130.40,JTWC b-deck
WP272022,2022,2022-11-01T00:00:00Z,7.80,128.10,JTWC b-deck
WP272024,2024,2024-11-09T18:00:00Z,7.90,147.80,JTWC b-deck
WP272024,2024,2024-11-10T00:00:00Z,8.80,145.90,JTWC b-deck
WP272024,2024,2024-11-10T06:00:00Z,9.60,144.30,JTWC b-deck
WP272024,2024,2024-11-10T12:00:00Z,10.60,142.50,JTWC b-deck
WP272024,2024,2024-11-10T18:00:00Z,11.30,141.00,JTWC b-deck
WP272024,2024,2024-11-11T00:00:00Z,11.90,139.50,JTWC b-deck
WP272024,2024,2024-11-11T06:00:00Z,12.40,138.20,JTWC b-deck
WP272024,2024,2024-11-11T12:00:00Z,12.50,136.50,JTWC b-deck
WP272024,2024,2024-11-11T18:00:00Z,12.90,134.80,JTWC b-deck
WP272024,2024,2024-11-12T00:00:00Z,13.40,133.30,JTWC b-deck
WP272024,2024,2024-11-12T06:00:00Z,13.80,131.80,JTWC b-deck
WP272024,2024,2024-11-12T06:00:00Z,13.80,131.80,JTWC b-deck
WP272024,2024,2024-11-12T12:00:00Z,14.30,130.40,JTWC b-deck
WP272024,2024,2024-11-12T12:00:00Z,14.30,130.40,JTWC b-deck
WP272024,2024,2024-11-12T18:00:00Z,14.70,129.00,JTWC b-deck
WP272024,2024,2024-11-12T18:00:00Z,14.70,129.00,JTWC b-deck
WP272024,2024,2024-11-12T18:00:00Z,14.70,129.00,JTWC b-deck
WP272024,2024,2024-11-13T00:00:00Z,15.10,127.80,JTWC b-deck
WP272024,2024,2024-11-13T00:00:00Z,15.10,127.80,JTWC b-deck
WP272024,2024,2024-11-13T00:00:00Z,15.10,127.80,JTWC b-deck
WP272024,2024,2024-11-13T06:00:00Z,15.60,126.50,JTWC b-deck
WP272024,2024,2024-11-13T06:00:00Z,15.60,126.50,JTWC b-deck
WP272024,2024,2024-11-13T06:00:00Z,15.60,126.50,JTWC b-deck
WP272024,2024,2024-11-13T12:00:00Z,16.20,125.20,JTWC b-deck
WP272024,2024,2024-11-13T12:00:00Z,16.20,125.20,JTWC b-deck
WP272024,2024,2024-11-13T12:00:00Z,16.20,125.20,JTWC b-deck
WP272024,2024,2024-11-13T18:00:00Z,16.70,123.90,JTWC b-deck
WP272024,2024,2024-11-13T18:00:00Z,16.70,123.90,JTWC b-deck
WP272024,2024,2024-11-13T18:00:00Z,16.70,123.90,JTWC b-deck
WP272024,2024,2024-11-14T00:00:00Z,17.20,123.10,JTWC b-deck
WP272024,2024,2024-11-14T00:00:00Z,17.20,123.10,JTWC b-deck
WP272024,2024,2024-11-14T00:00:00Z,17.20,123.10,JTWC b-deck
WP272024,2024,2024-11-14T06:00:00Z,17.90,122.10,JTWC b-deck
WP272024,2024,2024-11-14T06:00:00Z,17.90,122.10,JTWC b-deck
WP272024,2024,2024-11-14T06:00:00Z,17.90,122.10,JTWC b-deck
WP272024,2024,2024-11-14T12:00:00Z,18.80,121.40,JTWC b-deck
WP272024,2024,2024-11-14T12:00:00Z,18.80,121.40,JTWC b-deck
WP272024,2024,2024-11-14T12:00:00Z,18.80,121.40,JTWC b-deck
WP272024,2024,2024-11-14T18:00:00Z,19.70,120.60,JTWC b-deck
WP272024,2024,2024-11-14T18:00:00Z,19.70,120.60,JTWC b-deck
WP272024,2024,2024-11-14T18:00:00Z,19.70,120.60,JTWC b-deck
WP272024,2024,2024-11-15T00:00:00Z,20.40,119.90,JTWC b-deck
WP272024,2024,2024-11-15T00:00:00Z,20.40,119.90,JTWC b-deck
WP272024,2024,2024-11-15T00:00:00Z,20.40,119.90,JTWC b-deck
WP272024,2024,2024-11-15T06:00:00Z,21.10,119.40,JTWC b-deck
WP272024,2024,2024-11-15T06:00:00Z,21.10,119.40,JTWC b-deck
WP272024,2024,2024-11-15T12:00:00Z,21.70,119.50,JTWC b-deck
WP272024,2024,2024-11-15T18:00:00Z,22.20,119.70,JTWC b-deck
WP272024,2024,2024-11-16T00:00:00Z,22.80,120.30,JTWC b-deck
WP272024,2024,2024-11-16T06:00:00Z,22.30,120.50,JTWC b-deck
WP272024,2024,2024-11-16T12:00:00Z,21.60,120.50,JTWC b-deck
WP272025,2025,2025-10-01T06:00:00Z,14.50,130.40,IBTrACS v04r01 (CMA)
WP272025,2025,2025-10-01T09:00:00Z,14.60,130.00,IBTrACS v04r01 (CMA)
WP272025,2025,2025-10-01T12:00:00Z,14.70,129.60,IBTrACS v04r01 (CMA)
WP272025,2025,2025-10-01T15:00:00Z,14.80,129.00,IBTrACS v04r01 (CMA)
WP272025,2025,2025-10-01T18:00:00Z,14.90,128.40,IBTrACS v04r01 (CMA)
WP272025,2025,2025-10-01T21:00:00Z,14.90,127.80,IBTrACS v04r01 (CMA)
WP272025,2025,2025-10-02T00:00:00Z,15.00,127.30,IBTrACS v04r01 (CMA)
WP272025,2025,2025-10-02T03:00:00Z,15.10,126.80,IBTrACS v04r01 (CMA)
WP272025,2025,2025-10-02T06:00:00Z,15.20,126.30,IBTrACS v04r01 (CMA)
WP272025,2025,2025-10-02T09:00:00Z,15.40,125.70,IBTrACS v04r01 (CMA)
WP272025,2025,2025-10-02T12:00:00Z,15.60,125.10,IBTrACS v04r01 (CMA)
WP272025,2025,2025-10-02T15:00:00Z,15.70,124.50,IBTrACS v04r01 (CMA)
WP272025,2025,2025-10-02T18:00:00Z,15.90,123.90,IBTrACS v04r01 (CMA)
WP272025,2025,2025-10-02T21:00:00Z,16.10,123.30,IBTrACS v04r01 (CMA)
WP272025,2025,2025-10-03T00:00:00Z,16.40,122.60,IBTrACS v04r01 (CMA)
WP272025,2025,2025-10-03T03:00:00Z,16.60,121.90,IBTrACS v04r01 (CMA)
WP272025,2025,2025-10-03T06:00:00Z,16.80,121.10,IBTrACS v04r01 (CMA)
WP272025,2025,2025-10-03T09:00:00Z,17.10,120.20,IBTrACS v04r01 (CMA)
WP272025,2025,2025-10-03T12:00:00Z,17.40,119.40,IBTrACS v04r01 (CMA)
WP272025,2025,2025-10-03T15:00:00Z,17.60,118.70,IBTrACS v04r01 (CMA)
WP272025,2025,2025-10-03T18:00:00Z,17.70,118.00,IBTrACS v04r01 (CMA)
WP272025,2025,2025-10-03T21:00:00Z,17.90,117.20,IBTrACS v04r01 (CMA)
WP272025,2025,2025-10-04T00:00:00Z,18.10,116.50,IBTrACS v04r01 (CMA)
WP272025,2025,2025-10-04T03:00:00Z,18.20,115.90,IBTrACS v04r01 (CMA)
WP272025,2025,2025-10-04T06:00:00Z,18.30,115.30,IBTrACS v04r01 (CMA)
WP272025,2025,2025-10-04T09:00:00Z,18.50,114.70,IBTrACS v04r01 (CMA)
WP272025,2025,2025-10-04T12:00:00Z,18.90,114.10,IBTrACS v04r01 (CMA)
WP272025,2025,2025-10-04T15:00:00Z,19.20,113.50,IBTrACS v04r01 (CMA)
WP272025,2025,2025-10-04T18:00:00Z,19.60,112.80,IBTrACS v04r01 (CMA)
WP272025,2025,2025-10-04T21:00:00Z,19.80,112.30,IBTrACS v04r01 (CMA)
WP272025,2025,2025-10-05T00:00:00Z,20.10,111.70,IBTrACS v04r01 (CMA)
WP272025,2025,2025-10-05T03:00:00Z,20.50,111.10,IBTrACS v04r01 (CMA)
WP272025,2025,2025-10-05T06:00:00Z,20.70,110.50,IBTrACS v04r01 (CMA)
WP272025,2025,2025-10-05T09:00:00Z,20.90,110.00,IBTrACS v04r01 (CMA)
WP272025,2025,2025-10-05T12:00:00Z,21.20,109.40,IBTrACS v04r01 (CMA)
WP272025,2025,2025-10-05T15:00:00Z,21.40,109.00,IBTrACS v04r01 (CMA)
WP272025,2025,2025-10-05T18:00:00Z,21.80,108.30,IBTrACS v04r01 (CMA)
WP272025,2025,2025-10-05T21:00:00Z,21.80,107.70,IBTrACS v04r01 (CMA)
WP282017,2017,2017-11-01T00:00:00Z,11.10,121.10,JTWC b-deck
WP282017,2017,2017-11-01T06:00:00Z,11.60,120.10,JTWC b-deck
WP282017,2017,2017-11-01T12:00:00Z,12.10,119.00,JTWC b-deck
WP282017,2017,2017-11-01T18:00:00Z,12.50,118.10,JTWC b-deck
WP282017,2017,2017-11-02T00:00:00Z,12.80,117.50,JTWC b-deck
WP282017,2017,2017-11-02T06:00:00Z,12.90,116.60,JTWC b-deck
WP282017,2017,2017-11-02T12:00:00Z,13.10,115.40,JTWC b-deck
WP282017,2017,2017-11-02T12:00:00Z,13.10,115.40,JTWC b-deck
WP282017,2017,2017-11-02T18:00:00Z,12.70,114.40,JTWC b-deck
WP282017,2017,2017-11-02T18:00:00Z,12.70,114.40,JTWC b-deck
WP282017,2017,2017-11-03T00:00:00Z,12.70,113.50,JTWC b-deck
WP282017,2017,2017-11-03T00:00:00Z,12.70,113.50,JTWC b-deck
WP282017,2017,2017-11-03T00:00:00Z,12.70,113.50,JTWC b-deck
WP282017,2017,2017-11-03T06:00:00Z,12.80,112.80,JTWC b-deck
WP282017,2017,2017-11-03T06:00:00Z,12.80,112.80,JTWC b-deck
WP282017,2017,2017-11-03T06:00:00Z,12.80,112.80,JTWC b-deck
WP282017,2017,2017-11-03T12:00:00Z,12.80,111.60,JTWC b-deck
WP282017,2017,2017-11-03T12:00:00Z,12.80,111.60,JTWC b-deck
WP282017,2017,2017-11-03T12:00:00Z,12.80,111.60,JTWC b-deck
WP282017,2017,2017-11-03T18:00:00Z,12.80,110.40,JTWC b-deck
WP282017,2017,2017-11-03T18:00:00Z,12.80,110.40,JTWC b-deck
WP282017,2017,2017-11-03T18:00:00Z,12.80,110.40,JTWC b-deck
WP282017,2017,2017-11-04T00:00:00Z,12.50,109.10,JTWC b-deck
WP282017,2017,2017-11-04T00:00:00Z,12.50,109.10,JTWC b-deck
WP282017,2017,2017-11-04T00:00:00Z,12.50,109.10,JTWC b-deck
WP282017,2017,2017-11-04T06:00:00Z,12.40,107.80,JTWC b-deck
WP282017,2017,2017-11-04T06:00:00Z,12.40,107.80,JTWC b-deck
WP282017,2017,2017-11-04T12:00:00Z,12.40,106.50,JTWC b-deck
WP282017,2017,2017-11-04T18:00:00Z,12.80,105.30,JTWC b-deck
WP282018,2018,2018-09-20T06:00:00Z,12.90,146.20,JTWC b-deck
WP282018,2018,2018-09-20T12:00:00Z,13.30,145.60,JTWC b-deck
WP282018,2018,2018-09-20T18:00:00Z,13.80,145.10,JTWC b-deck
WP282018,2018,2018-09-21T00:00:00Z,14.40,144.30,JTWC b-deck
WP282018,2018,2018-09-21T06:00:00Z,14.90,143.40,JTWC b-deck
WP282018,2018,2018-09-21T12:00:00Z,15.40,142.40,JTWC b-deck
WP282018,2018,2018-09-21T18:00:00Z,15.80,141.40,JTWC b-deck
WP282018,2018,2018-09-22T00:00:00Z,16.20,140.30,JTWC b-deck
WP282018,2018,2018-09-22T00:00:00Z,16.20,140.30,JTWC b-deck
WP282018,2018,2018-09-22T06:00:00Z,16.70,138.90,JTWC b-deck
WP282018,2018,2018-09-22T06:00:00Z,16.70,138.90,JTWC b-deck
WP282018,2018,2018-09-22T12:00:00Z,16.80,137.50,JTWC b-deck
WP282018,2018,2018-09-22T12:00:00Z,16.80,137.50,JTWC b-deck
WP282018,2018,2018-09-22T18:00:00Z,16.80,136.30,JTWC b-deck
WP282018,2018,2018-09-22T18:00:00Z,16.80,136.30,JTWC b-deck
WP282018,2018,2018-09-22T18:00:00Z,16.80,136.30,JTWC b-deck
WP282018,2018,2018-09-23T00:00:00Z,16.90,135.10,JTWC b-deck
WP282018,2018,2018-09-23T00:00:00Z,16.90,135.10,JTWC b-deck
WP282018,2018,2018-09-23T00:00:00Z,16.90,135.10,JTWC b-deck
WP282018,2018,2018-09-23T06:00:00Z,17.30,134.20,JTWC b-deck
WP282018,2018,2018-09-23T06:00:00Z,17.30,134.20,JTWC b-deck
WP282018,2018,2018-09-23T06:00:00Z,17.30,134.20,JTWC b-deck
WP282018,2018,2018-09-23T12:00:00Z,17.50,133.30,JTWC b-deck
WP282018,2018,2018-09-23T12:00:00Z,17.50,133.30,JTWC b-deck
WP282018,2018,2018-09-23T12:00:00Z,17.50,133.30,JTWC b-deck
WP282018,2018,2018-09-23T18:00:00Z,18.00,132.20,JTWC b-deck
WP282018,2018,2018-09-23T18:00:00Z,18.00,132.20,JTWC b-deck
WP282018,2018,2018-09-23T18:00:00Z,18.00,132.20,JTWC b-deck
WP282018,2018,2018-09-24T00:00:00Z,18.50,131.20,JTWC b-deck
WP282018,2018,2018-09-24T00:00:00Z,18.50,131.20,JTWC b-deck
WP282018,2018,2018-09-24T00:00:00Z,18.50,131.20,JTWC b-deck
WP282018,2018,2018-09-24T06:00:00Z,18.90,130.50,JTWC b-deck
WP282018,2018,2018-09-24T06:00:00Z,18.90,130.50,JTWC b-deck
WP282018,2018,2018-09-24T06:00:00Z,18.90,130.50,JTWC b-deck
WP282018,2018,2018-09-24T12:00:00Z,19.30,129.70,JTWC b-deck
WP282018,2018,2018-09-24T12:00:00Z,19.30,129.70,JTWC b-deck
WP282018,2018,2018-09-24T12:00:00Z,19.30,129.70,JTWC b-deck
WP282018,2018,2018-09-24T18:00:00Z,19.50,129.00,JTWC b-deck
WP282018,2018,2018-09-24T18:00:00Z,19.50,129.00,JTWC b-deck
WP282018,2018,2018-09-24T18:00:00Z,19.50,129.00,JTWC b-deck
WP282018,2018,2018-09-25T00:00:00Z,19.60,128.80,JTWC b-deck
WP282018,2018,2018-09-25T00:00:00Z,19.60,128.80,JTWC b-deck
WP282018,2018,2018-09-25T00:00:00Z,19.60,128.80,JTWC b-deck
WP282018,2018,2018-09-25T06:00:00Z,19.80,128.90,JTWC b-deck
WP282018,2018,2018-09-25T06:00:00Z,19.80,128.90,JTWC b-deck
WP282018,2018,2018-09-25T06:00:00Z,19.80,128.90,JTWC b-deck
WP282018,2018,2018-09-25T12:00:00Z,20.00,128.90,JTWC b-deck
WP282018,2018,2018-09-25T12:00:00Z,20.00,128.90,JTWC b-deck
WP282018,2018,2018-09-25T12:00:00Z,20.00,128.90,JTWC b-deck
WP282018,2018,2018-09-25T18:00:00Z,20.30,128.90,JTWC b-deck
WP282018,2018,2018-09-25T18:00:00Z,20.30,128.90,JTWC b-deck
WP282018,2018,2018-09-25T18:00:00Z,20.30,128.90,JTWC b-deck
WP282018,2018,2018-09-26T00:00:00Z,20.60,129.00,JTWC b-deck
WP282018,2018,2018-09-26T00:00:00Z,20.60,129.00,JTWC b-deck
WP282018,2018,2018-09-26T00:00:00Z,20.60,129.00,JTWC b-deck
WP282018,2018,2018-09-26T06:00:00Z,21.00,129.20,JTWC b-deck
WP282018,2018,2018-09-26T06:00:00Z,21.00,129.20,JTWC b-deck
WP282018,2018,2018-09-26T06:00:00Z,21.00,129.20,JTWC b-deck
WP282018,2018,2018-09-26T12:00:00Z,21.20,129.20,JTWC b-deck
WP282018,2018,2018-09-26T12:00:00Z,21.20,129.20,JTWC b-deck
WP282018,2018,2018-09-26T12:00:00Z,21.20,129.20,JTWC b-deck
WP282018,2018,2018-09-26T18:00:00Z,21.40,129.20,JTWC b-deck
WP282018,2018,2018-09-26T18:00:00Z,21.40,129.20,JTWC b-deck
WP282018,2018,2018-09-26T18:00:00Z,21.40,129.20,JTWC b-deck
WP282018,2018,2018-09-27T00:00:00Z,21.50,129.20,JTWC b-deck
WP282018,2018,2018-09-27T00:00:00Z,21.50,129.20,JTWC b-deck
WP282018,2018,2018-09-27T00:00:00Z,21.50,129.20,JTWC b-deck
WP282018,2018,2018-09-27T06:00:00Z,21.70,129.10,JTWC b-deck
WP282018,2018,2018-09-27T06:00:00Z,21.70,129.10,JTWC b-deck
WP282018,2018,2018-09-27T06:00:00Z,21.70,129.10,JTWC b-deck
WP282018,2018,2018-09-27T12:00:00Z,22.00,128.80,JTWC b-deck
WP282018,2018,2018-09-27T12:00:00Z,22.00,128.80,JTWC b-deck
WP282018,2018,2018-09-27T12:00:00Z,22.00,128.80,JTWC b-deck
WP282018,2018,2018-09-27T18:00:00Z,22.30,128.40,JTWC b-deck
WP282018,2018,2018-09-27T18:00:00Z,22.30,128.40,JTWC b-deck
WP282018,2018,2018-09-27T18:00:00Z,22.30,128.40,JTWC b-deck
WP282018,2018,2018-09-28T00:00:00Z,22.60,127.90,JTWC b-deck
WP282018,2018,2018-09-28T00:00:00Z,22.60,127.90,JTWC b-deck
WP282018,2018,2018-09-28T00:00:00Z,22.60,127.90,JTWC b-deck
WP282018,2018,2018-09-28T06:00:00Z,23.10,127.40,JTWC b-deck
WP282018,2018,2018-09-28T06:00:00Z,23.10,127.40,JTWC b-deck
WP282018,2018,2018-09-28T06:00:00Z,23.10,127.40,JTWC b-deck
WP282018,2018,2018-09-28T12:00:00Z,23.80,127.00,JTWC b-deck
WP282018,2018,2018-09-28T12:00:00Z,23.80,127.00,JTWC b-deck
WP282018,2018,2018-09-28T12:00:00Z,23.80,127.00,JTWC b-deck
WP282018,2018,2018-09-28T18:00:00Z,24.70,126.70,JTWC b-deck
WP282018,2018,2018-09-28T18:00:00Z,24.70,126.70,JTWC b-deck
WP282018,2018,2018-09-28T18:00:00Z,24.70,126.70,JTWC b-deck
WP282018,2018,2018-09-29T00:00:00Z,25.50,126.70,JTWC b-deck
WP282018,2018,2018-09-29T00:00:00Z,25.50,126.70,JTWC b-deck
WP282018,2018,2018-09-29T00:00:00Z,25.50,126.70,JTWC b-deck
WP282018,2018,2018-09-29T06:00:00Z,26.50,127.40,JTWC b-deck
WP282018,2018,2018-09-29T06:00:00Z,26.50,127.40,JTWC b-deck
WP282018,2018,2018-09-29T06:00:00Z,26.50,127.40,JTWC b-deck
WP282018,2018,2018-09-29T12:00:00Z,27.90,128.30,JTWC b-deck
WP282018,2018,2018-09-29T12:00:00Z,27.90,128.30,JTWC b-deck
WP282018,2018,2018-09-29T12:00:00Z,27.90,128.30,JTWC b-deck
WP282018,2018,2018-09-29T18:00:00Z,29.20,129.50,JTWC b-deck
WP282018,2018,2018-09-29T18:00:00Z,29.20,129.50,JTWC b-deck
WP282018,2018,2018-09-29T18:00:00Z,29.20,129.50,JTWC b-deck
WP282018,2018,2018-09-30T00:00:00Z,30.60,131.10,JTWC b-deck
WP282018,2018,2018-09-30T00:00:00Z,30.60,131.10,JTWC b-deck
WP282018,2018,2018-09-30T00:00:00Z,30.60,131.10,JTWC b-deck
WP282018,2018,2018-09-30T06:00:00Z,32.10,133.20,JTWC b-deck
WP282018,2018,2018-09-30T06:00:00Z,32.10,133.20,JTWC b-deck
WP282018,2018,2018-09-30T06:00:00Z,32.10,133.20,JTWC b-deck
WP282018,2018,2018-09-30T12:00:00Z,34.20,136.00,JTWC b-deck
WP282018,2018,2018-09-30T12:00:00Z,34.20,136.00,JTWC b-deck
WP282018,2018,2018-09-30T12:00:00Z,34.20,136.00,JTWC b-deck
WP282018,2018,2018-09-30T18:00:00Z,37.80,140.60,JTWC b-deck
WP282018,2018,2018-09-30T18:00:00Z,37.80,140.60,JTWC b-deck
WP282018,2018,2018-10-01T00:00:00Z,41.40,144.20,JTWC b-deck
WP282018,2018,2018-10-01T00:00:00Z,41.40,144.20,JTWC b-deck
WP282019,2019,2019-11-18T18:00:00Z,12.60,135.10,JTWC b-deck
WP282019,2019,2019-11-19T00:00:00Z,12.90,133.10,JTWC b-deck
WP282019,2019,2019-11-19T06:00:00Z,14.00,131.10,JTWC b-deck
WP282019,2019,2019-11-19T12:00:00Z,14.70,129.90,JTWC b-deck
WP282019,2019,2019-11-19T18:00:00Z,15.20,129.30,JTWC b-deck
WP282019,2019,2019-11-20T00:00:00Z,16.10,128.50,JTWC b-deck
WP282019,2019,2019-11-20T06:00:00Z,17.90,127.80,JTWC b-deck
WP282019,2019,2019-11-20T12:00:00Z,18.50,126.20,JTWC b-deck
WP282019,2019,2019-11-20T18:00:00Z,19.50,125.40,JTWC b-deck
WP282019,2019,2019-11-20T18:00:00Z,19.50,125.40,JTWC b-deck
WP282019,2019,2019-11-21T00:00:00Z,19.90,124.60,JTWC b-deck
WP282019,2019,2019-11-21T00:00:00Z,19.90,124.60,JTWC b-deck
WP282019,2019,2019-11-21T00:00:00Z,19.90,124.60,JTWC b-deck
WP282019,2019,2019-11-21T06:00:00Z,20.50,124.30,JTWC b-deck
WP282019,2019,2019-11-21T06:00:00Z,20.50,124.30,JTWC b-deck
WP282019,2019,2019-11-21T06:00:00Z,20.50,124.30,JTWC b-deck
WP282019,2019,2019-11-21T12:00:00Z,21.30,124.20,JTWC b-deck
WP282019,2019,2019-11-21T12:00:00Z,21.30,124.20,JTWC b-deck
WP282019,2019,2019-11-21T18:00:00Z,22.10,124.30,JTWC b-deck
WP282019,2019,2019-11-21T18:00:00Z,22.10,124.30,JTWC b-deck
WP282019,2019,2019-11-22T00:00:00Z,23.00,124.90,JTWC b-deck
WP282019,2019,2019-11-22T00:00:00Z,23.00,124.90,JTWC b-deck
WP282019,2019,2019-11-22T06:00:00Z,23.90,125.20,JTWC b-deck
WP282019,2019,2019-11-22T12:00:00Z,24.60,125.40,JTWC b-deck
WP282019,2019,2019-11-22T18:00:00Z,25.00,125.40,JTWC b-deck
WP282019,2019,2019-11-23T00:00:00Z,25.10,125.50,JTWC b-deck
WP282019,2019,2019-11-23T06:00:00Z,25.30,125.70,JTWC b-deck
WP282019,2019,2019-11-23T12:00:00Z,25.90,125.90,JTWC b-deck
WP282021,2021,2021-12-11T12:00:00Z,5.30,145.00,JTWC b-deck
WP282021,2021,2021-12-11T18:00:00Z,5.40,144.80,JTWC b-deck
WP282021,2021,2021-12-12T00:00:00Z,5.50,144.60,JTWC b-deck
WP282021,2021,2021-12-12T06:00:00Z,5.70,144.30,JTWC b-deck
WP282021,2021,2021-12-12T12:00:00Z,5.80,144.10,JTWC b-deck
WP282021,2021,2021-12-12T18:00:00Z,5.40,143.00,JTWC b-deck
WP282021,2021,2021-12-13T00:00:00Z,5.10,141.90,JTWC b-deck
WP282021,2021,2021-12-13T06:00:00Z,5.50,140.70,JTWC b-deck
WP282021,2021,2021-12-13T12:00:00Z,6.20,139.60,JTWC b-deck
WP282021,2021,2021-12-13T18:00:00Z,6.70,138.60,JTWC b-deck
WP282021,2021,2021-12-14T00:00:00Z,7.40,136.90,JTWC b-deck
WP282021,2021,2021-12-14T00:00:00Z,7.40,136.90,JTWC b-deck
WP282021,2021,2021-12-14T06:00:00Z,8.00,135.80,JTWC b-deck
WP282021,2021,2021-12-14T06:00:00Z,8.00,135.80,JTWC b-deck
WP282021,2021,2021-12-14T12:00:00Z,8.40,134.70,JTWC b-deck
WP282021,2021,2021-12-14T12:00:00Z,8.40,134.70,JTWC b-deck
WP282021,2021,2021-12-14T18:00:00Z,8.70,133.40,JTWC b-deck
WP282021,2021,2021-12-14T18:00:00Z,8.70,133.40,JTWC b-deck
WP282021,2021,2021-12-14T18:00:00Z,8.70,133.40,JTWC b-deck
WP282021,2021,2021-12-15T00:00:00Z,8.80,132.40,JTWC b-deck
WP282021,2021,2021-12-15T00:00:00Z,8.80,132.40,JTWC b-deck
WP282021,2021,2021-12-15T00:00:00Z,8.80,132.40,JTWC b-deck
WP282021,2021,2021-12-15T06:00:00Z,9.00,131.00,JTWC b-deck
WP282021,2021,2021-12-15T06:00:00Z,9.00,131.00,JTWC b-deck
WP282021,2021,2021-12-15T06:00:00Z,9.00,131.00,JTWC b-deck
WP282021,2021,2021-12-15T12:00:00Z,9.10,130.00,JTWC b-deck
WP282021,2021,2021-12-15T12:00:00Z,9.10,130.00,JTWC b-deck
WP282021,2021,2021-12-15T12:00:00Z,9.10,130.00,JTWC b-deck
WP282021,2021,2021-12-15T18:00:00Z,9.40,128.90,JTWC b-deck
WP282021,2021,2021-12-15T18:00:00Z,9.40,128.90,JTWC b-deck
WP282021,2021,2021-12-15T18:00:00Z,9.40,128.90,JTWC b-deck
WP282021,2021,2021-12-16T00:00:00Z,9.70,127.60,JTWC b-deck
WP282021,2021,2021-12-16T00:00:00Z,9.70,127.60,JTWC b-deck
WP282021,2021,2021-12-16T00:00:00Z,9.70,127.60,JTWC b-deck
WP282021,2021,2021-12-16T06:00:00Z,10.00,125.90,JTWC b-deck
WP282021,2021,2021-12-16T06:00:00Z,10.00,125.90,JTWC b-deck
WP282021,2021,2021-12-16T06:00:00Z,10.00,125.90,JTWC b-deck
WP282021,2021,2021-12-16T12:00:00Z,10.20,124.20,JTWC b-deck
WP282021,2021,2021-12-16T12:00:00Z,10.20,124.20,JTWC b-deck
WP282021,2021,2021-12-16T12:00:00Z,10.20,124.20,JTWC b-deck
WP282021,2021,2021-12-16T18:00:00Z,10.20,122.50,JTWC b-deck
WP282021,2021,2021-12-16T18:00:00Z,10.20,122.50,JTWC b-deck
WP282021,2021,2021-12-16T18:00:00Z,10.20,122.50,JTWC b-deck
WP282021,2021,2021-12-17T00:00:00Z,10.00,121.10,JTWC b-deck
WP282021,2021,2021-12-17T00:00:00Z,10.00,121.10,JTWC b-deck
WP282021,2021,2021-12-17T00:00:00Z,10.00,121.10,JTWC b-deck
WP282021,2021,2021-12-17T06:00:00Z,10.30,120.00,JTWC b-deck
WP282021,2021,2021-12-17T06:00:00Z,10.30,120.00,JTWC b-deck
WP282021,2021,2021-12-17T06:00:00Z,10.30,120.00,JTWC b-deck
WP282021,2021,2021-12-17T12:00:00Z,10.40,118.70,JTWC b-deck
WP282021,2021,2021-12-17T12:00:00Z,10.40,118.70,JTWC b-deck
WP282021,2021,2021-12-17T12:00:00Z,10.40,118.70,JTWC b-deck
WP282021,2021,2021-12-17T18:00:00Z,10.70,117.40,JTWC b-deck
WP282021,2021,2021-12-17T18:00:00Z,10.70,117.40,JTWC b-deck
WP282021,2021,2021-12-17T18:00:00Z,10.70,117.40,JTWC b-deck
WP282021,2021,2021-12-18T00:00:00Z,11.00,115.90,JTWC b-deck
WP282021,2021,2021-12-18T00:00:00Z,11.00,115.90,JTWC b-deck
WP282021,2021,2021-12-18T00:00:00Z,11.00,115.90,JTWC b-deck
WP282021,2021,2021-12-18T06:00:00Z,11.20,114.70,JTWC b-deck
WP282021,2021,2021-12-18T06:00:00Z,11.20,114.70,JTWC b-deck
WP282021,2021,2021-12-18T06:00:00Z,11.20,114.70,JTWC b-deck
WP282021,2021,2021-12-18T12:00:00Z,11.90,113.40,JTWC b-deck
WP282021,2021,2021-12-18T12:00:00Z,11.90,113.40,JTWC b-deck
WP282021,2021,2021-12-18T12:00:00Z,11.90,113.40,JTWC b-deck
WP282021,2021,2021-12-18T18:00:00Z,12.60,112.20,JTWC b-deck
WP282021,2021,2021-12-18T18:00:00Z,12.60,112.20,JTWC b-deck
WP282021,2021,2021-12-18T18:00:00Z,12.60,112.20,JTWC b-deck
WP282021,2021,2021-12-19T00:00:00Z,13.10,111.40,JTWC b-deck
WP282021,2021,2021-12-19T00:00:00Z,13.10,111.40,JTWC b-deck
WP282021,2021,2021-12-19T00:00:00Z,13.10,111.40,JTWC b-deck
WP282021,2021,2021-12-19T06:00:00Z,13.60,111.10,JTWC b-deck
WP282021,2021,2021-12-19T06:00:00Z,13.60,111.10,JTWC b-deck
WP282021,2021,2021-12-19T06:00:00Z,13.60,111.10,JTWC b-deck
WP282021,2021,2021-12-19T12:00:00Z,14.80,110.70,JTWC b-deck
WP282021,2021,2021-12-19T12:00:00Z,14.80,110.70,JTWC b-deck
WP282021,2021,2021-12-19T12:00:00Z,14.80,110.70,JTWC b-deck
WP282021,2021,2021-12-19T18:00:00Z,15.90,110.70,JTWC b-deck
WP282021,2021,2021-12-19T18:00:00Z,15.90,110.70,JTWC b-deck
WP282021,2021,2021-12-19T18:00:00Z,15.90,110.70,JTWC b-deck
WP282021,2021,2021-12-20T00:00:00Z,17.30,110.80,JTWC b-deck
WP282021,2021,2021-12-20T00:00:00Z,17.30,110.80,JTWC b-deck
WP282021,2021,2021-12-20T00:00:00Z,17.30,110.80,JTWC b-deck
WP282021,2021,2021-12-20T06:00:00Z,18.10,111.50,JTWC b-deck
WP282021,2021,2021-12-20T06:00:00Z,18.10,111.50,JTWC b-deck
WP282021,2021,2021-12-20T12:00:00Z,19.00,112.40,JTWC b-deck
WP282021,2021,2021-12-20T18:00:00Z,19.90,113.10,JTWC b-deck
WP282021,2021,2021-12-21T00:00:00Z,20.60,113.80,JTWC b-deck
WP282021,2021,2021-12-21T06:00:00Z,21.50,115.20,JTWC b-deck
WP282021,2021,2021-12-21T12:00:00Z,21.70,116.50,JTWC b-deck
WP282022,2022,2022-11-11T18:00:00Z,20.20,166.30,JTWC b-deck
WP282022,2022,2022-11-12T00:00:00Z,20.40,165.70,JTWC b-deck
WP282022,2022,2022-11-12T06:00:00Z,20.50,165.50,JTWC b-deck
WP282022,2022,2022-11-12T12:00:00Z,21.10,165.40,JTWC b-deck
WP282022,2022,2022-11-12T18:00:00Z,21.60,165.60,JTWC b-deck
WP282022,2022,2022-11-13T00:00:00Z,22.00,165.90,JTWC b-deck
WP282022,2022,2022-11-13T06:00:00Z,22.20,166.00,JTWC b-deck
WP282022,2022,2022-11-13T12:00:00Z,22.30,165.90,JTWC b-deck
WP282022,2022,2022-11-13T18:00:00Z,22.80,165.90,JTWC b-deck
WP282022,2022,2022-11-14T00:00:00Z,23.80,165.60,JTWC b-deck
WP282022,2022,2022-11-14T06:00:00Z,25.00,166.00,JTWC b-deck
WP282022,2022,2022-11-14T12:00:00Z,26.00,167.00,JTWC b-deck
WP282024,2024,2024-12-22T00:00:00Z,10.40,115.00,JTWC b-deck
WP282024,2024,2024-12-22T06:00:00Z,10.50,114.60,JTWC b-deck
WP282024,2024,2024-12-22T12:00:00Z,10.60,114.20,JTWC b-deck
WP282024,2024,2024-12-22T18:00:00Z,10.80,113.80,JTWC b-deck
WP282024,2024,2024-12-23T00:00:00Z,11.00,113.40,JTWC b-deck
WP282024,2024,2024-12-23T06:00:00Z,11.30,113.00,JTWC b-deck
WP282024,2024,2024-12-23T12:00:00Z,11.50,112.80,JTWC b-deck
WP282024,2024,2024-12-23T18:00:00Z,11.60,112.60,JTWC b-deck
WP282024,2024,2024-12-24T00:00:00Z,11.70,112.30,JTWC b-deck
WP282024,2024,2024-12-24T06:00:00Z,11.60,111.90,JTWC b-deck
WP282024,2024,2024-12-24T12:00:00Z,11.40,111.60,JTWC b-deck
WP282024,2024,2024-12-24T18:00:00Z,11.10,111.20,JTWC b-deck
WP282024,2024,2024-12-25T00:00:00Z,10.60,110.70,JTWC b-deck
WP282024,2024,2024-12-25T06:00:00Z,9.50,110.50,JTWC b-deck
WP282024,2024,2024-12-25T12:00:00Z,9.10,110.00,JTWC b-deck
WP282024,2024,2024-12-25T18:00:00Z,8.80,109.30,JTWC b-deck
WP282025,2025,2025-10-04T12:00:00Z,24.60,143.60,IBTrACS v04r01 (CMA)
WP282025,2025,2025-10-04T15:00:00Z,24.70,143.30,IBTrACS v04r01 (CMA)
WP282025,2025,2025-10-04T18:00:00Z,24.80,142.90,IBTrACS v04r01 (CMA)
WP282025,2025,2025-10-04T21:00:00Z,24.80,142.70,IBTrACS v04r01 (CMA)
WP282025,2025,2025-10-05T00:00:00Z,24.80,142.60,IBTrACS v04r01 (CMA)
WP282025,2025,2025-10-05T03:00:00Z,24.80,142.50,IBTrACS v04r01 (CMA)
WP282025,2025,2025-10-05T06:00:00Z,24.90,142.40,IBTrACS v04r01 (CMA)
WP282025,2025,2025-10-05T09:00:00Z,25.00,142.40,IBTrACS v04r01 (CMA)
WP282025,2025,2025-10-05T12:00:00Z,25.10,142.30,IBTrACS v04r01 (CMA)
WP282025,2025,2025-10-05T15:00:00Z,25.20,142.00,IBTrACS v04r01 (CMA)
WP282025,2025,2025-10-05T18:00:00Z,25.30,141.70,IBTrACS v04r01 (CMA)
WP282025,2025,2025-10-05T21:00:00Z,25.30,141.50,IBTrACS v04r01 (CMA)
WP282025,2025,2025-10-06T00:00:00Z,25.40,141.30,IBTrACS v04r01 (CMA)
WP282025,2025,2025-10-06T03:00:00Z,25.50,141.10,IBTrACS v04r01 (CMA)
WP282025,2025,2025-10-06T06:00:00Z,25.70,140.80,IBTrACS v04r01 (CMA)
WP282025,2025,2025-10-06T09:00:00Z,25.90,140.50,IBTrACS v04r01 (CMA)
WP282025,2025,2025-10-06T12:00:00Z,26.10,140.10,IBTrACS v04r01 (CMA)
WP282025,2025,2025-10-06T15:00:00Z,26.30,139.60,IBTrACS v04r01 (CMA)
WP282025,2025,2025-10-06T18:00:00Z,26.50,139.20,IBTrACS v04r01 (CMA)
WP282025,2025,2025-10-06T21:00:00Z,26.60,138.90,IBTrACS v04r01 (CMA)
WP282025,2025,2025-10-07T00:00:00Z,26.80,138.70,IBTrACS v04r01 (CMA)
WP282025,2025,2025-10-07T03:00:00Z,27.20,138.40,IBTrACS v04r01 (CMA)
WP282025,2025,2025-10-07T06:00:00Z,27.60,138.00,IBTrACS v04r01 (CMA)
WP282025,2025,2025-10-07T09:00:00Z,27.90,137.60,IBTrACS v04r01 (CMA)
WP282025,2025,2025-10-07T12:00:00Z,28.10,137.30,IBTrACS v04r01 (CMA)
WP282025,2025,2025-10-07T15:00:00Z,28.40,137.00,IBTrACS v04r01 (CMA)
WP282025,2025,2025-10-07T18:00:00Z,28.80,136.90,IBTrACS v04r01 (CMA)
WP282025,2025,2025-10-07T21:00:00Z,29.10,136.90,IBTrACS v04r01 (CMA)
WP282025,2025,2025-10-08T00:00:00Z,29.50,137.00,IBTrACS v04r01 (CMA)
WP282025,2025,2025-10-08T03:00:00Z,30.00,137.30,IBTrACS v04r01 (CMA)
WP282025,2025,2025-10-08T06:00:00Z,30.50,137.70,IBTrACS v04r01 (CMA)
WP282025,2025,2025-10-08T09:00:00Z,30.90,138.10,IBTrACS v04r01 (CMA)
WP282025,2025,2025-10-08T12:00:00Z,31.30,138.50,IBTrACS v04r01 (CMA)
WP282025,2025,2025-10-08T15:00:00Z,31.90,138.90,IBTrACS v04r01 (CMA)
WP282025,2025,2025-10-08T18:00:00Z,32.40,139.40,IBTrACS v04r01 (CMA)
WP282025,2025,2025-10-08T21:00:00Z,32.70,140.10,IBTrACS v04r01 (CMA)
WP282025,2025,2025-10-09T00:00:00Z,32.90,141.00,IBTrACS v04r01 (CMA)
WP282025,2025,2025-10-09T03:00:00Z,33.30,142.20,IBTrACS v04r01 (CMA)
WP282025,2025,2025-10-09T06:00:00Z,33.60,143.60,IBTrACS v04r01 (CMA)
WP282025,2025,2025-10-09T09:00:00Z,33.80,145.20,IBTrACS v04r01 (CMA)
WP282025,2025,2025-10-09T12:00:00Z,34.00,146.90,IBTrACS v04r01 (CMA)
WP282025,2025,2025-10-09T15:00:00Z,34.10,148.30,IBTrACS v04r01 (CMA)
WP282025,2025,2025-10-09T18:00:00Z,34.20,150.00,IBTrACS v04r01 (CMA)
WP282025,2025,2025-10-09T21:00:00Z,34.40,152.40,IBTrACS v04r01 (CMA)
WP282025,2025,2025-10-10T00:00:00Z,34.50,155.00,IBTrACS v04r01 (CMA)
WP282025,2025,2025-10-10T03:00:00Z,34.60,157.10,IBTrACS v04r01 (CMA)
WP282025,2025,2025-10-10T06:00:00Z,34.70,159.00,IBTrACS v04r01 (CMA)
WP282025,2025,2025-10-10T09:00:00Z,34.70,160.90,IBTrACS v04r01 (CMA)
WP292017,2017,2017-11-03T00:00:00Z,7.20,102.40,JTWC b-deck
WP292017,2017,2017-11-03T06:00:00Z,7.30,101.80,JTWC b-deck
WP292017,2017,2017-11-03T12:00:00Z,7.00,101.70,JTWC b-deck
WP292017,2017,2017-11-03T18:00:00Z,6.60,101.30,JTWC b-deck
WP292017,2017,2017-11-04T00:00:00Z,6.40,100.70,JTWC b-deck
WP292017,2017,2017-11-04T06:00:00Z,6.00,100.40,JTWC b-deck
WP292017,2017,2017-11-04T12:00:00Z,5.60,100.30,JTWC b-deck
WP292017,2017,2017-11-04T18:00:00Z,5.20,100.40,JTWC b-deck
WP292017,2017,2017-11-05T00:00:00Z,5.10,100.90,JTWC b-deck
WP292017,2017,2017-11-05T06:00:00Z,5.20,101.60,JTWC b-deck
WP292017,2017,2017-11-05T12:00:00Z,5.80,102.00,JTWC b-deck
WP292017,2017,2017-11-05T18:00:00Z,6.50,102.60,JTWC b-deck
WP292017,2017,2017-11-06T00:00:00Z,7.50,102.60,JTWC b-deck
WP292017,2017,2017-11-06T06:00:00Z,8.30,102.60,JTWC b-deck
WP292017,2017,2017-11-06T12:00:00Z,8.80,102.50,JTWC b-deck
WP292017,2017,2017-11-06T18:00:00Z,9.30,102.00,JTWC b-deck
WP292017,2017,2017-11-07T00:00:00Z,9.90,101.40,JTWC b-deck
WP292017,2017,2017-11-07T06:00:00Z,10.50,100.70,JTWC b-deck
WP292017,2017,2017-11-07T12:00:00Z,10.90,100.50,JTWC b-deck
WP292017,2017,2017-11-07T18:00:00Z,11.10,100.00,JTWC b-deck
WP292017,2017,2017-11-08T00:00:00Z,11.30,99.60,JTWC b-deck
WP292018,2018,2018-09-25T06:00:00Z,23.80,155.00,JTWC b-deck
WP292018,2018,2018-09-25T12:00:00Z,25.30,153.60,JTWC b-deck
WP292018,2018,2018-09-25T18:00:00Z,26.30,152.40,JTWC b-deck
WP292018,2018,2018-09-26T00:00:00Z,27.50,151.70,JTWC b-deck
WP292018,2018,2018-09-26T06:00:00Z,28.70,151.20,JTWC b-deck
WP292018,2018,2018-09-26T12:00:00Z,30.20,151.20,JTWC b-deck
WP292018,2018,2018-09-26T18:00:00Z,31.90,151.40,JTWC b-deck
WP292018,2018,2018-09-27T00:00:00Z,32.90,152.00,JTWC b-deck
WP292018,2018,2018-09-27T06:00:00Z,34.60,152.70,JTWC b-deck
WP292018,2018,2018-09-27T12:00:00Z,36.30,153.90,JTWC b-deck
WP292018,2018,2018-09-27T18:00:00Z,37.80,155.90,JTWC b-deck
WP292019,2019,2019-11-25T12:00:00Z,9.10,152.00,JTWC b-deck
WP292019,2019,2019-11-25T18:00:00Z,10.20,150.90,JTWC b-deck
WP292019,2019,2019-11-26T00:00:00Z,10.80,149.20,JTWC b-deck
WP292019,2019,2019-11-26T06:00:00Z,11.30,147.20,JTWC b-deck
WP292019,2019,2019-11-26T12:00:00Z,11.40,145.20,JTWC b-deck
WP292019,2019,2019-11-26T18:00:00Z,11.50,143.60,JTWC b-deck
WP292019,2019,2019-11-27T00:00:00Z,11.40,142.20,JTWC b-deck
WP292019,2019,2019-11-27T06:00:00Z,11.50,141.00,JTWC b-deck
WP292019,2019,2019-11-27T06:00:00Z,11.50,141.00,JTWC b-deck
WP292019,2019,2019-11-27T12:00:00Z,11.40,140.20,JTWC b-deck
WP292019,2019,2019-11-27T12:00:00Z,11.40,140.20,JTWC b-deck
WP292019,2019,2019-11-27T18:00:00Z,11.40,139.50,JTWC b-deck
WP292019,2019,2019-11-27T18:00:00Z,11.40,139.50,JTWC b-deck
WP292019,2019,2019-11-27T18:00:00Z,11.40,139.50,JTWC b-deck
WP292019,2019,2019-11-28T00:00:00Z,12.00,139.00,JTWC b-deck
WP292019,2019,2019-11-28T00:00:00Z,12.00,139.00,JTWC b-deck
WP292019,2019,2019-11-28T00:00:00Z,12.00,139.00,JTWC b-deck
WP292019,2019,2019-11-28T06:00:00Z,12.70,138.80,JTWC b-deck
WP292019,2019,2019-11-28T06:00:00Z,12.70,138.80,JTWC b-deck
WP292019,2019,2019-11-28T06:00:00Z,12.70,138.80,JTWC b-deck
WP292019,2019,2019-11-28T12:00:00Z,13.50,138.60,JTWC b-deck
WP292019,2019,2019-11-28T12:00:00Z,13.50,138.60,JTWC b-deck
WP292019,2019,2019-11-28T12:00:00Z,13.50,138.60,JTWC b-deck
WP292019,2019,2019-11-28T18:00:00Z,14.20,138.70,JTWC b-deck
WP292019,2019,2019-11-28T18:00:00Z,14.20,138.70,JTWC b-deck
WP292019,2019,2019-11-28T18:00:00Z,14.20,138.70,JTWC b-deck
WP292019,2019,2019-11-29T00:00:00Z,14.40,138.20,JTWC b-deck
WP292019,2019,2019-11-29T00:00:00Z,14.40,138.20,JTWC b-deck
WP292019,2019,2019-11-29T00:00:00Z,14.40,138.20,JTWC b-deck
WP292019,2019,2019-11-29T06:00:00Z,14.30,138.10,JTWC b-deck
WP292019,2019,2019-11-29T06:00:00Z,14.30,138.10,JTWC b-deck
WP292019,2019,2019-11-29T12:00:00Z,14.10,137.80,JTWC b-deck
WP292019,2019,2019-11-29T12:00:00Z,14.10,137.80,JTWC b-deck
WP292019,2019,2019-11-29T18:00:00Z,14.10,137.20,JTWC b-deck
WP292019,2019,2019-11-29T18:00:00Z,14.10,137.20,JTWC b-deck
WP292019,2019,2019-11-30T00:00:00Z,13.90,136.20,JTWC b-deck
WP292019,2019,2019-11-30T00:00:00Z,13.90,136.20,JTWC b-deck
WP292019,2019,2019-11-30T00:00:00Z,13.90,136.20,JTWC b-deck
WP292019,2019,2019-11-30T06:00:00Z,13.50,135.30,JTWC b-deck
WP292019,2019,2019-11-30T06:00:00Z,13.50,135.30,JTWC b-deck
WP292019,2019,2019-11-30T06:00:00Z,13.50,135.30,JTWC b-deck
WP292019,2019,2019-11-30T12:00:00Z,13.20,134.00,JTWC b-deck
WP292019,2019,2019-11-30T12:00:00Z,13.20,134.00,JTWC b-deck
WP292019,2019,2019-11-30T12:00:00Z,13.20,134.00,JTWC b-deck
WP292019,2019,2019-11-30T18:00:00Z,13.20,132.80,JTWC b-deck
WP292019,2019,2019-11-30T18:00:00Z,13.20,132.80,JTWC b-deck
WP292019,2019,2019-11-30T18:00:00Z,13.20,132.80,JTWC b-deck
WP292019,2019,2019-12-01T00:00:00Z,13.10,131.40,JTWC b-deck
WP292019,2019,2019-12-01T00:00:00Z,13.10,131.40,JTWC b-deck
WP292019,2019,2019-12-01T06:00:00Z,13.10,130.00,JTWC b-deck
WP292019,2019,2019-12-01T06:00:00Z,13.10,130.00,JTWC b-deck
WP292019,2019,2019-12-01T12:00:00Z,13.00,128.80,JTWC b-deck
WP292019,2019,2019-12-01T12:00:00Z,13.00,128.80,JTWC b-deck
WP292019,2019,2019-12-01T12:00:00Z,13.00,128.80,JTWC b-deck
WP292019,2019,2019-12-01T18:00:00Z,12.90,127.70,JTWC b-deck
WP292019,2019,2019-12-01T18:00:00Z,12.90,127.70,JTWC b-deck
WP292019,2019,2019-12-01T18:00:00Z,12.90,127.70,JTWC b-deck
WP292019,2019,2019-12-02T00:00:00Z,12.90,126.60,JTWC b-deck
WP292019,2019,2019-12-02T00:00:00Z,12.90,126.60,JTWC b-deck
WP292019,2019,2019-12-02T00:00:00Z,12.90,126.60,JTWC b-deck
WP292019,2019,2019-12-02T06:00:00Z,12.90,125.60,JTWC b-deck
WP292019,2019,2019-12-02T06:00:00Z,12.90,125.60,JTWC b-deck
WP292019,2019,2019-12-02T06:00:00Z,12.90,125.60,JTWC b-deck
WP292019,2019,2019-12-02T12:00:00Z,12.90,124.70,JTWC b-deck
WP292019,2019,2019-12-02T12:00:00Z,12.90,124.70,JTWC b-deck
WP292019,2019,2019-12-02T12:00:00Z,12.90,124.70,JTWC b-deck
WP292019,2019,2019-12-02T18:00:00Z,13.00,123.40,JTWC b-deck
WP292019,2019,2019-12-02T18:00:00Z,13.00,123.40,JTWC b-deck
WP292019,2019,2019-12-02T18:00:00Z,13.00,123.40,JTWC b-deck
WP292019,2019,2019-12-03T00:00:00Z,13.10,122.20,JTWC b-deck
WP292019,2019,2019-12-03T00:00:00Z,13.10,122.20,JTWC b-deck
WP292019,2019,2019-12-03T00:00:00Z,13.10,122.20,JTWC b-deck
WP292019,2019,2019-12-03T06:00:00Z,13.10,121.10,JTWC b-deck
WP292019,2019,2019-12-03T06:00:00Z,13.10,121.10,JTWC b-deck
WP292019,2019,2019-12-03T06:00:00Z,13.10,121.10,JTWC b-deck
WP292019,2019,2019-12-03T12:00:00Z,13.20,120.10,JTWC b-deck
WP292019,2019,2019-12-03T12:00:00Z,13.20,120.10,JTWC b-deck
WP292019,2019,2019-12-03T12:00:00Z,13.20,120.10,JTWC b-deck
WP292019,2019,2019-12-03T18:00:00Z,13.80,119.10,JTWC b-deck
WP292019,2019,2019-12-03T18:00:00Z,13.80,119.10,JTWC b-deck
WP292019,2019,2019-12-04T00:00:00Z,14.10,118.10,JTWC b-deck
WP292019,2019,2019-12-04T00:00:00Z,14.10,118.10,JTWC b-deck
WP292019,2019,2019-12-04T06:00:00Z,14.20,117.20,JTWC b-deck
WP292019,2019,2019-12-04T06:00:00Z,14.20,117.20,JTWC b-deck
WP292019,2019,2019-12-04T12:00:00Z,14.50,116.30,JTWC b-deck
WP292019,2019,2019-12-04T18:00:00Z,14.70,115.40,JTWC b-deck
WP292019,2019,2019-12-05T00:00:00Z,14.30,114.30,JTWC b-deck
WP292019,2019,2019-12-05T06:00:00Z,13.80,113.70,JTWC b-deck
WP292019,2019,2019-12-05T12:00:00Z,13.00,113.40,JTWC b-deck
WP292019,2019,2019-12-05T18:00:00Z,12.20,113.50,JTWC b-deck
WP292019,2019,2019-12-06T00:00:00Z,11.20,113.40,JTWC b-deck
WP292021,2021,2021-12-15T00:00:00Z,5.20,107.70,JTWC b-deck
WP292021,2021,2021-12-15T06:00:00Z,5.00,107.40,JTWC b-deck
WP292021,2021,2021-12-15T12:00:00Z,4.80,107.10,JTWC b-deck
WP292021,2021,2021-12-15T18:00:00Z,4.70,106.60,JTWC b-deck
WP292021,2021,2021-12-16T00:00:00Z,4.70,106.20,JTWC b-deck
WP292021,2021,2021-12-16T06:00:00Z,4.40,105.10,JTWC b-deck
WP292021,2021,2021-12-16T12:00:00Z,4.30,104.50,JTWC b-deck
WP292021,2021,2021-12-16T18:00:00Z,4.20,103.00,JTWC b-deck
WP292021,2021,2021-12-17T00:00:00Z,4.20,103.00,JTWC b-deck
WP292021,2021,2021-12-17T06:00:00Z,4.00,101.90,JTWC b-deck
WP292022,2022,2022-12-08T00:00:00Z,6.40,133.10,JTWC b-deck
WP292022,2022,2022-12-08T06:00:00Z,6.80,132.70,JTWC b-deck
WP292022,2022,2022-12-08T12:00:00Z,7.30,132.40,JTWC b-deck
WP292022,2022,2022-12-08T18:00:00Z,8.20,130.50,JTWC b-deck
WP292022,2022,2022-12-09T00:00:00Z,9.30,128.20,JTWC b-deck
WP292022,2022,2022-12-09T06:00:00Z,10.70,127.20,JTWC b-deck
WP292022,2022,2022-12-09T12:00:00Z,11.90,126.50,JTWC b-deck
WP292022,2022,2022-12-09T18:00:00Z,12.90,125.60,JTWC b-deck
WP292022,2022,2022-12-10T00:00:00Z,14.00,124.50,JTWC b-deck
WP292022,2022,2022-12-10T06:00:00Z,15.00,124.00,JTWC b-deck
WP292022,2022,2022-12-10T12:00:00Z,16.00,125.00,JTWC b-deck
WP292022,2022,2022-12-10T18:00:00Z,16.40,125.50,JTWC b-deck
WP292022,2022,2022-12-11T00:00:00Z,16.80,125.70,JTWC b-deck
WP292022,2022,2022-12-11T06:00:00Z,17.50,126.20,JTWC b-deck
WP292022,2022,2022-12-11T12:00:00Z,18.30,126.70,JTWC b-deck
WP292022,2022,2022-12-11T18:00:00Z,19.20,128.40,JTWC b-deck
WP292022,2022,2022-12-11T18:00:00Z,19.20,128.40,JTWC b-deck
WP292022,2022,2022-12-12T00:00:00Z,19.60,129.50,JTWC b-deck
WP292022,2022,2022-12-12T00:00:00Z,19.60,129.50,JTWC b-deck
WP292022,2022,2022-12-12T06:00:00Z,20.20,130.70,JTWC b-deck
WP292022,2022,2022-12-12T12:00:00Z,19.90,130.60,JTWC b-deck
WP292022,2022,2022-12-12T18:00:00Z,19.10,131.20,JTWC b-deck
WP292022,2022,2022-12-13T00:00:00Z,18.60,131.20,JTWC b-deck
WP292025,2025,2025-10-08T06:00:00Z,19.10,138.20,IBTrACS v04r01 (CMA)
WP292025,2025,2025-10-08T09:00:00Z,19.80,137.80,IBTrACS v04r01 (CMA)
WP292025,2025,2025-10-08T12:00:00Z,20.50,137.30,IBTrACS v04r01 (CMA)
WP292025,2025,2025-10-08T15:00:00Z,21.10,136.80,IBTrACS v04r01 (CMA)
WP292025,2025,2025-10-08T18:00:00Z,21.70,136.30,IBTrACS v04r01 (CMA)
WP292025,2025,2025-10-08T21:00:00Z,22.30,136.00,IBTrACS v04r01 (CMA)
WP292025,2025,2025-10-09T00:00:00Z,22.90,135.70,IBTrACS v04r01 (CMA)
WP292025,2025,2025-10-09T03:00:00Z,23.50,135.20,IBTrACS v04r01 (CMA)
WP292025,2025,2025-10-09T06:00:00Z,24.00,134.80,IBTrACS v04r01 (CMA)
WP292025,2025,2025-10-09T09:00:00Z,24.40,134.50,IBTrACS v04r01 (CMA)
WP292025,2025,2025-10-09T12:00:00Z,24.70,134.30,IBTrACS v04r01 (CMA)
WP292025,2025,2025-10-09T15:00:00Z,25.20,134.00,IBTrACS v04r01 (CMA)
WP292025,2025,2025-10-09T18:00:00Z,25.70,133.60,IBTrACS v04r01 (CMA)
WP292025,2025,2025-10-09T21:00:00Z,26.30,133.20,IBTrACS v04r01 (CMA)
WP292025,2025,2025-10-10T00:00:00Z,26.80,132.70,IBTrACS v04r01 (CMA)
WP292025,2025,2025-10-10T03:00:00Z,27.00,132.10,IBTrACS v04r01 (CMA)
WP292025,2025,2025-10-10T06:00:00Z,27.10,131.60,IBTrACS v04r01 (CMA)
WP292025,2025,2025-10-10T09:00:00Z,27.00,131.20,IBTrACS v04r01 (CMA)
WP292025,2025,2025-10-10T12:00:00Z,26.90,130.90,IBTrACS v04r01 (CMA)
WP292025,2025,2025-10-10T15:00:00Z,26.70,130.50,IBTrACS v04r01 (CMA)
WP292025,2025,2025-10-10T18:00:00Z,26.60,130.30,IBTrACS v04r01 (CMA)
WP292025,2025,2025-10-10T21:00:00Z,26.80,130.20,IBTrACS v04r01 (CMA)
WP292025,2025,2025-10-11T00:00:00Z,27.20,130.30,IBTrACS v04r01 (CMA)
WP292025,2025,2025-10-11T03:00:00Z,27.50,130.60,IBTrACS v04r01 (CMA)
WP292025,2025,2025-10-11T06:00:00Z,27.80,131.00,IBTrACS v04r01 (CMA)
WP292025,2025,2025-10-11T09:00:00Z,28.20,131.10,IBTrACS v04r01 (CMA)
WP292025,2025,2025-10-11T12:00:00Z,28.70,131.30,IBTrACS v04r01 (CMA)
WP292025,2025,2025-10-11T15:00:00Z,29.10,131.70,IBTrACS v04r01 (CMA)
WP292025,2025,2025-10-11T18:00:00Z,29.40,132.30,IBTrACS v04r01 (CMA)
WP292025,2025,2025-10-11T21:00:00Z,29.70,133.00,IBTrACS v04r01 (CMA)
WP292025,2025,2025-10-12T00:00:00Z,30.00,133.70,IBTrACS v04r01 (CMA)
WP292025,2025,2025-10-12T03:00:00Z,30.50,134.40,IBTrACS v04r01 (CMA)
WP292025,2025,2025-10-12T06:00:00Z,31.00,135.10,IBTrACS v04r01 (CMA)
WP292025,2025,2025-10-12T09:00:00Z,31.30,135.80,IBTrACS v04r01 (CMA)
WP292025,2025,2025-10-12T12:00:00Z,31.60,136.50,IBTrACS v04r01 (CMA)
WP292025,2025,2025-10-12T15:00:00Z,31.90,137.40,IBTrACS v04r01 (CMA)
WP292025,2025,2025-10-12T18:00:00Z,32.30,138.40,IBTrACS v04r01 (CMA)
WP292025,2025,2025-10-12T21:00:00Z,32.70,139.30,IBTrACS v04r01 (CMA)
WP292025,2025,2025-10-13T00:00:00Z,33.00,140.30,IBTrACS v04r01 (CMA)
WP292025,2025,2025-10-13T03:00:00Z,33.30,141.40,IBTrACS v04r01 (CMA)
WP292025,2025,2025-10-13T06:00:00Z,33.60,142.70,IBTrACS v04r01 (CMA)
WP292025,2025,2025-10-13T09:00:00Z,33.80,144.00,IBTrACS v04r01 (CMA)
WP292025,2025,2025-10-13T12:00:00Z,34.00,145.30,IBTrACS v04r01 (CMA)
WP292025,2025,2025-10-13T15:00:00Z,34.20,146.60,IBTrACS v04r01 (CMA)
WP292025,2025,2025-10-13T18:00:00Z,34.30,148.00,IBTrACS v04r01 (CMA)
WP292025,2025,2025-10-13T21:00:00Z,34.40,149.70,IBTrACS v04r01 (CMA)
WP292025,2025,2025-10-14T00:00:00Z,34.60,151.40,IBTrACS v04r01 (CMA)
WP292025,2025,2025-10-14T03:00:00Z,34.80,153.10,IBTrACS v04r01 (CMA)
WP292025,2025,2025-10-14T06:00:00Z,35.00,154.70,IBTrACS v04r01 (CMA)
WP292025,2025,2025-10-14T09:00:00Z,35.30,156.30,IBTrACS v04r01 (CMA)
WP292025,2025,2025-10-14T12:00:00Z,35.60,158.00,IBTrACS v04r01 (CMA)
WP292025,2025,2025-10-14T15:00:00Z,35.70,159.70,IBTrACS v04r01 (CMA)
WP292025,2025,2025-10-14T18:00:00Z,35.80,161.30,IBTrACS v04r01 (CMA)
WP292025,2025,2025-10-14T21:00:00Z,35.80,162.80,IBTrACS v04r01 (CMA)
WP302017,2017,2017-11-08T00:00:00Z,10.80,130.10,JTWC b-deck
WP302017,2017,2017-11-08T06:00:00Z,11.20,128.60,JTWC b-deck
WP302017,2017,2017-11-08T12:00:00Z,11.70,127.20,JTWC b-deck
WP302017,2017,2017-11-08T18:00:00Z,12.30,125.80,JTWC b-deck
WP302017,2017,2017-11-09T00:00:00Z,12.80,124.10,JTWC b-deck
WP302017,2017,2017-11-09T06:00:00Z,13.30,122.70,JTWC b-deck
WP302017,2017,2017-11-09T12:00:00Z,13.90,121.20,JTWC b-deck
WP302017,2017,2017-11-09T18:00:00Z,14.50,120.20,JTWC b-deck
WP302017,2017,2017-11-10T00:00:00Z,15.20,119.20,JTWC b-deck
WP302017,2017,2017-11-10T06:00:00Z,16.00,118.40,JTWC b-deck
WP302017,2017,2017-11-10T12:00:00Z,16.90,117.40,JTWC b-deck
WP302017,2017,2017-11-10T18:00:00Z,17.30,116.50,JTWC b-deck
WP302017,2017,2017-11-11T00:00:00Z,17.60,115.70,JTWC b-deck
WP302017,2017,2017-11-11T06:00:00Z,17.80,114.80,JTWC b-deck
WP302017,2017,2017-11-11T12:00:00Z,17.90,114.10,JTWC b-deck
WP302017,2017,2017-11-11T18:00:00Z,17.80,113.50,JTWC b-deck
WP302017,2017,2017-11-12T00:00:00Z,17.80,113.00,JTWC b-deck
WP302017,2017,2017-11-12T06:00:00Z,17.50,112.30,JTWC b-deck
WP302017,2017,2017-11-12T12:00:00Z,17.30,111.70,JTWC b-deck
WP302017,2017,2017-11-12T18:00:00Z,17.30,111.10,JTWC b-deck
WP302017,2017,2017-11-13T00:00:00Z,17.30,110.50,JTWC b-deck
WP302017,2017,2017-11-13T06:00:00Z,17.30,110.10,JTWC b-deck
WP302017,2017,2017-11-13T12:00:00Z,17.40,109.60,JTWC b-deck
WP302017,2017,2017-11-13T18:00:00Z,17.40,109.00,JTWC b-deck
WP302017,2017,2017-11-14T00:00:00Z,17.20,108.50,JTWC b-deck
WP302017,2017,2017-11-14T06:00:00Z,16.90,108.10,JTWC b-deck
WP302017,2017,2017-11-14T12:00:00Z,16.70,107.60,JTWC b-deck
WP302018,2018,2018-09-27T12:00:00Z,6.30,153.50,JTWC b-deck
WP302018,2018,2018-09-27T18:00:00Z,7.20,152.30,JTWC b-deck
WP302018,2018,2018-09-28T00:00:00Z,7.40,151.10,JTWC b-deck
WP302018,2018,2018-09-28T06:00:00Z,8.80,149.60,JTWC b-deck
WP302018,2018,2018-09-28T12:00:00Z,9.70,148.00,JTWC b-deck
WP302018,2018,2018-09-28T18:00:00Z,11.20,146.50,JTWC b-deck
WP302018,2018,2018-09-28T21:00:00Z,11.90,145.50,JTWC b-deck
WP302018,2018,2018-09-29T00:00:00Z,12.20,144.20,JTWC b-deck
WP302018,2018,2018-09-29T06:00:00Z,12.50,142.20,JTWC b-deck
WP302018,2018,2018-09-29T12:00:00Z,12.70,140.70,JTWC b-deck
WP302018,2018,2018-09-29T12:00:00Z,12.70,140.70,JTWC b-deck
WP302018,2018,2018-09-29T18:00:00Z,13.30,139.60,JTWC b-deck
WP302018,2018,2018-09-29T18:00:00Z,13.30,139.60,JTWC b-deck
WP302018,2018,2018-09-29T18:00:00Z,13.30,139.60,JTWC b-deck
WP302018,2018,2018-09-30T00:00:00Z,13.80,138.80,JTWC b-deck
WP302018,2018,2018-09-30T00:00:00Z,13.80,138.80,JTWC b-deck
WP302018,2018,2018-09-30T00:00:00Z,13.80,138.80,JTWC b-deck
WP302018,2018,2018-09-30T06:00:00Z,14.50,137.90,JTWC b-deck
WP302018,2018,2018-09-30T06:00:00Z,14.50,137.90,JTWC b-deck
WP302018,2018,2018-09-30T06:00:00Z,14.50,137.90,JTWC b-deck
WP302018,2018,2018-09-30T12:00:00Z,15.00,137.20,JTWC b-deck
WP302018,2018,2018-09-30T12:00:00Z,15.00,137.20,JTWC b-deck
WP302018,2018,2018-09-30T12:00:00Z,15.00,137.20,JTWC b-deck
WP302018,2018,2018-09-30T18:00:00Z,15.30,136.50,JTWC b-deck
WP302018,2018,2018-09-30T18:00:00Z,15.30,136.50,JTWC b-deck
WP302018,2018,2018-09-30T18:00:00Z,15.30,136.50,JTWC b-deck
WP302018,2018,2018-10-01T00:00:00Z,15.60,135.90,JTWC b-deck
WP302018,2018,2018-10-01T00:00:00Z,15.60,135.90,JTWC b-deck
WP302018,2018,2018-10-01T00:00:00Z,15.60,135.90,JTWC b-deck
WP302018,2018,2018-10-01T06:00:00Z,16.10,135.20,JTWC b-deck
WP302018,2018,2018-10-01T06:00:00Z,16.10,135.20,JTWC b-deck
WP302018,2018,2018-10-01T06:00:00Z,16.10,135.20,JTWC b-deck
WP302018,2018,2018-10-01T12:00:00Z,16.80,134.40,JTWC b-deck
WP302018,2018,2018-10-01T12:00:00Z,16.80,134.40,JTWC b-deck
WP302018,2018,2018-10-01T12:00:00Z,16.80,134.40,JTWC b-deck
WP302018,2018,2018-10-01T18:00:00Z,17.30,133.60,JTWC b-deck
WP302018,2018,2018-10-01T18:00:00Z,17.30,133.60,JTWC b-deck
WP302018,2018,2018-10-01T18:00:00Z,17.30,133.60,JTWC b-deck
WP302018,2018,2018-10-02T00:00:00Z,17.60,132.70,JTWC b-deck
WP302018,2018,2018-10-02T00:00:00Z,17.60,132.70,JTWC b-deck
WP302018,2018,2018-10-02T00:00:00Z,17.60,132.70,JTWC b-deck
WP302018,2018,2018-10-02T06:00:00Z,18.20,132.00,JTWC b-deck
WP302018,2018,2018-10-02T06:00:00Z,18.20,132.00,JTWC b-deck
WP302018,2018,2018-10-02T06:00:00Z,18.20,132.00,JTWC b-deck
WP302018,2018,2018-10-02T12:00:00Z,18.90,131.20,JTWC b-deck
WP302018,2018,2018-10-02T12:00:00Z,18.90,131.20,JTWC b-deck
WP302018,2018,2018-10-02T12:00:00Z,18.90,131.20,JTWC b-deck
WP302018,2018,2018-10-02T18:00:00Z,19.60,130.30,JTWC b-deck
WP302018,2018,2018-10-02T18:00:00Z,19.60,130.30,JTWC b-deck
WP302018,2018,2018-10-02T18:00:00Z,19.60,130.30,JTWC b-deck
WP302018,2018,2018-10-03T00:00:00Z,20.10,129.70,JTWC b-deck
WP302018,2018,2018-10-03T00:00:00Z,20.10,129.70,JTWC b-deck
WP302018,2018,2018-10-03T00:00:00Z,20.10,129.70,JTWC b-deck
WP302018,2018,2018-10-03T06:00:00Z,20.80,129.20,JTWC b-deck
WP302018,2018,2018-10-03T06:00:00Z,20.80,129.20,JTWC b-deck
WP302018,2018,2018-10-03T06:00:00Z,20.80,129.20,JTWC b-deck
WP302018,2018,2018-10-03T12:00:00Z,21.60,128.70,JTWC b-deck
WP302018,2018,2018-10-03T12:00:00Z,21.60,128.70,JTWC b-deck
WP302018,2018,2018-10-03T12:00:00Z,21.60,128.70,JTWC b-deck
WP302018,2018,2018-10-03T18:00:00Z,22.40,128.10,JTWC b-deck
WP302018,2018,2018-10-03T18:00:00Z,22.40,128.10,JTWC b-deck
WP302018,2018,2018-10-03T18:00:00Z,22.40,128.10,JTWC b-deck
WP302018,2018,2018-10-04T00:00:00Z,23.20,127.60,JTWC b-deck
WP302018,2018,2018-10-04T00:00:00Z,23.20,127.60,JTWC b-deck
WP302018,2018,2018-10-04T00:00:00Z,23.20,127.60,JTWC b-deck
WP302018,2018,2018-10-04T06:00:00Z,24.40,127.10,JTWC b-deck
WP302018,2018,2018-10-04T06:00:00Z,24.40,127.10,JTWC b-deck
WP302018,2018,2018-10-04T06:00:00Z,24.40,127.10,JTWC b-deck
WP302018,2018,2018-10-04T12:00:00Z,25.50,126.60,JTWC b-deck
WP302018,2018,2018-10-04T12:00:00Z,25.50,126.60,JTWC b-deck
WP302018,2018,2018-10-04T12:00:00Z,25.50,126.60,JTWC b-deck
WP302018,2018,2018-10-04T18:00:00Z,26.80,126.10,JTWC b-deck
WP302018,2018,2018-10-04T18:00:00Z,26.80,126.10,JTWC b-deck
WP302018,2018,2018-10-04T18:00:00Z,26.80,126.10,JTWC b-deck
WP302018,2018,2018-10-05T00:00:00Z,27.90,125.70,JTWC b-deck
WP302018,2018,2018-10-05T00:00:00Z,27.90,125.70,JTWC b-deck
WP302018,2018,2018-10-05T06:00:00Z,29.40,125.80,JTWC b-deck
WP302018,2018,2018-10-05T06:00:00Z,29.40,125.80,JTWC b-deck
WP302018,2018,2018-10-05T12:00:00Z,31.40,125.80,JTWC b-deck
WP302018,2018,2018-10-05T12:00:00Z,31.40,125.80,JTWC b-deck
WP302018,2018,2018-10-05T12:00:00Z,31.40,125.80,JTWC b-deck
WP302018,2018,2018-10-05T18:00:00Z,32.80,126.70,JTWC b-deck
WP302018,2018,2018-10-05T18:00:00Z,32.80,126.70,JTWC b-deck
WP302018,2018,2018-10-05T18:00:00Z,32.80,126.70,JTWC b-deck
WP302018,2018,2018-10-06T00:00:00Z,35.00,128.60,JTWC b-deck
WP302018,2018,2018-10-06T00:00:00Z,35.00,128.60,JTWC b-deck
WP302018,2018,2018-10-06T06:00:00Z,37.10,130.40,JTWC b-deck
WP302018,2018,2018-10-06T06:00:00Z,37.10,130.40,JTWC b-deck
WP302018,2018,2018-10-06T12:00:00Z,38.70,133.40,JTWC b-deck
WP302018,2018,2018-10-06T12:00:00Z,38.70,133.40,JTWC b-deck
WP302018,2018,2018-10-06T18:00:00Z,40.70,136.90,JTWC b-deck
WP302018,2018,2018-10-07T00:00:00Z,42.00,140.40,JTWC b-deck
WP302019,2019,2019-12-19T12:00:00Z,5.20,151.40,JTWC b-deck
WP302019,2019,2019-12-19T18:00:00Z,4.90,150.20,JTWC b-deck
WP302019,2019,2019-12-20T00:00:00Z,4.80,148.90,JTWC b-deck
WP302019,2019,2019-12-20T06:00:00Z,4.90,147.50,JTWC b-deck
WP302019,2019,2019-12-20T12:00:00Z,5.00,145.90,JTWC b-deck
WP302019,2019,2019-12-20T18:00:00Z,4.90,144.10,JTWC b-deck
WP302019,2019,2019-12-21T00:00:00Z,4.80,143.10,JTWC b-deck
WP302019,2019,2019-12-21T06:00:00Z,5.30,142.50,JTWC b-deck
WP302019,2019,2019-12-21T12:00:00Z,5.90,141.00,JTWC b-deck
WP302019,2019,2019-12-21T18:00:00Z,6.40,139.90,JTWC b-deck
WP302019,2019,2019-12-22T00:00:00Z,7.00,139.10,JTWC b-deck
WP302019,2019,2019-12-22T06:00:00Z,7.40,138.10,JTWC b-deck
WP302019,2019,2019-12-22T12:00:00Z,8.30,136.80,JTWC b-deck
WP302019,2019,2019-12-22T18:00:00Z,8.90,135.30,JTWC b-deck
WP302019,2019,2019-12-23T00:00:00Z,9.50,133.70,JTWC b-deck
WP302019,2019,2019-12-23T06:00:00Z,10.00,132.00,JTWC b-deck
WP302019,2019,2019-12-23T12:00:00Z,10.50,130.90,JTWC b-deck
WP302019,2019,2019-12-23T12:00:00Z,10.50,130.90,JTWC b-deck
WP302019,2019,2019-12-23T18:00:00Z,10.80,129.20,JTWC b-deck
WP302019,2019,2019-12-23T18:00:00Z,10.80,129.20,JTWC b-deck
WP302019,2019,2019-12-23T18:00:00Z,10.80,129.20,JTWC b-deck
WP302019,2019,2019-12-24T00:00:00Z,10.80,127.70,JTWC b-deck
WP302019,2019,2019-12-24T00:00:00Z,10.80,127.70,JTWC b-deck
WP302019,2019,2019-12-24T00:00:00Z,10.80,127.70,JTWC b-deck
WP302019,2019,2019-12-24T06:00:00Z,11.00,126.30,JTWC b-deck
WP302019,2019,2019-12-24T06:00:00Z,11.00,126.30,JTWC b-deck
WP302019,2019,2019-12-24T06:00:00Z,11.00,126.30,JTWC b-deck
WP302019,2019,2019-12-24T12:00:00Z,11.40,124.90,JTWC b-deck
WP302019,2019,2019-12-24T12:00:00Z,11.40,124.90,JTWC b-deck
WP302019,2019,2019-12-24T12:00:00Z,11.40,124.90,JTWC b-deck
WP302019,2019,2019-12-24T18:00:00Z,11.70,123.40,JTWC b-deck
WP302019,2019,2019-12-24T18:00:00Z,11.70,123.40,JTWC b-deck
WP302019,2019,2019-12-24T18:00:00Z,11.70,123.40,JTWC b-deck
WP302019,2019,2019-12-25T00:00:00Z,11.80,122.40,JTWC b-deck
WP302019,2019,2019-12-25T00:00:00Z,11.80,122.40,JTWC b-deck
WP302019,2019,2019-12-25T00:00:00Z,11.80,122.40,JTWC b-deck
WP302019,2019,2019-12-25T06:00:00Z,12.10,121.40,JTWC b-deck
WP302019,2019,2019-12-25T06:00:00Z,12.10,121.40,JTWC b-deck
WP302019,2019,2019-12-25T06:00:00Z,12.10,121.40,JTWC b-deck
WP302019,2019,2019-12-25T12:00:00Z,12.60,120.20,JTWC b-deck
WP302019,2019,2019-12-25T12:00:00Z,12.60,120.20,JTWC b-deck
WP302019,2019,2019-12-25T12:00:00Z,12.60,120.20,JTWC b-deck
WP302019,2019,2019-12-25T18:00:00Z,12.80,119.30,JTWC b-deck
WP302019,2019,2019-12-25T18:00:00Z,12.80,119.30,JTWC b-deck
WP302019,2019,2019-12-25T18:00:00Z,12.80,119.30,JTWC b-deck
WP302019,2019,2019-12-26T00:00:00Z,13.10,118.60,JTWC b-deck
WP302019,2019,2019-12-26T00:00:00Z,13.10,118.60,JTWC b-deck
WP302019,2019,2019-12-26T00:00:00Z,13.10,118.60,JTWC b-deck
WP302019,2019,2019-12-26T06:00:00Z,13.40,118.10,JTWC b-deck
WP302019,2019,2019-12-26T06:00:00Z,13.40,118.10,JTWC b-deck
WP302019,2019,2019-12-26T06:00:00Z,13.40,118.10,JTWC b-deck
WP302019,2019,2019-12-26T12:00:00Z,13.90,117.70,JTWC b-deck
WP302019,2019,2019-12-26T12:00:00Z,13.90,117.70,JTWC b-deck
WP302019,2019,2019-12-26T12:00:00Z,13.90,117.70,JTWC b-deck
WP302019,2019,2019-12-26T18:00:00Z,14.40,117.30,JTWC b-deck
WP302019,2019,2019-12-26T18:00:00Z,14.40,117.30,JTWC b-deck
WP302019,2019,2019-12-26T18:00:00Z,14.40,117.30,JTWC b-deck
WP302019,2019,2019-12-27T00:00:00Z,14.60,117.10,JTWC b-deck
WP302019,2019,2019-12-27T00:00:00Z,14.60,117.10,JTWC b-deck
WP302019,2019,2019-12-27T00:00:00Z,14.60,117.10,JTWC b-deck
WP302019,2019,2019-12-27T06:00:00Z,14.70,116.80,JTWC b-deck
WP302019,2019,2019-12-27T06:00:00Z,14.70,116.80,JTWC b-deck
WP302019,2019,2019-12-27T12:00:00Z,14.80,116.50,JTWC b-deck
WP302019,2019,2019-12-27T12:00:00Z,14.80,116.50,JTWC b-deck
WP302019,2019,2019-12-27T18:00:00Z,14.80,116.00,JTWC b-deck
WP302019,2019,2019-12-28T00:00:00Z,14.40,115.20,JTWC b-deck
WP302019,2019,2019-12-28T06:00:00Z,14.40,113.90,JTWC b-deck
WP302019,2019,2019-12-28T12:00:00Z,14.40,113.00,JTWC b-deck
WP302019,2019,2019-12-28T18:00:00Z,14.60,112.10,JTWC b-deck
WP302019,2019,2019-12-29T00:00:00Z,14.60,111.70,JTWC b-deck
WP302019,2019,2019-12-29T06:00:00Z,14.50,111.20,JTWC b-deck
WP302025,2025,2025-10-18T00:00:00Z,12.90,126.10,IBTrACS v04r01 (CMA)
WP302025,2025,2025-10-18T03:00:00Z,12.90,125.50,IBTrACS v04r01 (CMA)
WP302025,2025,2025-10-18T06:00:00Z,13.00,124.90,IBTrACS v04r01 (CMA)
WP302025,2025,2025-10-18T09:00:00Z,13.20,124.20,IBTrACS v04r01 (CMA)
WP302025,2025,2025-10-18T12:00:00Z,13.50,123.50,IBTrACS v04r01 (CMA)
WP302025,2025,2025-10-18T15:00:00Z,13.70,123.00,IBTrACS v04r01 (CMA)
WP302025,2025,2025-10-18T18:00:00Z,13.90,122.50,IBTrACS v04r01 (CMA)
WP302025,2025,2025-10-18T21:00:00Z,14.00,122.00,IBTrACS v04r01 (CMA)
WP302025,2025,2025-10-19T00:00:00Z,14.20,121.40,IBTrACS v04r01 (CMA)
WP302025,2025,2025-10-19T03:00:00Z,14.50,120.60,IBTrACS v04r01 (CMA)
WP302025,2025,2025-10-19T06:00:00Z,15.00,119.90,IBTrACS v04r01 (CMA)
WP302025,2025,2025-10-19T09:00:00Z,15.50,119.40,IBTrACS v04r01 (CMA)
WP302025,2025,2025-10-19T12:00:00Z,16.00,119.00,IBTrACS v04r01 (CMA)
WP302025,2025,2025-10-19T15:00:00Z,16.60,118.40,IBTrACS v04r01 (CMA)
WP302025,2025,2025-10-19T18:00:00Z,17.20,117.70,IBTrACS v04r01 (CMA)
WP302025,2025,2025-10-19T21:00:00Z,17.70,117.20,IBTrACS v04r01 (CMA)
WP302025,2025,2025-10-20T00:00:00Z,18.00,116.70,IBTrACS v04r01 (CMA)
WP302025,2025,2025-10-20T03:00:00Z,18.30,116.20,IBTrACS v04r01 (CMA)
WP302025,2025,2025-10-20T06:00:00Z,18.40,115.60,IBTrACS v04r01 (CMA)
WP302025,2025,2025-10-20T09:00:00Z,18.50,115.00,IBTrACS v04r01 (CMA)
WP302025,2025,2025-10-20T12:00:00Z,18.50,114.30,IBTrACS v04r01 (CMA)
WP302025,2025,2025-10-20T15:00:00Z,18.30,113.70,IBTrACS v04r01 (CMA)
WP302025,2025,2025-10-20T18:00:00Z,18.10,113.20,IBTrACS v04r01 (CMA)
WP302025,2025,2025-10-20T21:00:00Z,18.00,113.00,IBTrACS v04r01 (CMA)
WP302025,2025,2025-10-21T00:00:00Z,18.00,112.80,IBTrACS v04r01 (CMA)
WP302025,2025,2025-10-21T03:00:00Z,17.90,112.60,IBTrACS v04r01 (CMA)
WP302025,2025,2025-10-21T06:00:00Z,17.80,112.30,IBTrACS v04r01 (CMA)
WP302025,2025,2025-10-21T09:00:00Z,17.70,112.00,IBTrACS v04r01 (CMA)
WP302025,2025,2025-10-21T12:00:00Z,17.60,111.80,IBTrACS v04r01 (CMA)
WP302025,2025,2025-10-21T15:00:00Z,17.50,111.60,IBTrACS v04r01 (CMA)
WP302025,2025,2025-10-21T18:00:00Z,17.50,111.40,IBTrACS v04r01 (CMA)
WP302025,2025,2025-10-21T21:00:00Z,17.50,111.20,IBTrACS v04r01 (CMA)
WP302025,2025,2025-10-22T00:00:00Z,17.50,111.00,IBTrACS v04r01 (CMA)
WP302025,2025,2025-10-22T03:00:00Z,17.40,110.60,IBTrACS v04r01 (CMA)
WP302025,2025,2025-10-22T06:00:00Z,17.30,110.20,IBTrACS v04r01 (CMA)
WP302025,2025,2025-10-22T09:00:00Z,17.00,109.90,IBTrACS v04r01 (CMA)
WP302025,2025,2025-10-22T12:00:00Z,16.70,109.60,IBTrACS v04r01 (CMA)
WP302025,2025,2025-10-22T15:00:00Z,16.40,109.30,IBTrACS v04r01 (CMA)
WP302025,2025,2025-10-22T18:00:00Z,16.20,109.00,IBTrACS v04r01 (CMA)
WP302025,2025,2025-10-22T21:00:00Z,16.10,108.70,IBTrACS v04r01 (CMA)
WP302025,2025,2025-10-23T00:00:00Z,16.10,108.50,IBTrACS v04r01 (CMA)
WP302025,2025,2025-10-23T03:00:00Z,16.00,108.30,IBTrACS v04r01 (CMA)
WP312017,2017,2017-11-16T18:00:00Z,8.30,121.30,JTWC b-deck
WP312017,2017,2017-11-17T00:00:00Z,8.80,120.40,JTWC b-deck
WP312017,2017,2017-11-17T06:00:00Z,9.30,119.30,JTWC b-deck
WP312017,2017,2017-11-17T12:00:00Z,10.10,117.60,JTWC b-deck
WP312017,2017,2017-11-17T18:00:00Z,10.80,116.20,JTWC b-deck
WP312017,2017,2017-11-18T00:00:00Z,11.10,114.80,JTWC b-deck
WP312017,2017,2017-11-18T06:00:00Z,11.40,113.30,JTWC b-deck
WP312017,2017,2017-11-18T12:00:00Z,11.30,112.70,JTWC b-deck
WP312017,2017,2017-11-18T18:00:00Z,10.70,111.80,JTWC b-deck
WP312017,2017,2017-11-19T00:00:00Z,10.70,110.60,JTWC b-deck
WP312017,2017,2017-11-19T06:00:00Z,11.40,108.80,JTWC b-deck
WP312017,2017,2017-11-19T12:00:00Z,12.30,107.20,JTWC b-deck
WP312018,2018,2018-10-20T18:00:00Z,8.10,160.90,JTWC b-deck
WP312018,2018,2018-10-21T00:00:00Z,8.20,159.70,JTWC b-deck
WP312018,2018,2018-10-21T06:00:00Z,8.30,158.40,JTWC b-deck
WP312018,2018,2018-10-21T12:00:00Z,8.40,157.60,JTWC b-deck
WP312018,2018,2018-10-21T18:00:00Z,8.70,156.70,JTWC b-deck
WP312018,2018,2018-10-22T00:00:00Z,9.30,155.60,JTWC b-deck
WP312018,2018,2018-10-22T06:00:00Z,9.90,154.80,JTWC b-deck
WP312018,2018,2018-10-22T12:00:00Z,10.40,153.80,JTWC b-deck
WP312018,2018,2018-10-22T12:00:00Z,10.40,153.80,JTWC b-deck
WP312018,2018,2018-10-22T18:00:00Z,10.90,152.80,JTWC b-deck
WP312018,2018,2018-10-22T18:00:00Z,10.90,152.80,JTWC b-deck
WP312018,2018,2018-10-23T00:00:00Z,11.40,151.60,JTWC b-deck
WP312018,2018,2018-10-23T00:00:00Z,11.40,151.60,JTWC b-deck
WP312018,2018,2018-10-23T00:00:00Z,11.40,151.60,JTWC b-deck
WP312018,2018,2018-10-23T06:00:00Z,11.80,150.50,JTWC b-deck
WP312018,2018,2018-10-23T06:00:00Z,11.80,150.50,JTWC b-deck
WP312018,2018,2018-10-23T06:00:00Z,11.80,150.50,JTWC b-deck
WP312018,2018,2018-10-23T12:00:00Z,12.00,149.60,JTWC b-deck
WP312018,2018,2018-10-23T12:00:00Z,12.00,149.60,JTWC b-deck
WP312018,2018,2018-10-23T12:00:00Z,12.00,149.60,JTWC b-deck
WP312018,2018,2018-10-23T18:00:00Z,12.70,148.90,JTWC b-deck
WP312018,2018,2018-10-23T18:00:00Z,12.70,148.90,JTWC b-deck
WP312018,2018,2018-10-23T18:00:00Z,12.70,148.90,JTWC b-deck
WP312018,2018,2018-10-24T00:00:00Z,13.30,148.00,JTWC b-deck
WP312018,2018,2018-10-24T00:00:00Z,13.30,148.00,JTWC b-deck
WP312018,2018,2018-10-24T00:00:00Z,13.30,148.00,JTWC b-deck
WP312018,2018,2018-10-24T06:00:00Z,13.90,147.10,JTWC b-deck
WP312018,2018,2018-10-24T06:00:00Z,13.90,147.10,JTWC b-deck
WP312018,2018,2018-10-24T06:00:00Z,13.90,147.10,JTWC b-deck
WP312018,2018,2018-10-24T12:00:00Z,14.60,146.20,JTWC b-deck
WP312018,2018,2018-10-24T12:00:00Z,14.60,146.20,JTWC b-deck
WP312018,2018,2018-10-24T12:00:00Z,14.60,146.20,JTWC b-deck
WP312018,2018,2018-10-24T18:00:00Z,15.30,145.20,JTWC b-deck
WP312018,2018,2018-10-24T18:00:00Z,15.30,145.20,JTWC b-deck
WP312018,2018,2018-10-24T18:00:00Z,15.30,145.20,JTWC b-deck
WP312018,2018,2018-10-25T00:00:00Z,15.80,144.10,JTWC b-deck
WP312018,2018,2018-10-25T00:00:00Z,15.80,144.10,JTWC b-deck
WP312018,2018,2018-10-25T00:00:00Z,15.80,144.10,JTWC b-deck
WP312018,2018,2018-10-25T06:00:00Z,16.00,143.20,JTWC b-deck
WP312018,2018,2018-10-25T06:00:00Z,16.00,143.20,JTWC b-deck
WP312018,2018,2018-10-25T06:00:00Z,16.00,143.20,JTWC b-deck
WP312018,2018,2018-10-25T12:00:00Z,16.20,142.30,JTWC b-deck
WP312018,2018,2018-10-25T12:00:00Z,16.20,142.30,JTWC b-deck
WP312018,2018,2018-10-25T12:00:00Z,16.20,142.30,JTWC b-deck
WP312018,2018,2018-10-25T18:00:00Z,16.50,141.50,JTWC b-deck
WP312018,2018,2018-10-25T18:00:00Z,16.50,141.50,JTWC b-deck
WP312018,2018,2018-10-25T18:00:00Z,16.50,141.50,JTWC b-deck
WP312018,2018,2018-10-26T00:00:00Z,16.70,140.30,JTWC b-deck
WP312018,2018,2018-10-26T00:00:00Z,16.70,140.30,JTWC b-deck
WP312018,2018,2018-10-26T00:00:00Z,16.70,140.30,JTWC b-deck
WP312018,2018,2018-10-26T06:00:00Z,17.00,139.10,JTWC b-deck
WP312018,2018,2018-10-26T06:00:00Z,17.00,139.10,JTWC b-deck
WP312018,2018,2018-10-26T06:00:00Z,17.00,139.10,JTWC b-deck
WP312018,2018,2018-10-26T12:00:00Z,17.20,137.70,JTWC b-deck
WP312018,2018,2018-10-26T12:00:00Z,17.20,137.70,JTWC b-deck
WP312018,2018,2018-10-26T12:00:00Z,17.20,137.70,JTWC b-deck
WP312018,2018,2018-10-26T18:00:00Z,17.50,136.20,JTWC b-deck
WP312018,2018,2018-10-26T18:00:00Z,17.50,136.20,JTWC b-deck
WP312018,2018,2018-10-26T18:00:00Z,17.50,136.20,JTWC b-deck
WP312018,2018,2018-10-27T00:00:00Z,17.70,134.70,JTWC b-deck
WP312018,2018,2018-10-27T00:00:00Z,17.70,134.70,JTWC b-deck
WP312018,2018,2018-10-27T00:00:00Z,17.70,134.70,JTWC b-deck
WP312018,2018,2018-10-27T06:00:00Z,17.80,133.30,JTWC b-deck
WP312018,2018,2018-10-27T06:00:00Z,17.80,133.30,JTWC b-deck
WP312018,2018,2018-10-27T06:00:00Z,17.80,133.30,JTWC b-deck
WP312018,2018,2018-10-27T12:00:00Z,17.90,132.20,JTWC b-deck
WP312018,2018,2018-10-27T12:00:00Z,17.90,132.20,JTWC b-deck
WP312018,2018,2018-10-27T12:00:00Z,17.90,132.20,JTWC b-deck
WP312018,2018,2018-10-27T18:00:00Z,17.90,131.10,JTWC b-deck
WP312018,2018,2018-10-27T18:00:00Z,17.90,131.10,JTWC b-deck
WP312018,2018,2018-10-27T18:00:00Z,17.90,131.10,JTWC b-deck
WP312018,2018,2018-10-28T00:00:00Z,17.90,130.10,JTWC b-deck
WP312018,2018,2018-10-28T00:00:00Z,17.90,130.10,JTWC b-deck
WP312018,2018,2018-10-28T00:00:00Z,17.90,130.10,JTWC b-deck
WP312018,2018,2018-10-28T06:00:00Z,17.90,129.10,JTWC b-deck
WP312018,2018,2018-10-28T06:00:00Z,17.90,129.10,JTWC b-deck
WP312018,2018,2018-10-28T06:00:00Z,17.90,129.10,JTWC b-deck
WP312018,2018,2018-10-28T12:00:00Z,17.70,128.10,JTWC b-deck
WP312018,2018,2018-10-28T12:00:00Z,17.70,128.10,JTWC b-deck
WP312018,2018,2018-10-28T12:00:00Z,17.70,128.10,JTWC b-deck
WP312018,2018,2018-10-28T18:00:00Z,17.40,127.10,JTWC b-deck
WP312018,2018,2018-10-28T18:00:00Z,17.40,127.10,JTWC b-deck
WP312018,2018,2018-10-28T18:00:00Z,17.40,127.10,JTWC b-deck
WP312018,2018,2018-10-29T00:00:00Z,16.90,126.20,JTWC b-deck
WP312018,2018,2018-10-29T00:00:00Z,16.90,126.20,JTWC b-deck
WP312018,2018,2018-10-29T00:00:00Z,16.90,126.20,JTWC b-deck
WP312018,2018,2018-10-29T06:00:00Z,16.80,125.30,JTWC b-deck
WP312018,2018,2018-10-29T06:00:00Z,16.80,125.30,JTWC b-deck
WP312018,2018,2018-10-29T06:00:00Z,16.80,125.30,JTWC b-deck
WP312018,2018,2018-10-29T12:00:00Z,16.80,124.20,JTWC b-deck
WP312018,2018,2018-10-29T12:00:00Z,16.80,124.20,JTWC b-deck
WP312018,2018,2018-10-29T12:00:00Z,16.80,124.20,JTWC b-deck
WP312018,2018,2018-10-29T18:00:00Z,16.70,123.00,JTWC b-deck
WP312018,2018,2018-10-29T18:00:00Z,16.70,123.00,JTWC b-deck
WP312018,2018,2018-10-29T18:00:00Z,16.70,123.00,JTWC b-deck
WP312018,2018,2018-10-30T00:00:00Z,16.80,121.60,JTWC b-deck
WP312018,2018,2018-10-30T00:00:00Z,16.80,121.60,JTWC b-deck
WP312018,2018,2018-10-30T00:00:00Z,16.80,121.60,JTWC b-deck
WP312018,2018,2018-10-30T06:00:00Z,16.70,120.40,JTWC b-deck
WP312018,2018,2018-10-30T06:00:00Z,16.70,120.40,JTWC b-deck
WP312018,2018,2018-10-30T06:00:00Z,16.70,120.40,JTWC b-deck
WP312018,2018,2018-10-30T12:00:00Z,16.50,119.30,JTWC b-deck
WP312018,2018,2018-10-30T12:00:00Z,16.50,119.30,JTWC b-deck
WP312018,2018,2018-10-30T12:00:00Z,16.50,119.30,JTWC b-deck
WP312018,2018,2018-10-30T18:00:00Z,16.90,118.70,JTWC b-deck
WP312018,2018,2018-10-30T18:00:00Z,16.90,118.70,JTWC b-deck
WP312018,2018,2018-10-31T00:00:00Z,17.40,118.00,JTWC b-deck
WP312018,2018,2018-10-31T00:00:00Z,17.40,118.00,JTWC b-deck
WP312018,2018,2018-10-31T06:00:00Z,18.10,117.50,JTWC b-deck
WP312018,2018,2018-10-31T06:00:00Z,18.10,117.50,JTWC b-deck
WP312018,2018,2018-10-31T12:00:00Z,18.40,117.20,JTWC b-deck
WP312018,2018,2018-10-31T12:00:00Z,18.40,117.20,JTWC b-deck
WP312018,2018,2018-10-31T18:00:00Z,18.90,116.80,JTWC b-deck
WP312018,2018,2018-10-31T18:00:00Z,18.90,116.80,JTWC b-deck
WP312018,2018,2018-11-01T00:00:00Z,19.30,116.50,JTWC b-deck
WP312018,2018,2018-11-01T00:00:00Z,19.30,116.50,JTWC b-deck
WP312018,2018,2018-11-01T06:00:00Z,19.80,116.50,JTWC b-deck
WP312018,2018,2018-11-01T06:00:00Z,19.80,116.50,JTWC b-deck
WP312018,2018,2018-11-01T12:00:00Z,20.20,116.40,JTWC b-deck
WP312018,2018,2018-11-01T12:00:00Z,20.20,116.40,JTWC b-deck
WP312018,2018,2018-11-01T18:00:00Z,20.40,116.30,JTWC b-deck
WP312018,2018,2018-11-01T18:00:00Z,20.40,116.30,JTWC b-deck
WP312018,2018,2018-11-02T00:00:00Z,20.70,116.30,JTWC b-deck
WP312018,2018,2018-11-02T06:00:00Z,20.70,116.10,JTWC b-deck
WP312018,2018,2018-11-02T12:00:00Z,20.40,116.00,JTWC b-deck
WP312018,2018,2018-11-02T18:00:00Z,20.10,115.80,JTWC b-deck
WP312018,2018,2018-11-03T00:00:00Z,19.90,115.60,JTWC b-deck
WP312018,2018,2018-11-03T06:00:00Z,19.50,115.40,JTWC b-deck
WP312025,2025,2025-11-01T06:00:00Z,9.70,138.10,IBTrACS v04r01 (CMA)
WP312025,2025,2025-11-01T09:00:00Z,10.00,137.60,IBTrACS v04r01 (CMA)
WP312025,2025,2025-11-01T12:00:00Z,10.30,137.10,IBTrACS v04r01 (CMA)
WP312025,2025,2025-11-01T15:00:00Z,10.50,136.50,IBTrACS v04r01 (CMA)
WP312025,2025,2025-11-01T18:00:00Z,10.60,135.90,IBTrACS v04r01 (CMA)
WP312025,2025,2025-11-01T21:00:00Z,10.80,135.40,IBTrACS v04r01 (CMA)
WP312025,2025,2025-11-02T00:00:00Z,10.90,134.90,IBTrACS v04r01 (CMA)
WP312025,2025,2025-11-02T03:00:00Z,11.00,134.20,IBTrACS v04r01 (CMA)
WP312025,2025,2025-11-02T06:00:00Z,11.10,133.40,IBTrACS v04r01 (CMA)
WP312025,2025,2025-11-02T09:00:00Z,11.10,132.60,IBTrACS v04r01 (CMA)
WP312025,2025,2025-11-02T12:00:00Z,11.10,131.70,IBTrACS v04r01 (CMA)
WP312025,2025,2025-11-02T15:00:00Z,11.00,130.80,IBTrACS v04r01 (CMA)
WP312025,2025,2025-11-02T18:00:00Z,10.80,130.00,IBTrACS v04r01 (CMA)
WP312025,2025,2025-11-02T21:00:00Z,10.60,129.40,IBTrACS v04r01 (CMA)
WP312025,2025,2025-11-03T00:00:00Z,10.50,128.80,IBTrACS v04r01 (CMA)
WP312025,2025,2025-11-03T03:00:00Z,10.40,128.30,IBTrACS v04r01 (CMA)
WP312025,2025,2025-11-03T06:00:00Z,10.40,127.70,IBTrACS v04r01 (CMA)
WP312025,2025,2025-11-03T09:00:00Z,10.50,127.00,IBTrACS v04r01 (CMA)
WP312025,2025,2025-11-03T12:00:00Z,10.60,126.20,IBTrACS v04r01 (CMA)
WP312025,2025,2025-11-03T15:00:00Z,10.60,125.30,IBTrACS v04r01 (CMA)
WP312025,2025,2025-11-03T18:00:00Z,10.60,124.40,IBTrACS v04r01 (CMA)
WP312025,2025,2025-11-03T21:00:00Z,10.70,123.60,IBTrACS v04r01 (CMA)
WP312025,2025,2025-11-04T00:00:00Z,10.80,123.00,IBTrACS v04r01 (CMA)
WP312025,2025,2025-11-04T03:00:00Z,10.60,122.50,IBTrACS v04r01 (CMA)
WP312025,2025,2025-11-04T06:00:00Z,10.40,122.00,IBTrACS v04r01 (CMA)
WP312025,2025,2025-11-04T09:00:00Z,10.60,121.40,IBTrACS v04r01 (CMA)
WP312025,2025,2025-11-04T12:00:00Z,10.80,120.80,IBTrACS v04r01 (CMA)
WP312025,2025,2025-11-04T15:00:00Z,10.90,120.30,IBTrACS v04r01 (CMA)
WP312025,2025,2025-11-04T18:00:00Z,11.00,119.80,IBTrACS v04r01 (CMA)
WP312025,2025,2025-11-04T21:00:00Z,11.20,119.50,IBTrACS v04r01 (CMA)
WP312025,2025,2025-11-05T00:00:00Z,11.40,119.10,IBTrACS v04r01 (CMA)
WP312025,2025,2025-11-05T03:00:00Z,11.60,118.40,IBTrACS v04r01 (CMA)
WP312025,2025,2025-11-05T06:00:00Z,11.90,117.50,IBTrACS v04r01 (CMA)
WP312025,2025,2025-11-05T09:00:00Z,12.20,116.80,IBTrACS v04r01 (CMA)
WP312025,2025,2025-11-05T12:00:00Z,12.50,116.10,IBTrACS v04r01 (CMA)
WP312025,2025,2025-11-05T15:00:00Z,12.90,115.30,IBTrACS v04r01 (CMA)
WP312025,2025,2025-11-05T18:00:00Z,13.20,114.30,IBTrACS v04r01 (CMA)
WP312025,2025,2025-11-05T21:00:00Z,13.20,113.20,IBTrACS v04r01 (CMA)
WP312025,2025,2025-11-06T00:00:00Z,13.10,112.20,IBTrACS v04r01 (CMA)
WP312025,2025,2025-11-06T03:00:00Z,13.20,111.40,IBTrACS v04r01 (CMA)
WP312025,2025,2025-11-06T06:00:00Z,13.30,110.60,IBTrACS v04r01 (CMA)
WP312025,2025,2025-11-06T09:00:00Z,13.50,109.80,IBTrACS v04r01 (CMA)
WP312025,2025,2025-11-06T12:00:00Z,13.70,109.10,IBTrACS v04r01 (CMA)
WP312025,2025,2025-11-06T15:00:00Z,13.90,108.50,IBTrACS v04r01 (CMA)
WP322017,2017,2017-12-13T06:00:00Z,11.40,128.90,JTWC b-deck
WP322017,2017,2017-12-13T12:00:00Z,11.50,128.40,JTWC b-deck
WP322017,2017,2017-12-13T18:00:00Z,11.30,128.30,JTWC b-deck
WP322017,2017,2017-12-14T00:00:00Z,11.10,128.30,JTWC b-deck
WP322017,2017,2017-12-14T06:00:00Z,11.00,128.10,JTWC b-deck
WP322017,2017,2017-12-14T12:00:00Z,11.20,128.00,JTWC b-deck
WP322017,2017,2017-12-14T18:00:00Z,11.40,127.90,JTWC b-deck
WP322017,2017,2017-12-15T00:00:00Z,11.60,127.90,JTWC b-deck
WP322017,2017,2017-12-15T06:00:00Z,11.50,127.80,JTWC b-deck
WP322017,2017,2017-12-15T12:00:00Z,11.50,127.70,JTWC b-deck
WP322017,2017,2017-12-15T18:00:00Z,12.10,127.10,JTWC b-deck
WP322017,2017,2017-12-16T00:00:00Z,12.30,126.20,JTWC b-deck
WP322017,2017,2017-12-16T06:00:00Z,12.10,125.80,JTWC b-deck
WP322017,2017,2017-12-16T12:00:00Z,12.10,125.40,JTWC b-deck
WP322017,2017,2017-12-16T18:00:00Z,12.20,124.80,JTWC b-deck
WP322017,2017,2017-12-17T00:00:00Z,12.20,123.70,JTWC b-deck
WP322017,2017,2017-12-17T06:00:00Z,11.80,122.20,JTWC b-deck
WP322017,2017,2017-12-17T12:00:00Z,11.30,121.20,JTWC b-deck
WP322017,2017,2017-12-17T18:00:00Z,10.80,120.20,JTWC b-deck
WP322017,2017,2017-12-18T00:00:00Z,10.70,119.60,JTWC b-deck
WP322017,2017,2017-12-18T06:00:00Z,10.60,118.90,JTWC b-deck
WP322017,2017,2017-12-18T12:00:00Z,10.40,117.80,JTWC b-deck
WP322017,2017,2017-12-18T18:00:00Z,9.70,116.60,JTWC b-deck
WP322017,2017,2017-12-19T00:00:00Z,9.20,116.10,JTWC b-deck
WP322017,2017,2017-12-19T06:00:00Z,8.90,115.50,JTWC b-deck
WP322017,2017,2017-12-19T12:00:00Z,8.60,114.70,JTWC b-deck
WP322017,2017,2017-12-19T18:00:00Z,8.20,113.90,JTWC b-deck
WP322017,2017,2017-12-20T00:00:00Z,7.90,113.10,JTWC b-deck
WP322017,2017,2017-12-20T06:00:00Z,7.60,112.30,JTWC b-deck
WP322017,2017,2017-12-20T12:00:00Z,7.40,111.40,JTWC b-deck
WP322017,2017,2017-12-20T18:00:00Z,7.20,110.30,JTWC b-deck
WP322017,2017,2017-12-21T00:00:00Z,6.80,109.50,JTWC b-deck
WP322017,2017,2017-12-21T06:00:00Z,6.50,109.10,JTWC b-deck
WP322017,2017,2017-12-21T12:00:00Z,6.30,108.40,JTWC b-deck
WP322017,2017,2017-12-21T18:00:00Z,5.90,107.50,JTWC b-deck
WP322017,2017,2017-12-22T00:00:00Z,5.50,106.80,JTWC b-deck
WP322017,2017,2017-12-22T06:00:00Z,5.10,106.10,JTWC b-deck
WP322017,2017,2017-12-22T12:00:00Z,4.70,105.40,JTWC b-deck
WP322017,2017,2017-12-22T18:00:00Z,4.10,104.70,JTWC b-deck
WP322017,2017,2017-12-23T00:00:00Z,3.60,104.50,JTWC b-deck
WP322017,2017,2017-12-23T06:00:00Z,3.00,104.60,JTWC b-deck
WP322017,2017,2017-12-23T12:00:00Z,2.70,104.80,JTWC b-deck
WP322017,2017,2017-12-23T18:00:00Z,2.40,105.00,JTWC b-deck
WP322018,2018,2018-11-16T18:00:00Z,9.80,113.70,JTWC b-deck
WP322018,2018,2018-11-17T00:00:00Z,10.00,112.70,JTWC b-deck
WP322018,2018,2018-11-17T06:00:00Z,10.20,112.00,JTWC b-deck
WP322018,2018,2018-11-17T12:00:00Z,10.50,111.40,JTWC b-deck
WP322018,2018,2018-11-17T18:00:00Z,10.80,110.90,JTWC b-deck
WP322018,2018,2018-11-18T00:00:00Z,11.20,110.10,JTWC b-deck
WP322018,2018,2018-11-18T06:00:00Z,11.70,109.20,JTWC b-deck
WP322018,2018,2018-11-18T12:00:00Z,12.00,107.60,JTWC b-deck
WP322018,2018,2018-11-18T18:00:00Z,11.50,106.60,JTWC b-deck
WP322018,2018,2018-11-19T00:00:00Z,10.60,105.70,JTWC b-deck
WP322018,2018,2018-11-19T06:00:00Z,9.80,105.00,JTWC b-deck
WP322018,2018,2018-11-19T12:00:00Z,9.20,104.10,JTWC b-deck
WP322018,2018,2018-11-19T18:00:00Z,8.80,103.40,JTWC b-deck
WP322018,2018,2018-11-20T00:00:00Z,8.50,102.80,JTWC b-deck
WP322018,2018,2018-11-20T06:00:00Z,8.30,102.10,JTWC b-deck
WP322018,2018,2018-11-20T12:00:00Z,8.20,101.50,JTWC b-deck
WP322018,2018,2018-11-20T18:00:00Z,8.00,100.90,JTWC b-deck
WP322018,2018,2018-11-21T00:00:00Z,7.60,100.30,JTWC b-deck
WP322025,2025,2025-11-05T00:00:00Z,8.20,143.20,IBTrACS v04r01 (CMA)
WP322025,2025,2025-11-05T03:00:00Z,8.50,143.00,IBTrACS v04r01 (CMA)
WP322025,2025,2025-11-05T06:00:00Z,8.70,142.70,IBTrACS v04r01 (CMA)
WP322025,2025,2025-11-05T09:00:00Z,8.90,142.20,IBTrACS v04r01 (CMA)
WP322025,2025,2025-11-05T12:00:00Z,9.10,141.70,IBTrACS v04r01 (CMA)
WP322025,2025,2025-11-05T15:00:00Z,9.30,141.50,IBTrACS v04r01 (CMA)
WP322025,2025,2025-11-05T18:00:00Z,9.50,141.30,IBTrACS v04r01 (CMA)
WP322025,2025,2025-11-05T21:00:00Z,9.80,141.10,IBTrACS v04r01 (CMA)
WP322025,2025,2025-11-06T00:00:00Z,10.00,140.80,IBTrACS v04r01 (CMA)
WP322025,2025,2025-11-06T03:00:00Z,10.10,140.50,IBTrACS v04r01 (CMA)
WP322025,2025,2025-11-06T06:00:00Z,10.10,140.20,IBTrACS v04r01 (CMA)
WP322025,2025,2025-11-06T09:00:00Z,10.20,139.80,IBTrACS v04r01 (CMA)
WP322025,2025,2025-11-06T12:00:00Z,10.40,139.40,IBTrACS v04r01 (CMA)
WP322025,2025,2025-11-06T15:00:00Z,10.60,139.10,IBTrACS v04r01 (CMA)
WP322025,2025,2025-11-06T18:00:00Z,10.80,138.80,IBTrACS v04r01 (CMA)
WP322025,2025,2025-11-06T21:00:00Z,11.10,138.50,IBTrACS v04r01 (CMA)
WP322025,2025,2025-11-07T00:00:00Z,11.40,138.10,IBTrACS v04r01 (CMA)
WP322025,2025,2025-11-07T03:00:00Z,11.60,137.40,IBTrACS v04r01 (CMA)
WP322025,2025,2025-11-07T06:00:00Z,11.80,136.60,IBTrACS v04r01 (CMA)
WP322025,2025,2025-11-07T09:00:00Z,11.90,136.00,IBTrACS v04r01 (CMA)
WP322025,2025,2025-11-07T12:00:00Z,12.00,135.40,IBTrACS v04r01 (CMA)
WP322025,2025,2025-11-07T15:00:00Z,12.00,134.90,IBTrACS v04r01 (CMA)
WP322025,2025,2025-11-07T18:00:00Z,12.10,134.30,IBTrACS v04r01 (CMA)
WP322025,2025,2025-11-07T21:00:00Z,12.30,133.30,IBTrACS v04r01 (CMA)
WP322025,2025,2025-11-08T00:00:00Z,12.60,132.30,IBTrACS v04r01 (CMA)
WP322025,2025,2025-11-08T03:00:00Z,12.80,131.50,IBTrACS v04r01 (CMA)
WP322025,2025,2025-11-08T06:00:00Z,13.00,130.70,IBTrACS v04r01 (CMA)
WP322025,2025,2025-11-08T09:00:00Z,13.10,129.50,IBTrACS v04r01 (CMA)
WP322025,2025,2025-11-08T12:00:00Z,13.30,128.30,IBTrACS v04r01 (CMA)
WP322025,2025,2025-11-08T15:00:00Z,13.50,127.30,IBTrACS v04r01 (CMA)
WP322025,2025,2025-11-08T18:00:00Z,13.80,126.40,IBTrACS v04r01 (CMA)
WP322025,2025,2025-11-08T21:00:00Z,14.00,125.60,IBTrACS v04r01 (CMA)
WP322025,2025,2025-11-09T00:00:00Z,14.30,124.80,IBTrACS v04r01 (CMA)
WP322025,2025,2025-11-09T03:00:00Z,14.60,124.00,IBTrACS v04r01 (CMA)
WP322025,2025,2025-11-09T06:00:00Z,14.90,123.30,IBTrACS v04r01 (CMA)
WP322025,2025,2025-11-09T09:00:00Z,15.40,122.60,IBTrACS v04r01 (CMA)
WP322025,2025,2025-11-09T12:00:00Z,15.90,121.90,IBTrACS v04r01 (CMA)
WP322025,2025,2025-11-09T15:00:00Z,16.30,120.90,IBTrACS v04r01 (CMA)
WP322025,2025,2025-11-09T18:00:00Z,16.60,120.00,IBTrACS v04r01 (CMA)
WP322025,2025,2025-11-09T21:00:00Z,16.90,119.50,IBTrACS v04r01 (CMA)
WP322025,2025,2025-11-10T00:00:00Z,17.10,119.20,IBTrACS v04r01 (CMA)
WP322025,2025,2025-11-10T03:00:00Z,17.30,119.00,IBTrACS v04r01 (CMA)
WP322025,2025,2025-11-10T06:00:00Z,17.60,118.80,IBTrACS v04r01 (CMA)
WP322025,2025,2025-11-10T09:00:00Z,17.90,118.60,IBTrACS v04r01 (CMA)
WP322025,2025,2025-11-10T12:00:00Z,18.20,118.50,IBTrACS v04r01 (CMA)
WP322025,2025,2025-11-10T15:00:00Z,18.60,118.40,IBTrACS v04r01 (CMA)
WP322025,2025,2025-11-10T18:00:00Z,19.00,118.30,IBTrACS v04r01 (CMA)
WP322025,2025,2025-11-10T21:00:00Z,19.30,118.20,IBTrACS v04r01 (CMA)
WP322025,2025,2025-11-11T00:00:00Z,19.50,118.20,IBTrACS v04r01 (CMA)
WP322025,2025,2025-11-11T03:00:00Z,19.90,118.30,IBTrACS v04r01 (CMA)
WP322025,2025,2025-11-11T06:00:00Z,20.20,118.50,IBTrACS v04r01 (CMA)
WP322025,2025,2025-11-11T09:00:00Z,20.50,118.70,IBTrACS v04r01 (CMA)
WP322025,2025,2025-11-11T12:00:00Z,20.70,118.80,IBTrACS v04r01 (CMA)
WP322025,2025,2025-11-11T15:00:00Z,20.90,118.90,IBTrACS v04r01 (CMA)
WP322025,2025,2025-11-11T18:00:00Z,21.20,118.90,IBTrACS v04r01 (CMA)
WP322025,2025,2025-11-11T21:00:00Z,21.40,119.00,IBTrACS v04r01 (CMA)
WP322025,2025,2025-11-12T00:00:00Z,21.50,119.20,IBTrACS v04r01 (CMA)
WP322025,2025,2025-11-12T03:00:00Z,21.70,119.50,IBTrACS v04r01 (CMA)
WP322025,2025,2025-11-12T06:00:00Z,21.80,119.90,IBTrACS v04r01 (CMA)
WP322025,2025,2025-11-12T09:00:00Z,22.00,120.30,IBTrACS v04r01 (CMA)
WP322025,2025,2025-11-12T12:00:00Z,22.10,120.80,IBTrACS v04r01 (CMA)
WP322025,2025,2025-11-12T15:00:00Z,22.50,121.30,IBTrACS v04r01 (CMA)
WP322025,2025,2025-11-12T18:00:00Z,23.10,121.80,IBTrACS v04r01 (CMA)
WP322025,2025,2025-11-12T21:00:00Z,24.00,122.30,IBTrACS v04r01 (CMA)
WP322025,2025,2025-11-13T00:00:00Z,24.80,123.00,IBTrACS v04r01 (CMA)
WP322025,2025,2025-11-13T03:00:00Z,25.20,123.80,IBTrACS v04r01 (CMA)
WP322025,2025,2025-11-13T06:00:00Z,25.40,124.80,IBTrACS v04r01 (CMA)
WP322025,2025,2025-11-13T09:00:00Z,25.60,125.80,IBTrACS v04r01 (CMA)
WP322025,2025,2025-11-13T12:00:00Z,25.80,126.90,IBTrACS v04r01 (CMA)
WP332017,2017,2017-12-20T12:00:00Z,7.80,132.40,JTWC b-deck
WP332017,2017,2017-12-20T18:00:00Z,8.30,131.00,JTWC b-deck
WP332017,2017,2017-12-21T00:00:00Z,8.50,129.80,JTWC b-deck
WP332017,2017,2017-12-21T06:00:00Z,8.40,128.60,JTWC b-deck
WP332017,2017,2017-12-21T12:00:00Z,8.10,127.60,JTWC b-deck
WP332017,2017,2017-12-21T18:00:00Z,7.90,126.50,JTWC b-deck
WP332017,2017,2017-12-21T18:00:00Z,7.90,126.50,JTWC b-deck
WP332017,2017,2017-12-22T00:00:00Z,7.80,125.40,JTWC b-deck
WP332017,2017,2017-12-22T06:00:00Z,7.80,124.00,JTWC b-deck
WP332017,2017,2017-12-22T12:00:00Z,7.80,122.60,JTWC b-deck
WP332017,2017,2017-12-22T18:00:00Z,7.70,121.50,JTWC b-deck
WP332017,2017,2017-12-22T18:00:00Z,7.70,121.50,JTWC b-deck
WP332017,2017,2017-12-23T00:00:00Z,7.60,120.30,JTWC b-deck
WP332017,2017,2017-12-23T00:00:00Z,7.60,120.30,JTWC b-deck
WP332017,2017,2017-12-23T06:00:00Z,7.60,118.90,JTWC b-deck
WP332017,2017,2017-12-23T06:00:00Z,7.60,118.90,JTWC b-deck
WP332017,2017,2017-12-23T12:00:00Z,7.70,117.40,JTWC b-deck
WP332017,2017,2017-12-23T12:00:00Z,7.70,117.40,JTWC b-deck
WP332017,2017,2017-12-23T18:00:00Z,8.00,115.80,JTWC b-deck
WP332017,2017,2017-12-23T18:00:00Z,8.00,115.80,JTWC b-deck
WP332017,2017,2017-12-23T18:00:00Z,8.00,115.80,JTWC b-deck
WP332017,2017,2017-12-24T00:00:00Z,8.10,114.50,JTWC b-deck
WP332017,2017,2017-12-24T00:00:00Z,8.10,114.50,JTWC b-deck
WP332017,2017,2017-12-24T00:00:00Z,8.10,114.50,JTWC b-deck
WP332017,2017,2017-12-24T06:00:00Z,8.20,113.20,JTWC b-deck
WP332017,2017,2017-12-24T06:00:00Z,8.20,113.20,JTWC b-deck
WP332017,2017,2017-12-24T06:00:00Z,8.20,113.20,JTWC b-deck
WP332017,2017,2017-12-24T12:00:00Z,8.30,111.90,JTWC b-deck
WP332017,2017,2017-12-24T12:00:00Z,8.30,111.90,JTWC b-deck
WP332017,2017,2017-12-24T12:00:00Z,8.30,111.90,JTWC b-deck
WP332017,2017,2017-12-24T18:00:00Z,8.20,110.90,JTWC b-deck
WP332017,2017,2017-12-24T18:00:00Z,8.20,110.90,JTWC b-deck
WP332017,2017,2017-12-24T18:00:00Z,8.20,110.90,JTWC b-deck
WP332017,2017,2017-12-25T00:00:00Z,7.90,109.80,JTWC b-deck
WP332017,2017,2017-12-25T00:00:00Z,7.90,109.80,JTWC b-deck
WP332017,2017,2017-12-25T06:00:00Z,8.30,108.80,JTWC b-deck
WP332017,2017,2017-12-25T12:00:00Z,8.50,107.50,JTWC b-deck
WP332017,2017,2017-12-25T18:00:00Z,8.40,106.10,JTWC b-deck
WP332017,2017,2017-12-26T00:00:00Z,8.40,105.00,JTWC b-deck
WP332017,2017,2017-12-26T06:00:00Z,8.40,104.40,JTWC b-deck
WP332017,2017,2017-12-26T12:00:00Z,8.50,103.60,JTWC b-deck
WP332018,2018,2018-11-07T00:00:00Z,7.30,179.00,JTWC b-deck
WP332018,2018,2018-11-07T06:00:00Z,7.30,178.40,JTWC b-deck
WP332018,2018,2018-11-07T12:00:00Z,7.20,177.80,JTWC b-deck
WP332018,2018,2018-11-07T18:00:00Z,7.20,177.60,JTWC b-deck
WP332018,2018,2018-11-08T00:00:00Z,7.20,177.40,JTWC b-deck
WP332018,2018,2018-11-08T06:00:00Z,7.20,176.80,JTWC b-deck
WP332018,2018,2018-11-08T12:00:00Z,7.50,176.00,JTWC b-deck
WP332018,2018,2018-11-08T18:00:00Z,7.70,174.80,JTWC b-deck
WP332018,2018,2018-11-09T00:00:00Z,8.00,174.10,JTWC b-deck
WP332018,2018,2018-11-09T06:00:00Z,8.30,173.10,JTWC b-deck
WP332018,2018,2018-11-09T12:00:00Z,8.40,172.00,JTWC b-deck
WP332018,2018,2018-11-09T18:00:00Z,8.50,171.30,JTWC b-deck
WP332018,2018,2018-11-10T00:00:00Z,8.50,170.60,JTWC b-deck
WP332018,2018,2018-11-10T06:00:00Z,8.50,169.60,JTWC b-deck
WP332018,2018,2018-11-10T12:00:00Z,8.80,168.50,JTWC b-deck
WP332018,2018,2018-11-10T18:00:00Z,9.80,167.30,JTWC b-deck
WP332018,2018,2018-11-11T00:00:00Z,10.60,165.90,JTWC b-deck
WP332018,2018,2018-11-11T06:00:00Z,11.20,164.40,JTWC b-deck
WP332018,2018,2018-11-11T12:00:00Z,11.50,162.80,JTWC b-deck
WP332018,2018,2018-11-11T18:00:00Z,11.50,161.70,JTWC b-deck
WP332018,2018,2018-11-12T00:00:00Z,11.20,160.70,JTWC b-deck
WP332018,2018,2018-11-12T06:00:00Z,10.60,159.70,JTWC b-deck
WP332018,2018,2018-11-12T12:00:00Z,10.10,158.50,JTWC b-deck
WP332018,2018,2018-11-12T18:00:00Z,9.50,157.50,JTWC b-deck
WP332018,2018,2018-11-13T00:00:00Z,9.70,157.00,JTWC b-deck
WP332018,2018,2018-11-13T06:00:00Z,9.70,156.10,JTWC b-deck
WP332018,2018,2018-11-13T12:00:00Z,9.50,155.20,JTWC b-deck
WP332018,2018,2018-11-13T18:00:00Z,9.30,154.40,JTWC b-deck
WP332018,2018,2018-11-14T00:00:00Z,9.20,153.60,JTWC b-deck
WP332018,2018,2018-11-14T06:00:00Z,9.10,152.50,JTWC b-deck
WP332018,2018,2018-11-14T12:00:00Z,8.90,150.90,JTWC b-deck
WP332018,2018,2018-11-14T18:00:00Z,8.70,149.50,JTWC b-deck
WP332018,2018,2018-11-15T00:00:00Z,8.60,148.90,JTWC b-deck
WP332018,2018,2018-11-15T06:00:00Z,8.40,148.40,JTWC b-deck
WP332018,2018,2018-11-15T12:00:00Z,8.20,147.70,JTWC b-deck
WP332018,2018,2018-11-15T18:00:00Z,7.90,146.70,JTWC b-deck
WP332018,2018,2018-11-16T00:00:00Z,7.70,145.70,JTWC b-deck
WP332018,2018,2018-11-16T06:00:00Z,7.70,144.70,JTWC b-deck
WP332018,2018,2018-11-16T12:00:00Z,7.90,143.30,JTWC b-deck
WP332018,2018,2018-11-16T18:00:00Z,7.80,142.10,JTWC b-deck
WP332018,2018,2018-11-17T00:00:00Z,7.60,141.10,JTWC b-deck
WP332018,2018,2018-11-17T06:00:00Z,7.40,140.10,JTWC b-deck
WP332018,2018,2018-11-17T12:00:00Z,7.10,138.50,JTWC b-deck
WP332018,2018,2018-11-17T18:00:00Z,6.80,136.90,JTWC b-deck
WP332018,2018,2018-11-18T00:00:00Z,6.40,135.10,JTWC b-deck
WP332018,2018,2018-11-18T06:00:00Z,6.20,134.40,JTWC b-deck
WP332018,2018,2018-11-18T12:00:00Z,6.70,133.80,JTWC b-deck
WP332018,2018,2018-11-18T18:00:00Z,7.30,133.20,JTWC b-deck
WP332018,2018,2018-11-19T00:00:00Z,8.00,132.50,JTWC b-deck
WP332018,2018,2018-11-19T06:00:00Z,8.70,131.10,JTWC b-deck
WP332018,2018,2018-11-19T12:00:00Z,9.30,129.90,JTWC b-deck
WP332018,2018,2018-11-19T18:00:00Z,9.80,128.90,JTWC b-deck
WP332018,2018,2018-11-20T00:00:00Z,10.20,128.00,JTWC b-deck
WP332018,2018,2018-11-20T06:00:00Z,10.60,127.10,JTWC b-deck
WP332018,2018,2018-11-20T12:00:00Z,11.00,126.30,JTWC b-deck
WP332018,2018,2018-11-20T18:00:00Z,11.40,125.20,JTWC b-deck
WP332018,2018,2018-11-21T00:00:00Z,11.40,123.40,JTWC b-deck
WP332018,2018,2018-11-21T06:00:00Z,11.10,122.00,JTWC b-deck
WP332018,2018,2018-11-21T12:00:00Z,10.70,120.70,JTWC b-deck
WP332018,2018,2018-11-21T18:00:00Z,11.00,118.80,JTWC b-deck
WP332018,2018,2018-11-22T00:00:00Z,11.20,117.30,JTWC b-deck
WP332018,2018,2018-11-22T06:00:00Z,11.30,115.70,JTWC b-deck
WP332018,2018,2018-11-22T12:00:00Z,11.10,114.30,JTWC b-deck
WP332018,2018,2018-11-22T18:00:00Z,10.70,113.60,JTWC b-deck
WP332018,2018,2018-11-23T00:00:00Z,10.70,112.70,JTWC b-deck
WP332018,2018,2018-11-23T00:00:00Z,10.70,112.70,JTWC b-deck
WP332018,2018,2018-11-23T06:00:00Z,10.50,111.70,JTWC b-deck
WP332018,2018,2018-11-23T06:00:00Z,10.50,111.70,JTWC b-deck
WP332018,2018,2018-11-23T12:00:00Z,10.20,110.90,JTWC b-deck
WP332018,2018,2018-11-23T12:00:00Z,10.20,110.90,JTWC b-deck
WP332018,2018,2018-11-23T12:00:00Z,10.20,110.90,JTWC b-deck
WP332018,2018,2018-11-23T18:00:00Z,9.90,110.20,JTWC b-deck
WP332018,2018,2018-11-23T18:00:00Z,9.90,110.20,JTWC b-deck
WP332018,2018,2018-11-23T18:00:00Z,9.90,110.20,JTWC b-deck
WP332018,2018,2018-11-24T00:00:00Z,9.60,109.50,JTWC b-deck
WP332018,2018,2018-11-24T00:00:00Z,9.60,109.50,JTWC b-deck
WP332018,2018,2018-11-24T00:00:00Z,9.60,109.50,JTWC b-deck
WP332018,2018,2018-11-24T06:00:00Z,9.60,108.80,JTWC b-deck
WP332018,2018,2018-11-24T06:00:00Z,9.60,108.80,JTWC b-deck
WP332018,2018,2018-11-24T06:00:00Z,9.60,108.80,JTWC b-deck
WP332018,2018,2018-11-24T12:00:00Z,9.80,108.30,JTWC b-deck
WP332018,2018,2018-11-24T12:00:00Z,9.80,108.30,JTWC b-deck
WP332018,2018,2018-11-24T12:00:00Z,9.80,108.30,JTWC b-deck
WP332018,2018,2018-11-24T18:00:00Z,9.90,108.00,JTWC b-deck
WP332018,2018,2018-11-24T18:00:00Z,9.90,108.00,JTWC b-deck
WP332018,2018,2018-11-24T18:00:00Z,9.90,108.00,JTWC b-deck
WP332018,2018,2018-11-25T00:00:00Z,10.00,107.80,JTWC b-deck
WP332018,2018,2018-11-25T00:00:00Z,10.00,107.80,JTWC b-deck
WP332018,2018,2018-11-25T06:00:00Z,10.20,107.60,JTWC b-deck
WP332018,2018,2018-11-25T12:00:00Z,10.50,107.20,JTWC b-deck
WP332018,2018,2018-11-25T18:00:00Z,10.70,106.90,JTWC b-deck
WP332018,2018,2018-11-26T00:00:00Z,11.00,106.40,JTWC b-deck
WP332018,2018,2018-11-26T06:00:00Z,11.30,105.80,JTWC b-deck
WP332018,2018,2018-11-26T12:00:00Z,11.50,105.30,JTWC b-deck
WP332025,2025,2025-06-14T12:00:00Z,22.10,110.50,IBTrACS v04r01 (CMA)
WP332025,2025,2025-06-14T15:00:00Z,22.50,110.70,IBTrACS v04r01 (CMA)
WP332025,2025,2025-06-14T18:00:00Z,23.10,111.40,IBTrACS v04r01 (CMA)
WP332025,2025,2025-06-14T21:00:00Z,23.90,111.80,IBTrACS v04r01 (CMA)
WP332025,2025,2025-06-15T00:00:00Z,24.40,112.40,IBTrACS v04r01 (CMA)
WP332025,2025,2025-06-15T03:00:00Z,25.00,113.10,IBTrACS v04r01 (CMA)
WP332025,2025,2025-06-15T06:00:00Z,25.50,114.10,IBTrACS v04r01 (CMA)
WP332025,2025,2025-06-15T09:00:00Z,26.10,115.20,IBTrACS v04r01 (CMA)
WP332025,2025,2025-06-15T12:00:00Z,26.70,116.80,IBTrACS v04r01 (CMA)
WP332025,2025,2025-06-15T15:00:00Z,27.30,118.50,IBTrACS v04r01 (CMA)
WP332025,2025,2025-06-15T18:00:00Z,28.20,120.40,IBTrACS v04r01 (CMA)
WP332025,2025,2025-11-24T18:00:00Z,10.00,124.00,IBTrACS v04r01 (CMA)
WP332025,2025,2025-11-24T21:00:00Z,10.20,123.20,IBTrACS v04r01 (CMA)
WP332025,2025,2025-11-25T00:00:00Z,10.30,122.40,IBTrACS v04r01 (CMA)
WP332025,2025,2025-11-25T03:00:00Z,10.50,121.70,IBTrACS v04r01 (CMA)
WP332025,2025,2025-11-25T06:00:00Z,10.70,121.10,IBTrACS v04r01 (CMA)
WP332025,2025,2025-11-25T09:00:00Z,11.00,120.60,IBTrACS v04r01 (CMA)
WP332025,2025,2025-11-25T12:00:00Z,11.40,120.20,IBTrACS v04r01 (CMA)
WP332025,2025,2025-11-25T15:00:00Z,11.60,119.80,IBTrACS v04r01 (CMA)
WP332025,2025,2025-11-25T18:00:00Z,11.80,119.20,IBTrACS v04r01 (CMA)
WP332025,2025,2025-11-25T21:00:00Z,12.00,118.40,IBTrACS v04r01 (CMA)
WP332025,2025,2025-11-26T00:00:00Z,12.20,117.60,IBTrACS v04r01 (CMA)
WP332025,2025,2025-11-26T03:00:00Z,12.10,117.00,IBTrACS v04r01 (CMA)
WP332025,2025,2025-11-26T06:00:00Z,12.10,116.50,IBTrACS v04r01 (CMA)
WP332025,2025,2025-11-26T09:00:00Z,12.30,115.90,IBTrACS v04r01 (CMA)
WP332025,2025,2025-11-26T12:00:00Z,12.50,115.40,IBTrACS v04r01 (CMA)
WP332025,2025,2025-11-26T15:00:00Z,12.80,115.10,IBTrACS v04r01 (CMA)
WP332025,2025,2025-11-26T18:00:00Z,13.00,114.80,IBTrACS v04r01 (CMA)
WP332025,2025,2025-11-26T21:00:00Z,13.10,114.40,IBTrACS v04r01 (CMA)
WP332025,2025,2025-11-27T00:00:00Z,13.20,114.10,IBTrACS v04r01 (CMA)
WP332025,2025,2025-11-27T03:00:00Z,13.20,113.80,IBTrACS v04r01 (CMA)
WP332025,2025,2025-11-27T06:00:00Z,13.10,113.60,IBTrACS v04r01 (CMA)
WP332025,2025,2025-11-27T09:00:00Z,12.90,113.50,IBTrACS v04r01 (CMA)
WP332025,2025,2025-11-27T12:00:00Z,12.70,113.50,IBTrACS v04r01 (CMA)
WP332025,2025,2025-11-27T15:00:00Z,12.50,113.40,IBTrACS v04r01 (CMA)
WP332025,2025,2025-11-27T18:00:00Z,12.40,113.30,IBTrACS v04r01 (CMA)
WP332025,2025,2025-11-27T21:00:00Z,12.40,113.20,IBTrACS v04r01 (CMA)
WP332025,2025,2025-11-28T00:00:00Z,12.40,113.00,IBTrACS v04r01 (CMA)
WP332025,2025,2025-11-28T03:00:00Z,12.40,112.80,IBTrACS v04r01 (CMA)
WP332025,2025,2025-11-28T06:00:00Z,12.50,112.70,IBTrACS v04r01 (CMA)
WP332025,2025,2025-11-28T09:00:00Z,12.60,112.60,IBTrACS v04r01 (CMA)
WP332025,2025,2025-11-28T12:00:00Z,12.70,112.50,IBTrACS v04r01 (CMA)
WP332025,2025,2025-11-28T15:00:00Z,12.90,112.40,IBTrACS v04r01 (CMA)
WP332025,2025,2025-11-28T18:00:00Z,13.00,112.30,IBTrACS v04r01 (CMA)
WP332025,2025,2025-11-28T21:00:00Z,13.10,112.20,IBTrACS v04r01 (CMA)
WP332025,2025,2025-11-29T00:00:00Z,13.20,112.20,IBTrACS v04r01 (CMA)
WP332025,2025,2025-11-29T03:00:00Z,13.30,112.10,IBTrACS v04r01 (CMA)
WP332025,2025,2025-11-29T06:00:00Z,13.30,112.00,IBTrACS v04r01 (CMA)
WP332025,2025,2025-11-29T09:00:00Z,13.30,112.00,IBTrACS v04r01 (CMA)
WP332025,2025,2025-11-29T12:00:00Z,13.40,112.10,IBTrACS v04r01 (CMA)
WP332025,2025,2025-11-29T15:00:00Z,13.60,112.10,IBTrACS v04r01 (CMA)
WP332025,2025,2025-11-29T18:00:00Z,13.80,112.20,IBTrACS v04r01 (CMA)
WP332025,2025,2025-11-29T21:00:00Z,13.90,112.30,IBTrACS v04r01 (CMA)
WP332025,2025,2025-11-30T00:00:00Z,14.00,112.30,IBTrACS v04r01 (CMA)
WP332025,2025,2025-11-30T03:00:00Z,14.10,112.30,IBTrACS v04r01 (CMA)
WP332025,2025,2025-11-30T06:00:00Z,14.20,112.30,IBTrACS v04r01 (CMA)
WP332025,2025,2025-11-30T09:00:00Z,14.20,112.30,IBTrACS v04r01 (CMA)
WP332025,2025,2025-11-30T12:00:00Z,14.30,112.20,IBTrACS v04r01 (CMA)
WP332025,2025,2025-11-30T15:00:00Z,14.40,112.10,IBTrACS v04r01 (CMA)
WP332025,2025,2025-11-30T18:00:00Z,14.50,112.00,IBTrACS v04r01 (CMA)
WP332025,2025,2025-11-30T21:00:00Z,14.60,111.80,IBTrACS v04r01 (CMA)
WP332025,2025,2025-12-01T00:00:00Z,14.70,111.60,IBTrACS v04r01 (CMA)
WP332025,2025,2025-12-01T03:00:00Z,14.70,111.50,IBTrACS v04r01 (CMA)
WP332025,2025,2025-12-01T06:00:00Z,14.70,111.50,IBTrACS v04r01 (CMA)
WP332025,2025,2025-12-01T09:00:00Z,14.60,111.50,IBTrACS v04r01 (CMA)
WP332025,2025,2025-12-01T12:00:00Z,14.50,111.50,IBTrACS v04r01 (CMA)
WP332025,2025,2025-12-01T15:00:00Z,14.50,111.40,IBTrACS v04r01 (CMA)
WP332025,2025,2025-12-01T18:00:00Z,14.40,111.30,IBTrACS v04r01 (CMA)
WP332025,2025,2025-12-01T21:00:00Z,14.30,111.40,IBTrACS v04r01 (CMA)
WP332025,2025,2025-12-02T00:00:00Z,14.20,111.50,IBTrACS v04r01 (CMA)
WP332025,2025,2025-12-02T03:00:00Z,14.20,111.60,IBTrACS v04r01 (CMA)
WP332025,2025,2025-12-02T06:00:00Z,14.10,111.70,IBTrACS v04r01 (CMA)
WP332025,2025,2025-12-02T09:00:00Z,14.00,111.80,IBTrACS v04r01 (CMA)
WP332025,2025,2025-12-02T12:00:00Z,13.90,111.70,IBTrACS v04r01 (CMA)
WP332025,2025,2025-12-02T15:00:00Z,13.80,111.40,IBTrACS v04r01 (CMA)
WP332025,2025,2025-12-02T18:00:00Z,13.70,111.10,IBTrACS v04r01 (CMA)
WP332025,2025,2025-12-02T21:00:00Z,13.40,110.80,IBTrACS v04r01 (CMA)
WP332025,2025,2025-12-03T00:00:00Z,13.20,110.50,IBTrACS v04r01 (CMA)
WP332025,2025,2025-12-03T03:00:00Z,13.10,110.10,IBTrACS v04r01 (CMA)
WP342018,2018,2018-11-20T06:00:00Z,4.50,154.90,JTWC b-deck
WP342018,2018,2018-11-20T12:00:00Z,4.70,154.00,JTWC b-deck
WP342018,2018,2018-11-20T18:00:00Z,5.80,152.70,JTWC b-deck
WP342018,2018,2018-11-21T00:00:00Z,6.80,150.80,JTWC b-deck
WP342018,2018,2018-11-21T06:00:00Z,8.20,149.10,JTWC b-deck
WP342018,2018,2018-11-21T06:00:00Z,8.20,149.10,JTWC b-deck
WP342018,2018,2018-11-21T12:00:00Z,9.00,146.20,JTWC b-deck
WP342018,2018,2018-11-21T12:00:00Z,9.00,146.20,JTWC b-deck
WP342018,2018,2018-11-21T18:00:00Z,9.50,143.80,JTWC b-deck
WP342018,2018,2018-11-21T18:00:00Z,9.50,143.80,JTWC b-deck
WP342018,2018,2018-11-21T18:00:00Z,9.50,143.80,JTWC b-deck
WP342018,2018,2018-11-22T00:00:00Z,10.60,141.80,JTWC b-deck
WP342018,2018,2018-11-22T00:00:00Z,10.60,141.80,JTWC b-deck
WP342018,2018,2018-11-22T00:00:00Z,10.60,141.80,JTWC b-deck
WP342018,2018,2018-11-22T06:00:00Z,11.80,139.80,JTWC b-deck
WP342018,2018,2018-11-22T06:00:00Z,11.80,139.80,JTWC b-deck
WP342018,2018,2018-11-22T06:00:00Z,11.80,139.80,JTWC b-deck
WP342018,2018,2018-11-22T12:00:00Z,12.70,138.30,JTWC b-deck
WP342018,2018,2018-11-22T12:00:00Z,12.70,138.30,JTWC b-deck
WP342018,2018,2018-11-22T12:00:00Z,12.70,138.30,JTWC b-deck
WP342018,2018,2018-11-22T18:00:00Z,13.60,137.20,JTWC b-deck
WP342018,2018,2018-11-22T18:00:00Z,13.60,137.20,JTWC b-deck
WP342018,2018,2018-11-22T18:00:00Z,13.60,137.20,JTWC b-deck
WP342018,2018,2018-11-23T00:00:00Z,14.50,136.20,JTWC b-deck
WP342018,2018,2018-11-23T00:00:00Z,14.50,136.20,JTWC b-deck
WP342018,2018,2018-11-23T00:00:00Z,14.50,136.20,JTWC b-deck
WP342018,2018,2018-11-23T06:00:00Z,15.50,135.70,JTWC b-deck
WP342018,2018,2018-11-23T06:00:00Z,15.50,135.70,JTWC b-deck
WP342018,2018,2018-11-23T06:00:00Z,15.50,135.70,JTWC b-deck
WP342018,2018,2018-11-23T12:00:00Z,16.50,135.40,JTWC b-deck
WP342018,2018,2018-11-23T12:00:00Z,16.50,135.40,JTWC b-deck
WP342018,2018,2018-11-23T12:00:00Z,16.50,135.40,JTWC b-deck
WP342018,2018,2018-11-23T18:00:00Z,17.40,135.40,JTWC b-deck
WP342018,2018,2018-11-23T18:00:00Z,17.40,135.40,JTWC b-deck
WP342018,2018,2018-11-23T18:00:00Z,17.40,135.40,JTWC b-deck
WP342018,2018,2018-11-24T00:00:00Z,17.90,135.50,JTWC b-deck
WP342018,2018,2018-11-24T00:00:00Z,17.90,135.50,JTWC b-deck
WP342018,2018,2018-11-24T00:00:00Z,17.90,135.50,JTWC b-deck
WP342018,2018,2018-11-24T06:00:00Z,18.30,135.90,JTWC b-deck
WP342018,2018,2018-11-24T06:00:00Z,18.30,135.90,JTWC b-deck
WP342018,2018,2018-11-24T06:00:00Z,18.30,135.90,JTWC b-deck
WP342018,2018,2018-11-24T12:00:00Z,18.50,136.20,JTWC b-deck
WP342018,2018,2018-11-24T12:00:00Z,18.50,136.20,JTWC b-deck
WP342018,2018,2018-11-24T12:00:00Z,18.50,136.20,JTWC b-deck
WP342018,2018,2018-11-24T15:00:00Z,18.60,136.30,JTWC b-deck
WP342018,2018,2018-11-24T15:00:00Z,18.60,136.30,JTWC b-deck
WP342018,2018,2018-11-24T15:00:00Z,18.60,136.30,JTWC b-deck
WP342018,2018,2018-11-24T18:00:00Z,18.50,136.10,JTWC b-deck
WP342018,2018,2018-11-24T18:00:00Z,18.50,136.10,JTWC b-deck
WP342018,2018,2018-11-24T18:00:00Z,18.50,136.10,JTWC b-deck
WP342018,2018,2018-11-25T00:00:00Z,18.30,136.00,JTWC b-deck
WP342018,2018,2018-11-25T00:00:00Z,18.30,136.00,JTWC b-deck
WP342018,2018,2018-11-25T00:00:00Z,18.30,136.00,JTWC b-deck
WP342018,2018,2018-11-25T06:00:00Z,18.30,135.80,JTWC b-deck
WP342018,2018,2018-11-25T06:00:00Z,18.30,135.80,JTWC b-deck
WP342018,2018,2018-11-25T06:00:00Z,18.30,135.80,JTWC b-deck
WP342018,2018,2018-11-25T12:00:00Z,18.50,135.00,JTWC b-deck
WP342018,2018,2018-11-25T12:00:00Z,18.50,135.00,JTWC b-deck
WP342018,2018,2018-11-25T12:00:00Z,18.50,135.00,JTWC b-deck
WP342018,2018,2018-11-25T18:00:00Z,19.00,133.80,JTWC b-deck
WP342018,2018,2018-11-25T18:00:00Z,19.00,133.80,JTWC b-deck
WP342018,2018,2018-11-25T18:00:00Z,19.00,133.80,JTWC b-deck
WP342018,2018,2018-11-26T00:00:00Z,19.60,133.00,JTWC b-deck
WP342018,2018,2018-11-26T06:00:00Z,20.30,132.30,JTWC b-deck
WP342018,2018,2018-11-26T12:00:00Z,20.80,132.00,JTWC b-deck
WP342018,2018,2018-11-26T18:00:00Z,21.70,131.90,JTWC b-deck
WP342018,2018,2018-11-27T00:00:00Z,22.60,132.30,JTWC b-deck
WP342018,2018,2018-11-27T06:00:00Z,23.20,132.70,JTWC b-deck
WP342018,2018,2018-11-27T12:00:00Z,23.70,133.30,JTWC b-deck
WP342018,2018,2018-11-27T18:00:00Z,24.50,134.50,JTWC b-deck
WP342018,2018,2018-11-28T00:00:00Z,25.90,135.60,JTWC b-deck
WP342025,2025,2025-11-28T18:00:00Z,4.40,105.10,IBTrACS v04r01 (CMA)
WP342025,2025,2025-11-28T21:00:00Z,4.50,105.60,IBTrACS v04r01 (CMA)
WP342025,2025,2025-11-29T00:00:00Z,4.60,106.10,IBTrACS v04r01 (CMA)
WP342025,2025,2025-11-29T03:00:00Z,4.70,106.50,IBTrACS v04r01 (CMA)
WP342025,2025,2025-11-29T06:00:00Z,4.90,106.80,IBTrACS v04r01 (CMA)
WP342025,2025,2025-11-29T09:00:00Z,5.10,107.20,IBTrACS v04r01 (CMA)
WP342025,2025,2025-11-29T12:00:00Z,5.30,107.60,IBTrACS v04r01 (CMA)
WP342025,2025,2025-11-29T15:00:00Z,5.50,108.00,IBTrACS v04r01 (CMA)
WP342025,2025,2025-11-29T18:00:00Z,5.80,108.40,IBTrACS v04r01 (CMA)
WP342025,2025,2025-11-29T21:00:00Z,6.10,108.70,IBTrACS v04r01 (CMA)
WP342025,2025,2025-11-30T00:00:00Z,6.50,108.90,IBTrACS v04r01 (CMA)
WP342025,2025,2025-11-30T03:00:00Z,6.90,109.10,IBTrACS v04r01 (CMA)
WP342025,2025,2025-11-30T06:00:00Z,7.40,109.30,IBTrACS v04r01 (CMA)
WP352018,2018,2018-12-23T12:00:00Z,6.80,140.40,JTWC b-deck
WP352018,2018,2018-12-23T18:00:00Z,6.90,139.20,JTWC b-deck
WP352018,2018,2018-12-24T00:00:00Z,7.00,138.00,JTWC b-deck
WP352018,2018,2018-12-24T06:00:00Z,7.00,137.10,JTWC b-deck
WP352018,2018,2018-12-24T12:00:00Z,7.10,136.50,JTWC b-deck
WP352018,2018,2018-12-24T18:00:00Z,7.20,136.00,JTWC b-deck
WP352018,2018,2018-12-25T00:00:00Z,7.60,135.70,JTWC b-deck
WP352018,2018,2018-12-25T06:00:00Z,8.30,135.30,JTWC b-deck
WP352018,2018,2018-12-25T12:00:00Z,9.00,134.80,JTWC b-deck
WP352018,2018,2018-12-25T18:00:00Z,9.70,133.90,JTWC b-deck
WP352018,2018,2018-12-26T00:00:00Z,9.80,132.90,JTWC b-deck
WP352018,2018,2018-12-26T06:00:00Z,9.60,131.90,JTWC b-deck
WP352018,2018,2018-12-26T12:00:00Z,9.80,131.40,JTWC b-deck
WP352018,2018,2018-12-26T18:00:00Z,9.70,131.20,JTWC b-deck
WP352018,2018,2018-12-27T00:00:00Z,9.90,130.90,JTWC b-deck
WP352018,2018,2018-12-27T06:00:00Z,10.20,130.10,JTWC b-deck
WP352018,2018,2018-12-27T12:00:00Z,10.40,129.50,JTWC b-deck
WP352018,2018,2018-12-27T18:00:00Z,10.60,129.10,JTWC b-deck
WP352018,2018,2018-12-28T00:00:00Z,10.70,128.80,JTWC b-deck
WP352018,2018,2018-12-28T06:00:00Z,10.80,128.50,JTWC b-deck
WP352018,2018,2018-12-28T12:00:00Z,11.00,127.70,JTWC b-deck
WP362018,2018,2018-12-30T12:00:00Z,8.30,115.10,JTWC b-deck
WP362018,2018,2018-12-30T18:00:00Z,8.50,114.30,JTWC b-deck
WP362018,2018,2018-12-31T00:00:00Z,8.60,113.30,JTWC b-deck
WP362018,2018,2018-12-31T06:00:00Z,8.00,112.10,JTWC b-deck
WP362018,2018,2018-12-31T12:00:00Z,7.30,111.30,JTWC b-deck
WP362018,2018,2018-12-31T18:00:00Z,7.00,111.00,JTWC b-deck
WP362018,2018,2019-01-01T00:00:00Z,6.70,110.90,JTWC b-deck
WP362018,2018,2019-01-01T06:00:00Z,6.20,110.30,JTWC b-deck
WP362018,2018,2019-01-01T12:00:00Z,5.90,109.80,JTWC b-deck
WP362018,2018,2019-01-01T18:00:00Z,5.80,109.20,JTWC b-deck
WP362018,2018,2019-01-02T00:00:00Z,5.90,108.70,JTWC b-deck
WP362018,2018,2019-01-02T06:00:00Z,6.10,108.00,JTWC b-deck
WP362018,2018,2019-01-02T12:00:00Z,6.00,107.00,JTWC b-deck
WP362018,2018,2019-01-02T18:00:00Z,5.90,106.20,JTWC b-deck
WP362018,2018,2019-01-03T00:00:00Z,5.90,105.30,JTWC b-deck
WP362018,2018,2019-01-03T06:00:00Z,6.20,104.40,JTWC b-deck
WP362018,2018,2019-01-03T12:00:00Z,6.60,103.50,JTWC b-deck
WP362018,2018,2019-01-03T18:00:00Z,7.30,102.70,JTWC b-deck
WP362018,2018,2019-01-04T00:00:00Z,8.00,101.80,JTWC b-deck
WP362018,2018,2019-01-04T00:00:00Z,8.00,101.80,JTWC b-deck
WP362018,2018,2019-01-04T06:00:00Z,8.20,100.70,JTWC b-deck
WP362018,2018,2019-01-04T06:00:00Z,8.20,100.70,JTWC b-deck
WP362018,2018,2019-01-04T12:00:00Z,8.30,99.60,JTWC b-deck
WP362018,2018,2019-01-04T18:00:00Z,8.60,99.00,JTWC b-deck
WP362018,2018,2019-01-05T00:00:00Z,9.10,98.50,JTWC b-deck
WP362018,2018,2019-01-05T06:00:00Z,9.60,98.10,JTWC b-deck
WP362018,2018,2019-01-05T12:00:00Z,10.10,97.30,JTWC b-deck
WP362018,2018,2019-01-05T18:00:00Z,10.40,96.50,JTWC b-deck
WP362018,2018,2019-01-06T00:00:00Z,10.70,95.10,JTWC b-deck
WP362018,2018,2019-01-06T06:00:00Z,10.90,93.40,JTWC b-deck
WP362018,2018,2019-01-06T12:00:00Z,11.10,92.10,JTWC b-deck
WP362018,2018,2019-01-06T18:00:00Z,11.60,91.10,JTWC b-deck
WP362018,2018,2019-01-07T00:00:00Z,12.00,90.10,JTWC b-deck
WP362018,2018,2019-01-07T06:00:00Z,12.30,90.20,JTWC b-deck
WP362025,2025,2025-06-21T06:00:00Z,21.00,147.30,IBTrACS v04r01 (CMA)
WP362025,2025,2025-06-21T09:00:00Z,21.30,147.00,IBTrACS v04r01 (CMA)
WP362025,2025,2025-06-21T12:00:00Z,21.50,146.80,IBTrACS v04r01 (CMA)
WP362025,2025,2025-06-21T15:00:00Z,21.60,146.60,IBTrACS v04r01 (CMA)
WP362025,2025,2025-06-21T18:00:00Z,21.80,146.40,IBTrACS v04r01 (CMA)
WP362025,2025,2025-06-21T21:00:00Z,22.10,146.30,IBTrACS v04r01 (CMA)
WP362025,2025,2025-06-22T00:00:00Z,22.50,146.20,IBTrACS v04r01 (CMA)
WP362025,2025,2025-06-22T03:00:00Z,22.70,146.30,IBTrACS v04r01 (CMA)
WP362025,2025,2025-06-22T06:00:00Z,22.80,146.40,IBTrACS v04r01 (CMA)
WP362025,2025,2025-06-22T09:00:00Z,23.00,146.30,IBTrACS v04r01 (CMA)
WP362025,2025,2025-06-26T12:00:00Z,38.50,145.30,IBTrACS v04r01 (CMA)
WP382025,2025,2025-06-24T00:00:00Z,16.00,116.80,IBTrACS v04r01 (CMA)
WP382025,2025,2025-06-24T03:00:00Z,15.90,116.60,IBTrACS v04r01 (CMA)
WP382025,2025,2025-06-24T06:00:00Z,15.90,116.40,IBTrACS v04r01 (CMA)
WP382025,2025,2025-06-24T09:00:00Z,15.90,116.20,IBTrACS v04r01 (CMA)
WP382025,2025,2025-06-24T12:00:00Z,15.90,116.00,IBTrACS v04r01 (CMA)
WP382025,2025,2025-06-24T15:00:00Z,16.00,115.60,IBTrACS v04r01 (CMA)
WP382025,2025,2025-06-24T18:00:00Z,16.20,115.00,IBTrACS v04r01 (CMA)
WP382025,2025,2025-06-24T21:00:00Z,16.70,114.30,IBTrACS v04r01 (CMA)
WP382025,2025,2025-06-25T00:00:00Z,17.30,113.70,IBTrACS v04r01 (CMA)
WP382025,2025,2025-06-25T03:00:00Z,17.60,113.40,IBTrACS v04r01 (CMA)
WP382025,2025,2025-06-26T18:00:00Z,22.50,108.90,IBTrACS v04r01 (CMA)
WP382025,2025,2025-06-26T21:00:00Z,22.90,108.60,IBTrACS v04r01 (CMA)
WP382025,2025,2025-06-27T00:00:00Z,23.60,108.10,IBTrACS v04r01 (CMA)
WP412025,2025,2025-07-01T00:00:00Z,21.20,148.30,IBTrACS v04r01 (CMA)
WP412025,2025,2025-07-01T03:00:00Z,21.90,148.20,IBTrACS v04r01 (CMA)
WP412025,2025,2025-07-01T06:00:00Z,22.40,148.10,IBTrACS v04r01 (CMA)
WP412025,2025,2025-07-01T09:00:00Z,22.80,148.00,IBTrACS v04r01 (CMA)
WP412025,2025,2025-07-01T12:00:00Z,23.10,147.90,IBTrACS v04r01 (CMA)
WP412025,2025,2025-07-01T15:00:00Z,23.60,147.80,IBTrACS v04r01 (CMA)
WP412025,2025,2025-07-08T06:00:00Z,40.90,150.40,IBTrACS v04r01 (CMA)
WP422025,2025,2025-07-03T00:00:00Z,19.70,122.50,IBTrACS v04r01 (CMA)
WP422025,2025,2025-07-03T03:00:00Z,19.80,122.10,IBTrACS v04r01 (CMA)
WP422025,2025,2025-07-03T06:00:00Z,19.90,121.60,IBTrACS v04r01 (CMA)
WP422025,2025,2025-07-03T09:00:00Z,19.90,121.10,IBTrACS v04r01 (CMA)
WP422025,2025,2025-07-03T12:00:00Z,19.90,120.70,IBTrACS v04r01 (CMA)
WP422025,2025,2025-07-03T15:00:00Z,19.90,120.20,IBTrACS v04r01 (CMA)
WP422025,2025,2025-07-03T18:00:00Z,19.80,119.80,IBTrACS v04r01 (CMA)
WP422025,2025,2025-07-03T21:00:00Z,19.70,119.30,IBTrACS v04r01 (CMA)
WP422025,2025,2025-07-09T00:00:00Z,26.90,119.20,IBTrACS v04r01 (CMA)
WP422025,2025,2025-07-09T03:00:00Z,26.80,118.60,IBTrACS v04r01 (CMA)
WP422025,2025,2025-07-09T06:00:00Z,26.50,118.20,IBTrACS v04r01 (CMA)
WP422025,2025,2025-07-09T09:00:00Z,26.20,117.50,IBTrACS v04r01 (CMA)
WP422025,2025,2025-07-09T12:00:00Z,25.90,117.00,IBTrACS v04r01 (CMA)
WP422025,2025,2025-07-09T15:00:00Z,25.70,116.50,IBTrACS v04r01 (CMA)
WP422025,2025,2025-07-09T18:00:00Z,25.00,116.00,IBTrACS v04r01 (CMA)
WP422025,2025,2025-07-09T21:00:00Z,24.60,115.80,IBTrACS v04r01 (CMA)
WP422025,2025,2025-07-10T00:00:00Z,24.20,115.70,IBTrACS v04r01 (CMA)
WP422025,2025,2025-07-10T03:00:00Z,23.90,115.60,IBTrACS v04r01 (CMA)
WP422025,2025,2025-07-10T06:00:00Z,23.60,115.50,IBTrACS v04r01 (CMA)
WP422025,2025,2025-07-10T09:00:00Z,23.20,115.40,IBTrACS v04r01 (CMA)
WP422025,2025,2025-07-10T12:00:00Z,22.90,115.30,IBTrACS v04r01 (CMA)
WP422025,2025,2025-07-10T15:00:00Z,22.80,114.90,IBTrACS v04r01 (CMA)
WP422025,2025,2025-07-10T18:00:00Z,22.80,114.50,IBTrACS v04r01 (CMA)
WP422025,2025,2025-07-10T21:00:00Z,22.70,114.20,IBTrACS v04r01 (CMA)
WP422025,2025,2025-07-11T00:00:00Z,22.50,113.90,IBTrACS v04r01 (CMA)
WP442025,2025,2025-07-10T00:00:00Z,20.60,142.50,IBTrACS v04r01 (CMA)
WP442025,2025,2025-07-10T03:00:00Z,21.20,142.50,IBTrACS v04r01 (CMA)
WP442025,2025,2025-07-10T06:00:00Z,21.80,142.50,IBTrACS v04r01 (CMA)
WP442025,2025,2025-07-10T09:00:00Z,22.40,142.30,IBTrACS v04r01 (CMA)
WP442025,2025,2025-07-10T12:00:00Z,23.00,142.00,IBTrACS v04r01 (CMA)
WP442025,2025,2025-07-10T15:00:00Z,23.60,141.70,IBTrACS v04r01 (CMA)
WP442025,2025,2025-07-10T18:00:00Z,24.20,141.30,IBTrACS v04r01 (CMA)
WP442025,2025,2025-07-10T21:00:00Z,24.70,140.80,IBTrACS v04r01 (CMA)
WP442025,2025,2025-07-15T00:00:00Z,45.10,145.40,IBTrACS v04r01 (CMA)
WP442025,2025,2025-07-15T03:00:00Z,46.10,146.70,IBTrACS v04r01 (CMA)
WP442025,2025,2025-07-15T06:00:00Z,46.90,148.10,IBTrACS v04r01 (CMA)
WP442025,2025,2025-07-15T09:00:00Z,47.60,149.50,IBTrACS v04r01 (CMA)
WP442025,2025,2025-07-15T12:00:00Z,48.10,151.30,IBTrACS v04r01 (CMA)
WP442025,2025,2025-07-15T15:00:00Z,48.50,153.90,IBTrACS v04r01 (CMA)
WP442025,2025,2025-07-15T18:00:00Z,48.70,157.00,IBTrACS v04r01 (CMA)
WP452025,2025,2025-07-11T18:00:00Z,30.10,123.20,IBTrACS v04r01 (CMA)
WP452025,2025,2025-07-11T21:00:00Z,30.30,123.30,IBTrACS v04r01 (CMA)
WP452025,2025,2025-07-12T00:00:00Z,30.50,123.30,IBTrACS v04r01 (CMA)
WP452025,2025,2025-07-12T03:00:00Z,30.70,123.10,IBTrACS v04r01 (CMA)
WP452025,2025,2025-07-12T06:00:00Z,30.80,122.80,IBTrACS v04r01 (CMA)
WP452025,2025,2025-07-12T09:00:00Z,30.60,122.80,IBTrACS v04r01 (CMA)
WP452025,2025,2025-07-12T12:00:00Z,30.40,122.90,IBTrACS v04r01 (CMA)
WP452025,2025,2025-07-12T15:00:00Z,30.60,123.20,IBTrACS v04r01 (CMA)
WP452025,2025,2025-07-14T06:00:00Z,34.50,132.70,IBTrACS v04r01 (CMA)
WP452025,2025,2025-07-14T09:00:00Z,35.20,133.60,IBTrACS v04r01 (CMA)
WP452025,2025,2025-07-14T12:00:00Z,35.80,134.60,IBTrACS v04r01 (CMA)
WP492025,2025,2025-07-16T06:00:00Z,13.90,130.80,IBTrACS v04r01 (CMA)
WP492025,2025,2025-07-16T09:00:00Z,14.00,130.20,IBTrACS v04r01 (CMA)
WP492025,2025,2025-07-16T12:00:00Z,14.10,129.60,IBTrACS v04r01 (CMA)
WP492025,2025,2025-07-16T15:00:00Z,14.20,129.10,IBTrACS v04r01 (CMA)
WP492025,2025,2025-07-16T18:00:00Z,14.30,128.50,IBTrACS v04r01 (CMA)
WP492025,2025,2025-07-16T21:00:00Z,14.40,127.80,IBTrACS v04r01 (CMA)
WP492025,2025,2025-07-17T00:00:00Z,14.60,127.20,IBTrACS v04r01 (CMA)
WP492025,2025,2025-07-17T03:00:00Z,14.80,126.90,IBTrACS v04r01 (CMA)
WP492025,2025,2025-07-17T06:00:00Z,15.20,126.60,IBTrACS v04r01 (CMA)
WP492025,2025,2025-07-17T09:00:00Z,15.70,126.20,IBTrACS v04r01 (CMA)
WP492025,2025,2025-07-17T12:00:00Z,16.30,125.70,IBTrACS v04r01 (CMA)
WP492025,2025,2025-07-17T15:00:00Z,16.80,125.30,IBTrACS v04r01 (CMA)
WP492025,2025,2025-07-17T18:00:00Z,17.20,124.90,IBTrACS v04r01 (CMA)
WP492025,2025,2025-07-17T21:00:00Z,17.50,124.70,IBTrACS v04r01 (CMA)
WP492025,2025,2025-07-18T00:00:00Z,17.80,124.40,IBTrACS v04r01 (CMA)
WP492025,2025,2025-07-18T03:00:00Z,18.10,124.00,IBTrACS v04r01 (CMA)
WP492025,2025,2025-07-18T06:00:00Z,18.50,123.50,IBTrACS v04r01 (CMA)
WP492025,2025,2025-07-18T09:00:00Z,18.90,123.00,IBTrACS v04r01 (CMA)
WP492025,2025,2025-07-22T18:00:00Z,19.40,103.60,IBTrACS v04r01 (CMA)
WP532025,2025,2025-07-22T06:00:00Z,19.60,122.60,IBTrACS v04r01 (CMA)
WP532025,2025,2025-07-22T09:00:00Z,19.50,122.10,IBTrACS v04r01 (CMA)
WP532025,2025,2025-07-22T12:00:00Z,19.30,121.70,IBTrACS v04r01 (CMA)
WP532025,2025,2025-07-22T15:00:00Z,19.10,121.30,IBTrACS v04r01 (CMA)
WP532025,2025,2025-07-22T18:00:00Z,19.00,120.90,IBTrACS v04r01 (CMA)
WP532025,2025,2025-07-22T21:00:00Z,18.90,120.50,IBTrACS v04r01 (CMA)
WP532025,2025,2025-08-02T00:00:00Z,32.00,118.50,IBTrACS v04r01 (CMA)
WP532025,2025,2025-08-02T03:00:00Z,32.20,118.80,IBTrACS v04r01 (CMA)
WP532025,2025,2025-08-02T06:00:00Z,32.30,119.10,IBTrACS v04r01 (CMA)
WP532025,2025,2025-08-02T09:00:00Z,32.40,119.30,IBTrACS v04r01 (CMA)
WP532025,2025,2025-08-02T12:00:00Z,32.60,119.40,IBTrACS v04r01 (CMA)
WP532025,2025,2025-08-02T15:00:00Z,32.80,119.50,IBTrACS v04r01 (CMA)
WP542025,2025,2025-07-23T12:00:00Z,13.00,144.50,IBTrACS v04r01 (CMA)
WP542025,2025,2025-07-23T15:00:00Z,13.20,144.40,IBTrACS v04r01 (CMA)
WP542025,2025,2025-08-04T06:00:00Z,43.40,165.90,IBTrACS v04r01 (CMA)
WP542025,2025,2025-08-04T09:00:00Z,43.50,167.40,IBTrACS v04r01 (CMA)
WP542025,2025,2025-08-04T12:00:00Z,43.60,169.20,IBTrACS v04r01 (CMA)
WP542025,2025,2025-08-04T15:00:00Z,43.60,171.30,IBTrACS v04r01 (CMA)
WP542025,2025,2025-08-04T18:00:00Z,43.70,173.50,IBTrACS v04r01 (CMA)
WP542025,2025,2025-08-04T21:00:00Z,43.90,175.70,IBTrACS v04r01 (CMA)
WP542025,2025,2025-08-05T00:00:00Z,44.20,177.80,IBTrACS v04r01 (CMA)
WP592025,2025,2025-07-31T12:00:00Z,25.40,131.20,IBTrACS v04r01 (CMA)
WP592025,2025,2025-07-31T15:00:00Z,25.20,131.50,IBTrACS v04r01 (CMA)
WP592025,2025,2025-07-31T18:00:00Z,25.00,131.70,IBTrACS v04r01 (CMA)
WP592025,2025,2025-07-31T21:00:00Z,24.90,131.90,IBTrACS v04r01 (CMA)
WP592025,2025,2025-08-01T00:00:00Z,25.00,132.20,IBTrACS v04r01 (CMA)
WP592025,2025,2025-08-01T03:00:00Z,25.20,133.00,IBTrACS v04r01 (CMA)
WP592025,2025,2025-08-01T06:00:00Z,25.40,133.90,IBTrACS v04r01 (CMA)
WP592025,2025,2025-08-01T09:00:00Z,25.60,134.70,IBTrACS v04r01 (CMA)
WP592025,2025,2025-08-01T12:00:00Z,25.90,135.40,IBTrACS v04r01 (CMA)
WP592025,2025,2025-08-01T15:00:00Z,26.30,136.00,IBTrACS v04r01 (CMA)
WP592025,2025,2025-08-01T18:00:00Z,26.80,136.50,IBTrACS v04r01 (CMA)
WP592025,2025,2025-08-01T21:00:00Z,27.00,136.80,IBTrACS v04r01 (CMA)
WP592025,2025,2025-08-06T06:00:00Z,41.40,164.00,IBTrACS v04r01 (CMA)
WP592025,2025,2025-08-06T09:00:00Z,42.00,164.90,IBTrACS v04r01 (CMA)
WP592025,2025,2025-08-06T12:00:00Z,42.60,165.70,IBTrACS v04r01 (CMA)
WP592025,2025,2025-08-06T15:00:00Z,43.10,166.60,IBTrACS v04r01 (CMA)
WP592025,2025,2025-08-06T18:00:00Z,43.60,167.80,IBTrACS v04r01 (CMA)
WP592025,2025,2025-08-06T21:00:00Z,44.10,169.30,IBTrACS v04r01 (CMA)
WP592025,2025,2025-08-07T00:00:00Z,44.50,170.90,IBTrACS v04r01 (CMA)
WP642025,2025,2025-08-05T12:00:00Z,27.20,159.20,IBTrACS v04r01 (CMA)
WP642025,2025,2025-08-05T15:00:00Z,27.10,158.60,IBTrACS v04r01 (CMA)
WP642025,2025,2025-08-05T18:00:00Z,27.10,158.10,IBTrACS v04r01 (CMA)
WP642025,2025,2025-08-05T21:00:00Z,27.40,157.70,IBTrACS v04r01 (CMA)
WP642025,2025,2025-08-06T00:00:00Z,27.80,157.40,IBTrACS v04r01 (CMA)
WP642025,2025,2025-08-06T03:00:00Z,28.30,157.30,IBTrACS v04r01 (CMA)
WP642025,2025,2025-08-07T06:00:00Z,34.40,156.40,IBTrACS v04r01 (CMA)
WP642025,2025,2025-08-07T09:00:00Z,35.10,156.50,IBTrACS v04r01 (CMA)
WP642025,2025,2025-08-07T12:00:00Z,35.80,156.80,IBTrACS v04r01 (CMA)
WP652025,2025,2025-08-06T00:00:00Z,18.50,148.70,IBTrACS v04r01 (CMA)
WP652025,2025,2025-08-06T03:00:00Z,18.40,148.60,IBTrACS v04r01 (CMA)
WP652025,2025,2025-08-06T06:00:00Z,18.30,148.60,IBTrACS v04r01 (CMA)
WP652025,2025,2025-08-06T09:00:00Z,18.20,148.60,IBTrACS v04r01 (CMA)
WP652025,2025,2025-08-06T12:00:00Z,18.20,148.50,IBTrACS v04r01 (CMA)
WP652025,2025,2025-08-06T15:00:00Z,18.10,148.40,IBTrACS v04r01 (CMA)
WP652025,2025,2025-08-06T18:00:00Z,18.10,148.20,IBTrACS v04r01 (CMA)
WP652025,2025,2025-08-06T21:00:00Z,18.10,148.00,IBTrACS v04r01 (CMA)
WP652025,2025,2025-08-13T18:00:00Z,24.10,116.90,IBTrACS v04r01 (CMA)
WP652025,2025,2025-08-13T21:00:00Z,24.40,115.90,IBTrACS v04r01 (CMA)
WP652025,2025,2025-08-14T00:00:00Z,24.40,115.00,IBTrACS v04r01 (CMA)
WP652025,2025,2025-08-14T03:00:00Z,24.50,114.20,IBTrACS v04r01 (CMA)
WP652025,2025,2025-08-14T06:00:00Z,24.60,113.70,IBTrACS v04r01 (CMA)
WP652025,2025,2025-08-14T09:00:00Z,24.70,112.80,IBTrACS v04r01 (CMA)
WP652025,2025,2025-08-14T12:00:00Z,24.80,112.00,IBTrACS v04r01 (CMA)
WP652025,2025,2025-08-14T15:00:00Z,24.90,110.70,IBTrACS v04r01 (CMA)
WP652025,2025,2025-08-14T18:00:00Z,25.00,109.60,IBTrACS v04r01 (CMA)
WP652025,2025,2025-08-14T21:00:00Z,25.40,108.80,IBTrACS v04r01 (CMA)
WP652025,2025,2025-08-15T00:00:00Z,25.70,107.80,IBTrACS v04r01 (CMA)
WP692025,2025,2025-08-16T18:00:00Z,16.50,111.30,IBTrACS v04r01 (CMA)
WP692025,2025,2025-08-16T21:00:00Z,16.80,111.00,IBTrACS v04r01 (CMA)
WP692025,2025,2025-08-17T00:00:00Z,17.10,110.70,IBTrACS v04r01 (CMA)
WP692025,2025,2025-08-17T03:00:00Z,17.30,110.40,IBTrACS v04r01 (CMA)
WP692025,2025,2025-08-17T06:00:00Z,17.50,110.10,IBTrACS v04r01 (CMA)
WP692025,2025,2025-08-17T09:00:00Z,17.70,109.80,IBTrACS v04r01 (CMA)
WP692025,2025,2025-08-17T12:00:00Z,17.90,109.50,IBTrACS v04r01 (CMA)
WP692025,2025,2025-08-17T15:00:00Z,18.00,109.10,IBTrACS v04r01 (CMA)
WP692025,2025,2025-08-17T18:00:00Z,18.20,108.80,IBTrACS v04r01 (CMA)
WP692025,2025,2025-08-17T21:00:00Z,18.40,108.50,IBTrACS v04r01 (CMA)
WP692025,2025,2025-08-18T00:00:00Z,18.70,108.20,IBTrACS v04r01 (CMA)
WP692025,2025,2025-08-18T03:00:00Z,18.90,108.00,IBTrACS v04r01 (CMA)
WP692025,2025,2025-08-19T00:00:00Z,21.40,107.50,IBTrACS v04r01 (CMA)
WP692025,2025,2025-08-19T03:00:00Z,22.00,107.40,IBTrACS v04r01 (CMA)
WP692025,2025,2025-08-19T06:00:00Z,22.70,107.20,IBTrACS v04r01 (CMA)
WP692025,2025,2025-08-19T09:00:00Z,23.20,107.10,IBTrACS v04r01 (CMA)
WP692025,2025,2025-08-19T12:00:00Z,23.70,107.00,IBTrACS v04r01 (CMA)
WP702025,2025,2025-08-17T06:00:00Z,22.20,127.70,IBTrACS v04r01 (CMA)
WP702025,2025,2025-08-17T09:00:00Z,22.20,127.50,IBTrACS v04r01 (CMA)
WP702025,2025,2025-08-17T12:00:00Z,22.30,127.20,IBTrACS v04r01 (CMA)
WP702025,2025,2025-08-17T15:00:00Z,22.40,127.00,IBTrACS v04r01 (CMA)
WP702025,2025,2025-08-17T18:00:00Z,22.40,126.80,IBTrACS v04r01 (CMA)
WP702025,2025,2025-08-17T21:00:00Z,22.30,126.80,IBTrACS v04r01 (CMA)
WP702025,2025,2025-08-18T00:00:00Z,22.30,126.90,IBTrACS v04r01 (CMA)
WP702025,2025,2025-08-18T03:00:00Z,22.50,126.80,IBTrACS v04r01 (CMA)
WP702025,2025,2025-08-18T06:00:00Z,22.80,126.70,IBTrACS v04r01 (CMA)
WP702025,2025,2025-08-18T09:00:00Z,22.90,126.60,IBTrACS v04r01 (CMA)
WP702025,2025,2025-08-18T12:00:00Z,23.20,126.60,IBTrACS v04r01 (CMA)
WP702025,2025,2025-08-18T15:00:00Z,23.70,126.90,IBTrACS v04r01 (CMA)
WP702025,2025,2025-08-18T18:00:00Z,24.40,127.20,IBTrACS v04r01 (CMA)
WP702025,2025,2025-08-18T21:00:00Z,25.30,127.50,IBTrACS v04r01 (CMA)
WP702025,2025,2025-08-19T00:00:00Z,26.20,127.60,IBTrACS v04r01 (CMA)
WP702025,2025,2025-08-19T03:00:00Z,26.80,127.60,IBTrACS v04r01 (CMA)
WP702025,2025,2025-08-22T18:00:00Z,32.70,133.90,IBTrACS v04r01 (CMA)
WP702025,2025,2025-08-22T21:00:00Z,32.90,134.30,IBTrACS v04r01 (CMA)
WP702025,2025,2025-08-23T00:00:00Z,33.20,134.80,IBTrACS v04r01 (CMA)
WP722025,2025,2025-08-21T12:00:00Z,15.60,124.30,IBTrACS v04r01 (CMA)
WP722025,2025,2025-08-21T15:00:00Z,15.70,123.80,IBTrACS v04r01 (CMA)
WP722025,2025,2025-08-21T18:00:00Z,15.80,123.40,IBTrACS v04r01 (CMA)
WP722025,2025,2025-08-21T21:00:00Z,16.00,123.00,IBTrACS v04r01 (CMA)
WP722025,2025,2025-08-22T00:00:00Z,16.20,122.60,IBTrACS v04r01 (CMA)
WP722025,2025,2025-08-22T03:00:00Z,16.40,122.20,IBTrACS v04r01 (CMA)
WP722025,2025,2025-08-22T06:00:00Z,16.60,121.60,IBTrACS v04r01 (CMA)
WP722025,2025,2025-08-22T09:00:00Z,16.70,120.70,IBTrACS v04r01 (CMA)
WP722025,2025,2025-08-22T12:00:00Z,16.80,119.70,IBTrACS v04r01 (CMA)
WP722025,2025,2025-08-22T15:00:00Z,16.90,118.90,IBTrACS v04r01 (CMA)
WP722025,2025,2025-08-25T18:00:00Z,18.70,104.90,IBTrACS v04r01 (CMA)
WP722025,2025,2025-08-25T21:00:00Z,18.90,104.10,IBTrACS v04r01 (CMA)
WP722025,2025,2025-08-26T00:00:00Z,19.00,103.30,IBTrACS v04r01 (CMA)
WP722025,2025,2025-08-26T03:00:00Z,19.10,102.70,IBTrACS v04r01 (CMA)
WP722025,2025,2025-08-26T06:00:00Z,19.10,102.20,IBTrACS v04r01 (CMA)
WP722025,2025,2025-08-26T09:00:00Z,19.10,101.40,IBTrACS v04r01 (CMA)
WP722025,2025,2025-08-26T12:00:00Z,19.20,100.70,IBTrACS v04r01 (CMA)
WP722025,2025,2025-08-26T15:00:00Z,19.30,100.30,IBTrACS v04r01 (CMA)
WP722025,2025,2025-08-26T18:00:00Z,19.50,100.00,IBTrACS v04r01 (CMA)
WP752025,2025,2025-08-28T00:00:00Z,14.70,116.30,IBTrACS v04r01 (CMA)
WP752025,2025,2025-08-28T03:00:00Z,14.80,116.10,IBTrACS v04r01 (CMA)
WP752025,2025,2025-08-30T18:00:00Z,17.80,103.10,IBTrACS v04r01 (CMA)
WP752025,2025,2025-08-30T21:00:00Z,17.50,102.20,IBTrACS v04r01 (CMA)
WP752025,2025,2025-08-31T00:00:00Z,17.20,101.40,IBTrACS v04r01 (CMA)
WP752025,2025,2025-08-31T03:00:00Z,17.30,100.70,IBTrACS v04r01 (CMA)
WP752025,2025,2025-08-31T06:00:00Z,17.50,100.10,IBTrACS v04r01 (CMA)
WP782025,2025,2025-09-02T00:00:00Z,19.10,129.10,IBTrACS v04r01 (CMA)
WP782025,2025,2025-09-02T03:00:00Z,19.50,130.10,IBTrACS v04r01 (CMA)
WP782025,2025,2025-09-02T06:00:00Z,20.00,131.00,IBTrACS v04r01 (CMA)
WP782025,2025,2025-09-02T09:00:00Z,20.70,131.60,IBTrACS v04r01 (CMA)
WP782025,2025,2025-09-02T12:00:00Z,21.50,132.00,IBTrACS v04r01 (CMA)
WP782025,2025,2025-09-02T15:00:00Z,22.30,132.60,IBTrACS v04r01 (CMA)
WP782025,2025,2025-09-02T18:00:00Z,23.10,133.00,IBTrACS v04r01 (CMA)
WP782025,2025,2025-09-02T21:00:00Z,23.60,132.90,IBTrACS v04r01 (CMA)
WP782025,2025,2025-09-03T00:00:00Z,24.10,132.50,IBTrACS v04r01 (CMA)
WP782025,2025,2025-09-03T03:00:00Z,24.70,132.00,IBTrACS v04r01 (CMA)
WP782025,2025,2025-09-03T06:00:00Z,25.40,131.50,IBTrACS v04r01 (CMA)
WP782025,2025,2025-09-03T09:00:00Z,26.30,131.50,IBTrACS v04r01 (CMA)
WP782025,2025,2025-09-05T18:00:00Z,36.10,147.00,IBTrACS v04r01 (CMA)
WP782025,2025,2025-09-05T21:00:00Z,36.10,148.60,IBTrACS v04r01 (CMA)
WP782025,2025,2025-09-06T00:00:00Z,36.00,150.00,IBTrACS v04r01 (CMA)
WP782025,2025,2025-09-06T03:00:00Z,35.70,151.50,IBTrACS v04r01 (CMA)
WP782025,2025,2025-09-06T06:00:00Z,35.40,153.00,IBTrACS v04r01 (CMA)
WP782025,2025,2025-09-06T09:00:00Z,35.20,154.60,IBTrACS v04r01 (CMA)
WP782025,2025,2025-09-06T12:00:00Z,35.00,156.00,IBTrACS v04r01 (CMA)
WP782025,2025,2025-09-06T15:00:00Z,34.90,157.10,IBTrACS v04r01 (CMA)
WP782025,2025,2025-09-06T18:00:00Z,34.80,158.00,IBTrACS v04r01 (CMA)
WP782025,2025,2025-09-06T21:00:00Z,34.80,158.70,IBTrACS v04r01 (CMA)
WP782025,2025,2025-09-07T00:00:00Z,34.90,159.30,IBTrACS v04r01 (CMA)
WP782025,2025,2025-09-07T03:00:00Z,34.90,160.20,IBTrACS v04r01 (CMA)
WP782025,2025,2025-09-07T06:00:00Z,35.00,161.20,IBTrACS v04r01 (CMA)
WP782025,2025,2025-09-07T09:00:00Z,35.20,162.10,IBTrACS v04r01 (CMA)
WP782025,2025,2025-09-07T12:00:00Z,35.50,162.80,IBTrACS v04r01 (CMA)
WP782025,2025,2025-09-07T15:00:00Z,35.70,163.40,IBTrACS v04r01 (CMA)
WP782025,2025,2025-09-07T18:00:00Z,35.80,164.00,IBTrACS v04r01 (CMA)
WP782025,2025,2025-09-07T21:00:00Z,35.90,164.80,IBTrACS v04r01 (CMA)
WP782025,2025,2025-09-08T00:00:00Z,36.00,165.70,IBTrACS v04r01 (CMA)
WP782025,2025,2025-09-08T03:00:00Z,36.20,166.50,IBTrACS v04r01 (CMA)
WP782025,2025,2025-09-08T06:00:00Z,36.40,167.30,IBTrACS v04r01 (CMA)
WP782025,2025,2025-09-08T09:00:00Z,36.60,168.00,IBTrACS v04r01 (CMA)
WP782025,2025,2025-09-08T12:00:00Z,36.90,168.70,IBTrACS v04r01 (CMA)
WP782025,2025,2025-09-08T15:00:00Z,37.30,169.50,IBTrACS v04r01 (CMA)
WP782025,2025,2025-09-08T18:00:00Z,37.70,170.20,IBTrACS v04r01 (CMA)
WP782025,2025,2025-09-08T21:00:00Z,38.00,170.80,IBTrACS v04r01 (CMA)
WP782025,2025,2025-09-09T00:00:00Z,38.30,171.40,IBTrACS v04r01 (CMA)
WP782025,2025,2025-09-09T03:00:00Z,38.60,172.00,IBTrACS v04r01 (CMA)
WP782025,2025,2025-09-09T06:00:00Z,38.80,172.60,IBTrACS v04r01 (CMA)
WP782025,2025,2025-09-09T09:00:00Z,39.00,173.30,IBTrACS v04r01 (CMA)
WP782025,2025,2025-09-09T12:00:00Z,39.30,174.20,IBTrACS v04r01 (CMA)
WP782025,2025,2025-09-09T15:00:00Z,39.60,175.20,IBTrACS v04r01 (CMA)
WP782025,2025,2025-09-09T18:00:00Z,40.00,176.40,IBTrACS v04r01 (CMA)
WP782025,2025,2025-09-09T21:00:00Z,40.30,177.50,IBTrACS v04r01 (CMA)
WP782025,2025,2025-09-10T00:00:00Z,40.50,178.70,IBTrACS v04r01 (CMA)
WP792025,2025,2025-09-05T00:00:00Z,17.50,120.10,IBTrACS v04r01 (CMA)
WP792025,2025,2025-09-05T03:00:00Z,17.50,119.80,IBTrACS v04r01 (CMA)
WP792025,2025,2025-09-05T06:00:00Z,17.50,119.50,IBTrACS v04r01 (CMA)
WP792025,2025,2025-09-05T09:00:00Z,17.50,119.20,IBTrACS v04r01 (CMA)
WP792025,2025,2025-09-05T12:00:00Z,17.50,118.80,IBTrACS v04r01 (CMA)
WP792025,2025,2025-09-05T15:00:00Z,17.50,118.40,IBTrACS v04r01 (CMA)
WP792025,2025,2025-09-05T18:00:00Z,17.60,118.00,IBTrACS v04r01 (CMA)
WP792025,2025,2025-09-05T21:00:00Z,17.70,117.70,IBTrACS v04r01 (CMA)
WP792025,2025,2025-09-06T00:00:00Z,17.80,117.40,IBTrACS v04r01 (CMA)
WP792025,2025,2025-09-06T03:00:00Z,17.90,117.00,IBTrACS v04r01 (CMA)
WP792025,2025,2025-09-08T06:00:00Z,22.80,111.90,IBTrACS v04r01 (CMA)
WP792025,2025,2025-09-08T07:00:00Z,22.90,111.70,IBTrACS v04r01 (CMA)
WP792025,2025,2025-09-08T08:00:00Z,23.00,111.60,IBTrACS v04r01 (CMA)
WP792025,2025,2025-09-08T09:00:00Z,23.10,111.40,IBTrACS v04r01 (CMA)
WP792025,2025,2025-09-08T12:00:00Z,23.40,111.00,IBTrACS v04r01 (CMA)
WP792025,2025,2025-09-08T15:00:00Z,23.70,110.80,IBTrACS v04r01 (CMA)
WP792025,2025,2025-09-08T18:00:00Z,24.00,110.50,IBTrACS v04r01 (CMA)
WP792025,2025,2025-09-08T21:00:00Z,24.20,110.20,IBTrACS v04r01 (CMA)
WP792025,2025,2025-09-09T00:00:00Z,24.60,109.90,IBTrACS v04r01 (CMA)
WP792025,2025,2025-09-09T03:00:00Z,24.90,109.60,IBTrACS v04r01 (CMA)
WP832025,2025,2025-09-19T18:00:00Z,23.20,114.40,IBTrACS v04r01 (CMA)
WP832025,2025,2025-09-19T19:00:00Z,23.20,114.30,IBTrACS v04r01 (CMA)
WP832025,2025,2025-09-19T20:00:00Z,23.20,114.30,IBTrACS v04r01 (CMA)
WP832025,2025,2025-09-19T21:00:00Z,23.20,114.20,IBTrACS v04r01 (CMA)
WP832025,2025,2025-09-19T22:00:00Z,23.20,114.10,IBTrACS v04r01 (CMA)
WP832025,2025,2025-09-19T23:00:00Z,23.20,114.10,IBTrACS v04r01 (CMA)
WP832025,2025,2025-09-20T00:00:00Z,23.20,114.00,IBTrACS v04r01 (CMA)
WP842025,2025,2025-09-17T00:00:00Z,13.30,137.00,IBTrACS v04r01 (CMA)
WP842025,2025,2025-09-17T03:00:00Z,13.70,136.40,IBTrACS v04r01 (CMA)
WP842025,2025,2025-09-17T06:00:00Z,14.00,135.80,IBTrACS v04r01 (CMA)
WP842025,2025,2025-09-17T09:00:00Z,14.30,135.20,IBTrACS v04r01 (CMA)
WP842025,2025,2025-09-17T12:00:00Z,14.50,134.80,IBTrACS v04r01 (CMA)
WP842025,2025,2025-09-17T15:00:00Z,14.60,134.50,IBTrACS v04r01 (CMA)
WP842025,2025,2025-09-17T18:00:00Z,14.70,134.30,IBTrACS v04r01 (CMA)
WP842025,2025,2025-09-17T21:00:00Z,14.90,134.10,IBTrACS v04r01 (CMA)
WP842025,2025,2025-09-18T00:00:00Z,15.10,133.90,IBTrACS v04r01 (CMA)
WP842025,2025,2025-09-18T03:00:00Z,15.30,133.70,IBTrACS v04r01 (CMA)
WP842025,2025,2025-09-18T06:00:00Z,15.50,133.50,IBTrACS v04r01 (CMA)
WP842025,2025,2025-09-18T09:00:00Z,15.60,133.40,IBTrACS v04r01 (CMA)
WP842025,2025,2025-09-24T18:00:00Z,21.40,109.80,IBTrACS v04r01 (CMA)
WP842025,2025,2025-09-24T21:00:00Z,21.50,109.40,IBTrACS v04r01 (CMA)
WP842025,2025,2025-09-25T00:00:00Z,21.40,109.00,IBTrACS v04r01 (CMA)
WP842025,2025,2025-09-25T03:00:00Z,21.90,108.50,IBTrACS v04r01 (CMA)
WP842025,2025,2025-09-25T06:00:00Z,22.10,107.70,IBTrACS v04r01 (CMA)
WP842025,2025,2025-09-25T09:00:00Z,22.10,107.20,IBTrACS v04r01 (CMA)
WP842025,2025,2025-09-25T12:00:00Z,21.90,106.80,IBTrACS v04r01 (CMA)
WP862025,2025,2025-09-17T12:00:00Z,22.40,166.00,IBTrACS v04r01 (CMA)
WP862025,2025,2025-09-17T15:00:00Z,22.60,165.80,IBTrACS v04r01 (CMA)
WP862025,2025,2025-09-17T18:00:00Z,22.80,165.50,IBTrACS v04r01 (CMA)
WP862025,2025,2025-09-17T21:00:00Z,23.00,165.20,IBTrACS v04r01 (CMA)
WP862025,2025,2025-09-18T00:00:00Z,23.10,164.90,IBTrACS v04r01 (CMA)
WP862025,2025,2025-09-18T03:00:00Z,23.20,164.50,IBTrACS v04r01 (CMA)
WP862025,2025,2025-09-18T06:00:00Z,23.30,164.00,IBTrACS v04r01 (CMA)
WP862025,2025,2025-09-18T09:00:00Z,23.40,163.50,IBTrACS v04r01 (CMA)
WP862025,2025,2025-09-29T06:00:00Z,43.90,175.70,IBTrACS v04r01 (CMA)
WP862025,2025,2025-09-29T09:00:00Z,44.20,176.80,IBTrACS v04r01 (CMA)
WP862025,2025,2025-09-29T12:00:00Z,44.30,177.90,IBTrACS v04r01 (CMA)
WP862025,2025,2025-09-29T15:00:00Z,44.40,179.40,IBTrACS v04r01 (CMA)
WP882025,2025,2025-09-23T00:00:00Z,10.70,136.10,IBTrACS v04r01 (CMA)
WP882025,2025,2025-09-23T03:00:00Z,10.40,135.80,IBTrACS v04r01 (CMA)
WP882025,2025,2025-09-23T06:00:00Z,10.10,135.40,IBTrACS v04r01 (CMA)
WP882025,2025,2025-09-23T09:00:00Z,9.90,135.00,IBTrACS v04r01 (CMA)
WP882025,2025,2025-09-29T00:00:00Z,18.70,105.10,IBTrACS v04r01 (CMA)
WP882025,2025,2025-09-29T03:00:00Z,19.20,104.20,IBTrACS v04r01 (CMA)
WP882025,2025,2025-09-29T06:00:00Z,19.80,103.30,IBTrACS v04r01 (CMA)
WP882025,2025,2025-09-29T09:00:00Z,20.20,102.40,IBTrACS v04r01 (CMA)
WP882025,2025,2025-09-29T12:00:00Z,20.60,101.60,IBTrACS v04r01 (CMA)
WP882025,2025,2025-09-29T15:00:00Z,20.80,101.00,IBTrACS v04r01 (CMA)
WP882025,2025,2025-09-29T18:00:00Z,21.10,100.50,IBTrACS v04r01 (CMA)
WP932025,2025,2025-10-01T00:00:00Z,14.20,131.20,IBTrACS v04r01 (CMA)
WP932025,2025,2025-10-01T03:00:00Z,14.40,130.80,IBTrACS v04r01 (CMA)
WP932025,2025,2025-10-06T00:00:00Z,21.80,107.40,IBTrACS v04r01 (CMA)
WP932025,2025,2025-10-06T03:00:00Z,21.90,107.10,IBTrACS v04r01 (CMA)
WP932025,2025,2025-10-06T06:00:00Z,22.10,106.70,IBTrACS v04r01 (CMA)
WP932025,2025,2025-10-06T09:00:00Z,22.40,106.40,IBTrACS v04r01 (CMA)
WP932025,2025,2025-10-06T12:00:00Z,22.70,106.10,IBTrACS v04r01 (CMA)
WP962025,2025,2025-10-04T00:00:00Z,23.60,143.40,IBTrACS v04r01 (CMA)
WP962025,2025,2025-10-04T03:00:00Z,24.10,143.60,IBTrACS v04r01 (CMA)
WP962025,2025,2025-10-04T06:00:00Z,24.40,143.80,IBTrACS v04r01 (CMA)
WP962025,2025,2025-10-04T09:00:00Z,24.50,143.80,IBTrACS v04r01 (CMA)
WP962025,2025,2025-10-10T12:00:00Z,34.80,162.90,IBTrACS v04r01 (CMA)
WP962025,2025,2025-10-10T15:00:00Z,35.20,165.20,IBTrACS v04r01 (CMA)
WP962025,2025,2025-10-10T18:00:00Z,35.90,167.50,IBTrACS v04r01 (CMA)
WP962025,2025,2025-10-10T21:00:00Z,36.80,169.70,IBTrACS v04r01 (CMA)
WP962025,2025,2025-10-11T00:00:00Z,38.00,171.90,IBTrACS v04r01 (CMA)
WP962025,2025,2025-10-11T03:00:00Z,39.70,174.50,IBTrACS v04r01 (CMA)
WP962025,2025,2025-10-11T06:00:00Z,41.60,177.20,IBTrACS v04r01 (CMA)
WP962025,2025,2025-10-11T09:00:00Z,43.40,179.70,IBTrACS v04r01 (CMA)
WP992025,2025,2025-10-07T12:00:00Z,16.00,140.90,IBTrACS v04r01 (CMA)
WP992025,2025,2025-10-07T15:00:00Z,16.50,140.20,IBTrACS v04r01 (CMA)
WP992025,2025,2025-10-07T18:00:00Z,17.00,139.50,IBTrACS v04r01 (CMA)
WP992025,2025,2025-10-07T21:00:00Z,17.50,138.90,IBTrACS v04r01 (CMA)
WP992025,2025,2025-10-08T00:00:00Z,18.00,138.50,IBTrACS v04r01 (CMA)
WP992025,2025,2025-10-08T03:00:00Z,18.50,138.30,IBTrACS v04r01 (CMA)
WP992025,2025,2025-10-15T00:00:00Z,35.80,164.40,IBTrACS v04r01 (CMA)
WP992025,2025,2025-10-15T03:00:00Z,35.80,166.30,IBTrACS v04r01 (CMA)
WP992025,2025,2025-10-15T06:00:00Z,35.80,168.20,IBTrACS v04r01 (CMA)
WP992025,2025,2025-10-15T09:00:00Z,35.80,170.00,IBTrACS v04r01 (CMA)
WP992025,2025,2025-10-15T12:00:00Z,36.00,171.80,IBTrACS v04r01 (CMA)
WP992025,2025,2025-10-15T15:00:00Z,36.40,173.50,IBTrACS v04r01 (CMA)
WP992025,2025,2025-10-15T18:00:00Z,36.90,175.20,IBTrACS v04r01 (CMA)
WP992025,2025,2025-10-15T21:00:00Z,37.20,176.70,IBTrACS v04r01 (CMA)
WP992025,2025,2025-10-16T00:00:00Z,37.60,178.20,IBTrACS v04r01 (CMA)
