storm_id,agency,issue_time_utc,lead_hours,valid_time_utc,forecast_lat,forecast_lon
WP012025,JTWC,2025-06-10T12:00:00Z,12,2025-06-11T00:00:00Z,15.30,112.80
WP012025,JTWC,2025-06-10T12:00:00Z,24,2025-06-11T12:00:00Z,15.50,111.70
WP012025,JTWC,2025-06-10T12:00:00Z,36,2025-06-12T00:00:00Z,16.30,110.80
WP012025,JTWC,2025-06-10T18:00:00Z,12,2025-06-11T06:00:00Z,15.50,113.30
WP012025,JTWC,2025-06-10T18:00:00Z,24,2025-06-11T18:00:00Z,16.00,112.10
WP012025,JTWC,2025-06-10T18:00:00Z,36,2025-06-12T06:00:00Z,16.60,111.10
WP012025,JTWC,2025-06-11T00:00:00Z,12,2025-06-11T12:00:00Z,16.70,112.60
WP012025,JTWC,2025-06-11T00:00:00Z,24,2025-06-12T00:00:00Z,17.30,111.50
WP012025,JTWC,2025-06-11T00:00:00Z,36,2025-06-12T12:00:00Z,18.20,110.60
WP012025,JTWC,2025-06-11T06:00:00Z,12,2025-06-11T18:00:00Z,17.20,111.10
WP012025,JTWC,2025-06-11T06:00:00Z,24,2025-06-12T06:00:00Z,17.90,110.00
WP012025,JTWC,2025-06-11T06:00:00Z,36,2025-06-12T18:00:00Z,18.70,109.20
WP012025,JTWC,2025-06-11T12:00:00Z,12,2025-06-12T00:00:00Z,17.00,110.30
WP012025,JTWC,2025-06-11T12:00:00Z,24,2025-06-12T12:00:00Z,17.70,109.40
WP012025,JTWC,2025-06-11T12:00:00Z,36,2025-06-13T00:00:00Z,18.80,108.90
WP012025,JTWC,2025-06-11T18:00:00Z,12,2025-06-12T06:00:00Z,16.90,109.90
WP012025,JTWC,2025-06-11T18:00:00Z,24,2025-06-12T18:00:00Z,17.70,109.20
WP012025,JTWC,2025-06-11T18:00:00Z,36,2025-06-13T06:00:00Z,18.80,108.90
WP012025,JTWC,2025-06-12T00:00:00Z,12,2025-06-12T12:00:00Z,17.80,109.40
WP012025,JTWC,2025-06-12T00:00:00Z,24,2025-06-13T00:00:00Z,18.70,109.00
WP012025,JTWC,2025-06-12T00:00:00Z,36,2025-06-13T12:00:00Z,19.80,109.00
WP012025,JTWC,2025-06-12T06:00:00Z,12,2025-06-12T18:00:00Z,17.90,109.20
WP012025,JTWC,2025-06-12T06:00:00Z,24,2025-06-13T06:00:00Z,18.90,108.90
WP012025,JTWC,2025-06-12T06:00:00Z,36,2025-06-13T18:00:00Z,20.10,109.20
WP012025,JTWC,2025-06-12T12:00:00Z,12,2025-06-13T00:00:00Z,18.20,108.60
WP012025,JTWC,2025-06-12T12:00:00Z,24,2025-06-13T12:00:00Z,19.30,108.60
WP012025,JTWC,2025-06-12T12:00:00Z,36,2025-06-14T00:00:00Z,20.50,109.10
WP012025,JTWC,2025-06-12T18:00:00Z,12,2025-06-13T06:00:00Z,18.70,108.50
WP012025,JTWC,2025-06-12T18:00:00Z,24,2025-06-13T18:00:00Z,19.80,108.70
WP012025,JTWC,2025-06-12T18:00:00Z,36,2025-06-14T06:00:00Z,21.20,109.50
WP012025,JTWC,2025-06-13T00:00:00Z,12,2025-06-13T12:00:00Z,19.40,108.30
WP012025,JTWC,2025-06-13T00:00:00Z,24,2025-06-14T00:00:00Z,20.60,108.80
WP012025,JTWC,2025-06-13T00:00:00Z,36,2025-06-14T12:00:00Z,22.20,109.90
WP012025,JTWC,2025-06-13T06:00:00Z,12,2025-06-13T18:00:00Z,19.90,108.50
WP012025,JTWC,2025-06-13T06:00:00Z,24,2025-06-14T06:00:00Z,21.30,109.30
WP012025,JTWC,2025-06-13T06:00:00Z,36,2025-06-14T18:00:00Z,23.00,110.60
WP012025,JTWC,2025-06-13T12:00:00Z,12,2025-06-14T00:00:00Z,20.10,108.90
WP012025,JTWC,2025-06-13T12:00:00Z,24,2025-06-14T12:00:00Z,21.70,110.00
WP012025,JTWC,2025-06-13T12:00:00Z,36,2025-06-15T00:00:00Z,23.60,111.70
WP012025,JTWC,2025-06-13T18:00:00Z,12,2025-06-14T06:00:00Z,21.30,109.90
WP012025,JTWC,2025-06-13T18:00:00Z,24,2025-06-14T18:00:00Z,23.40,111.70
WP012025,JTWC,2025-06-13T18:00:00Z,36,2025-06-15T06:00:00Z,25.70,114.70
WP012025,JTWC,2025-06-14T00:00:00Z,12,2025-06-14T12:00:00Z,22.10,110.40
WP012025,JTWC,2025-06-14T00:00:00Z,24,2025-06-15T00:00:00Z,24.40,112.80
WP012025,JTWC,2025-06-14T00:00:00Z,36,2025-06-15T12:00:00Z,26.70,116.20
WP012025,JTWC,2025-06-14T06:00:00Z,12,2025-06-14T18:00:00Z,23.20,111.70
WP012025,JTWC,2025-06-14T06:00:00Z,24,2025-06-15T06:00:00Z,25.30,114.10
WP012025,JTWC,2025-06-14T06:00:00Z,36,2025-06-15T18:00:00Z,27.40,117.80
WP022025,JTWC,2025-06-22T12:00:00Z,12,2025-06-23T00:00:00Z,25.00,144.30
WP022025,JTWC,2025-06-22T12:00:00Z,24,2025-06-23T12:00:00Z,27.10,142.60
WP022025,JTWC,2025-06-22T12:00:00Z,36,2025-06-24T00:00:00Z,29.00,141.00
WP022025,JTWC,2025-06-22T18:00:00Z,12,2025-06-23T06:00:00Z,25.60,143.80
WP022025,JTWC,2025-06-22T18:00:00Z,24,2025-06-23T18:00:00Z,27.70,142.10
WP022025,JTWC,2025-06-22T18:00:00Z,36,2025-06-24T06:00:00Z,29.60,140.90
WP022025,JTWC,2025-06-23T00:00:00Z,12,2025-06-23T12:00:00Z,26.60,143.20
WP022025,JTWC,2025-06-23T00:00:00Z,24,2025-06-24T00:00:00Z,28.60,141.90
WP022025,JTWC,2025-06-23T00:00:00Z,36,2025-06-24T12:00:00Z,30.40,141.00
WP022025,JTWC,2025-06-23T06:00:00Z,12,2025-06-23T18:00:00Z,28.10,142.20
WP022025,JTWC,2025-06-23T06:00:00Z,24,2025-06-24T06:00:00Z,30.20,140.90
WP022025,JTWC,2025-06-23T06:00:00Z,36,2025-06-24T18:00:00Z,31.80,140.20
WP022025,JTWC,2025-06-23T12:00:00Z,12,2025-06-24T00:00:00Z,29.10,141.40
WP022025,JTWC,2025-06-23T12:00:00Z,24,2025-06-24T12:00:00Z,30.90,140.30
WP022025,JTWC,2025-06-23T12:00:00Z,36,2025-06-25T00:00:00Z,32.40,139.80
WP022025,JTWC,2025-06-23T18:00:00Z,12,2025-06-24T06:00:00Z,30.30,140.50
WP022025,JTWC,2025-06-23T18:00:00Z,24,2025-06-24T18:00:00Z,31.90,139.60
WP022025,JTWC,2025-06-23T18:00:00Z,36,2025-06-25T06:00:00Z,33.50,139.60
WP022025,JTWC,2025-06-24T00:00:00Z,12,2025-06-24T12:00:00Z,31.00,139.90
WP022025,JTWC,2025-06-24T00:00:00Z,24,2025-06-25T00:00:00Z,32.50,139.40
WP022025,JTWC,2025-06-24T00:00:00Z,36,2025-06-25T12:00:00Z,34.20,139.90
WP022025,JTWC,2025-06-24T06:00:00Z,12,2025-06-24T18:00:00Z,31.30,139.70
WP022025,JTWC,2025-06-24T06:00:00Z,24,2025-06-25T06:00:00Z,32.90,139.60
WP022025,JTWC,2025-06-24T06:00:00Z,36,2025-06-25T18:00:00Z,34.50,140.00
WP022025,JTWC,2025-06-24T12:00:00Z,12,2025-06-25T00:00:00Z,31.90,139.70
WP022025,JTWC,2025-06-24T12:00:00Z,24,2025-06-25T12:00:00Z,33.40,139.70
WP022025,JTWC,2025-06-24T12:00:00Z,36,2025-06-26T00:00:00Z,35.10,140.80
WP022025,JTWC,2025-06-24T18:00:00Z,12,2025-06-25T06:00:00Z,32.90,139.70
WP022025,JTWC,2025-06-24T18:00:00Z,24,2025-06-25T18:00:00Z,34.70,140.40
WP022025,JTWC,2025-06-24T18:00:00Z,36,2025-06-26T06:00:00Z,37.10,142.30
WP022025,JTWC,2025-06-25T00:00:00Z,12,2025-06-25T12:00:00Z,33.40,139.60
WP022025,JTWC,2025-06-25T00:00:00Z,24,2025-06-26T00:00:00Z,35.70,141.00
WP022025,JTWC,2025-06-25T00:00:00Z,36,2025-06-26T12:00:00Z,38.50,144.20
WP022025,JTWC,2025-06-25T06:00:00Z,12,2025-06-25T18:00:00Z,34.50,140.30
WP022025,JTWC,2025-06-25T06:00:00Z,24,2025-06-26T06:00:00Z,37.00,142.90
WP022025,JTWC,2025-06-25T06:00:00Z,36,2025-06-26T18:00:00Z,39.70,146.20
WP022025,JTWC,2025-06-25T12:00:00Z,12,2025-06-26T00:00:00Z,35.90,141.40
WP022025,JTWC,2025-06-25T12:00:00Z,24,2025-06-26T12:00:00Z,39.00,145.00
WP022025,JTWC,2025-06-25T18:00:00Z,12,2025-06-26T06:00:00Z,37.20,142.80
WP022025,JTWC,2025-06-25T18:00:00Z,24,2025-06-26T18:00:00Z,40.80,147.30
WP022025,JTWC,2025-06-26T00:00:00Z,12,2025-06-26T12:00:00Z,38.80,145.10
WP022025,JTWC,2025-06-26T00:00:00Z,24,2025-06-27T00:00:00Z,42.60,150.10
WP022025,JTWC,2025-06-26T06:00:00Z,12,2025-06-26T18:00:00Z,40.60,147.60
WP022025,JTWC,2025-06-26T06:00:00Z,24,2025-06-27T06:00:00Z,44.70,152.90
WP032025,JTWC,2025-06-25T06:00:00Z,12,2025-06-25T18:00:00Z,19.80,111.70
WP032025,JTWC,2025-06-25T06:00:00Z,24,2025-06-26T06:00:00Z,21.10,110.50
WP032025,JTWC,2025-06-25T06:00:00Z,36,2025-06-26T18:00:00Z,22.20,109.50
WP032025,JTWC,2025-06-25T12:00:00Z,12,2025-06-26T00:00:00Z,20.40,110.90
WP032025,JTWC,2025-06-25T12:00:00Z,24,2025-06-26T12:00:00Z,21.60,109.90
WP032025,JTWC,2025-06-25T12:00:00Z,36,2025-06-27T00:00:00Z,24.90,107.80
WP032025,JTWC,2025-06-25T18:00:00Z,12,2025-06-26T06:00:00Z,20.60,110.30
WP032025,JTWC,2025-06-25T18:00:00Z,24,2025-06-26T18:00:00Z,22.20,109.20
WP032025,JTWC,2025-06-26T00:00:00Z,12,2025-06-26T12:00:00Z,21.40,109.80
WP032025,JTWC,2025-06-26T00:00:00Z,24,2025-06-27T00:00:00Z,23.30,109.10
WP032025,JTWC,2025-06-26T06:00:00Z,12,2025-06-26T18:00:00Z,22.60,109.50
WP032025,JTWC,2025-06-26T06:00:00Z,24,2025-06-27T06:00:00Z,24.50,109.10
WP042025,JTWC,2025-07-01T18:00:00Z,12,2025-07-02T06:00:00Z,25.90,146.60
WP042025,JTWC,2025-07-01T18:00:00Z,24,2025-07-02T18:00:00Z,27.10,145.80
WP042025,JTWC,2025-07-01T18:00:00Z,36,2025-07-03T06:00:00Z,28.20,145.30
WP042025,JTWC,2025-07-02T00:00:00Z,12,2025-07-02T12:00:00Z,26.40,146.40
WP042025,JTWC,2025-07-02T00:00:00Z,24,2025-07-03T00:00:00Z,27.50,145.50
WP042025,JTWC,2025-07-02T00:00:00Z,36,2025-07-03T12:00:00Z,28.60,145.00
WP042025,JTWC,2025-07-02T06:00:00Z,12,2025-07-02T18:00:00Z,26.90,145.80
WP042025,JTWC,2025-07-02T06:00:00Z,24,2025-07-03T06:00:00Z,28.00,145.20
WP042025,JTWC,2025-07-02T06:00:00Z,36,2025-07-03T18:00:00Z,29.10,145.00
WP042025,JTWC,2025-07-02T12:00:00Z,12,2025-07-03T00:00:00Z,27.20,145.40
WP042025,JTWC,2025-07-02T12:00:00Z,24,2025-07-03T12:00:00Z,28.30,145.00
WP042025,JTWC,2025-07-02T12:00:00Z,36,2025-07-04T00:00:00Z,29.40,145.10
WP042025,JTWC,2025-07-02T18:00:00Z,12,2025-07-03T06:00:00Z,27.90,145.10
WP042025,JTWC,2025-07-02T18:00:00Z,24,2025-07-03T18:00:00Z,29.10,144.90
WP042025,JTWC,2025-07-02T18:00:00Z,36,2025-07-04T06:00:00Z,29.90,145.30
WP042025,JTWC,2025-07-03T00:00:00Z,12,2025-07-03T12:00:00Z,28.10,145.10
WP042025,JTWC,2025-07-03T00:00:00Z,24,2025-07-04T00:00:00Z,29.20,145.00
WP042025,JTWC,2025-07-03T00:00:00Z,36,2025-07-04T12:00:00Z,30.00,145.60
WP042025,JTWC,2025-07-03T06:00:00Z,12,2025-07-03T18:00:00Z,28.70,145.10
WP042025,JTWC,2025-07-03T06:00:00Z,24,2025-07-04T06:00:00Z,29.70,145.30
WP042025,JTWC,2025-07-03T06:00:00Z,36,2025-07-04T18:00:00Z,30.50,146.40
WP042025,JTWC,2025-07-03T12:00:00Z,12,2025-07-04T00:00:00Z,29.30,145.60
WP042025,JTWC,2025-07-03T12:00:00Z,24,2025-07-04T12:00:00Z,30.20,146.10
WP042025,JTWC,2025-07-03T12:00:00Z,36,2025-07-05T00:00:00Z,31.00,147.10
WP042025,JTWC,2025-07-03T18:00:00Z,12,2025-07-04T06:00:00Z,30.10,145.20
WP042025,JTWC,2025-07-03T18:00:00Z,24,2025-07-04T18:00:00Z,30.90,146.20
WP042025,JTWC,2025-07-03T18:00:00Z,36,2025-07-05T06:00:00Z,31.50,147.40
WP042025,JTWC,2025-07-04T00:00:00Z,12,2025-07-04T12:00:00Z,30.60,145.10
WP042025,JTWC,2025-07-04T00:00:00Z,24,2025-07-05T00:00:00Z,31.30,146.60
WP042025,JTWC,2025-07-04T00:00:00Z,36,2025-07-05T12:00:00Z,31.90,147.80
WP042025,JTWC,2025-07-04T06:00:00Z,12,2025-07-04T18:00:00Z,30.90,145.80
WP042025,JTWC,2025-07-04T06:00:00Z,24,2025-07-05T06:00:00Z,31.60,147.20
WP042025,JTWC,2025-07-04T06:00:00Z,36,2025-07-05T18:00:00Z,32.40,148.40
WP042025,JTWC,2025-07-04T12:00:00Z,12,2025-07-05T00:00:00Z,31.00,146.40
WP042025,JTWC,2025-07-04T12:00:00Z,24,2025-07-05T12:00:00Z,31.60,147.80
WP042025,JTWC,2025-07-04T12:00:00Z,36,2025-07-06T00:00:00Z,32.40,149.10
WP042025,JTWC,2025-07-04T18:00:00Z,12,2025-07-05T06:00:00Z,31.20,147.30
WP042025,JTWC,2025-07-04T18:00:00Z,24,2025-07-05T18:00:00Z,31.80,148.70
WP042025,JTWC,2025-07-04T18:00:00Z,36,2025-07-06T06:00:00Z,32.70,149.50
WP042025,JTWC,2025-07-05T00:00:00Z,12,2025-07-05T12:00:00Z,31.50,147.70
WP042025,JTWC,2025-07-05T00:00:00Z,24,2025-07-06T00:00:00Z,32.10,148.80
WP042025,JTWC,2025-07-05T00:00:00Z,36,2025-07-06T12:00:00Z,33.20,149.20
WP042025,JTWC,2025-07-05T06:00:00Z,12,2025-07-05T18:00:00Z,31.60,148.50
WP042025,JTWC,2025-07-05T06:00:00Z,24,2025-07-06T06:00:00Z,32.40,149.30
WP042025,JTWC,2025-07-05T06:00:00Z,36,2025-07-06T18:00:00Z,33.80,149.10
WP042025,JTWC,2025-07-05T12:00:00Z,12,2025-07-06T00:00:00Z,32.00,149.30
WP042025,JTWC,2025-07-05T12:00:00Z,24,2025-07-06T12:00:00Z,33.10,149.60
WP042025,JTWC,2025-07-05T12:00:00Z,36,2025-07-07T00:00:00Z,34.50,148.90
WP042025,JTWC,2025-07-05T18:00:00Z,12,2025-07-06T06:00:00Z,32.70,149.60
WP042025,JTWC,2025-07-05T18:00:00Z,24,2025-07-06T18:00:00Z,34.10,149.50
WP042025,JTWC,2025-07-05T18:00:00Z,36,2025-07-07T06:00:00Z,35.80,148.60
WP042025,JTWC,2025-07-06T00:00:00Z,12,2025-07-06T12:00:00Z,33.40,149.50
WP042025,JTWC,2025-07-06T00:00:00Z,24,2025-07-07T00:00:00Z,35.00,148.80
WP042025,JTWC,2025-07-06T00:00:00Z,36,2025-07-07T12:00:00Z,37.00,148.00
WP042025,JTWC,2025-07-06T06:00:00Z,12,2025-07-06T18:00:00Z,34.30,149.30
WP042025,JTWC,2025-07-06T06:00:00Z,24,2025-07-07T06:00:00Z,36.10,148.40
WP042025,JTWC,2025-07-06T06:00:00Z,36,2025-07-07T18:00:00Z,38.30,148.40
WP042025,JTWC,2025-07-06T12:00:00Z,12,2025-07-07T00:00:00Z,35.10,149.00
WP042025,JTWC,2025-07-06T12:00:00Z,24,2025-07-07T12:00:00Z,37.10,148.40
WP042025,JTWC,2025-07-06T12:00:00Z,36,2025-07-08T00:00:00Z,39.30,149.00
WP042025,JTWC,2025-07-06T18:00:00Z,12,2025-07-07T06:00:00Z,35.80,148.50
WP042025,JTWC,2025-07-06T18:00:00Z,24,2025-07-07T18:00:00Z,38.00,148.40
WP042025,JTWC,2025-07-06T18:00:00Z,36,2025-07-08T06:00:00Z,40.40,150.30
WP042025,JTWC,2025-07-07T00:00:00Z,12,2025-07-07T12:00:00Z,36.90,148.20
WP042025,JTWC,2025-07-07T00:00:00Z,24,2025-07-08T00:00:00Z,39.20,148.90
WP042025,JTWC,2025-07-07T00:00:00Z,36,2025-07-08T12:00:00Z,41.50,150.90
WP042025,JTWC,2025-07-07T06:00:00Z,12,2025-07-07T18:00:00Z,37.90,148.20
WP042025,JTWC,2025-07-07T06:00:00Z,24,2025-07-08T06:00:00Z,40.10,149.70
WP042025,JTWC,2025-07-07T06:00:00Z,36,2025-07-08T18:00:00Z,42.20,152.30
WP042025,JTWC,2025-07-07T12:00:00Z,12,2025-07-08T00:00:00Z,39.10,148.90
WP042025,JTWC,2025-07-07T12:00:00Z,24,2025-07-08T12:00:00Z,41.00,152.10
WP042025,JTWC,2025-07-07T12:00:00Z,36,2025-07-09T00:00:00Z,43.20,156.20
WP042025,JTWC,2025-07-07T18:00:00Z,12,2025-07-08T06:00:00Z,40.60,150.80
WP042025,JTWC,2025-07-07T18:00:00Z,24,2025-07-08T18:00:00Z,43.50,156.50
WP042025,JTWC,2025-07-07T18:00:00Z,36,2025-07-09T06:00:00Z,45.60,162.20
WP042025,JTWC,2025-07-08T00:00:00Z,12,2025-07-08T12:00:00Z,41.80,152.30
WP042025,JTWC,2025-07-08T00:00:00Z,24,2025-07-09T00:00:00Z,43.30,155.70
WP052025,JTWC,2025-07-04T00:00:00Z,12,2025-07-04T12:00:00Z,19.90,118.10
WP052025,JTWC,2025-07-04T00:00:00Z,24,2025-07-05T00:00:00Z,20.20,117.60
WP052025,JTWC,2025-07-04T00:00:00Z,36,2025-07-05T12:00:00Z,20.80,117.50
WP052025,JTWC,2025-07-04T06:00:00Z,12,2025-07-04T18:00:00Z,19.90,117.70
WP052025,JTWC,2025-07-04T06:00:00Z,24,2025-07-05T06:00:00Z,20.30,117.40
WP052025,JTWC,2025-07-04T06:00:00Z,36,2025-07-05T18:00:00Z,21.00,117.70
WP052025,JTWC,2025-07-04T12:00:00Z,12,2025-07-05T00:00:00Z,20.70,117.60
WP052025,JTWC,2025-07-04T12:00:00Z,24,2025-07-05T12:00:00Z,21.20,117.70
WP052025,JTWC,2025-07-04T12:00:00Z,36,2025-07-06T00:00:00Z,22.20,118.20
WP052025,JTWC,2025-07-04T18:00:00Z,12,2025-07-05T06:00:00Z,20.40,117.20
WP052025,JTWC,2025-07-04T18:00:00Z,24,2025-07-05T18:00:00Z,21.00,117.40
WP052025,JTWC,2025-07-04T18:00:00Z,36,2025-07-06T06:00:00Z,22.00,118.10
WP052025,JTWC,2025-07-05T00:00:00Z,12,2025-07-05T12:00:00Z,20.70,117.50
WP052025,JTWC,2025-07-05T00:00:00Z,24,2025-07-06T00:00:00Z,21.80,118.20
WP052025,JTWC,2025-07-05T00:00:00Z,36,2025-07-06T12:00:00Z,23.30,119.10
WP052025,JTWC,2025-07-05T06:00:00Z,12,2025-07-05T18:00:00Z,21.30,118.20
WP052025,JTWC,2025-07-05T06:00:00Z,24,2025-07-06T06:00:00Z,22.40,118.80
WP052025,JTWC,2025-07-05T06:00:00Z,36,2025-07-06T18:00:00Z,23.90,119.70
WP052025,JTWC,2025-07-05T12:00:00Z,12,2025-07-06T00:00:00Z,21.80,118.50
WP052025,JTWC,2025-07-05T12:00:00Z,24,2025-07-06T12:00:00Z,23.20,119.40
WP052025,JTWC,2025-07-05T12:00:00Z,36,2025-07-07T00:00:00Z,24.80,120.40
WP052025,JTWC,2025-07-05T18:00:00Z,12,2025-07-06T06:00:00Z,22.30,118.80
WP052025,JTWC,2025-07-05T18:00:00Z,24,2025-07-06T18:00:00Z,24.20,120.20
WP052025,JTWC,2025-07-05T18:00:00Z,36,2025-07-07T06:00:00Z,26.20,121.50
WP052025,JTWC,2025-07-06T00:00:00Z,12,2025-07-06T12:00:00Z,23.10,119.40
WP052025,JTWC,2025-07-06T00:00:00Z,24,2025-07-07T00:00:00Z,25.30,120.90
WP052025,JTWC,2025-07-06T00:00:00Z,36,2025-07-07T12:00:00Z,26.90,121.90
WP052025,JTWC,2025-07-06T06:00:00Z,12,2025-07-06T18:00:00Z,23.80,120.50
WP052025,JTWC,2025-07-06T06:00:00Z,24,2025-07-07T06:00:00Z,25.90,121.80
WP052025,JTWC,2025-07-06T06:00:00Z,36,2025-07-07T18:00:00Z,27.20,122.40
WP052025,JTWC,2025-07-06T12:00:00Z,12,2025-07-07T00:00:00Z,25.00,121.30
WP052025,JTWC,2025-07-06T12:00:00Z,24,2025-07-07T12:00:00Z,26.70,122.40
WP052025,JTWC,2025-07-06T12:00:00Z,36,2025-07-08T00:00:00Z,27.70,122.60
WP052025,JTWC,2025-07-06T18:00:00Z,12,2025-07-07T06:00:00Z,26.00,121.90
WP052025,JTWC,2025-07-06T18:00:00Z,24,2025-07-07T18:00:00Z,27.50,122.40
WP052025,JTWC,2025-07-06T18:00:00Z,36,2025-07-08T06:00:00Z,28.10,121.60
WP052025,JTWC,2025-07-07T00:00:00Z,12,2025-07-07T12:00:00Z,27.30,122.30
WP052025,JTWC,2025-07-07T00:00:00Z,24,2025-07-08T00:00:00Z,28.10,122.20
WP052025,JTWC,2025-07-07T00:00:00Z,36,2025-07-08T12:00:00Z,28.30,120.80
WP052025,JTWC,2025-07-07T06:00:00Z,12,2025-07-07T18:00:00Z,28.10,122.20
WP052025,JTWC,2025-07-07T06:00:00Z,24,2025-07-08T06:00:00Z,28.50,121.80
WP052025,JTWC,2025-07-07T06:00:00Z,36,2025-07-08T18:00:00Z,28.30,120.40
WP052025,JTWC,2025-07-07T12:00:00Z,12,2025-07-08T00:00:00Z,27.80,121.90
WP052025,JTWC,2025-07-07T12:00:00Z,24,2025-07-08T12:00:00Z,28.00,120.90
WP052025,JTWC,2025-07-07T12:00:00Z,36,2025-07-09T00:00:00Z,27.50,119.20
WP052025,JTWC,2025-07-07T18:00:00Z,12,2025-07-08T06:00:00Z,28.30,121.60
WP052025,JTWC,2025-07-07T18:00:00Z,24,2025-07-08T18:00:00Z,28.00,120.20
WP052025,JTWC,2025-07-07T18:00:00Z,36,2025-07-09T06:00:00Z,27.50,118.30
WP052025,JTWC,2025-07-08T00:00:00Z,12,2025-07-08T12:00:00Z,28.20,121.20
WP052025,JTWC,2025-07-08T00:00:00Z,24,2025-07-09T00:00:00Z,27.80,119.30
WP052025,JTWC,2025-07-08T00:00:00Z,36,2025-07-09T12:00:00Z,27.30,117.40
WP052025,JTWC,2025-07-08T06:00:00Z,12,2025-07-08T18:00:00Z,27.70,120.50
WP052025,JTWC,2025-07-08T06:00:00Z,24,2025-07-09T06:00:00Z,27.20,118.50
WP052025,JTWC,2025-07-08T12:00:00Z,12,2025-07-09T00:00:00Z,27.50,119.40
WP052025,JTWC,2025-07-08T12:00:00Z,24,2025-07-09T12:00:00Z,26.90,117.70
WP052025,JTWC,2025-07-08T18:00:00Z,12,2025-07-09T06:00:00Z,26.90,118.90
WP052025,JTWC,2025-07-08T18:00:00Z,24,2025-07-09T18:00:00Z,25.70,117.20
WP062025,JTWC,2025-07-11T00:00:00Z,12,2025-07-11T12:00:00Z,26.00,140.50
WP062025,JTWC,2025-07-11T00:00:00Z,24,2025-07-12T00:00:00Z,26.80,140.80
WP062025,JTWC,2025-07-11T00:00:00Z,36,2025-07-12T12:00:00Z,27.60,141.50
WP062025,JTWC,2025-07-11T06:00:00Z,12,2025-07-11T18:00:00Z,25.80,140.00
WP062025,JTWC,2025-07-11T06:00:00Z,24,2025-07-12T06:00:00Z,26.30,140.40
WP062025,JTWC,2025-07-11T06:00:00Z,36,2025-07-12T18:00:00Z,27.20,141.40
WP062025,JTWC,2025-07-11T12:00:00Z,12,2025-07-12T00:00:00Z,25.50,140.40
WP062025,JTWC,2025-07-11T12:00:00Z,24,2025-07-12T12:00:00Z,25.90,141.00
WP062025,JTWC,2025-07-11T12:00:00Z,36,2025-07-13T00:00:00Z,27.40,142.00
WP062025,JTWC,2025-07-11T18:00:00Z,12,2025-07-12T06:00:00Z,25.60,140.50
WP062025,JTWC,2025-07-11T18:00:00Z,24,2025-07-12T18:00:00Z,26.20,141.10
WP062025,JTWC,2025-07-11T18:00:00Z,36,2025-07-13T06:00:00Z,28.30,141.90
WP062025,JTWC,2025-07-12T00:00:00Z,12,2025-07-12T12:00:00Z,25.60,141.20
WP062025,JTWC,2025-07-12T00:00:00Z,24,2025-07-13T00:00:00Z,27.00,141.90
WP062025,JTWC,2025-07-12T00:00:00Z,36,2025-07-13T12:00:00Z,29.90,142.00
WP062025,JTWC,2025-07-12T06:00:00Z,12,2025-07-12T18:00:00Z,25.60,142.10
WP062025,JTWC,2025-07-12T06:00:00Z,24,2025-07-13T06:00:00Z,27.50,142.30
WP062025,JTWC,2025-07-12T06:00:00Z,36,2025-07-13T18:00:00Z,31.20,141.80
WP062025,JTWC,2025-07-12T12:00:00Z,12,2025-07-13T00:00:00Z,26.50,142.30
WP062025,JTWC,2025-07-12T12:00:00Z,24,2025-07-13T12:00:00Z,29.60,142.40
WP062025,JTWC,2025-07-12T12:00:00Z,36,2025-07-14T00:00:00Z,33.20,141.70
WP062025,JTWC,2025-07-12T18:00:00Z,12,2025-07-13T06:00:00Z,27.60,142.80
WP062025,JTWC,2025-07-12T18:00:00Z,24,2025-07-13T18:00:00Z,31.40,142.30
WP062025,JTWC,2025-07-12T18:00:00Z,36,2025-07-14T06:00:00Z,35.20,141.80
WP062025,JTWC,2025-07-13T00:00:00Z,12,2025-07-13T12:00:00Z,29.60,142.60
WP062025,JTWC,2025-07-13T00:00:00Z,24,2025-07-14T00:00:00Z,33.80,142.00
WP062025,JTWC,2025-07-13T00:00:00Z,36,2025-07-14T12:00:00Z,38.10,142.00
WP062025,JTWC,2025-07-13T06:00:00Z,12,2025-07-13T18:00:00Z,31.30,142.40
WP062025,JTWC,2025-07-13T06:00:00Z,24,2025-07-14T06:00:00Z,35.60,141.90
WP062025,JTWC,2025-07-13T06:00:00Z,36,2025-07-14T18:00:00Z,40.30,142.70
WP062025,JTWC,2025-07-13T12:00:00Z,12,2025-07-14T00:00:00Z,34.40,142.60
WP062025,JTWC,2025-07-13T12:00:00Z,24,2025-07-14T12:00:00Z,39.10,142.90
WP062025,JTWC,2025-07-13T12:00:00Z,36,2025-07-15T00:00:00Z,44.20,145.50
WP062025,JTWC,2025-07-13T18:00:00Z,12,2025-07-14T06:00:00Z,36.40,142.90
WP062025,JTWC,2025-07-13T18:00:00Z,24,2025-07-14T18:00:00Z,41.60,144.10
WP062025,JTWC,2025-07-13T18:00:00Z,36,2025-07-15T06:00:00Z,45.90,147.70
WP062025,JTWC,2025-07-14T00:00:00Z,12,2025-07-14T12:00:00Z,38.90,142.80
WP062025,JTWC,2025-07-14T00:00:00Z,24,2025-07-15T00:00:00Z,44.10,145.50
WP062025,JTWC,2025-07-14T06:00:00Z,12,2025-07-14T18:00:00Z,42.00,144.10
WP062025,JTWC,2025-07-14T06:00:00Z,24,2025-07-15T06:00:00Z,46.30,148.50
WP062025,JTWC,2025-07-14T12:00:00Z,12,2025-07-15T00:00:00Z,44.90,145.40
WP062025,JTWC,2025-07-14T12:00:00Z,24,2025-07-15T12:00:00Z,47.90,152.10
WP062025,JTWC,2025-07-14T18:00:00Z,12,2025-07-15T06:00:00Z,46.70,147.80
WP062025,JTWC,2025-07-14T18:00:00Z,24,2025-07-15T18:00:00Z,48.70,156.10
WP072025,JTWC,2025-07-12T18:00:00Z,12,2025-07-13T06:00:00Z,31.40,125.60
WP072025,JTWC,2025-07-12T18:00:00Z,24,2025-07-13T18:00:00Z,33.20,128.00
WP072025,JTWC,2025-07-12T18:00:00Z,36,2025-07-14T06:00:00Z,35.80,129.40
WP072025,JTWC,2025-07-13T00:00:00Z,12,2025-07-13T12:00:00Z,32.20,127.20
WP072025,JTWC,2025-07-13T00:00:00Z,24,2025-07-14T00:00:00Z,34.80,129.30
WP072025,JTWC,2025-07-13T00:00:00Z,36,2025-07-14T12:00:00Z,37.20,129.80
WP072025,JTWC,2025-07-13T06:00:00Z,12,2025-07-13T18:00:00Z,32.50,128.80
WP072025,JTWC,2025-07-13T06:00:00Z,24,2025-07-14T06:00:00Z,35.10,130.30
WP072025,JTWC,2025-07-13T06:00:00Z,36,2025-07-14T18:00:00Z,37.00,130.30
WP072025,JTWC,2025-07-13T12:00:00Z,12,2025-07-14T00:00:00Z,32.40,130.50
WP072025,JTWC,2025-07-13T12:00:00Z,24,2025-07-14T12:00:00Z,34.70,131.70
WP072025,JTWC,2025-07-13T18:00:00Z,12,2025-07-14T06:00:00Z,33.30,131.60
WP072025,JTWC,2025-07-13T18:00:00Z,24,2025-07-14T18:00:00Z,34.70,133.10
WP072025,JTWC,2025-07-14T00:00:00Z,12,2025-07-14T12:00:00Z,34.20,132.60
WP072025,JTWC,2025-07-14T00:00:00Z,24,2025-07-15T00:00:00Z,36.00,134.10
WP082025,JTWC,2025-07-15T00:00:00Z,12,2025-07-15T12:00:00Z,35.30,140.50
WP082025,JTWC,2025-07-15T00:00:00Z,24,2025-07-16T00:00:00Z,41.40,141.80
WP082025,JTWC,2025-07-15T00:00:00Z,36,2025-07-16T12:00:00Z,46.40,144.00
WP082025,JTWC,2025-07-15T06:00:00Z,12,2025-07-15T18:00:00Z,38.60,141.50
WP082025,JTWC,2025-07-15T06:00:00Z,24,2025-07-16T06:00:00Z,44.30,143.20
WP082025,JTWC,2025-07-15T06:00:00Z,36,2025-07-16T18:00:00Z,49.80,145.00
WP082025,JTWC,2025-07-15T12:00:00Z,12,2025-07-16T00:00:00Z,42.50,142.10
WP082025,JTWC,2025-07-15T12:00:00Z,24,2025-07-16T12:00:00Z,47.30,145.00
WP082025,JTWC,2025-07-15T12:00:00Z,36,2025-07-17T00:00:00Z,51.00,150.40
WP082025,JTWC,2025-07-15T18:00:00Z,12,2025-07-16T06:00:00Z,44.80,144.40
WP082025,JTWC,2025-07-15T18:00:00Z,24,2025-07-16T18:00:00Z,48.10,151.40
WP092025,JTWC,2025-07-18T12:00:00Z,12,2025-07-19T00:00:00Z,20.30,120.30
WP092025,JTWC,2025-07-18T12:00:00Z,24,2025-07-19T12:00:00Z,21.30,118.00
WP092025,JTWC,2025-07-18T12:00:00Z,36,2025-07-20T00:00:00Z,21.90,115.40
WP092025,JTWC,2025-07-18T18:00:00Z,12,2025-07-19T06:00:00Z,20.70,118.60
WP092025,JTWC,2025-07-18T18:00:00Z,24,2025-07-19T18:00:00Z,21.50,116.20
WP092025,JTWC,2025-07-18T18:00:00Z,36,2025-07-20T06:00:00Z,21.80,113.50
WP092025,JTWC,2025-07-19T00:00:00Z,12,2025-07-19T12:00:00Z,21.00,117.40
WP092025,JTWC,2025-07-19T00:00:00Z,24,2025-07-20T00:00:00Z,21.50,114.80
WP092025,JTWC,2025-07-19T00:00:00Z,36,2025-07-20T12:00:00Z,21.40,112.40
WP092025,JTWC,2025-07-19T06:00:00Z,12,2025-07-19T18:00:00Z,21.30,116.30
WP092025,JTWC,2025-07-19T06:00:00Z,24,2025-07-20T06:00:00Z,21.50,113.60
WP092025,JTWC,2025-07-19T06:00:00Z,36,2025-07-20T18:00:00Z,21.30,111.50
WP092025,JTWC,2025-07-19T12:00:00Z,12,2025-07-20T00:00:00Z,21.50,115.10
WP092025,JTWC,2025-07-19T12:00:00Z,24,2025-07-20T12:00:00Z,21.40,112.50
WP092025,JTWC,2025-07-19T12:00:00Z,36,2025-07-21T00:00:00Z,21.10,110.40
WP092025,JTWC,2025-07-19T18:00:00Z,12,2025-07-20T06:00:00Z,21.80,113.00
WP092025,JTWC,2025-07-19T18:00:00Z,24,2025-07-20T18:00:00Z,21.40,110.60
WP092025,JTWC,2025-07-19T18:00:00Z,36,2025-07-21T06:00:00Z,20.80,108.90
WP092025,JTWC,2025-07-20T00:00:00Z,12,2025-07-20T12:00:00Z,21.60,111.90
WP092025,JTWC,2025-07-20T00:00:00Z,24,2025-07-21T00:00:00Z,21.10,109.70
WP092025,JTWC,2025-07-20T00:00:00Z,36,2025-07-21T12:00:00Z,20.60,108.10
WP092025,JTWC,2025-07-20T06:00:00Z,12,2025-07-20T18:00:00Z,21.70,110.80
WP092025,JTWC,2025-07-20T06:00:00Z,24,2025-07-21T06:00:00Z,21.20,109.00
WP092025,JTWC,2025-07-20T06:00:00Z,36,2025-07-21T18:00:00Z,20.80,107.60
WP092025,JTWC,2025-07-20T12:00:00Z,12,2025-07-21T00:00:00Z,21.30,109.70
WP092025,JTWC,2025-07-20T12:00:00Z,24,2025-07-21T12:00:00Z,20.90,108.30
WP092025,JTWC,2025-07-20T12:00:00Z,36,2025-07-22T00:00:00Z,20.60,107.10
WP092025,JTWC,2025-07-20T18:00:00Z,12,2025-07-21T06:00:00Z,21.10,109.10
WP092025,JTWC,2025-07-20T18:00:00Z,24,2025-07-21T18:00:00Z,20.80,108.00
WP092025,JTWC,2025-07-20T18:00:00Z,36,2025-07-22T06:00:00Z,20.50,106.80
WP092025,JTWC,2025-07-21T00:00:00Z,12,2025-07-21T12:00:00Z,21.10,108.00
WP092025,JTWC,2025-07-21T00:00:00Z,24,2025-07-22T00:00:00Z,20.80,106.90
WP092025,JTWC,2025-07-21T00:00:00Z,36,2025-07-22T12:00:00Z,20.60,105.20
WP092025,JTWC,2025-07-21T06:00:00Z,12,2025-07-21T18:00:00Z,21.00,107.70
WP092025,JTWC,2025-07-21T06:00:00Z,24,2025-07-22T06:00:00Z,20.80,106.50
WP092025,JTWC,2025-07-21T06:00:00Z,36,2025-07-22T18:00:00Z,20.70,105.10
WP092025,JTWC,2025-07-21T12:00:00Z,12,2025-07-22T00:00:00Z,20.90,107.10
WP092025,JTWC,2025-07-21T12:00:00Z,24,2025-07-22T12:00:00Z,20.70,105.80
WP092025,JTWC,2025-07-21T12:00:00Z,36,2025-07-23T00:00:00Z,20.60,104.00
WP092025,JTWC,2025-07-21T18:00:00Z,12,2025-07-22T06:00:00Z,20.60,106.20
WP092025,JTWC,2025-07-21T18:00:00Z,24,2025-07-22T18:00:00Z,20.50,104.80
WP092025,JTWC,2025-07-21T18:00:00Z,36,2025-07-23T06:00:00Z,20.50,103.20
WP092025,JTWC,2025-07-22T00:00:00Z,12,2025-07-22T12:00:00Z,20.30,105.40
WP092025,JTWC,2025-07-22T00:00:00Z,24,2025-07-23T00:00:00Z,20.30,103.90
WP092025,JTWC,2025-07-22T00:00:00Z,36,2025-07-23T12:00:00Z,20.20,102.40
WP092025,JTWC,2025-07-22T06:00:00Z,12,2025-07-22T18:00:00Z,20.30,104.90
WP092025,JTWC,2025-07-22T06:00:00Z,24,2025-07-23T06:00:00Z,20.60,103.30
WP102025,JTWC,2025-07-22T06:00:00Z,12,2025-07-22T18:00:00Z,19.90,131.70
WP102025,JTWC,2025-07-22T06:00:00Z,24,2025-07-23T06:00:00Z,21.60,130.50
WP102025,JTWC,2025-07-22T06:00:00Z,36,2025-07-23T18:00:00Z,23.40,129.30
WP102025,JTWC,2025-07-22T12:00:00Z,12,2025-07-23T00:00:00Z,21.60,130.60
WP102025,JTWC,2025-07-22T12:00:00Z,24,2025-07-23T12:00:00Z,23.20,129.30
WP102025,JTWC,2025-07-22T12:00:00Z,36,2025-07-24T00:00:00Z,24.80,128.00
WP102025,JTWC,2025-07-22T18:00:00Z,12,2025-07-23T06:00:00Z,21.50,130.00
WP102025,JTWC,2025-07-22T18:00:00Z,24,2025-07-23T18:00:00Z,23.00,129.10
WP102025,JTWC,2025-07-22T18:00:00Z,36,2025-07-24T06:00:00Z,24.40,127.80
WP102025,JTWC,2025-07-23T00:00:00Z,12,2025-07-23T12:00:00Z,22.30,129.00
WP102025,JTWC,2025-07-23T00:00:00Z,24,2025-07-24T00:00:00Z,23.80,127.90
WP102025,JTWC,2025-07-23T00:00:00Z,36,2025-07-24T12:00:00Z,25.20,126.60
WP102025,JTWC,2025-07-23T06:00:00Z,12,2025-07-23T18:00:00Z,23.50,128.80
WP102025,JTWC,2025-07-23T06:00:00Z,24,2025-07-24T06:00:00Z,25.30,127.50
WP102025,JTWC,2025-07-23T06:00:00Z,36,2025-07-24T18:00:00Z,26.30,125.70
WP102025,JTWC,2025-07-23T12:00:00Z,12,2025-07-24T00:00:00Z,24.10,128.40
WP102025,JTWC,2025-07-23T12:00:00Z,24,2025-07-24T12:00:00Z,25.60,126.50
WP102025,JTWC,2025-07-23T12:00:00Z,36,2025-07-25T00:00:00Z,26.30,124.50
WP102025,JTWC,2025-07-23T18:00:00Z,12,2025-07-24T06:00:00Z,25.00,126.80
WP102025,JTWC,2025-07-23T18:00:00Z,24,2025-07-24T18:00:00Z,26.10,125.00
WP102025,JTWC,2025-07-23T18:00:00Z,36,2025-07-25T06:00:00Z,26.60,122.80
WP102025,JTWC,2025-07-24T00:00:00Z,12,2025-07-24T12:00:00Z,25.80,126.50
WP102025,JTWC,2025-07-24T00:00:00Z,24,2025-07-25T00:00:00Z,26.40,124.40
WP102025,JTWC,2025-07-24T00:00:00Z,36,2025-07-25T12:00:00Z,26.70,122.70
WP102025,JTWC,2025-07-24T06:00:00Z,12,2025-07-24T18:00:00Z,26.20,125.80
WP102025,JTWC,2025-07-24T06:00:00Z,24,2025-07-25T06:00:00Z,26.70,124.00
WP102025,JTWC,2025-07-24T06:00:00Z,36,2025-07-25T18:00:00Z,27.10,122.40
WP102025,JTWC,2025-07-24T12:00:00Z,12,2025-07-25T00:00:00Z,26.90,125.10
WP102025,JTWC,2025-07-24T12:00:00Z,24,2025-07-25T12:00:00Z,27.30,123.40
WP102025,JTWC,2025-07-24T12:00:00Z,36,2025-07-26T00:00:00Z,27.60,122.60
WP102025,JTWC,2025-07-24T18:00:00Z,12,2025-07-25T06:00:00Z,27.20,122.50
WP102025,JTWC,2025-07-24T18:00:00Z,24,2025-07-25T18:00:00Z,26.80,121.50
WP102025,JTWC,2025-07-24T18:00:00Z,36,2025-07-26T06:00:00Z,26.30,121.10
WP102025,JTWC,2025-07-25T00:00:00Z,12,2025-07-25T12:00:00Z,26.60,122.00
WP102025,JTWC,2025-07-25T00:00:00Z,24,2025-07-26T00:00:00Z,26.30,121.30
WP102025,JTWC,2025-07-25T00:00:00Z,36,2025-07-26T12:00:00Z,25.90,121.90
WP102025,JTWC,2025-07-25T06:00:00Z,12,2025-07-25T18:00:00Z,26.40,121.40
WP102025,JTWC,2025-07-25T06:00:00Z,24,2025-07-26T06:00:00Z,26.30,120.70
WP102025,JTWC,2025-07-25T12:00:00Z,12,2025-07-26T00:00:00Z,26.10,120.70
WP102025,JTWC,2025-07-25T12:00:00Z,24,2025-07-26T12:00:00Z,26.10,120.20
WP112025,JTWC,2025-07-23T00:00:00Z,12,2025-07-23T12:00:00Z,17.80,119.10
WP112025,JTWC,2025-07-23T00:00:00Z,24,2025-07-24T00:00:00Z,17.00,118.70
WP112025,JTWC,2025-07-23T00:00:00Z,36,2025-07-24T12:00:00Z,17.10,120.10
WP112025,JTWC,2025-07-23T06:00:00Z,12,2025-07-23T18:00:00Z,16.80,118.80
WP112025,JTWC,2025-07-23T06:00:00Z,24,2025-07-24T06:00:00Z,16.30,119.10
WP112025,JTWC,2025-07-23T06:00:00Z,36,2025-07-24T18:00:00Z,16.80,120.00
WP112025,JTWC,2025-07-23T12:00:00Z,12,2025-07-24T00:00:00Z,17.00,118.60
WP112025,JTWC,2025-07-23T12:00:00Z,24,2025-07-24T12:00:00Z,17.00,119.40
WP112025,JTWC,2025-07-23T12:00:00Z,36,2025-07-25T00:00:00Z,18.20,120.70
WP112025,JTWC,2025-07-23T18:00:00Z,12,2025-07-24T06:00:00Z,16.30,118.60
WP112025,JTWC,2025-07-23T18:00:00Z,24,2025-07-24T18:00:00Z,17.50,120.10
WP112025,JTWC,2025-07-23T18:00:00Z,36,2025-07-25T06:00:00Z,19.60,121.70
WP112025,JTWC,2025-07-24T00:00:00Z,12,2025-07-24T12:00:00Z,16.30,119.40
WP112025,JTWC,2025-07-24T00:00:00Z,24,2025-07-25T00:00:00Z,18.30,120.90
WP112025,JTWC,2025-07-24T00:00:00Z,36,2025-07-25T12:00:00Z,21.00,123.20
WP112025,JTWC,2025-07-24T06:00:00Z,12,2025-07-24T18:00:00Z,16.90,120.70
WP112025,JTWC,2025-07-24T06:00:00Z,24,2025-07-25T06:00:00Z,19.50,122.70
WP112025,JTWC,2025-07-24T06:00:00Z,36,2025-07-25T18:00:00Z,22.30,124.70
WP112025,JTWC,2025-07-24T12:00:00Z,12,2025-07-25T00:00:00Z,18.10,121.40
WP112025,JTWC,2025-07-24T12:00:00Z,24,2025-07-25T12:00:00Z,20.70,123.30
WP112025,JTWC,2025-07-24T12:00:00Z,36,2025-07-26T00:00:00Z,23.30,124.60
WP112025,JTWC,2025-07-24T18:00:00Z,12,2025-07-25T06:00:00Z,19.70,121.80
WP112025,JTWC,2025-07-24T18:00:00Z,24,2025-07-25T18:00:00Z,22.60,123.60
WP112025,JTWC,2025-07-24T18:00:00Z,36,2025-07-26T06:00:00Z,25.20,124.90
WP112025,JTWC,2025-07-25T00:00:00Z,12,2025-07-25T12:00:00Z,20.30,122.20
WP112025,JTWC,2025-07-25T00:00:00Z,24,2025-07-26T00:00:00Z,23.50,124.20
WP112025,JTWC,2025-07-25T00:00:00Z,36,2025-07-26T12:00:00Z,25.30,125.40
WP112025,JTWC,2025-07-25T06:00:00Z,12,2025-07-25T18:00:00Z,22.70,122.60
WP112025,JTWC,2025-07-25T06:00:00Z,24,2025-07-26T06:00:00Z,25.20,124.10
WP112025,JTWC,2025-07-25T06:00:00Z,36,2025-07-26T18:00:00Z,26.10,124.90
WP112025,JTWC,2025-07-25T12:00:00Z,12,2025-07-26T00:00:00Z,25.00,124.90
WP112025,JTWC,2025-07-25T12:00:00Z,24,2025-07-26T12:00:00Z,26.50,125.70
WP112025,JTWC,2025-07-25T12:00:00Z,36,2025-07-27T00:00:00Z,27.00,126.80
WP112025,JTWC,2025-07-25T18:00:00Z,12,2025-07-26T06:00:00Z,25.80,126.00
WP112025,JTWC,2025-07-25T18:00:00Z,24,2025-07-26T18:00:00Z,26.90,127.00
WP112025,JTWC,2025-07-26T00:00:00Z,12,2025-07-26T12:00:00Z,26.90,126.70
WP112025,JTWC,2025-07-26T00:00:00Z,24,2025-07-27T00:00:00Z,27.50,127.40
WP112025,JTWC,2025-07-26T06:00:00Z,12,2025-07-26T18:00:00Z,27.20,127.50
WP112025,JTWC,2025-07-26T06:00:00Z,24,2025-07-27T06:00:00Z,27.40,128.00
WP112025,JTWC,2025-07-26T12:00:00Z,12,2025-07-27T00:00:00Z,27.40,127.70
WP112025,JTWC,2025-07-26T12:00:00Z,24,2025-07-27T12:00:00Z,28.00,128.20
WP112025,JTWC,2025-07-26T18:00:00Z,12,2025-07-27T06:00:00Z,27.00,128.30
WP112025,JTWC,2025-07-26T18:00:00Z,24,2025-07-27T18:00:00Z,27.30,128.00
WP112025,JTWC,2025-07-26T18:00:00Z,36,2025-07-28T06:00:00Z,28.00,126.10
WP112025,JTWC,2025-07-27T00:00:00Z,12,2025-07-27T12:00:00Z,26.90,128.00
WP112025,JTWC,2025-07-27T00:00:00Z,24,2025-07-28T00:00:00Z,27.40,127.00
WP112025,JTWC,2025-07-27T00:00:00Z,36,2025-07-28T12:00:00Z,28.10,125.20
WP112025,JTWC,2025-07-27T06:00:00Z,12,2025-07-27T18:00:00Z,27.10,129.20
WP112025,JTWC,2025-07-27T06:00:00Z,24,2025-07-28T06:00:00Z,27.60,127.40
WP112025,JTWC,2025-07-27T06:00:00Z,36,2025-07-28T18:00:00Z,28.30,125.00
WP112025,JTWC,2025-07-27T12:00:00Z,12,2025-07-28T00:00:00Z,27.30,126.80
WP112025,JTWC,2025-07-27T12:00:00Z,24,2025-07-28T12:00:00Z,28.10,124.60
WP112025,JTWC,2025-07-27T12:00:00Z,36,2025-07-29T00:00:00Z,28.70,122.40
WP112025,JTWC,2025-07-27T18:00:00Z,12,2025-07-28T06:00:00Z,27.20,127.10
WP112025,JTWC,2025-07-27T18:00:00Z,24,2025-07-28T18:00:00Z,27.90,125.20
WP112025,JTWC,2025-07-27T18:00:00Z,36,2025-07-29T06:00:00Z,28.60,123.40
WP112025,JTWC,2025-07-28T00:00:00Z,12,2025-07-28T12:00:00Z,26.90,126.00
WP112025,JTWC,2025-07-28T00:00:00Z,24,2025-07-29T00:00:00Z,27.70,124.30
WP112025,JTWC,2025-07-28T00:00:00Z,36,2025-07-29T12:00:00Z,28.40,122.80
WP112025,JTWC,2025-07-28T06:00:00Z,12,2025-07-28T18:00:00Z,27.10,126.00
WP112025,JTWC,2025-07-28T06:00:00Z,24,2025-07-29T06:00:00Z,27.80,124.40
WP112025,JTWC,2025-07-28T06:00:00Z,36,2025-07-29T18:00:00Z,28.60,123.30
WP112025,JTWC,2025-07-28T12:00:00Z,12,2025-07-29T00:00:00Z,27.80,125.40
WP112025,JTWC,2025-07-28T12:00:00Z,24,2025-07-29T12:00:00Z,28.40,124.10
WP112025,JTWC,2025-07-28T12:00:00Z,36,2025-07-30T00:00:00Z,29.60,123.10
WP112025,JTWC,2025-07-28T18:00:00Z,12,2025-07-29T06:00:00Z,27.80,123.40
WP112025,JTWC,2025-07-28T18:00:00Z,24,2025-07-29T18:00:00Z,28.90,122.50
WP112025,JTWC,2025-07-28T18:00:00Z,36,2025-07-30T06:00:00Z,30.10,121.40
WP112025,JTWC,2025-07-29T00:00:00Z,12,2025-07-29T12:00:00Z,28.40,123.50
WP112025,JTWC,2025-07-29T00:00:00Z,24,2025-07-30T00:00:00Z,29.60,122.60
WP112025,JTWC,2025-07-29T00:00:00Z,36,2025-07-30T12:00:00Z,30.80,121.40
WP112025,JTWC,2025-07-29T06:00:00Z,12,2025-07-29T18:00:00Z,29.30,123.20
WP112025,JTWC,2025-07-29T06:00:00Z,24,2025-07-30T06:00:00Z,30.70,122.20
WP112025,JTWC,2025-07-29T06:00:00Z,36,2025-07-30T18:00:00Z,31.70,121.00
WP112025,JTWC,2025-07-29T12:00:00Z,12,2025-07-30T00:00:00Z,29.90,122.30
WP112025,JTWC,2025-07-29T12:00:00Z,24,2025-07-30T12:00:00Z,31.30,121.30
WP112025,JTWC,2025-07-29T12:00:00Z,36,2025-07-31T00:00:00Z,32.10,120.10
WP112025,JTWC,2025-07-29T18:00:00Z,12,2025-07-30T06:00:00Z,30.60,121.90
WP112025,JTWC,2025-07-29T18:00:00Z,24,2025-07-30T18:00:00Z,31.60,120.80
WP112025,JTWC,2025-07-29T18:00:00Z,36,2025-07-31T06:00:00Z,32.20,119.70
WP112025,JTWC,2025-07-30T00:00:00Z,12,2025-07-30T12:00:00Z,31.10,121.30
WP112025,JTWC,2025-07-30T00:00:00Z,24,2025-07-31T00:00:00Z,31.80,120.20
WP112025,JTWC,2025-07-30T00:00:00Z,36,2025-07-31T12:00:00Z,32.30,119.30
WP112025,JTWC,2025-07-30T06:00:00Z,12,2025-07-30T18:00:00Z,31.50,120.70
WP112025,JTWC,2025-07-30T06:00:00Z,24,2025-07-31T06:00:00Z,32.10,119.50
WP112025,JTWC,2025-07-30T06:00:00Z,36,2025-07-31T18:00:00Z,32.40,118.60
WP112025,JTWC,2025-07-30T12:00:00Z,12,2025-07-31T00:00:00Z,31.90,120.10
WP112025,JTWC,2025-07-30T12:00:00Z,24,2025-07-31T12:00:00Z,32.30,119.00
WP112025,JTWC,2025-07-30T12:00:00Z,36,2025-08-01T00:00:00Z,32.50,118.30
WP122025,JTWC,2025-07-23T18:00:00Z,12,2025-07-24T06:00:00Z,14.50,143.70
WP122025,JTWC,2025-07-23T18:00:00Z,24,2025-07-24T18:00:00Z,15.80,143.40
WP122025,JTWC,2025-07-23T18:00:00Z,36,2025-07-25T06:00:00Z,16.90,143.40
WP122025,JTWC,2025-07-24T00:00:00Z,12,2025-07-24T12:00:00Z,15.00,143.50
WP122025,JTWC,2025-07-24T00:00:00Z,24,2025-07-25T00:00:00Z,16.30,143.50
WP122025,JTWC,2025-07-24T00:00:00Z,36,2025-07-25T12:00:00Z,17.30,143.70
WP122025,JTWC,2025-07-24T06:00:00Z,12,2025-07-24T18:00:00Z,16.50,143.40
WP122025,JTWC,2025-07-24T06:00:00Z,24,2025-07-25T06:00:00Z,17.60,143.60
WP122025,JTWC,2025-07-24T06:00:00Z,36,2025-07-25T18:00:00Z,18.60,144.00
WP122025,JTWC,2025-07-24T12:00:00Z,12,2025-07-25T00:00:00Z,17.40,143.70
WP122025,JTWC,2025-07-24T12:00:00Z,24,2025-07-25T12:00:00Z,18.30,144.00
WP122025,JTWC,2025-07-24T12:00:00Z,36,2025-07-26T00:00:00Z,19.30,144.40
WP122025,JTWC,2025-07-24T18:00:00Z,12,2025-07-25T06:00:00Z,17.30,143.60
WP122025,JTWC,2025-07-24T18:00:00Z,24,2025-07-25T18:00:00Z,18.10,144.00
WP122025,JTWC,2025-07-24T18:00:00Z,36,2025-07-26T06:00:00Z,19.00,144.40
WP122025,JTWC,2025-07-25T00:00:00Z,12,2025-07-25T12:00:00Z,17.80,143.70
WP122025,JTWC,2025-07-25T00:00:00Z,24,2025-07-26T00:00:00Z,18.70,144.20
WP122025,JTWC,2025-07-25T00:00:00Z,36,2025-07-26T12:00:00Z,20.00,144.70
WP122025,JTWC,2025-07-25T06:00:00Z,12,2025-07-25T18:00:00Z,18.00,143.80
WP122025,JTWC,2025-07-25T06:00:00Z,24,2025-07-26T06:00:00Z,19.00,144.30
WP122025,JTWC,2025-07-25T06:00:00Z,36,2025-07-26T18:00:00Z,20.60,144.90
WP122025,JTWC,2025-07-25T12:00:00Z,12,2025-07-26T00:00:00Z,18.70,144.20
WP122025,JTWC,2025-07-25T12:00:00Z,24,2025-07-26T12:00:00Z,20.10,144.90
WP122025,JTWC,2025-07-25T12:00:00Z,36,2025-07-27T00:00:00Z,22.00,145.40
WP122025,JTWC,2025-07-25T18:00:00Z,12,2025-07-26T06:00:00Z,18.90,144.00
WP122025,JTWC,2025-07-25T18:00:00Z,24,2025-07-26T18:00:00Z,20.60,144.60
WP122025,JTWC,2025-07-25T18:00:00Z,36,2025-07-27T06:00:00Z,22.60,145.00
WP122025,JTWC,2025-07-26T00:00:00Z,12,2025-07-26T12:00:00Z,19.10,144.30
WP122025,JTWC,2025-07-26T00:00:00Z,24,2025-07-27T00:00:00Z,21.10,144.80
WP122025,JTWC,2025-07-26T00:00:00Z,36,2025-07-27T12:00:00Z,23.10,145.20
WP122025,JTWC,2025-07-26T06:00:00Z,12,2025-07-26T18:00:00Z,19.60,144.80
WP122025,JTWC,2025-07-26T06:00:00Z,24,2025-07-27T06:00:00Z,21.80,145.10
WP122025,JTWC,2025-07-26T06:00:00Z,36,2025-07-27T18:00:00Z,24.10,145.10
WP122025,JTWC,2025-07-26T12:00:00Z,12,2025-07-27T00:00:00Z,20.50,145.10
WP122025,JTWC,2025-07-26T12:00:00Z,24,2025-07-27T12:00:00Z,22.80,145.20
WP122025,JTWC,2025-07-26T12:00:00Z,36,2025-07-28T00:00:00Z,25.00,145.10
WP122025,JTWC,2025-07-26T18:00:00Z,12,2025-07-27T06:00:00Z,21.40,145.10
WP122025,JTWC,2025-07-26T18:00:00Z,24,2025-07-27T18:00:00Z,23.60,145.30
WP122025,JTWC,2025-07-26T18:00:00Z,36,2025-07-28T06:00:00Z,25.60,144.90
WP122025,JTWC,2025-07-27T00:00:00Z,12,2025-07-27T12:00:00Z,22.30,145.40
WP122025,JTWC,2025-07-27T00:00:00Z,24,2025-07-28T00:00:00Z,24.40,145.30
WP122025,JTWC,2025-07-27T00:00:00Z,36,2025-07-28T12:00:00Z,25.90,144.80
WP122025,JTWC,2025-07-27T06:00:00Z,12,2025-07-27T18:00:00Z,24.00,145.10
WP122025,JTWC,2025-07-27T06:00:00Z,24,2025-07-28T06:00:00Z,26.10,144.60
WP122025,JTWC,2025-07-27T06:00:00Z,36,2025-07-28T18:00:00Z,27.50,143.90
WP122025,JTWC,2025-07-27T12:00:00Z,12,2025-07-28T00:00:00Z,25.10,145.20
WP122025,JTWC,2025-07-27T12:00:00Z,24,2025-07-28T12:00:00Z,26.90,144.50
WP122025,JTWC,2025-07-27T12:00:00Z,36,2025-07-29T00:00:00Z,27.80,144.00
WP122025,JTWC,2025-07-27T18:00:00Z,12,2025-07-28T06:00:00Z,26.50,144.90
WP122025,JTWC,2025-07-27T18:00:00Z,24,2025-07-28T18:00:00Z,27.80,144.30
WP122025,JTWC,2025-07-27T18:00:00Z,36,2025-07-29T06:00:00Z,28.50,144.00
WP122025,JTWC,2025-07-28T00:00:00Z,12,2025-07-28T12:00:00Z,27.40,144.30
WP122025,JTWC,2025-07-28T00:00:00Z,24,2025-07-29T00:00:00Z,28.20,143.30
WP122025,JTWC,2025-07-28T00:00:00Z,36,2025-07-29T12:00:00Z,28.60,143.10
WP122025,JTWC,2025-07-28T06:00:00Z,12,2025-07-28T18:00:00Z,28.00,143.40
WP122025,JTWC,2025-07-28T06:00:00Z,24,2025-07-29T06:00:00Z,28.60,142.80
WP122025,JTWC,2025-07-28T06:00:00Z,36,2025-07-29T18:00:00Z,28.70,142.70
WP122025,JTWC,2025-07-28T12:00:00Z,12,2025-07-29T00:00:00Z,28.40,142.80
WP122025,JTWC,2025-07-28T12:00:00Z,24,2025-07-29T12:00:00Z,28.60,142.60
WP122025,JTWC,2025-07-28T12:00:00Z,36,2025-07-30T00:00:00Z,28.80,142.60
WP122025,JTWC,2025-07-28T18:00:00Z,12,2025-07-29T06:00:00Z,28.60,142.60
WP122025,JTWC,2025-07-28T18:00:00Z,24,2025-07-29T18:00:00Z,28.90,142.50
WP122025,JTWC,2025-07-28T18:00:00Z,36,2025-07-30T06:00:00Z,29.10,142.50
WP122025,JTWC,2025-07-29T00:00:00Z,12,2025-07-29T12:00:00Z,28.80,142.70
WP122025,JTWC,2025-07-29T00:00:00Z,24,2025-07-30T00:00:00Z,29.10,142.60
WP122025,JTWC,2025-07-29T00:00:00Z,36,2025-07-30T12:00:00Z,29.30,142.50
WP122025,JTWC,2025-07-29T06:00:00Z,12,2025-07-29T18:00:00Z,28.70,142.90
WP122025,JTWC,2025-07-29T06:00:00Z,24,2025-07-30T06:00:00Z,28.90,142.90
WP122025,JTWC,2025-07-29T06:00:00Z,36,2025-07-30T18:00:00Z,29.20,142.90
WP122025,JTWC,2025-07-29T12:00:00Z,12,2025-07-30T00:00:00Z,28.70,143.00
WP122025,JTWC,2025-07-29T12:00:00Z,24,2025-07-30T12:00:00Z,28.90,143.10
WP122025,JTWC,2025-07-29T12:00:00Z,36,2025-07-31T00:00:00Z,29.40,143.10
WP122025,JTWC,2025-07-29T18:00:00Z,12,2025-07-30T06:00:00Z,28.90,142.90
WP122025,JTWC,2025-07-29T18:00:00Z,24,2025-07-30T18:00:00Z,29.30,142.90
WP122025,JTWC,2025-07-29T18:00:00Z,36,2025-07-31T06:00:00Z,30.00,142.60
WP122025,JTWC,2025-07-30T00:00:00Z,12,2025-07-30T12:00:00Z,29.00,142.80
WP122025,JTWC,2025-07-30T00:00:00Z,24,2025-07-31T00:00:00Z,29.60,142.60
WP122025,JTWC,2025-07-30T00:00:00Z,36,2025-07-31T12:00:00Z,30.60,141.90
WP122025,JTWC,2025-07-30T06:00:00Z,12,2025-07-30T18:00:00Z,29.40,143.20
WP122025,JTWC,2025-07-30T06:00:00Z,24,2025-07-31T06:00:00Z,30.20,142.70
WP122025,JTWC,2025-07-30T06:00:00Z,36,2025-07-31T18:00:00Z,31.20,141.80
WP122025,JTWC,2025-07-30T12:00:00Z,12,2025-07-31T00:00:00Z,29.70,143.00
WP122025,JTWC,2025-07-30T12:00:00Z,24,2025-07-31T12:00:00Z,30.80,142.20
WP122025,JTWC,2025-07-30T12:00:00Z,36,2025-08-01T00:00:00Z,32.10,141.00
WP122025,JTWC,2025-07-30T18:00:00Z,12,2025-07-31T06:00:00Z,30.30,142.70
WP122025,JTWC,2025-07-30T18:00:00Z,24,2025-07-31T18:00:00Z,31.60,141.70
WP122025,JTWC,2025-07-30T18:00:00Z,36,2025-08-01T06:00:00Z,33.00,140.60
WP122025,JTWC,2025-07-31T00:00:00Z,12,2025-07-31T12:00:00Z,31.30,142.30
WP122025,JTWC,2025-07-31T00:00:00Z,24,2025-08-01T00:00:00Z,32.70,141.50
WP122025,JTWC,2025-07-31T00:00:00Z,36,2025-08-01T12:00:00Z,34.30,141.20
WP122025,JTWC,2025-07-31T06:00:00Z,12,2025-07-31T18:00:00Z,31.50,142.00
WP122025,JTWC,2025-07-31T06:00:00Z,24,2025-08-01T06:00:00Z,33.00,141.40
WP122025,JTWC,2025-07-31T06:00:00Z,36,2025-08-01T18:00:00Z,34.50,141.50
WP122025,JTWC,2025-07-31T12:00:00Z,12,2025-08-01T00:00:00Z,32.30,141.70
WP122025,JTWC,2025-07-31T12:00:00Z,24,2025-08-01T12:00:00Z,33.80,141.40
WP122025,JTWC,2025-07-31T12:00:00Z,36,2025-08-02T00:00:00Z,35.10,142.50
WP122025,JTWC,2025-07-31T18:00:00Z,12,2025-08-01T06:00:00Z,33.10,141.50
WP122025,JTWC,2025-07-31T18:00:00Z,24,2025-08-01T18:00:00Z,34.80,142.00
WP122025,JTWC,2025-07-31T18:00:00Z,36,2025-08-02T06:00:00Z,36.30,144.00
WP122025,JTWC,2025-08-01T00:00:00Z,12,2025-08-01T12:00:00Z,34.30,141.60
WP122025,JTWC,2025-08-01T00:00:00Z,24,2025-08-02T00:00:00Z,35.90,142.90
WP122025,JTWC,2025-08-01T00:00:00Z,36,2025-08-02T12:00:00Z,37.30,145.80
WP122025,JTWC,2025-08-01T06:00:00Z,12,2025-08-01T18:00:00Z,35.40,141.80
WP122025,JTWC,2025-08-01T06:00:00Z,24,2025-08-02T06:00:00Z,37.20,144.10
WP122025,JTWC,2025-08-01T06:00:00Z,36,2025-08-02T18:00:00Z,38.60,148.20
WP122025,JTWC,2025-08-01T12:00:00Z,12,2025-08-02T00:00:00Z,35.90,142.60
WP122025,JTWC,2025-08-01T12:00:00Z,24,2025-08-02T12:00:00Z,37.60,145.70
WP122025,JTWC,2025-08-01T12:00:00Z,36,2025-08-03T00:00:00Z,39.00,150.40
WP122025,JTWC,2025-08-01T18:00:00Z,12,2025-08-02T06:00:00Z,36.80,143.90
WP122025,JTWC,2025-08-01T18:00:00Z,24,2025-08-02T18:00:00Z,38.40,148.00
WP122025,JTWC,2025-08-01T18:00:00Z,36,2025-08-03T06:00:00Z,39.80,153.10
WP122025,JTWC,2025-08-02T00:00:00Z,12,2025-08-02T12:00:00Z,38.00,145.60
WP122025,JTWC,2025-08-02T00:00:00Z,24,2025-08-03T00:00:00Z,39.70,150.50
WP122025,JTWC,2025-08-02T00:00:00Z,36,2025-08-03T12:00:00Z,41.00,156.10
WP122025,JTWC,2025-08-02T06:00:00Z,12,2025-08-02T18:00:00Z,39.30,148.30
WP122025,JTWC,2025-08-02T06:00:00Z,24,2025-08-03T06:00:00Z,40.70,154.00
WP122025,JTWC,2025-08-02T06:00:00Z,36,2025-08-03T18:00:00Z,41.80,159.20
WP122025,JTWC,2025-08-02T12:00:00Z,12,2025-08-03T00:00:00Z,39.90,150.80
WP122025,JTWC,2025-08-02T12:00:00Z,24,2025-08-03T12:00:00Z,41.20,156.70
WP122025,JTWC,2025-08-02T12:00:00Z,36,2025-08-04T00:00:00Z,42.30,162.30
WP122025,JTWC,2025-08-02T18:00:00Z,12,2025-08-03T06:00:00Z,40.50,153.30
WP122025,JTWC,2025-08-02T18:00:00Z,24,2025-08-03T18:00:00Z,41.50,159.00
WP122025,JTWC,2025-08-02T18:00:00Z,36,2025-08-04T06:00:00Z,42.40,164.40
WP122025,JTWC,2025-08-03T00:00:00Z,12,2025-08-03T12:00:00Z,41.20,156.50
WP122025,JTWC,2025-08-03T00:00:00Z,24,2025-08-04T00:00:00Z,42.40,162.20
WP122025,JTWC,2025-08-03T00:00:00Z,36,2025-08-04T12:00:00Z,43.20,168.00
WP122025,JTWC,2025-08-03T06:00:00Z,12,2025-08-03T18:00:00Z,42.00,160.80
WP122025,JTWC,2025-08-03T06:00:00Z,24,2025-08-04T06:00:00Z,43.00,166.60
WP122025,JTWC,2025-08-03T06:00:00Z,36,2025-08-04T18:00:00Z,43.80,172.40
WP122025,JTWC,2025-08-03T12:00:00Z,12,2025-08-04T00:00:00Z,42.60,163.50
WP122025,JTWC,2025-08-03T12:00:00Z,24,2025-08-04T12:00:00Z,43.50,169.50
WP122025,JTWC,2025-08-03T12:00:00Z,36,2025-08-05T00:00:00Z,44.20,176.00
WP122025,JTWC,2025-08-03T18:00:00Z,12,2025-08-04T06:00:00Z,43.20,166.00
WP122025,JTWC,2025-08-03T18:00:00Z,24,2025-08-04T18:00:00Z,43.80,172.40
WP132025,JTWC,2025-08-02T00:00:00Z,12,2025-08-02T12:00:00Z,30.30,139.10
WP132025,JTWC,2025-08-02T00:00:00Z,24,2025-08-03T00:00:00Z,32.70,141.60
WP132025,JTWC,2025-08-02T00:00:00Z,36,2025-08-03T12:00:00Z,34.70,145.20
WP132025,JTWC,2025-08-02T06:00:00Z,12,2025-08-02T18:00:00Z,30.80,140.80
WP132025,JTWC,2025-08-02T06:00:00Z,24,2025-08-03T06:00:00Z,33.70,143.90
WP132025,JTWC,2025-08-02T06:00:00Z,36,2025-08-03T18:00:00Z,35.60,148.10
WP132025,JTWC,2025-08-02T12:00:00Z,12,2025-08-03T00:00:00Z,32.60,141.80
WP132025,JTWC,2025-08-02T12:00:00Z,24,2025-08-03T12:00:00Z,35.00,145.50
WP132025,JTWC,2025-08-02T12:00:00Z,36,2025-08-04T00:00:00Z,36.50,149.70
WP132025,JTWC,2025-08-02T18:00:00Z,12,2025-08-03T06:00:00Z,33.70,143.40
WP132025,JTWC,2025-08-02T18:00:00Z,24,2025-08-03T18:00:00Z,35.40,147.00
WP132025,JTWC,2025-08-02T18:00:00Z,36,2025-08-04T06:00:00Z,36.40,151.30
WP132025,JTWC,2025-08-03T00:00:00Z,12,2025-08-03T12:00:00Z,35.80,145.00
WP132025,JTWC,2025-08-03T00:00:00Z,24,2025-08-04T00:00:00Z,37.00,149.00
WP132025,JTWC,2025-08-03T00:00:00Z,36,2025-08-04T12:00:00Z,37.30,153.30
WP132025,JTWC,2025-08-03T06:00:00Z,12,2025-08-03T18:00:00Z,36.50,147.70
WP132025,JTWC,2025-08-03T06:00:00Z,24,2025-08-04T06:00:00Z,37.20,151.80
WP132025,JTWC,2025-08-03T06:00:00Z,36,2025-08-04T18:00:00Z,37.50,155.30
WP132025,JTWC,2025-08-03T12:00:00Z,12,2025-08-04T00:00:00Z,37.50,149.80
WP132025,JTWC,2025-08-03T12:00:00Z,24,2025-08-04T12:00:00Z,37.80,153.50
WP132025,JTWC,2025-08-03T12:00:00Z,36,2025-08-05T00:00:00Z,38.20,156.80
WP132025,JTWC,2025-08-03T18:00:00Z,12,2025-08-04T06:00:00Z,37.60,151.40
WP132025,JTWC,2025-08-03T18:00:00Z,24,2025-08-04T18:00:00Z,38.00,155.00
WP132025,JTWC,2025-08-03T18:00:00Z,36,2025-08-05T06:00:00Z,38.60,157.70
WP132025,JTWC,2025-08-04T00:00:00Z,12,2025-08-04T12:00:00Z,37.70,153.60
WP132025,JTWC,2025-08-04T00:00:00Z,24,2025-08-05T00:00:00Z,38.10,156.60
WP132025,JTWC,2025-08-04T00:00:00Z,36,2025-08-05T12:00:00Z,38.90,159.10
WP132025,JTWC,2025-08-04T06:00:00Z,12,2025-08-04T18:00:00Z,37.60,155.30
WP132025,JTWC,2025-08-04T06:00:00Z,24,2025-08-05T06:00:00Z,38.40,158.40
WP132025,JTWC,2025-08-04T06:00:00Z,36,2025-08-05T18:00:00Z,39.90,160.90
WP132025,JTWC,2025-08-04T12:00:00Z,12,2025-08-05T00:00:00Z,38.00,157.60
WP132025,JTWC,2025-08-04T12:00:00Z,24,2025-08-05T12:00:00Z,39.40,160.40
WP132025,JTWC,2025-08-04T12:00:00Z,36,2025-08-06T00:00:00Z,40.90,162.90
WP132025,JTWC,2025-08-04T18:00:00Z,12,2025-08-05T06:00:00Z,38.90,158.40
WP132025,JTWC,2025-08-04T18:00:00Z,24,2025-08-05T18:00:00Z,40.30,160.90
WP132025,JTWC,2025-08-04T18:00:00Z,36,2025-08-06T06:00:00Z,42.20,164.00
WP132025,JTWC,2025-08-05T00:00:00Z,12,2025-08-05T12:00:00Z,39.20,159.70
WP132025,JTWC,2025-08-05T00:00:00Z,24,2025-08-06T00:00:00Z,41.00,162.50
WP132025,JTWC,2025-08-05T00:00:00Z,36,2025-08-06T12:00:00Z,43.00,166.20
WP132025,JTWC,2025-08-05T06:00:00Z,12,2025-08-05T18:00:00Z,39.90,161.40
WP132025,JTWC,2025-08-05T06:00:00Z,24,2025-08-06T06:00:00Z,41.60,164.70
WP132025,JTWC,2025-08-05T06:00:00Z,36,2025-08-06T18:00:00Z,43.30,169.10
WP132025,JTWC,2025-08-05T12:00:00Z,12,2025-08-06T00:00:00Z,41.00,162.90
WP132025,JTWC,2025-08-05T12:00:00Z,24,2025-08-06T12:00:00Z,42.70,166.70
WP132025,JTWC,2025-08-05T18:00:00Z,12,2025-08-06T06:00:00Z,41.60,163.90
WP132025,JTWC,2025-08-05T18:00:00Z,24,2025-08-06T18:00:00Z,43.30,168.40
WP132025,JTWC,2025-08-06T00:00:00Z,12,2025-08-06T12:00:00Z,42.20,166.30
WP132025,JTWC,2025-08-06T00:00:00Z,24,2025-08-07T00:00:00Z,43.40,171.50
WP142025,JTWC,2025-08-04T00:00:00Z,12,2025-08-04T12:00:00Z,27.90,162.10
WP142025,JTWC,2025-08-04T00:00:00Z,24,2025-08-05T00:00:00Z,28.50,160.40
WP142025,JTWC,2025-08-04T00:00:00Z,36,2025-08-05T12:00:00Z,29.70,159.40
WP142025,JTWC,2025-08-04T06:00:00Z,12,2025-08-04T18:00:00Z,28.40,161.30
WP142025,JTWC,2025-08-04T06:00:00Z,24,2025-08-05T06:00:00Z,29.10,159.50
WP142025,JTWC,2025-08-04T12:00:00Z,12,2025-08-05T00:00:00Z,28.50,160.20
WP142025,JTWC,2025-08-04T12:00:00Z,24,2025-08-05T12:00:00Z,29.30,158.80
WP152025,JTWC,2025-08-06T00:00:00Z,12,2025-08-06T12:00:00Z,30.20,156.90
WP152025,JTWC,2025-08-06T00:00:00Z,24,2025-08-07T00:00:00Z,32.50,156.80
WP152025,JTWC,2025-08-06T00:00:00Z,36,2025-08-07T12:00:00Z,34.80,157.30
WP152025,JTWC,2025-08-06T06:00:00Z,12,2025-08-06T18:00:00Z,30.50,156.60
WP152025,JTWC,2025-08-06T06:00:00Z,24,2025-08-07T06:00:00Z,32.60,156.60
WP152025,JTWC,2025-08-06T06:00:00Z,36,2025-08-07T18:00:00Z,35.20,157.20
WP152025,JTWC,2025-08-06T12:00:00Z,12,2025-08-07T00:00:00Z,32.00,156.70
WP152025,JTWC,2025-08-06T12:00:00Z,24,2025-08-07T12:00:00Z,35.30,157.00
WP152025,JTWC,2025-08-06T12:00:00Z,36,2025-08-08T00:00:00Z,38.80,157.40
WP152025,JTWC,2025-08-06T18:00:00Z,12,2025-08-07T06:00:00Z,33.90,156.50
WP152025,JTWC,2025-08-06T18:00:00Z,24,2025-08-07T18:00:00Z,37.70,157.20
WP152025,JTWC,2025-08-07T00:00:00Z,12,2025-08-07T12:00:00Z,36.40,156.90
WP152025,JTWC,2025-08-07T00:00:00Z,24,2025-08-08T00:00:00Z,40.40,157.80
WP162025,JTWC,2025-08-07T00:00:00Z,12,2025-08-07T12:00:00Z,18.80,147.10
WP162025,JTWC,2025-08-07T00:00:00Z,24,2025-08-08T00:00:00Z,19.40,146.20
WP162025,JTWC,2025-08-07T00:00:00Z,36,2025-08-08T12:00:00Z,20.10,145.10
WP162025,JTWC,2025-08-07T06:00:00Z,12,2025-08-07T18:00:00Z,19.20,146.90
WP162025,JTWC,2025-08-07T06:00:00Z,24,2025-08-08T06:00:00Z,20.10,145.70
WP162025,JTWC,2025-08-07T06:00:00Z,36,2025-08-08T18:00:00Z,20.60,144.00
WP162025,JTWC,2025-08-07T12:00:00Z,12,2025-08-08T00:00:00Z,19.90,145.80
WP162025,JTWC,2025-08-07T12:00:00Z,24,2025-08-08T12:00:00Z,20.50,144.30
WP162025,JTWC,2025-08-07T12:00:00Z,36,2025-08-09T00:00:00Z,21.00,142.70
WP162025,JTWC,2025-08-07T18:00:00Z,12,2025-08-08T06:00:00Z,20.40,144.80
WP162025,JTWC,2025-08-07T18:00:00Z,24,2025-08-08T18:00:00Z,20.90,143.20
WP162025,JTWC,2025-08-07T18:00:00Z,36,2025-08-09T06:00:00Z,21.30,141.50
WP162025,JTWC,2025-08-08T00:00:00Z,12,2025-08-08T12:00:00Z,21.10,144.30
WP162025,JTWC,2025-08-08T00:00:00Z,24,2025-08-09T00:00:00Z,21.60,142.80
WP162025,JTWC,2025-08-08T00:00:00Z,36,2025-08-09T12:00:00Z,21.90,141.00
WP162025,JTWC,2025-08-08T06:00:00Z,12,2025-08-08T18:00:00Z,21.30,143.60
WP162025,JTWC,2025-08-08T06:00:00Z,24,2025-08-09T06:00:00Z,21.80,142.00
WP162025,JTWC,2025-08-08T06:00:00Z,36,2025-08-09T18:00:00Z,22.00,139.80
WP162025,JTWC,2025-08-08T12:00:00Z,12,2025-08-09T00:00:00Z,21.40,142.50
WP162025,JTWC,2025-08-08T12:00:00Z,24,2025-08-09T12:00:00Z,21.80,140.80
WP162025,JTWC,2025-08-08T12:00:00Z,36,2025-08-10T00:00:00Z,21.90,138.40
WP162025,JTWC,2025-08-08T18:00:00Z,12,2025-08-09T06:00:00Z,21.60,141.70
WP162025,JTWC,2025-08-08T18:00:00Z,24,2025-08-09T18:00:00Z,21.90,139.50
WP162025,JTWC,2025-08-08T18:00:00Z,36,2025-08-10T06:00:00Z,22.00,137.10
WP162025,JTWC,2025-08-09T00:00:00Z,12,2025-08-09T12:00:00Z,21.90,141.00
WP162025,JTWC,2025-08-09T00:00:00Z,24,2025-08-10T00:00:00Z,22.10,138.70
WP162025,JTWC,2025-08-09T00:00:00Z,36,2025-08-10T12:00:00Z,22.40,136.50
WP162025,JTWC,2025-08-09T06:00:00Z,12,2025-08-09T18:00:00Z,21.90,139.90
WP162025,JTWC,2025-08-09T06:00:00Z,24,2025-08-10T06:00:00Z,22.20,137.40
WP162025,JTWC,2025-08-09T06:00:00Z,36,2025-08-10T18:00:00Z,22.40,135.00
WP162025,JTWC,2025-08-09T12:00:00Z,12,2025-08-10T00:00:00Z,21.80,138.70
WP162025,JTWC,2025-08-09T12:00:00Z,24,2025-08-10T12:00:00Z,21.90,136.30
WP162025,JTWC,2025-08-09T12:00:00Z,36,2025-08-11T00:00:00Z,21.90,133.60
WP162025,JTWC,2025-08-09T18:00:00Z,12,2025-08-10T06:00:00Z,21.60,137.90
WP162025,JTWC,2025-08-09T18:00:00Z,24,2025-08-10T18:00:00Z,21.50,135.20
WP162025,JTWC,2025-08-09T18:00:00Z,36,2025-08-11T06:00:00Z,21.50,132.60
WP162025,JTWC,2025-08-10T00:00:00Z,12,2025-08-10T12:00:00Z,21.60,136.10
WP162025,JTWC,2025-08-10T00:00:00Z,24,2025-08-11T00:00:00Z,21.40,133.50
WP162025,JTWC,2025-08-10T00:00:00Z,36,2025-08-11T12:00:00Z,21.50,130.90
WP162025,JTWC,2025-08-10T06:00:00Z,12,2025-08-10T18:00:00Z,21.60,135.10
WP162025,JTWC,2025-08-10T06:00:00Z,24,2025-08-11T06:00:00Z,21.70,132.40
WP162025,JTWC,2025-08-10T06:00:00Z,36,2025-08-11T18:00:00Z,22.00,129.90
WP162025,JTWC,2025-08-10T12:00:00Z,12,2025-08-11T00:00:00Z,21.60,133.40
WP162025,JTWC,2025-08-10T12:00:00Z,24,2025-08-11T12:00:00Z,21.80,130.70
WP162025,JTWC,2025-08-10T12:00:00Z,36,2025-08-12T00:00:00Z,22.20,128.10
WP162025,JTWC,2025-08-10T18:00:00Z,12,2025-08-11T06:00:00Z,21.30,132.00
WP162025,JTWC,2025-08-10T18:00:00Z,24,2025-08-11T18:00:00Z,21.60,129.40
WP162025,JTWC,2025-08-10T18:00:00Z,36,2025-08-12T06:00:00Z,22.20,126.90
WP162025,JTWC,2025-08-11T00:00:00Z,12,2025-08-11T12:00:00Z,21.30,130.70
WP162025,JTWC,2025-08-11T00:00:00Z,24,2025-08-12T00:00:00Z,21.80,128.20
WP162025,JTWC,2025-08-11T00:00:00Z,36,2025-08-12T12:00:00Z,22.70,125.50
WP162025,JTWC,2025-08-11T06:00:00Z,12,2025-08-11T18:00:00Z,20.90,129.80
WP162025,JTWC,2025-08-11T06:00:00Z,24,2025-08-12T06:00:00Z,21.60,127.10
WP162025,JTWC,2025-08-11T06:00:00Z,36,2025-08-12T18:00:00Z,22.60,124.20
WP162025,JTWC,2025-08-11T12:00:00Z,12,2025-08-12T00:00:00Z,21.40,128.20
WP162025,JTWC,2025-08-11T12:00:00Z,24,2025-08-12T12:00:00Z,22.20,125.60
WP162025,JTWC,2025-08-11T12:00:00Z,36,2025-08-13T00:00:00Z,23.30,122.70
WP162025,JTWC,2025-08-11T18:00:00Z,12,2025-08-12T06:00:00Z,21.20,126.40
WP162025,JTWC,2025-08-11T18:00:00Z,24,2025-08-12T18:00:00Z,21.90,123.50
WP162025,JTWC,2025-08-11T18:00:00Z,36,2025-08-13T06:00:00Z,22.90,120.60
WP162025,JTWC,2025-08-12T00:00:00Z,12,2025-08-12T12:00:00Z,21.60,125.20
WP162025,JTWC,2025-08-12T00:00:00Z,24,2025-08-13T00:00:00Z,22.40,122.30
WP162025,JTWC,2025-08-12T00:00:00Z,36,2025-08-13T12:00:00Z,23.60,119.20
WP162025,JTWC,2025-08-12T06:00:00Z,12,2025-08-12T18:00:00Z,22.00,123.60
WP162025,JTWC,2025-08-12T06:00:00Z,24,2025-08-13T06:00:00Z,23.00,120.40
WP162025,JTWC,2025-08-12T06:00:00Z,36,2025-08-13T18:00:00Z,24.10,117.20
WP162025,JTWC,2025-08-12T12:00:00Z,12,2025-08-13T00:00:00Z,22.40,121.90
WP162025,JTWC,2025-08-12T12:00:00Z,24,2025-08-13T12:00:00Z,23.60,118.90
WP162025,JTWC,2025-08-12T12:00:00Z,36,2025-08-14T00:00:00Z,24.50,115.40
WP162025,JTWC,2025-08-12T18:00:00Z,12,2025-08-13T06:00:00Z,23.00,120.30
WP162025,JTWC,2025-08-12T18:00:00Z,24,2025-08-13T18:00:00Z,24.20,117.00
WP162025,JTWC,2025-08-12T18:00:00Z,36,2025-08-14T06:00:00Z,25.20,113.60
WP162025,JTWC,2025-08-13T00:00:00Z,12,2025-08-13T12:00:00Z,23.10,118.80
WP162025,JTWC,2025-08-13T00:00:00Z,24,2025-08-14T00:00:00Z,24.30,115.50
WP162025,JTWC,2025-08-13T00:00:00Z,36,2025-08-14T12:00:00Z,25.60,112.20
WP162025,JTWC,2025-08-13T06:00:00Z,12,2025-08-13T18:00:00Z,24.00,117.30
WP162025,JTWC,2025-08-13T06:00:00Z,24,2025-08-14T06:00:00Z,25.20,114.00
WP162025,JTWC,2025-08-13T06:00:00Z,36,2025-08-14T18:00:00Z,26.50,110.60
WP162025,JTWC,2025-08-13T12:00:00Z,12,2025-08-14T00:00:00Z,24.60,115.40
WP162025,JTWC,2025-08-13T12:00:00Z,24,2025-08-14T12:00:00Z,25.80,112.10
WP162025,JTWC,2025-08-13T12:00:00Z,36,2025-08-15T00:00:00Z,27.40,109.30
WP162025,JTWC,2025-08-13T18:00:00Z,12,2025-08-14T06:00:00Z,25.60,113.50
WP162025,JTWC,2025-08-13T18:00:00Z,24,2025-08-14T18:00:00Z,26.80,110.60
WP172025,JTWC,2025-08-18T06:00:00Z,12,2025-08-18T18:00:00Z,20.60,107.10
WP172025,JTWC,2025-08-18T06:00:00Z,24,2025-08-19T06:00:00Z,22.10,106.90
WP172025,JTWC,2025-08-18T06:00:00Z,36,2025-08-19T18:00:00Z,23.70,106.80
WP172025,JTWC,2025-08-18T12:00:00Z,12,2025-08-19T00:00:00Z,21.60,107.20
WP172025,JTWC,2025-08-18T12:00:00Z,24,2025-08-19T12:00:00Z,23.40,106.90
WP172025,JTWC,2025-08-18T18:00:00Z,12,2025-08-19T06:00:00Z,22.90,107.10
WP172025,JTWC,2025-08-18T18:00:00Z,24,2025-08-19T18:00:00Z,24.80,107.20
WP182025,JTWC,2025-08-19T06:00:00Z,12,2025-08-19T18:00:00Z,29.00,127.20
WP182025,JTWC,2025-08-19T06:00:00Z,24,2025-08-20T06:00:00Z,30.70,127.40
WP182025,JTWC,2025-08-19T06:00:00Z,36,2025-08-20T18:00:00Z,32.00,127.80
WP182025,JTWC,2025-08-19T12:00:00Z,12,2025-08-20T00:00:00Z,29.50,127.00
WP182025,JTWC,2025-08-19T12:00:00Z,24,2025-08-20T12:00:00Z,31.10,127.50
WP182025,JTWC,2025-08-19T12:00:00Z,36,2025-08-21T00:00:00Z,32.10,128.00
WP182025,JTWC,2025-08-19T18:00:00Z,12,2025-08-20T06:00:00Z,30.30,127.20
WP182025,JTWC,2025-08-19T18:00:00Z,24,2025-08-20T18:00:00Z,31.60,127.60
WP182025,JTWC,2025-08-19T18:00:00Z,36,2025-08-21T06:00:00Z,32.40,128.10
WP182025,JTWC,2025-08-20T00:00:00Z,12,2025-08-20T12:00:00Z,30.90,127.90
WP182025,JTWC,2025-08-20T00:00:00Z,24,2025-08-21T00:00:00Z,32.20,128.60
WP182025,JTWC,2025-08-20T00:00:00Z,36,2025-08-21T12:00:00Z,33.00,129.20
WP182025,JTWC,2025-08-20T06:00:00Z,12,2025-08-20T18:00:00Z,31.70,128.50
WP182025,JTWC,2025-08-20T06:00:00Z,24,2025-08-21T06:00:00Z,32.60,129.10
WP182025,JTWC,2025-08-20T06:00:00Z,36,2025-08-21T18:00:00Z,33.20,129.70
WP182025,JTWC,2025-08-20T12:00:00Z,12,2025-08-21T00:00:00Z,32.20,128.70
WP182025,JTWC,2025-08-20T12:00:00Z,24,2025-08-21T12:00:00Z,32.70,129.60
WP182025,JTWC,2025-08-20T12:00:00Z,36,2025-08-22T00:00:00Z,33.10,130.50
WP182025,JTWC,2025-08-20T18:00:00Z,12,2025-08-21T06:00:00Z,32.30,129.80
WP182025,JTWC,2025-08-20T18:00:00Z,24,2025-08-21T18:00:00Z,32.50,130.60
WP182025,JTWC,2025-08-20T18:00:00Z,36,2025-08-22T06:00:00Z,32.80,131.60
WP182025,JTWC,2025-08-21T00:00:00Z,12,2025-08-21T12:00:00Z,32.10,130.30
WP182025,JTWC,2025-08-21T00:00:00Z,24,2025-08-22T00:00:00Z,32.40,131.60
WP182025,JTWC,2025-08-21T00:00:00Z,36,2025-08-22T12:00:00Z,32.70,132.90
WP182025,JTWC,2025-08-21T06:00:00Z,12,2025-08-21T18:00:00Z,31.80,130.80
WP182025,JTWC,2025-08-21T06:00:00Z,24,2025-08-22T06:00:00Z,32.20,132.20
WP182025,JTWC,2025-08-21T06:00:00Z,36,2025-08-22T18:00:00Z,32.60,133.30
WP182025,JTWC,2025-08-21T12:00:00Z,12,2025-08-22T00:00:00Z,31.90,132.10
WP182025,JTWC,2025-08-21T12:00:00Z,24,2025-08-22T12:00:00Z,32.30,133.10
WP182025,JTWC,2025-08-21T12:00:00Z,36,2025-08-23T00:00:00Z,32.70,134.00
WP182025,JTWC,2025-08-21T18:00:00Z,12,2025-08-22T06:00:00Z,32.50,132.40
WP182025,JTWC,2025-08-21T18:00:00Z,24,2025-08-22T18:00:00Z,32.90,133.30
WP182025,JTWC,2025-08-22T00:00:00Z,12,2025-08-22T12:00:00Z,32.60,133.10
WP182025,JTWC,2025-08-22T00:00:00Z,24,2025-08-23T00:00:00Z,32.90,134.10
WP192025,JTWC,2025-08-22T12:00:00Z,12,2025-08-23T00:00:00Z,17.00,116.50
WP192025,JTWC,2025-08-22T12:00:00Z,24,2025-08-23T12:00:00Z,17.30,114.00
WP192025,JTWC,2025-08-22T12:00:00Z,36,2025-08-24T00:00:00Z,17.70,111.40
WP192025,JTWC,2025-08-22T18:00:00Z,12,2025-08-23T06:00:00Z,17.40,114.30
WP192025,JTWC,2025-08-22T18:00:00Z,24,2025-08-23T18:00:00Z,17.70,111.40
WP192025,JTWC,2025-08-22T18:00:00Z,36,2025-08-24T06:00:00Z,17.90,109.40
WP192025,JTWC,2025-08-23T00:00:00Z,12,2025-08-23T12:00:00Z,17.90,113.80
WP192025,JTWC,2025-08-23T00:00:00Z,24,2025-08-24T00:00:00Z,18.20,111.20
WP192025,JTWC,2025-08-23T00:00:00Z,36,2025-08-24T12:00:00Z,18.40,109.10
WP192025,JTWC,2025-08-23T06:00:00Z,12,2025-08-23T18:00:00Z,17.80,112.40
WP192025,JTWC,2025-08-23T06:00:00Z,24,2025-08-24T06:00:00Z,18.10,110.10
WP192025,JTWC,2025-08-23T06:00:00Z,36,2025-08-24T18:00:00Z,18.40,108.00
WP192025,JTWC,2025-08-23T12:00:00Z,12,2025-08-24T00:00:00Z,18.10,111.20
WP192025,JTWC,2025-08-23T12:00:00Z,24,2025-08-24T12:00:00Z,18.40,109.00
WP192025,JTWC,2025-08-23T12:00:00Z,36,2025-08-25T00:00:00Z,18.70,106.90
WP192025,JTWC,2025-08-23T18:00:00Z,12,2025-08-24T06:00:00Z,17.50,110.00
WP192025,JTWC,2025-08-23T18:00:00Z,24,2025-08-24T18:00:00Z,17.70,107.80
WP192025,JTWC,2025-08-23T18:00:00Z,36,2025-08-25T06:00:00Z,17.90,105.60
WP192025,JTWC,2025-08-24T00:00:00Z,12,2025-08-24T12:00:00Z,17.50,109.00
WP192025,JTWC,2025-08-24T00:00:00Z,24,2025-08-25T00:00:00Z,17.80,107.00
WP192025,JTWC,2025-08-24T00:00:00Z,36,2025-08-25T12:00:00Z,18.10,105.20
WP192025,JTWC,2025-08-24T06:00:00Z,12,2025-08-24T18:00:00Z,17.90,108.30
WP192025,JTWC,2025-08-24T06:00:00Z,24,2025-08-25T06:00:00Z,18.30,106.30
WP192025,JTWC,2025-08-24T06:00:00Z,36,2025-08-25T18:00:00Z,18.70,103.80
WP192025,JTWC,2025-08-24T12:00:00Z,12,2025-08-25T00:00:00Z,18.40,107.30
WP192025,JTWC,2025-08-24T12:00:00Z,24,2025-08-25T12:00:00Z,18.80,105.00
WP192025,JTWC,2025-08-24T12:00:00Z,36,2025-08-26T00:00:00Z,19.20,102.60
WP192025,JTWC,2025-08-24T18:00:00Z,12,2025-08-25T06:00:00Z,18.60,106.40
WP192025,JTWC,2025-08-24T18:00:00Z,24,2025-08-25T18:00:00Z,18.90,104.30
WP192025,JTWC,2025-08-24T18:00:00Z,36,2025-08-26T06:00:00Z,19.40,101.50
WP192025,JTWC,2025-08-25T00:00:00Z,12,2025-08-25T12:00:00Z,18.60,105.40
WP192025,JTWC,2025-08-25T00:00:00Z,24,2025-08-26T00:00:00Z,19.10,103.20
WP192025,JTWC,2025-08-25T00:00:00Z,36,2025-08-26T12:00:00Z,19.60,100.80
WP192025,JTWC,2025-08-25T06:00:00Z,12,2025-08-25T18:00:00Z,19.00,104.20
WP192025,JTWC,2025-08-25T06:00:00Z,24,2025-08-26T06:00:00Z,19.50,102.00
WP192025,JTWC,2025-08-25T06:00:00Z,36,2025-08-26T18:00:00Z,20.20,99.90
WP192025,JTWC,2025-08-25T12:00:00Z,12,2025-08-26T00:00:00Z,19.10,103.60
WP192025,JTWC,2025-08-25T12:00:00Z,24,2025-08-26T12:00:00Z,19.70,101.50
WP192025,JTWC,2025-08-25T12:00:00Z,36,2025-08-27T00:00:00Z,20.30,99.50
WP202025,JTWC,2025-08-28T06:00:00Z,12,2025-08-28T18:00:00Z,15.60,114.40
WP202025,JTWC,2025-08-28T06:00:00Z,24,2025-08-29T06:00:00Z,16.50,112.60
WP202025,JTWC,2025-08-28T06:00:00Z,36,2025-08-29T18:00:00Z,17.20,110.30
WP202025,JTWC,2025-08-28T12:00:00Z,12,2025-08-29T00:00:00Z,16.10,113.30
WP202025,JTWC,2025-08-28T12:00:00Z,24,2025-08-29T12:00:00Z,16.90,111.30
WP202025,JTWC,2025-08-28T12:00:00Z,36,2025-08-30T00:00:00Z,17.40,108.80
WP202025,JTWC,2025-08-28T18:00:00Z,12,2025-08-29T06:00:00Z,16.40,112.30
WP202025,JTWC,2025-08-28T18:00:00Z,24,2025-08-29T18:00:00Z,17.20,109.90
WP202025,JTWC,2025-08-28T18:00:00Z,36,2025-08-30T06:00:00Z,17.60,107.40
WP202025,JTWC,2025-08-29T00:00:00Z,12,2025-08-29T12:00:00Z,16.90,111.20
WP202025,JTWC,2025-08-29T00:00:00Z,24,2025-08-30T00:00:00Z,17.40,108.70
WP202025,JTWC,2025-08-29T00:00:00Z,36,2025-08-30T12:00:00Z,17.70,105.50
WP202025,JTWC,2025-08-29T06:00:00Z,12,2025-08-29T18:00:00Z,17.00,109.60
WP202025,JTWC,2025-08-29T06:00:00Z,24,2025-08-30T06:00:00Z,17.40,106.90
WP202025,JTWC,2025-08-29T06:00:00Z,36,2025-08-30T18:00:00Z,17.50,104.00
WP202025,JTWC,2025-08-29T12:00:00Z,12,2025-08-30T00:00:00Z,17.70,108.50
WP202025,JTWC,2025-08-29T12:00:00Z,24,2025-08-30T12:00:00Z,17.90,105.70
WP202025,JTWC,2025-08-29T12:00:00Z,36,2025-08-31T00:00:00Z,18.00,102.80
WP202025,JTWC,2025-08-29T18:00:00Z,12,2025-08-30T06:00:00Z,17.70,106.20
WP202025,JTWC,2025-08-29T18:00:00Z,24,2025-08-30T18:00:00Z,17.60,102.90
WP202025,JTWC,2025-08-30T00:00:00Z,12,2025-08-30T12:00:00Z,17.70,104.80
WP202025,JTWC,2025-08-30T00:00:00Z,24,2025-08-31T00:00:00Z,17.50,101.50
WP202025,JTWC,2025-08-30T06:00:00Z,12,2025-08-30T18:00:00Z,17.90,103.30
WP202025,JTWC,2025-08-30T06:00:00Z,24,2025-08-31T06:00:00Z,18.00,100.20
WP202025,JTWC,2025-08-30T12:00:00Z,12,2025-08-31T00:00:00Z,17.90,101.10
WP202025,JTWC,2025-08-30T12:00:00Z,24,2025-08-31T12:00:00Z,18.20,98.40
WP212025,JTWC,2025-09-03T12:00:00Z,12,2025-09-04T00:00:00Z,30.00,131.20
WP212025,JTWC,2025-09-03T12:00:00Z,24,2025-09-04T12:00:00Z,32.80,132.10
WP212025,JTWC,2025-09-03T12:00:00Z,36,2025-09-05T00:00:00Z,34.00,134.20
WP212025,JTWC,2025-09-03T18:00:00Z,12,2025-09-04T06:00:00Z,30.60,131.30
WP212025,JTWC,2025-09-03T18:00:00Z,24,2025-09-04T18:00:00Z,32.80,133.00
WP212025,JTWC,2025-09-03T18:00:00Z,36,2025-09-05T06:00:00Z,34.40,136.90
WP212025,JTWC,2025-09-04T00:00:00Z,12,2025-09-04T12:00:00Z,32.00,132.10
WP212025,JTWC,2025-09-04T00:00:00Z,24,2025-09-05T00:00:00Z,34.00,135.00
WP212025,JTWC,2025-09-04T00:00:00Z,36,2025-09-05T12:00:00Z,34.90,138.80
WP212025,JTWC,2025-09-04T06:00:00Z,12,2025-09-04T18:00:00Z,33.40,133.80
WP212025,JTWC,2025-09-04T06:00:00Z,24,2025-09-05T06:00:00Z,34.80,138.00
WP212025,JTWC,2025-09-04T06:00:00Z,36,2025-09-05T18:00:00Z,35.30,142.50
WP212025,JTWC,2025-09-04T12:00:00Z,12,2025-09-05T00:00:00Z,34.20,135.40
WP212025,JTWC,2025-09-04T12:00:00Z,24,2025-09-05T12:00:00Z,35.20,140.30
WP212025,JTWC,2025-09-04T12:00:00Z,36,2025-09-06T00:00:00Z,35.50,146.00
WP212025,JTWC,2025-09-04T18:00:00Z,12,2025-09-05T06:00:00Z,34.30,137.10
WP212025,JTWC,2025-09-04T18:00:00Z,24,2025-09-05T18:00:00Z,35.00,142.90
WP212025,JTWC,2025-09-04T18:00:00Z,36,2025-09-06T06:00:00Z,34.70,149.00
WP212025,JTWC,2025-09-05T00:00:00Z,12,2025-09-05T12:00:00Z,34.80,141.40
WP212025,JTWC,2025-09-05T00:00:00Z,24,2025-09-06T00:00:00Z,35.00,148.30
WP212025,JTWC,2025-09-05T06:00:00Z,12,2025-09-05T18:00:00Z,35.90,146.40
WP212025,JTWC,2025-09-05T06:00:00Z,24,2025-09-06T06:00:00Z,36.40,153.50
WP212025,JTWC,2025-09-05T12:00:00Z,12,2025-09-06T00:00:00Z,36.20,149.90
WP212025,JTWC,2025-09-05T12:00:00Z,24,2025-09-06T12:00:00Z,36.40,155.90
WP222025,JTWC,2025-09-06T06:00:00Z,12,2025-09-06T18:00:00Z,18.90,115.30
WP222025,JTWC,2025-09-06T06:00:00Z,24,2025-09-07T06:00:00Z,19.90,114.10
WP222025,JTWC,2025-09-06T06:00:00Z,36,2025-09-07T18:00:00Z,20.90,112.90
WP222025,JTWC,2025-09-06T12:00:00Z,12,2025-09-07T00:00:00Z,19.10,114.30
WP222025,JTWC,2025-09-06T12:00:00Z,24,2025-09-07T12:00:00Z,20.20,113.40
WP222025,JTWC,2025-09-06T12:00:00Z,36,2025-09-08T00:00:00Z,21.30,112.20
WP222025,JTWC,2025-09-06T18:00:00Z,12,2025-09-07T06:00:00Z,19.40,113.50
WP222025,JTWC,2025-09-06T18:00:00Z,24,2025-09-07T18:00:00Z,20.80,112.70
WP222025,JTWC,2025-09-06T18:00:00Z,36,2025-09-08T06:00:00Z,22.10,111.40
WP222025,JTWC,2025-09-07T00:00:00Z,12,2025-09-07T12:00:00Z,19.50,113.50
WP222025,JTWC,2025-09-07T00:00:00Z,24,2025-09-08T00:00:00Z,21.00,112.40
WP222025,JTWC,2025-09-07T00:00:00Z,36,2025-09-08T12:00:00Z,22.30,110.90
WP222025,JTWC,2025-09-07T06:00:00Z,12,2025-09-07T18:00:00Z,20.80,113.00
WP222025,JTWC,2025-09-07T06:00:00Z,24,2025-09-08T06:00:00Z,22.30,111.80
WP222025,JTWC,2025-09-07T06:00:00Z,36,2025-09-08T18:00:00Z,23.30,110.10
WP222025,JTWC,2025-09-07T12:00:00Z,12,2025-09-08T00:00:00Z,21.60,112.70
WP222025,JTWC,2025-09-07T12:00:00Z,24,2025-09-08T12:00:00Z,22.80,111.30
WP222025,JTWC,2025-09-07T12:00:00Z,36,2025-09-09T00:00:00Z,23.60,109.60
WP222025,JTWC,2025-09-07T18:00:00Z,12,2025-09-08T06:00:00Z,22.40,112.10
WP222025,JTWC,2025-09-07T18:00:00Z,24,2025-09-08T18:00:00Z,23.60,110.60
WP222025,JTWC,2025-09-07T18:00:00Z,36,2025-09-09T06:00:00Z,24.30,109.30
WP222025,JTWC,2025-09-08T00:00:00Z,12,2025-09-08T12:00:00Z,23.30,111.10
WP222025,JTWC,2025-09-08T00:00:00Z,24,2025-09-09T00:00:00Z,24.30,109.70
WP222025,JTWC,2025-09-08T00:00:00Z,36,2025-09-09T12:00:00Z,24.90,108.40
WP232025,JTWC,2025-09-16T06:00:00Z,12,2025-09-16T18:00:00Z,16.60,122.60
WP232025,JTWC,2025-09-16T06:00:00Z,24,2025-09-17T06:00:00Z,18.00,121.60
WP232025,JTWC,2025-09-16T06:00:00Z,36,2025-09-17T18:00:00Z,19.10,120.80
WP232025,JTWC,2025-09-16T12:00:00Z,12,2025-09-17T00:00:00Z,17.20,122.00
WP232025,JTWC,2025-09-16T12:00:00Z,24,2025-09-17T12:00:00Z,18.50,121.00
WP232025,JTWC,2025-09-16T12:00:00Z,36,2025-09-18T00:00:00Z,19.70,119.80
WP232025,JTWC,2025-09-16T18:00:00Z,12,2025-09-17T06:00:00Z,17.50,121.20
WP232025,JTWC,2025-09-16T18:00:00Z,24,2025-09-17T18:00:00Z,18.90,119.80
WP232025,JTWC,2025-09-16T18:00:00Z,36,2025-09-18T06:00:00Z,20.10,118.40
WP232025,JTWC,2025-09-17T00:00:00Z,12,2025-09-17T12:00:00Z,18.40,120.70
WP232025,JTWC,2025-09-17T00:00:00Z,24,2025-09-18T00:00:00Z,19.60,119.20
WP232025,JTWC,2025-09-17T00:00:00Z,36,2025-09-18T12:00:00Z,20.70,117.70
WP232025,JTWC,2025-09-17T06:00:00Z,12,2025-09-17T18:00:00Z,19.30,120.00
WP232025,JTWC,2025-09-17T06:00:00Z,24,2025-09-18T06:00:00Z,20.50,118.70
WP232025,JTWC,2025-09-17T06:00:00Z,36,2025-09-18T18:00:00Z,21.70,117.20
WP232025,JTWC,2025-09-17T12:00:00Z,12,2025-09-18T00:00:00Z,20.00,119.30
WP232025,JTWC,2025-09-17T12:00:00Z,24,2025-09-18T12:00:00Z,21.00,117.80
WP232025,JTWC,2025-09-17T12:00:00Z,36,2025-09-19T00:00:00Z,22.00,116.60
WP232025,JTWC,2025-09-17T18:00:00Z,12,2025-09-18T06:00:00Z,19.90,118.70
WP232025,JTWC,2025-09-17T18:00:00Z,24,2025-09-18T18:00:00Z,21.00,117.20
WP232025,JTWC,2025-09-17T18:00:00Z,36,2025-09-19T06:00:00Z,22.10,115.70
WP232025,JTWC,2025-09-18T00:00:00Z,12,2025-09-18T12:00:00Z,20.90,117.50
WP232025,JTWC,2025-09-18T00:00:00Z,24,2025-09-19T00:00:00Z,22.00,116.10
WP232025,JTWC,2025-09-18T00:00:00Z,36,2025-09-19T12:00:00Z,22.80,114.80
WP232025,JTWC,2025-09-18T06:00:00Z,12,2025-09-18T18:00:00Z,21.00,116.10
WP232025,JTWC,2025-09-18T06:00:00Z,24,2025-09-19T06:00:00Z,22.00,114.90
WP232025,JTWC,2025-09-18T06:00:00Z,36,2025-09-19T18:00:00Z,22.80,114.00
WP232025,JTWC,2025-09-18T12:00:00Z,12,2025-09-19T00:00:00Z,21.30,115.70
WP232025,JTWC,2025-09-18T12:00:00Z,24,2025-09-19T12:00:00Z,22.20,114.70
WP232025,JTWC,2025-09-18T12:00:00Z,36,2025-09-20T00:00:00Z,22.70,113.70
WP232025,JTWC,2025-09-18T18:00:00Z,12,2025-09-19T06:00:00Z,22.40,115.30
WP232025,JTWC,2025-09-18T18:00:00Z,24,2025-09-19T18:00:00Z,23.00,114.30
WP232025,JTWC,2025-09-18T18:00:00Z,36,2025-09-20T06:00:00Z,23.30,113.30
WP232025,JTWC,2025-09-19T00:00:00Z,12,2025-09-19T12:00:00Z,23.10,114.70
WP232025,JTWC,2025-09-19T00:00:00Z,24,2025-09-20T00:00:00Z,23.50,113.60
WP232025,JTWC,2025-09-19T00:00:00Z,36,2025-09-20T12:00:00Z,23.60,112.50
WP232025,JTWC,2025-09-19T06:00:00Z,12,2025-09-19T18:00:00Z,23.40,114.40
WP232025,JTWC,2025-09-19T06:00:00Z,24,2025-09-20T06:00:00Z,23.50,113.50
WP232025,JTWC,2025-09-19T06:00:00Z,36,2025-09-20T18:00:00Z,23.50,112.70
WP242025,JTWC,2025-09-18T12:00:00Z,12,2025-09-19T00:00:00Z,16.20,131.80
WP242025,JTWC,2025-09-18T12:00:00Z,24,2025-09-19T12:00:00Z,16.40,130.90
WP242025,JTWC,2025-09-18T12:00:00Z,36,2025-09-20T00:00:00Z,16.80,130.20
WP242025,JTWC,2025-09-18T18:00:00Z,12,2025-09-19T06:00:00Z,16.50,131.30
WP242025,JTWC,2025-09-18T18:00:00Z,24,2025-09-19T18:00:00Z,16.80,130.50
WP242025,JTWC,2025-09-18T18:00:00Z,36,2025-09-20T06:00:00Z,17.20,129.90
WP242025,JTWC,2025-09-19T00:00:00Z,12,2025-09-19T12:00:00Z,16.20,130.40
WP242025,JTWC,2025-09-19T00:00:00Z,24,2025-09-20T00:00:00Z,16.40,129.70
WP242025,JTWC,2025-09-19T00:00:00Z,36,2025-09-20T12:00:00Z,17.10,129.00
WP242025,JTWC,2025-09-19T06:00:00Z,12,2025-09-19T18:00:00Z,16.40,129.90
WP242025,JTWC,2025-09-19T06:00:00Z,24,2025-09-20T06:00:00Z,16.90,128.90
WP242025,JTWC,2025-09-19T06:00:00Z,36,2025-09-20T18:00:00Z,17.70,127.80
WP242025,JTWC,2025-09-19T12:00:00Z,12,2025-09-20T00:00:00Z,16.70,129.20
WP242025,JTWC,2025-09-19T12:00:00Z,24,2025-09-20T12:00:00Z,17.40,128.10
WP242025,JTWC,2025-09-19T12:00:00Z,36,2025-09-21T00:00:00Z,18.10,126.90
WP242025,JTWC,2025-09-19T18:00:00Z,12,2025-09-20T06:00:00Z,16.80,129.10
WP242025,JTWC,2025-09-19T18:00:00Z,24,2025-09-20T18:00:00Z,17.50,128.00
WP242025,JTWC,2025-09-19T18:00:00Z,36,2025-09-21T06:00:00Z,18.20,126.60
WP242025,JTWC,2025-09-20T00:00:00Z,12,2025-09-20T12:00:00Z,17.10,128.60
WP242025,JTWC,2025-09-20T00:00:00Z,24,2025-09-21T00:00:00Z,17.80,127.40
WP242025,JTWC,2025-09-20T00:00:00Z,36,2025-09-21T12:00:00Z,18.60,125.80
WP242025,JTWC,2025-09-20T06:00:00Z,12,2025-09-20T18:00:00Z,17.60,128.00
WP242025,JTWC,2025-09-20T06:00:00Z,24,2025-09-21T06:00:00Z,18.30,126.50
WP242025,JTWC,2025-09-20T06:00:00Z,36,2025-09-21T18:00:00Z,19.10,124.60
WP242025,JTWC,2025-09-20T12:00:00Z,12,2025-09-21T00:00:00Z,18.00,127.40
WP242025,JTWC,2025-09-20T12:00:00Z,24,2025-09-21T12:00:00Z,18.80,125.70
WP242025,JTWC,2025-09-20T12:00:00Z,36,2025-09-22T00:00:00Z,19.40,123.70
WP242025,JTWC,2025-09-20T18:00:00Z,12,2025-09-21T06:00:00Z,18.70,126.30
WP242025,JTWC,2025-09-20T18:00:00Z,24,2025-09-21T18:00:00Z,19.30,124.40
WP242025,JTWC,2025-09-20T18:00:00Z,36,2025-09-22T06:00:00Z,19.80,122.10
WP242025,JTWC,2025-09-21T00:00:00Z,12,2025-09-21T12:00:00Z,18.70,125.20
WP242025,JTWC,2025-09-21T00:00:00Z,24,2025-09-22T00:00:00Z,19.20,123.10
WP242025,JTWC,2025-09-21T00:00:00Z,36,2025-09-22T12:00:00Z,19.60,120.70
WP242025,JTWC,2025-09-21T06:00:00Z,12,2025-09-21T18:00:00Z,19.00,124.30
WP242025,JTWC,2025-09-21T06:00:00Z,24,2025-09-22T06:00:00Z,19.40,122.00
WP242025,JTWC,2025-09-21T06:00:00Z,36,2025-09-22T18:00:00Z,19.80,119.50
WP242025,JTWC,2025-09-21T12:00:00Z,12,2025-09-22T00:00:00Z,19.50,123.20
WP242025,JTWC,2025-09-21T12:00:00Z,24,2025-09-22T12:00:00Z,19.80,120.80
WP242025,JTWC,2025-09-21T12:00:00Z,36,2025-09-23T00:00:00Z,20.20,118.50
WP242025,JTWC,2025-09-21T18:00:00Z,12,2025-09-22T06:00:00Z,19.60,121.80
WP242025,JTWC,2025-09-21T18:00:00Z,24,2025-09-22T18:00:00Z,19.90,119.50
WP242025,JTWC,2025-09-21T18:00:00Z,36,2025-09-23T06:00:00Z,20.40,117.20
WP242025,JTWC,2025-09-22T00:00:00Z,12,2025-09-22T12:00:00Z,19.70,120.60
WP242025,JTWC,2025-09-22T00:00:00Z,24,2025-09-23T00:00:00Z,20.10,118.30
WP242025,JTWC,2025-09-22T00:00:00Z,36,2025-09-23T12:00:00Z,20.70,116.10
WP242025,JTWC,2025-09-22T06:00:00Z,12,2025-09-22T18:00:00Z,19.70,119.40
WP242025,JTWC,2025-09-22T06:00:00Z,24,2025-09-23T06:00:00Z,20.30,117.30
WP242025,JTWC,2025-09-22T06:00:00Z,36,2025-09-23T18:00:00Z,21.00,115.00
WP242025,JTWC,2025-09-22T12:00:00Z,12,2025-09-23T00:00:00Z,19.90,118.30
WP242025,JTWC,2025-09-22T12:00:00Z,24,2025-09-23T12:00:00Z,20.60,116.20
WP242025,JTWC,2025-09-22T12:00:00Z,36,2025-09-24T00:00:00Z,21.20,114.00
WP242025,JTWC,2025-09-22T18:00:00Z,12,2025-09-23T06:00:00Z,20.30,117.20
WP242025,JTWC,2025-09-22T18:00:00Z,24,2025-09-23T18:00:00Z,20.90,114.90
WP242025,JTWC,2025-09-22T18:00:00Z,36,2025-09-24T06:00:00Z,21.40,112.40
WP242025,JTWC,2025-09-23T00:00:00Z,12,2025-09-23T12:00:00Z,20.90,116.00
WP242025,JTWC,2025-09-23T00:00:00Z,24,2025-09-24T00:00:00Z,21.40,113.70
WP242025,JTWC,2025-09-23T00:00:00Z,36,2025-09-24T12:00:00Z,21.80,111.20
WP242025,JTWC,2025-09-23T06:00:00Z,12,2025-09-23T18:00:00Z,21.10,114.90
WP242025,JTWC,2025-09-23T06:00:00Z,24,2025-09-24T06:00:00Z,21.60,112.40
WP242025,JTWC,2025-09-23T06:00:00Z,36,2025-09-24T18:00:00Z,21.80,109.80
WP242025,JTWC,2025-09-23T12:00:00Z,12,2025-09-24T00:00:00Z,21.40,113.70
WP242025,JTWC,2025-09-23T12:00:00Z,24,2025-09-24T12:00:00Z,21.70,111.10
WP242025,JTWC,2025-09-23T12:00:00Z,36,2025-09-25T00:00:00Z,21.80,108.50
WP242025,JTWC,2025-09-23T18:00:00Z,12,2025-09-24T06:00:00Z,21.50,112.40
WP242025,JTWC,2025-09-23T18:00:00Z,24,2025-09-24T18:00:00Z,21.70,109.80
WP242025,JTWC,2025-09-23T18:00:00Z,36,2025-09-25T06:00:00Z,21.80,107.20
WP242025,JTWC,2025-09-24T00:00:00Z,12,2025-09-24T12:00:00Z,21.50,111.30
WP242025,JTWC,2025-09-24T00:00:00Z,24,2025-09-25T00:00:00Z,21.60,108.70
WP242025,JTWC,2025-09-24T00:00:00Z,36,2025-09-25T12:00:00Z,21.60,106.10
WP242025,JTWC,2025-09-24T06:00:00Z,12,2025-09-24T18:00:00Z,21.80,110.00
WP242025,JTWC,2025-09-24T06:00:00Z,24,2025-09-25T06:00:00Z,22.00,107.50
WP242025,JTWC,2025-09-24T06:00:00Z,36,2025-09-25T18:00:00Z,22.10,104.90
WP242025,JTWC,2025-09-24T12:00:00Z,12,2025-09-25T00:00:00Z,22.00,108.50
WP242025,JTWC,2025-09-24T12:00:00Z,24,2025-09-25T12:00:00Z,21.90,106.20
WP242025,JTWC,2025-09-24T12:00:00Z,36,2025-09-26T00:00:00Z,21.80,104.10
WP252025,JTWC,2025-09-18T12:00:00Z,12,2025-09-19T00:00:00Z,23.50,161.10
WP252025,JTWC,2025-09-18T12:00:00Z,24,2025-09-19T12:00:00Z,24.10,159.20
WP252025,JTWC,2025-09-18T12:00:00Z,36,2025-09-20T00:00:00Z,24.80,157.10
WP252025,JTWC,2025-09-18T18:00:00Z,12,2025-09-19T06:00:00Z,24.00,160.40
WP252025,JTWC,2025-09-18T18:00:00Z,24,2025-09-19T18:00:00Z,24.70,158.30
WP252025,JTWC,2025-09-18T18:00:00Z,36,2025-09-20T06:00:00Z,25.30,156.50
WP252025,JTWC,2025-09-19T00:00:00Z,12,2025-09-19T12:00:00Z,24.40,159.30
WP252025,JTWC,2025-09-19T00:00:00Z,24,2025-09-20T00:00:00Z,25.10,157.10
WP252025,JTWC,2025-09-19T00:00:00Z,36,2025-09-20T12:00:00Z,25.80,155.10
WP252025,JTWC,2025-09-19T06:00:00Z,12,2025-09-19T18:00:00Z,24.80,158.10
WP252025,JTWC,2025-09-19T06:00:00Z,24,2025-09-20T06:00:00Z,25.40,156.00
WP252025,JTWC,2025-09-19T06:00:00Z,36,2025-09-20T18:00:00Z,26.10,153.90
WP252025,JTWC,2025-09-19T12:00:00Z,12,2025-09-20T00:00:00Z,25.40,157.00
WP252025,JTWC,2025-09-19T12:00:00Z,24,2025-09-20T12:00:00Z,25.90,155.00
WP252025,JTWC,2025-09-19T12:00:00Z,36,2025-09-21T00:00:00Z,26.80,152.90
WP252025,JTWC,2025-09-19T18:00:00Z,12,2025-09-20T06:00:00Z,25.80,155.90
WP252025,JTWC,2025-09-19T18:00:00Z,24,2025-09-20T18:00:00Z,26.50,153.80
WP252025,JTWC,2025-09-19T18:00:00Z,36,2025-09-21T06:00:00Z,27.60,151.90
WP252025,JTWC,2025-09-20T00:00:00Z,12,2025-09-20T12:00:00Z,26.20,154.80
WP252025,JTWC,2025-09-20T00:00:00Z,24,2025-09-21T00:00:00Z,27.10,152.90
WP252025,JTWC,2025-09-20T00:00:00Z,36,2025-09-21T12:00:00Z,28.30,151.20
WP252025,JTWC,2025-09-20T06:00:00Z,12,2025-09-20T18:00:00Z,26.70,154.00
WP252025,JTWC,2025-09-20T06:00:00Z,24,2025-09-21T06:00:00Z,28.00,152.20
WP252025,JTWC,2025-09-20T06:00:00Z,36,2025-09-21T18:00:00Z,29.10,151.30
WP252025,JTWC,2025-09-20T12:00:00Z,12,2025-09-21T00:00:00Z,27.20,152.90
WP252025,JTWC,2025-09-20T12:00:00Z,24,2025-09-21T12:00:00Z,28.30,151.50
WP252025,JTWC,2025-09-20T12:00:00Z,36,2025-09-22T00:00:00Z,29.50,151.10
WP252025,JTWC,2025-09-20T18:00:00Z,12,2025-09-21T06:00:00Z,28.00,152.10
WP252025,JTWC,2025-09-20T18:00:00Z,24,2025-09-21T18:00:00Z,29.20,151.10
WP252025,JTWC,2025-09-20T18:00:00Z,36,2025-09-22T06:00:00Z,30.10,151.50
WP252025,JTWC,2025-09-21T00:00:00Z,12,2025-09-21T12:00:00Z,28.40,151.40
WP252025,JTWC,2025-09-21T00:00:00Z,24,2025-09-22T00:00:00Z,29.40,151.10
WP252025,JTWC,2025-09-21T00:00:00Z,36,2025-09-22T12:00:00Z,30.20,151.60
WP252025,JTWC,2025-09-21T06:00:00Z,12,2025-09-21T18:00:00Z,28.90,151.00
WP252025,JTWC,2025-09-21T06:00:00Z,24,2025-09-22T06:00:00Z,29.70,151.10
WP252025,JTWC,2025-09-21T06:00:00Z,36,2025-09-22T18:00:00Z,30.30,151.80
WP252025,JTWC,2025-09-21T12:00:00Z,12,2025-09-22T00:00:00Z,29.60,151.20
WP252025,JTWC,2025-09-21T12:00:00Z,24,2025-09-22T12:00:00Z,30.20,151.70
WP252025,JTWC,2025-09-21T12:00:00Z,36,2025-09-23T00:00:00Z,30.70,152.20
WP252025,JTWC,2025-09-21T18:00:00Z,12,2025-09-22T06:00:00Z,30.10,151.10
WP252025,JTWC,2025-09-21T18:00:00Z,24,2025-09-22T18:00:00Z,30.60,151.80
WP252025,JTWC,2025-09-21T18:00:00Z,36,2025-09-23T06:00:00Z,30.90,152.50
WP252025,JTWC,2025-09-22T00:00:00Z,12,2025-09-22T12:00:00Z,30.20,151.70
WP252025,JTWC,2025-09-22T00:00:00Z,24,2025-09-23T00:00:00Z,30.50,152.60
WP252025,JTWC,2025-09-22T00:00:00Z,36,2025-09-23T12:00:00Z,30.70,153.50
WP252025,JTWC,2025-09-22T06:00:00Z,12,2025-09-22T18:00:00Z,30.50,152.70
WP252025,JTWC,2025-09-22T06:00:00Z,24,2025-09-23T06:00:00Z,30.60,153.30
WP252025,JTWC,2025-09-22T06:00:00Z,36,2025-09-23T18:00:00Z,30.80,154.10
WP252025,JTWC,2025-09-22T12:00:00Z,12,2025-09-23T00:00:00Z,30.40,153.50
WP252025,JTWC,2025-09-22T12:00:00Z,24,2025-09-23T12:00:00Z,30.50,154.30
WP252025,JTWC,2025-09-22T12:00:00Z,36,2025-09-24T00:00:00Z,30.70,155.20
WP252025,JTWC,2025-09-22T18:00:00Z,12,2025-09-23T06:00:00Z,30.60,153.30
WP252025,JTWC,2025-09-22T18:00:00Z,24,2025-09-23T18:00:00Z,30.90,154.30
WP252025,JTWC,2025-09-22T18:00:00Z,36,2025-09-24T06:00:00Z,31.60,156.10
WP252025,JTWC,2025-09-23T00:00:00Z,12,2025-09-23T12:00:00Z,30.70,153.80
WP252025,JTWC,2025-09-23T00:00:00Z,24,2025-09-24T00:00:00Z,31.10,154.90
WP252025,JTWC,2025-09-23T00:00:00Z,36,2025-09-24T12:00:00Z,32.10,156.20
WP252025,JTWC,2025-09-23T06:00:00Z,12,2025-09-23T18:00:00Z,30.90,154.20
WP252025,JTWC,2025-09-23T06:00:00Z,24,2025-09-24T06:00:00Z,31.40,155.80
WP252025,JTWC,2025-09-23T06:00:00Z,36,2025-09-24T18:00:00Z,32.30,156.80
WP252025,JTWC,2025-09-23T12:00:00Z,12,2025-09-24T00:00:00Z,30.80,154.40
WP252025,JTWC,2025-09-23T12:00:00Z,24,2025-09-24T12:00:00Z,31.50,156.20
WP252025,JTWC,2025-09-23T12:00:00Z,36,2025-09-25T00:00:00Z,32.20,156.50
WP252025,JTWC,2025-09-23T18:00:00Z,12,2025-09-24T06:00:00Z,30.80,155.10
WP252025,JTWC,2025-09-23T18:00:00Z,24,2025-09-24T18:00:00Z,31.70,156.10
WP252025,JTWC,2025-09-23T18:00:00Z,36,2025-09-25T06:00:00Z,32.00,155.40
WP252025,JTWC,2025-09-24T00:00:00Z,12,2025-09-24T12:00:00Z,31.00,155.40
WP252025,JTWC,2025-09-24T00:00:00Z,24,2025-09-25T00:00:00Z,31.60,155.80
WP252025,JTWC,2025-09-24T00:00:00Z,36,2025-09-25T12:00:00Z,31.70,154.80
WP252025,JTWC,2025-09-24T06:00:00Z,12,2025-09-24T18:00:00Z,31.60,156.70
WP252025,JTWC,2025-09-24T06:00:00Z,24,2025-09-25T06:00:00Z,31.80,155.60
WP252025,JTWC,2025-09-24T06:00:00Z,36,2025-09-25T18:00:00Z,31.60,154.30
WP252025,JTWC,2025-09-24T12:00:00Z,12,2025-09-25T00:00:00Z,31.80,157.00
WP252025,JTWC,2025-09-24T12:00:00Z,24,2025-09-25T12:00:00Z,32.10,156.10
WP252025,JTWC,2025-09-24T12:00:00Z,36,2025-09-26T00:00:00Z,32.10,154.70
WP252025,JTWC,2025-09-24T18:00:00Z,12,2025-09-25T06:00:00Z,32.60,156.90
WP252025,JTWC,2025-09-24T18:00:00Z,24,2025-09-25T18:00:00Z,32.50,156.00
WP252025,JTWC,2025-09-24T18:00:00Z,36,2025-09-26T06:00:00Z,32.50,155.20
WP252025,JTWC,2025-09-25T00:00:00Z,12,2025-09-25T12:00:00Z,32.90,156.60
WP252025,JTWC,2025-09-25T00:00:00Z,24,2025-09-26T00:00:00Z,32.90,155.90
WP252025,JTWC,2025-09-25T00:00:00Z,36,2025-09-26T12:00:00Z,33.20,156.50
WP252025,JTWC,2025-09-25T06:00:00Z,12,2025-09-25T18:00:00Z,32.70,154.60
WP252025,JTWC,2025-09-25T06:00:00Z,24,2025-09-26T06:00:00Z,32.50,154.20
WP252025,JTWC,2025-09-25T06:00:00Z,36,2025-09-26T18:00:00Z,32.60,155.10
WP252025,JTWC,2025-09-25T12:00:00Z,12,2025-09-26T00:00:00Z,32.00,153.80
WP252025,JTWC,2025-09-25T12:00:00Z,24,2025-09-26T12:00:00Z,31.80,154.00
WP252025,JTWC,2025-09-25T12:00:00Z,36,2025-09-27T00:00:00Z,32.10,155.80
WP252025,JTWC,2025-09-25T18:00:00Z,12,2025-09-26T06:00:00Z,31.80,153.80
WP252025,JTWC,2025-09-25T18:00:00Z,24,2025-09-26T18:00:00Z,31.90,154.80
WP252025,JTWC,2025-09-25T18:00:00Z,36,2025-09-27T06:00:00Z,32.70,157.20
WP252025,JTWC,2025-09-26T00:00:00Z,12,2025-09-26T12:00:00Z,31.90,154.10
WP252025,JTWC,2025-09-26T00:00:00Z,24,2025-09-27T00:00:00Z,32.40,155.80
WP252025,JTWC,2025-09-26T00:00:00Z,36,2025-09-27T12:00:00Z,33.90,159.00
WP252025,JTWC,2025-09-26T06:00:00Z,12,2025-09-26T18:00:00Z,32.10,154.70
WP252025,JTWC,2025-09-26T06:00:00Z,24,2025-09-27T06:00:00Z,32.80,157.30
WP252025,JTWC,2025-09-26T06:00:00Z,36,2025-09-27T18:00:00Z,34.30,160.80
WP252025,JTWC,2025-09-26T12:00:00Z,12,2025-09-27T00:00:00Z,32.20,155.70
WP252025,JTWC,2025-09-26T12:00:00Z,24,2025-09-27T12:00:00Z,33.20,158.70
WP252025,JTWC,2025-09-26T12:00:00Z,36,2025-09-28T00:00:00Z,35.50,162.80
WP252025,JTWC,2025-09-26T18:00:00Z,12,2025-09-27T06:00:00Z,32.20,157.10
WP252025,JTWC,2025-09-26T18:00:00Z,24,2025-09-27T18:00:00Z,33.90,160.60
WP252025,JTWC,2025-09-26T18:00:00Z,36,2025-09-28T06:00:00Z,36.90,165.30
WP252025,JTWC,2025-09-27T00:00:00Z,12,2025-09-27T12:00:00Z,32.60,158.50
WP252025,JTWC,2025-09-27T00:00:00Z,24,2025-09-28T00:00:00Z,34.50,162.20
WP252025,JTWC,2025-09-27T00:00:00Z,36,2025-09-28T12:00:00Z,37.80,167.00
WP252025,JTWC,2025-09-27T06:00:00Z,12,2025-09-27T18:00:00Z,33.50,160.50
WP252025,JTWC,2025-09-27T06:00:00Z,24,2025-09-28T06:00:00Z,36.30,164.60
WP252025,JTWC,2025-09-27T06:00:00Z,36,2025-09-28T18:00:00Z,39.90,169.40
WP252025,JTWC,2025-09-27T12:00:00Z,12,2025-09-28T00:00:00Z,34.50,162.60
WP252025,JTWC,2025-09-27T12:00:00Z,24,2025-09-28T12:00:00Z,37.90,167.10
WP252025,JTWC,2025-09-27T12:00:00Z,36,2025-09-29T00:00:00Z,41.50,172.30
WP252025,JTWC,2025-09-27T18:00:00Z,12,2025-09-28T06:00:00Z,36.10,164.80
WP252025,JTWC,2025-09-27T18:00:00Z,24,2025-09-28T18:00:00Z,40.00,169.70
WP252025,JTWC,2025-09-27T18:00:00Z,36,2025-09-29T06:00:00Z,42.90,174.80
WP252025,JTWC,2025-09-28T00:00:00Z,12,2025-09-28T12:00:00Z,37.80,167.00
WP252025,JTWC,2025-09-28T00:00:00Z,24,2025-09-29T00:00:00Z,41.30,172.00
WP252025,JTWC,2025-09-28T00:00:00Z,36,2025-09-29T12:00:00Z,43.70,177.80
WP252025,JTWC,2025-09-28T06:00:00Z,12,2025-09-28T18:00:00Z,39.60,169.70
WP252025,JTWC,2025-09-28T06:00:00Z,24,2025-09-29T06:00:00Z,42.90,175.10
WP252025,JTWC,2025-09-28T12:00:00Z,12,2025-09-29T00:00:00Z,41.70,172.50
WP252025,JTWC,2025-09-28T12:00:00Z,24,2025-09-29T12:00:00Z,44.20,178.30
WP252025,JTWC,2025-09-28T18:00:00Z,12,2025-09-29T06:00:00Z,43.60,175.50
WP252025,JTWC,2025-09-28T18:00:00Z,24,2025-09-29T18:00:00Z,45.00,-178.40
WP252025,JTWC,2025-09-29T00:00:00Z,12,2025-09-29T12:00:00Z,44.60,178.20
WP252025,JTWC,2025-09-29T00:00:00Z,24,2025-09-30T00:00:00Z,45.30,-175.50
WP262025,JTWC,2025-09-23T12:00:00Z,12,2025-09-24T00:00:00Z,9.80,132.80
WP262025,JTWC,2025-09-23T12:00:00Z,24,2025-09-24T12:00:00Z,10.40,131.40
WP262025,JTWC,2025-09-23T12:00:00Z,36,2025-09-25T00:00:00Z,11.30,129.60
WP262025,JTWC,2025-09-23T18:00:00Z,12,2025-09-24T06:00:00Z,9.70,132.40
WP262025,JTWC,2025-09-23T18:00:00Z,24,2025-09-24T18:00:00Z,10.50,130.70
WP262025,JTWC,2025-09-23T18:00:00Z,36,2025-09-25T06:00:00Z,11.50,128.60
WP262025,JTWC,2025-09-24T00:00:00Z,12,2025-09-24T12:00:00Z,10.10,131.30
WP262025,JTWC,2025-09-24T00:00:00Z,24,2025-09-25T00:00:00Z,11.10,129.40
WP262025,JTWC,2025-09-24T00:00:00Z,36,2025-09-25T12:00:00Z,12.10,127.20
WP262025,JTWC,2025-09-24T06:00:00Z,12,2025-09-24T18:00:00Z,10.80,130.00
WP262025,JTWC,2025-09-24T06:00:00Z,24,2025-09-25T06:00:00Z,11.80,128.00
WP262025,JTWC,2025-09-24T06:00:00Z,36,2025-09-25T18:00:00Z,12.70,125.40
WP262025,JTWC,2025-09-24T12:00:00Z,12,2025-09-25T00:00:00Z,11.20,129.10
WP262025,JTWC,2025-09-24T12:00:00Z,24,2025-09-25T12:00:00Z,12.20,126.90
WP262025,JTWC,2025-09-24T12:00:00Z,36,2025-09-26T00:00:00Z,13.10,123.90
WP262025,JTWC,2025-09-24T18:00:00Z,12,2025-09-25T06:00:00Z,11.60,128.00
WP262025,JTWC,2025-09-24T18:00:00Z,24,2025-09-25T18:00:00Z,12.50,125.40
WP262025,JTWC,2025-09-24T18:00:00Z,36,2025-09-26T06:00:00Z,13.40,122.40
WP262025,JTWC,2025-09-25T00:00:00Z,12,2025-09-25T12:00:00Z,12.10,126.80
WP262025,JTWC,2025-09-25T00:00:00Z,24,2025-09-26T00:00:00Z,13.00,124.10
WP262025,JTWC,2025-09-25T00:00:00Z,36,2025-09-26T12:00:00Z,13.80,121.20
WP262025,JTWC,2025-09-25T06:00:00Z,12,2025-09-25T18:00:00Z,12.30,125.30
WP262025,JTWC,2025-09-25T06:00:00Z,24,2025-09-26T06:00:00Z,13.20,121.80
WP262025,JTWC,2025-09-25T06:00:00Z,36,2025-09-26T18:00:00Z,14.10,118.10
WP262025,JTWC,2025-09-25T12:00:00Z,12,2025-09-26T00:00:00Z,13.00,123.50
WP262025,JTWC,2025-09-25T12:00:00Z,24,2025-09-26T12:00:00Z,14.00,119.60
WP262025,JTWC,2025-09-25T12:00:00Z,36,2025-09-27T00:00:00Z,14.90,115.60
WP262025,JTWC,2025-09-25T18:00:00Z,12,2025-09-26T06:00:00Z,13.10,121.90
WP262025,JTWC,2025-09-25T18:00:00Z,24,2025-09-26T18:00:00Z,14.00,118.00
WP262025,JTWC,2025-09-25T18:00:00Z,36,2025-09-27T06:00:00Z,14.90,114.40
WP262025,JTWC,2025-09-26T00:00:00Z,12,2025-09-26T12:00:00Z,13.30,119.60
WP262025,JTWC,2025-09-26T00:00:00Z,24,2025-09-27T00:00:00Z,14.20,115.90
WP262025,JTWC,2025-09-26T00:00:00Z,36,2025-09-27T12:00:00Z,15.10,112.50
WP262025,JTWC,2025-09-26T06:00:00Z,12,2025-09-26T18:00:00Z,13.90,116.70
WP262025,JTWC,2025-09-26T06:00:00Z,24,2025-09-27T06:00:00Z,14.70,113.10
WP262025,JTWC,2025-09-26T06:00:00Z,36,2025-09-27T18:00:00Z,15.60,110.20
WP262025,JTWC,2025-09-26T12:00:00Z,12,2025-09-27T00:00:00Z,14.20,115.60
WP262025,JTWC,2025-09-26T12:00:00Z,24,2025-09-27T12:00:00Z,15.00,112.20
WP262025,JTWC,2025-09-26T12:00:00Z,36,2025-09-28T00:00:00Z,15.90,109.60
WP262025,JTWC,2025-09-26T18:00:00Z,12,2025-09-27T06:00:00Z,15.00,113.60
WP262025,JTWC,2025-09-26T18:00:00Z,24,2025-09-27T18:00:00Z,15.80,110.60
WP262025,JTWC,2025-09-26T18:00:00Z,36,2025-09-28T06:00:00Z,16.90,108.30
WP262025,JTWC,2025-09-27T00:00:00Z,12,2025-09-27T12:00:00Z,15.90,111.70
WP262025,JTWC,2025-09-27T00:00:00Z,24,2025-09-28T00:00:00Z,16.90,109.10
WP262025,JTWC,2025-09-27T00:00:00Z,36,2025-09-28T12:00:00Z,18.00,106.70
WP262025,JTWC,2025-09-27T06:00:00Z,12,2025-09-27T18:00:00Z,16.20,110.80
WP262025,JTWC,2025-09-27T06:00:00Z,24,2025-09-28T06:00:00Z,17.30,108.50
WP262025,JTWC,2025-09-27T06:00:00Z,36,2025-09-28T18:00:00Z,18.40,106.30
WP262025,JTWC,2025-09-27T12:00:00Z,12,2025-09-28T00:00:00Z,16.90,109.50
WP262025,JTWC,2025-09-27T12:00:00Z,24,2025-09-28T12:00:00Z,18.10,107.10
WP262025,JTWC,2025-09-27T12:00:00Z,36,2025-09-29T00:00:00Z,19.10,104.70
WP262025,JTWC,2025-09-27T18:00:00Z,12,2025-09-28T06:00:00Z,16.80,108.10
WP262025,JTWC,2025-09-27T18:00:00Z,24,2025-09-28T18:00:00Z,18.10,105.70
WP262025,JTWC,2025-09-27T18:00:00Z,36,2025-09-29T06:00:00Z,19.20,103.30
WP262025,JTWC,2025-09-28T00:00:00Z,12,2025-09-28T12:00:00Z,17.60,107.10
WP262025,JTWC,2025-09-28T00:00:00Z,24,2025-09-29T00:00:00Z,18.70,104.70
WP262025,JTWC,2025-09-28T00:00:00Z,36,2025-09-29T12:00:00Z,19.60,102.30
WP262025,JTWC,2025-09-28T06:00:00Z,12,2025-09-28T18:00:00Z,18.10,105.70
WP262025,JTWC,2025-09-28T06:00:00Z,24,2025-09-29T06:00:00Z,19.10,103.00
WP262025,JTWC,2025-09-28T06:00:00Z,36,2025-09-29T18:00:00Z,20.00,100.60
WP262025,JTWC,2025-09-28T12:00:00Z,12,2025-09-29T00:00:00Z,18.90,104.70
WP262025,JTWC,2025-09-28T12:00:00Z,24,2025-09-29T12:00:00Z,19.90,102.00
WP262025,JTWC,2025-09-28T12:00:00Z,36,2025-09-30T00:00:00Z,20.70,99.80
WP262025,JTWC,2025-09-28T18:00:00Z,12,2025-09-29T06:00:00Z,19.40,103.80
WP262025,JTWC,2025-09-28T18:00:00Z,24,2025-09-29T18:00:00Z,20.40,101.40
WP262025,JTWC,2025-09-28T18:00:00Z,36,2025-09-30T06:00:00Z,21.50,98.70
WP272025,JTWC,2025-10-01T06:00:00Z,12,2025-10-01T18:00:00Z,15.30,128.90
WP272025,JTWC,2025-10-01T06:00:00Z,24,2025-10-02T06:00:00Z,16.10,126.60
WP272025,JTWC,2025-10-01T06:00:00Z,36,2025-10-02T18:00:00Z,16.90,124.20
WP272025,JTWC,2025-10-01T12:00:00Z,12,2025-10-02T00:00:00Z,15.20,127.70
WP272025,JTWC,2025-10-01T12:00:00Z,24,2025-10-02T12:00:00Z,16.00,125.20
WP272025,JTWC,2025-10-01T12:00:00Z,36,2025-10-03T00:00:00Z,16.90,122.50
WP272025,JTWC,2025-10-01T18:00:00Z,12,2025-10-02T06:00:00Z,15.40,126.20
WP272025,JTWC,2025-10-01T18:00:00Z,24,2025-10-02T18:00:00Z,16.30,123.50
WP272025,JTWC,2025-10-01T18:00:00Z,36,2025-10-03T06:00:00Z,17.20,120.80
WP272025,JTWC,2025-10-02T00:00:00Z,12,2025-10-02T12:00:00Z,16.10,124.50
WP272025,JTWC,2025-10-02T00:00:00Z,24,2025-10-03T00:00:00Z,17.00,122.00
WP272025,JTWC,2025-10-02T00:00:00Z,36,2025-10-03T12:00:00Z,17.90,118.70
WP272025,JTWC,2025-10-02T06:00:00Z,12,2025-10-02T18:00:00Z,15.90,124.10
WP272025,JTWC,2025-10-02T06:00:00Z,24,2025-10-03T06:00:00Z,16.80,121.60
WP272025,JTWC,2025-10-02T06:00:00Z,36,2025-10-03T18:00:00Z,17.60,118.60
WP272025,JTWC,2025-10-02T12:00:00Z,12,2025-10-03T00:00:00Z,16.40,122.40
WP272025,JTWC,2025-10-02T12:00:00Z,24,2025-10-03T12:00:00Z,17.30,119.60
WP272025,JTWC,2025-10-02T12:00:00Z,36,2025-10-04T00:00:00Z,18.10,116.70
WP272025,JTWC,2025-10-02T18:00:00Z,12,2025-10-03T06:00:00Z,16.90,120.90
WP272025,JTWC,2025-10-02T18:00:00Z,24,2025-10-03T18:00:00Z,17.60,118.10
WP272025,JTWC,2025-10-02T18:00:00Z,36,2025-10-04T06:00:00Z,18.40,115.30
WP272025,JTWC,2025-10-03T00:00:00Z,12,2025-10-03T12:00:00Z,17.20,119.80
WP272025,JTWC,2025-10-03T00:00:00Z,24,2025-10-04T00:00:00Z,17.90,117.00
WP272025,JTWC,2025-10-03T00:00:00Z,36,2025-10-04T12:00:00Z,18.90,114.20
WP272025,JTWC,2025-10-03T06:00:00Z,12,2025-10-03T18:00:00Z,17.80,118.00
WP272025,JTWC,2025-10-03T06:00:00Z,24,2025-10-04T06:00:00Z,18.60,115.30
WP272025,JTWC,2025-10-03T06:00:00Z,36,2025-10-04T18:00:00Z,19.60,112.80
WP272025,JTWC,2025-10-03T12:00:00Z,12,2025-10-04T00:00:00Z,18.20,116.60
WP272025,JTWC,2025-10-03T12:00:00Z,24,2025-10-04T12:00:00Z,19.10,114.00
WP272025,JTWC,2025-10-03T12:00:00Z,36,2025-10-05T00:00:00Z,20.10,111.60
WP272025,JTWC,2025-10-03T18:00:00Z,12,2025-10-04T06:00:00Z,18.50,115.50
WP272025,JTWC,2025-10-03T18:00:00Z,24,2025-10-04T18:00:00Z,19.50,113.00
WP272025,JTWC,2025-10-03T18:00:00Z,36,2025-10-05T06:00:00Z,20.50,110.80
WP272025,JTWC,2025-10-04T00:00:00Z,12,2025-10-04T12:00:00Z,19.10,114.10
WP272025,JTWC,2025-10-04T00:00:00Z,24,2025-10-05T00:00:00Z,20.10,111.80
WP272025,JTWC,2025-10-04T00:00:00Z,36,2025-10-05T12:00:00Z,21.40,109.60
WP272025,JTWC,2025-10-04T06:00:00Z,12,2025-10-04T18:00:00Z,19.20,112.80
WP272025,JTWC,2025-10-04T06:00:00Z,24,2025-10-05T06:00:00Z,20.40,110.60
WP272025,JTWC,2025-10-04T06:00:00Z,36,2025-10-05T18:00:00Z,21.50,108.50
WP272025,JTWC,2025-10-04T12:00:00Z,12,2025-10-05T00:00:00Z,20.30,111.70
WP272025,JTWC,2025-10-04T12:00:00Z,24,2025-10-05T12:00:00Z,21.40,109.50
WP272025,JTWC,2025-10-04T12:00:00Z,36,2025-10-06T00:00:00Z,22.40,107.50
WP272025,JTWC,2025-10-04T18:00:00Z,12,2025-10-05T06:00:00Z,21.00,110.60
WP272025,JTWC,2025-10-04T18:00:00Z,24,2025-10-05T18:00:00Z,22.00,108.50
WP272025,JTWC,2025-10-04T18:00:00Z,36,2025-10-06T06:00:00Z,22.90,106.60
WP272025,JTWC,2025-10-05T00:00:00Z,12,2025-10-05T12:00:00Z,21.30,109.50
WP272025,JTWC,2025-10-05T00:00:00Z,24,2025-10-06T00:00:00Z,22.20,107.40
WP272025,JTWC,2025-10-05T00:00:00Z,36,2025-10-06T12:00:00Z,23.10,105.40
WP272025,JTWC,2025-10-05T06:00:00Z,12,2025-10-05T18:00:00Z,21.80,108.40
WP272025,JTWC,2025-10-05T06:00:00Z,24,2025-10-06T06:00:00Z,22.70,106.50
WP272025,JTWC,2025-10-05T06:00:00Z,36,2025-10-06T18:00:00Z,23.40,104.60
WP272025,JTWC,2025-10-05T12:00:00Z,12,2025-10-06T00:00:00Z,22.30,107.60
WP272025,JTWC,2025-10-05T12:00:00Z,24,2025-10-06T12:00:00Z,23.10,105.70
WP272025,JTWC,2025-10-05T12:00:00Z,36,2025-10-07T00:00:00Z,23.60,103.70
WP272025,JTWC,2025-10-05T18:00:00Z,12,2025-10-06T06:00:00Z,22.70,106.60
WP272025,JTWC,2025-10-05T18:00:00Z,24,2025-10-06T18:00:00Z,23.40,104.60
WP272025,JTWC,2025-10-05T18:00:00Z,36,2025-10-07T06:00:00Z,23.80,102.80
WP282025,JTWC,2025-10-04T12:00:00Z,12,2025-10-05T00:00:00Z,24.90,142.50
WP282025,JTWC,2025-10-04T12:00:00Z,24,2025-10-05T12:00:00Z,25.00,141.80
WP282025,JTWC,2025-10-04T12:00:00Z,36,2025-10-06T00:00:00Z,25.00,140.50
WP282025,JTWC,2025-10-04T18:00:00Z,12,2025-10-05T06:00:00Z,25.00,141.70
WP282025,JTWC,2025-10-04T18:00:00Z,24,2025-10-05T18:00:00Z,25.00,140.60
WP282025,JTWC,2025-10-04T18:00:00Z,36,2025-10-06T06:00:00Z,25.10,139.10
WP282025,JTWC,2025-10-05T00:00:00Z,12,2025-10-05T12:00:00Z,24.90,141.70
WP282025,JTWC,2025-10-05T00:00:00Z,24,2025-10-06T00:00:00Z,25.00,140.40
WP282025,JTWC,2025-10-05T00:00:00Z,36,2025-10-06T12:00:00Z,25.10,138.60
WP282025,JTWC,2025-10-05T06:00:00Z,12,2025-10-05T18:00:00Z,25.10,141.30
WP282025,JTWC,2025-10-05T06:00:00Z,24,2025-10-06T06:00:00Z,25.30,139.90
WP282025,JTWC,2025-10-05T06:00:00Z,36,2025-10-06T18:00:00Z,25.70,138.20
WP282025,JTWC,2025-10-05T12:00:00Z,12,2025-10-06T00:00:00Z,25.50,141.30
WP282025,JTWC,2025-10-05T12:00:00Z,24,2025-10-06T12:00:00Z,25.90,139.80
WP282025,JTWC,2025-10-05T12:00:00Z,36,2025-10-07T00:00:00Z,26.50,138.10
WP282025,JTWC,2025-10-05T18:00:00Z,12,2025-10-06T06:00:00Z,25.90,140.60
WP282025,JTWC,2025-10-05T18:00:00Z,24,2025-10-06T18:00:00Z,26.40,139.00
WP282025,JTWC,2025-10-05T18:00:00Z,36,2025-10-07T06:00:00Z,27.20,137.40
WP282025,JTWC,2025-10-06T00:00:00Z,12,2025-10-06T12:00:00Z,26.10,140.10
WP282025,JTWC,2025-10-06T00:00:00Z,24,2025-10-07T00:00:00Z,26.70,138.50
WP282025,JTWC,2025-10-06T00:00:00Z,36,2025-10-07T12:00:00Z,27.80,137.10
WP282025,JTWC,2025-10-06T06:00:00Z,12,2025-10-06T18:00:00Z,26.40,139.40
WP282025,JTWC,2025-10-06T06:00:00Z,24,2025-10-07T06:00:00Z,27.30,137.90
WP282025,JTWC,2025-10-06T06:00:00Z,36,2025-10-07T18:00:00Z,28.60,136.90
WP282025,JTWC,2025-10-06T12:00:00Z,12,2025-10-07T00:00:00Z,27.10,138.30
WP282025,JTWC,2025-10-06T12:00:00Z,24,2025-10-07T12:00:00Z,28.30,137.10
WP282025,JTWC,2025-10-06T12:00:00Z,36,2025-10-08T00:00:00Z,29.70,136.70
WP282025,JTWC,2025-10-06T18:00:00Z,12,2025-10-07T06:00:00Z,27.60,137.80
WP282025,JTWC,2025-10-06T18:00:00Z,24,2025-10-07T18:00:00Z,28.90,136.80
WP282025,JTWC,2025-10-06T18:00:00Z,36,2025-10-08T06:00:00Z,30.40,136.90
WP282025,JTWC,2025-10-07T00:00:00Z,12,2025-10-07T12:00:00Z,28.10,137.50
WP282025,JTWC,2025-10-07T00:00:00Z,24,2025-10-08T00:00:00Z,29.30,136.90
WP282025,JTWC,2025-10-07T00:00:00Z,36,2025-10-08T12:00:00Z,31.00,137.70
WP282025,JTWC,2025-10-07T06:00:00Z,12,2025-10-07T18:00:00Z,28.90,137.00
WP282025,JTWC,2025-10-07T06:00:00Z,24,2025-10-08T06:00:00Z,30.40,137.20
WP282025,JTWC,2025-10-07T06:00:00Z,36,2025-10-08T18:00:00Z,31.80,138.70
WP282025,JTWC,2025-10-07T12:00:00Z,12,2025-10-08T00:00:00Z,29.50,137.00
WP282025,JTWC,2025-10-07T12:00:00Z,24,2025-10-08T12:00:00Z,31.00,137.80
WP282025,JTWC,2025-10-07T12:00:00Z,36,2025-10-09T00:00:00Z,32.50,140.30
WP282025,JTWC,2025-10-07T18:00:00Z,12,2025-10-08T06:00:00Z,30.40,137.40
WP282025,JTWC,2025-10-07T18:00:00Z,24,2025-10-08T18:00:00Z,32.10,139.10
WP282025,JTWC,2025-10-07T18:00:00Z,36,2025-10-09T06:00:00Z,33.30,142.70
WP282025,JTWC,2025-10-08T00:00:00Z,12,2025-10-08T12:00:00Z,31.40,138.20
WP282025,JTWC,2025-10-08T00:00:00Z,24,2025-10-09T00:00:00Z,32.90,140.70
WP282025,JTWC,2025-10-08T00:00:00Z,36,2025-10-09T12:00:00Z,33.80,145.00
WP282025,JTWC,2025-10-08T06:00:00Z,12,2025-10-08T18:00:00Z,32.10,139.70
WP282025,JTWC,2025-10-08T06:00:00Z,24,2025-10-09T06:00:00Z,33.30,143.10
WP282025,JTWC,2025-10-08T06:00:00Z,36,2025-10-09T18:00:00Z,34.00,148.40
WP282025,JTWC,2025-10-08T12:00:00Z,12,2025-10-09T00:00:00Z,32.90,141.30
WP282025,JTWC,2025-10-08T12:00:00Z,24,2025-10-09T12:00:00Z,33.90,145.60
WP282025,JTWC,2025-10-08T12:00:00Z,36,2025-10-10T00:00:00Z,34.70,151.60
WP282025,JTWC,2025-10-08T18:00:00Z,12,2025-10-09T06:00:00Z,33.70,143.00
WP282025,JTWC,2025-10-08T18:00:00Z,24,2025-10-09T18:00:00Z,34.50,148.90
WP282025,JTWC,2025-10-08T18:00:00Z,36,2025-10-10T06:00:00Z,35.00,157.20
WP282025,JTWC,2025-10-09T00:00:00Z,12,2025-10-09T12:00:00Z,34.00,146.00
WP282025,JTWC,2025-10-09T00:00:00Z,24,2025-10-10T00:00:00Z,34.40,153.10
WP282025,JTWC,2025-10-09T00:00:00Z,36,2025-10-10T12:00:00Z,35.00,161.20
WP282025,JTWC,2025-10-09T06:00:00Z,12,2025-10-09T18:00:00Z,34.30,150.00
WP282025,JTWC,2025-10-09T06:00:00Z,24,2025-10-10T06:00:00Z,34.80,157.70
WP282025,JTWC,2025-10-09T06:00:00Z,36,2025-10-10T18:00:00Z,35.90,166.30
WP282025,JTWC,2025-10-09T12:00:00Z,12,2025-10-10T00:00:00Z,34.40,154.00
WP282025,JTWC,2025-10-09T12:00:00Z,24,2025-10-10T12:00:00Z,35.10,162.00
WP282025,JTWC,2025-10-09T12:00:00Z,36,2025-10-11T00:00:00Z,37.60,170.50
WP282025,JTWC,2025-10-09T18:00:00Z,12,2025-10-10T06:00:00Z,34.60,157.60
WP282025,JTWC,2025-10-09T18:00:00Z,24,2025-10-10T18:00:00Z,36.10,166.10
WP292025,JTWC,2025-10-08T06:00:00Z,12,2025-10-08T18:00:00Z,21.00,137.00
WP292025,JTWC,2025-10-08T06:00:00Z,24,2025-10-09T06:00:00Z,22.90,135.70
WP292025,JTWC,2025-10-08T06:00:00Z,36,2025-10-09T18:00:00Z,24.40,134.40
WP292025,JTWC,2025-10-08T12:00:00Z,12,2025-10-09T00:00:00Z,22.40,135.90
WP292025,JTWC,2025-10-08T12:00:00Z,24,2025-10-09T12:00:00Z,24.10,134.60
WP292025,JTWC,2025-10-08T12:00:00Z,36,2025-10-10T00:00:00Z,25.50,133.30
WP292025,JTWC,2025-10-08T18:00:00Z,12,2025-10-09T06:00:00Z,23.60,135.00
WP292025,JTWC,2025-10-08T18:00:00Z,24,2025-10-09T18:00:00Z,25.10,133.70
WP292025,JTWC,2025-10-08T18:00:00Z,36,2025-10-10T06:00:00Z,26.30,132.40
WP292025,JTWC,2025-10-09T00:00:00Z,12,2025-10-09T12:00:00Z,24.40,134.20
WP292025,JTWC,2025-10-09T00:00:00Z,24,2025-10-10T00:00:00Z,25.80,132.50
WP292025,JTWC,2025-10-09T00:00:00Z,36,2025-10-10T12:00:00Z,27.00,131.10
WP292025,JTWC,2025-10-09T06:00:00Z,12,2025-10-09T18:00:00Z,25.50,133.10
WP292025,JTWC,2025-10-09T06:00:00Z,24,2025-10-10T06:00:00Z,26.60,131.50
WP292025,JTWC,2025-10-09T06:00:00Z,36,2025-10-10T18:00:00Z,27.70,130.30
WP292025,JTWC,2025-10-09T12:00:00Z,12,2025-10-10T00:00:00Z,25.80,132.80
WP292025,JTWC,2025-10-09T12:00:00Z,24,2025-10-10T12:00:00Z,26.80,131.10
WP292025,JTWC,2025-10-09T12:00:00Z,36,2025-10-11T00:00:00Z,27.70,130.40
WP292025,JTWC,2025-10-09T18:00:00Z,12,2025-10-10T06:00:00Z,26.90,132.70
WP292025,JTWC,2025-10-09T18:00:00Z,24,2025-10-10T18:00:00Z,27.90,131.50
WP292025,JTWC,2025-10-09T18:00:00Z,36,2025-10-11T06:00:00Z,28.90,131.20
WP292025,JTWC,2025-10-10T00:00:00Z,12,2025-10-10T12:00:00Z,27.80,131.20
WP292025,JTWC,2025-10-10T00:00:00Z,24,2025-10-11T00:00:00Z,29.20,130.90
WP292025,JTWC,2025-10-10T00:00:00Z,36,2025-10-11T12:00:00Z,30.10,131.80
WP292025,JTWC,2025-10-10T06:00:00Z,12,2025-10-10T18:00:00Z,27.80,130.50
WP292025,JTWC,2025-10-10T06:00:00Z,24,2025-10-11T06:00:00Z,29.00,130.80
WP292025,JTWC,2025-10-10T06:00:00Z,36,2025-10-11T18:00:00Z,30.60,132.50
WP292025,JTWC,2025-10-10T12:00:00Z,12,2025-10-11T00:00:00Z,27.20,130.50
WP292025,JTWC,2025-10-10T12:00:00Z,24,2025-10-11T12:00:00Z,28.30,130.80
WP292025,JTWC,2025-10-10T12:00:00Z,36,2025-10-12T00:00:00Z,29.70,132.90
WP292025,JTWC,2025-10-10T18:00:00Z,12,2025-10-11T06:00:00Z,28.00,130.90
WP292025,JTWC,2025-10-10T18:00:00Z,24,2025-10-11T18:00:00Z,29.60,132.40
WP292025,JTWC,2025-10-10T18:00:00Z,36,2025-10-12T06:00:00Z,30.80,134.80
WP292025,JTWC,2025-10-11T00:00:00Z,12,2025-10-11T12:00:00Z,28.70,131.30
WP292025,JTWC,2025-10-11T00:00:00Z,24,2025-10-12T00:00:00Z,30.30,133.40
WP292025,JTWC,2025-10-11T00:00:00Z,36,2025-10-12T12:00:00Z,31.50,136.60
WP292025,JTWC,2025-10-11T06:00:00Z,12,2025-10-11T18:00:00Z,29.20,132.60
WP292025,JTWC,2025-10-11T06:00:00Z,24,2025-10-12T06:00:00Z,30.70,135.10
WP292025,JTWC,2025-10-11T06:00:00Z,36,2025-10-12T18:00:00Z,32.00,138.90
WP292025,JTWC,2025-10-11T12:00:00Z,12,2025-10-12T00:00:00Z,30.20,133.40
WP292025,JTWC,2025-10-11T12:00:00Z,24,2025-10-12T12:00:00Z,31.60,136.40
WP292025,JTWC,2025-10-11T12:00:00Z,36,2025-10-13T00:00:00Z,32.70,139.70
WP292025,JTWC,2025-10-11T18:00:00Z,12,2025-10-12T06:00:00Z,30.80,134.40
WP292025,JTWC,2025-10-11T18:00:00Z,24,2025-10-12T18:00:00Z,32.10,137.60
WP292025,JTWC,2025-10-11T18:00:00Z,36,2025-10-13T06:00:00Z,33.20,142.10
WP292025,JTWC,2025-10-12T00:00:00Z,12,2025-10-12T12:00:00Z,31.40,136.40
WP292025,JTWC,2025-10-12T00:00:00Z,24,2025-10-13T00:00:00Z,32.60,140.20
WP292025,JTWC,2025-10-12T00:00:00Z,36,2025-10-13T12:00:00Z,33.70,144.90
WP292025,JTWC,2025-10-12T06:00:00Z,12,2025-10-12T18:00:00Z,32.10,138.40
WP292025,JTWC,2025-10-12T06:00:00Z,24,2025-10-13T06:00:00Z,33.20,142.40
WP292025,JTWC,2025-10-12T06:00:00Z,36,2025-10-13T18:00:00Z,34.10,147.00
WP292025,JTWC,2025-10-12T12:00:00Z,12,2025-10-13T00:00:00Z,32.80,140.10
WP292025,JTWC,2025-10-12T12:00:00Z,24,2025-10-13T12:00:00Z,33.80,144.40
WP292025,JTWC,2025-10-12T12:00:00Z,36,2025-10-14T00:00:00Z,34.60,149.20
WP292025,JTWC,2025-10-12T18:00:00Z,12,2025-10-13T06:00:00Z,33.30,142.30
WP292025,JTWC,2025-10-12T18:00:00Z,24,2025-10-13T18:00:00Z,34.40,147.30
WP292025,JTWC,2025-10-12T18:00:00Z,36,2025-10-14T06:00:00Z,35.00,152.60
WP292025,JTWC,2025-10-13T00:00:00Z,12,2025-10-13T12:00:00Z,34.30,145.20
WP292025,JTWC,2025-10-13T00:00:00Z,24,2025-10-14T00:00:00Z,35.10,150.60
WP292025,JTWC,2025-10-13T00:00:00Z,36,2025-10-14T12:00:00Z,35.60,156.40
WP292025,JTWC,2025-10-13T06:00:00Z,12,2025-10-13T18:00:00Z,34.80,148.00
WP292025,JTWC,2025-10-13T06:00:00Z,24,2025-10-14T06:00:00Z,35.40,153.60
WP292025,JTWC,2025-10-13T06:00:00Z,36,2025-10-14T18:00:00Z,35.90,159.70
WP292025,JTWC,2025-10-13T12:00:00Z,12,2025-10-14T00:00:00Z,35.10,150.70
WP292025,JTWC,2025-10-13T12:00:00Z,24,2025-10-14T12:00:00Z,35.70,156.60
WP292025,JTWC,2025-10-13T12:00:00Z,36,2025-10-15T00:00:00Z,36.10,162.60
WP292025,JTWC,2025-10-13T18:00:00Z,12,2025-10-14T06:00:00Z,34.70,153.40
WP292025,JTWC,2025-10-13T18:00:00Z,24,2025-10-14T18:00:00Z,35.10,159.40
WP292025,JTWC,2025-10-13T18:00:00Z,36,2025-10-15T06:00:00Z,35.30,165.50
WP292025,JTWC,2025-10-14T00:00:00Z,12,2025-10-14T12:00:00Z,35.30,156.90
WP292025,JTWC,2025-10-14T00:00:00Z,24,2025-10-15T00:00:00Z,35.70,163.80
WP292025,JTWC,2025-10-14T06:00:00Z,12,2025-10-14T18:00:00Z,35.40,161.10
WP292025,JTWC,2025-10-14T06:00:00Z,24,2025-10-15T06:00:00Z,35.70,167.40
WP292025,JTWC,2025-10-14T12:00:00Z,12,2025-10-15T00:00:00Z,35.80,164.60
WP292025,JTWC,2025-10-14T12:00:00Z,24,2025-10-15T12:00:00Z,36.40,171.10
WP302025,JTWC,2025-10-18T00:00:00Z,12,2025-10-18T12:00:00Z,13.60,123.80
WP302025,JTWC,2025-10-18T00:00:00Z,24,2025-10-19T00:00:00Z,15.10,121.80
WP302025,JTWC,2025-10-18T00:00:00Z,36,2025-10-19T12:00:00Z,16.60,119.90
WP302025,JTWC,2025-10-18T06:00:00Z,12,2025-10-18T18:00:00Z,14.20,122.90
WP302025,JTWC,2025-10-18T06:00:00Z,24,2025-10-19T06:00:00Z,15.90,120.70
WP302025,JTWC,2025-10-18T06:00:00Z,36,2025-10-19T18:00:00Z,17.50,118.10
WP302025,JTWC,2025-10-18T12:00:00Z,12,2025-10-19T00:00:00Z,15.20,122.00
WP302025,JTWC,2025-10-18T12:00:00Z,24,2025-10-19T12:00:00Z,16.80,119.60
WP302025,JTWC,2025-10-18T12:00:00Z,36,2025-10-20T00:00:00Z,17.90,117.50
WP302025,JTWC,2025-10-18T18:00:00Z,12,2025-10-19T06:00:00Z,15.50,120.10
WP302025,JTWC,2025-10-18T18:00:00Z,24,2025-10-19T18:00:00Z,17.00,117.80
WP302025,JTWC,2025-10-18T18:00:00Z,36,2025-10-20T06:00:00Z,17.80,116.10
WP302025,JTWC,2025-10-19T00:00:00Z,12,2025-10-19T12:00:00Z,15.70,119.10
WP302025,JTWC,2025-10-19T00:00:00Z,24,2025-10-20T00:00:00Z,16.80,117.10
WP302025,JTWC,2025-10-19T00:00:00Z,36,2025-10-20T12:00:00Z,17.70,115.70
WP302025,JTWC,2025-10-19T06:00:00Z,12,2025-10-19T18:00:00Z,16.60,117.80
WP302025,JTWC,2025-10-19T06:00:00Z,24,2025-10-20T06:00:00Z,17.50,115.70
WP302025,JTWC,2025-10-19T06:00:00Z,36,2025-10-20T18:00:00Z,17.90,114.00
WP302025,JTWC,2025-10-19T12:00:00Z,12,2025-10-20T00:00:00Z,17.70,116.70
WP302025,JTWC,2025-10-19T12:00:00Z,24,2025-10-20T12:00:00Z,18.20,114.60
WP302025,JTWC,2025-10-19T12:00:00Z,36,2025-10-21T00:00:00Z,18.30,113.20
WP302025,JTWC,2025-10-19T18:00:00Z,12,2025-10-20T06:00:00Z,18.30,115.40
WP302025,JTWC,2025-10-19T18:00:00Z,24,2025-10-20T18:00:00Z,18.60,113.70
WP302025,JTWC,2025-10-19T18:00:00Z,36,2025-10-21T06:00:00Z,18.40,112.40
WP302025,JTWC,2025-10-20T00:00:00Z,12,2025-10-20T12:00:00Z,18.60,114.80
WP302025,JTWC,2025-10-20T00:00:00Z,24,2025-10-21T00:00:00Z,18.70,113.30
WP302025,JTWC,2025-10-20T00:00:00Z,36,2025-10-21T12:00:00Z,18.30,112.10
WP302025,JTWC,2025-10-20T06:00:00Z,12,2025-10-20T18:00:00Z,18.70,113.50
WP302025,JTWC,2025-10-20T06:00:00Z,24,2025-10-21T06:00:00Z,18.60,112.40
WP302025,JTWC,2025-10-20T06:00:00Z,36,2025-10-21T18:00:00Z,18.10,111.20
WP302025,JTWC,2025-10-20T12:00:00Z,12,2025-10-21T00:00:00Z,18.40,112.70
WP302025,JTWC,2025-10-20T12:00:00Z,24,2025-10-21T12:00:00Z,17.90,111.70
WP302025,JTWC,2025-10-20T12:00:00Z,36,2025-10-22T00:00:00Z,17.20,110.70
WP302025,JTWC,2025-10-20T18:00:00Z,12,2025-10-21T06:00:00Z,17.50,111.80
WP302025,JTWC,2025-10-20T18:00:00Z,24,2025-10-21T18:00:00Z,16.90,110.70
WP302025,JTWC,2025-10-20T18:00:00Z,36,2025-10-22T06:00:00Z,16.20,109.60
WP302025,JTWC,2025-10-21T00:00:00Z,12,2025-10-21T12:00:00Z,16.90,111.50
WP302025,JTWC,2025-10-21T00:00:00Z,24,2025-10-22T00:00:00Z,16.30,110.40
WP302025,JTWC,2025-10-21T00:00:00Z,36,2025-10-22T12:00:00Z,15.80,109.20
WP302025,JTWC,2025-10-21T06:00:00Z,12,2025-10-21T18:00:00Z,16.40,110.50
WP302025,JTWC,2025-10-21T06:00:00Z,24,2025-10-22T06:00:00Z,16.00,109.50
WP302025,JTWC,2025-10-21T06:00:00Z,36,2025-10-22T18:00:00Z,15.40,108.00
WP302025,JTWC,2025-10-21T12:00:00Z,12,2025-10-22T00:00:00Z,16.40,110.30
WP302025,JTWC,2025-10-21T12:00:00Z,24,2025-10-22T12:00:00Z,15.80,109.10
WP302025,JTWC,2025-10-21T12:00:00Z,36,2025-10-23T00:00:00Z,15.20,107.80
WP302025,JTWC,2025-10-21T18:00:00Z,12,2025-10-22T06:00:00Z,16.80,110.90
WP302025,JTWC,2025-10-21T18:00:00Z,24,2025-10-22T18:00:00Z,16.20,109.80
WP302025,JTWC,2025-10-21T18:00:00Z,36,2025-10-23T06:00:00Z,15.80,108.60
WP302025,JTWC,2025-10-22T00:00:00Z,12,2025-10-22T12:00:00Z,16.70,110.80
WP302025,JTWC,2025-10-22T00:00:00Z,24,2025-10-23T00:00:00Z,16.20,109.60
WP302025,JTWC,2025-10-22T00:00:00Z,36,2025-10-23T12:00:00Z,15.80,108.30
WP302025,JTWC,2025-10-22T06:00:00Z,12,2025-10-22T18:00:00Z,16.90,109.00
WP302025,JTWC,2025-10-22T06:00:00Z,24,2025-10-23T06:00:00Z,16.40,107.90
WP302025,JTWC,2025-10-22T06:00:00Z,36,2025-10-23T18:00:00Z,16.00,106.70
WP302025,JTWC,2025-10-22T12:00:00Z,12,2025-10-23T00:00:00Z,16.50,108.40
WP302025,JTWC,2025-10-22T12:00:00Z,24,2025-10-23T12:00:00Z,16.10,107.20
WP302025,JTWC,2025-10-22T12:00:00Z,36,2025-10-24T00:00:00Z,15.70,105.80
WP302025,JTWC,2025-10-22T18:00:00Z,12,2025-10-23T06:00:00Z,15.80,107.80
WP302025,JTWC,2025-10-22T18:00:00Z,24,2025-10-23T18:00:00Z,15.10,107.00
WP302025,JTWC,2025-10-22T18:00:00Z,36,2025-10-24T06:00:00Z,14.40,106.20
WP302025,JTWC,2025-10-23T00:00:00Z,12,2025-10-23T12:00:00Z,15.40,107.80
WP302025,JTWC,2025-10-23T00:00:00Z,24,2025-10-24T00:00:00Z,14.60,107.20
WP312025,JTWC,2025-11-01T06:00:00Z,12,2025-11-01T18:00:00Z,10.60,136.20
WP312025,JTWC,2025-11-01T06:00:00Z,24,2025-11-02T06:00:00Z,11.10,134.00
WP312025,JTWC,2025-11-01T06:00:00Z,36,2025-11-02T18:00:00Z,11.20,131.40
WP312025,JTWC,2025-11-01T12:00:00Z,12,2025-11-02T00:00:00Z,10.90,135.10
WP312025,JTWC,2025-11-01T12:00:00Z,24,2025-11-02T12:00:00Z,11.30,132.60
WP312025,JTWC,2025-11-01T12:00:00Z,36,2025-11-03T00:00:00Z,11.20,129.80
WP312025,JTWC,2025-11-01T18:00:00Z,12,2025-11-02T06:00:00Z,11.10,134.10
WP312025,JTWC,2025-11-01T18:00:00Z,24,2025-11-02T18:00:00Z,11.10,131.80
WP312025,JTWC,2025-11-01T18:00:00Z,36,2025-11-03T06:00:00Z,11.00,128.80
WP312025,JTWC,2025-11-02T00:00:00Z,12,2025-11-02T12:00:00Z,11.00,132.80
WP312025,JTWC,2025-11-02T00:00:00Z,24,2025-11-03T00:00:00Z,10.80,129.80
WP312025,JTWC,2025-11-02T00:00:00Z,36,2025-11-03T12:00:00Z,10.70,127.40
WP312025,JTWC,2025-11-02T06:00:00Z,12,2025-11-02T18:00:00Z,11.30,130.50
WP312025,JTWC,2025-11-02T06:00:00Z,24,2025-11-03T06:00:00Z,11.00,127.50
WP312025,JTWC,2025-11-02T06:00:00Z,36,2025-11-03T18:00:00Z,10.90,124.90
WP312025,JTWC,2025-11-02T12:00:00Z,12,2025-11-03T00:00:00Z,11.10,128.90
WP312025,JTWC,2025-11-02T12:00:00Z,24,2025-11-03T12:00:00Z,11.00,126.10
WP312025,JTWC,2025-11-02T12:00:00Z,36,2025-11-04T00:00:00Z,11.00,123.50
WP312025,JTWC,2025-11-02T18:00:00Z,12,2025-11-03T06:00:00Z,10.60,127.50
WP312025,JTWC,2025-11-02T18:00:00Z,24,2025-11-03T18:00:00Z,10.50,124.80
WP312025,JTWC,2025-11-02T18:00:00Z,36,2025-11-04T06:00:00Z,10.80,122.30
WP312025,JTWC,2025-11-03T00:00:00Z,12,2025-11-03T12:00:00Z,10.30,126.30
WP312025,JTWC,2025-11-03T00:00:00Z,24,2025-11-04T00:00:00Z,10.40,123.60
WP312025,JTWC,2025-11-03T00:00:00Z,36,2025-11-04T12:00:00Z,10.80,121.20
WP312025,JTWC,2025-11-03T06:00:00Z,12,2025-11-03T18:00:00Z,10.50,125.00
WP312025,JTWC,2025-11-03T06:00:00Z,24,2025-11-04T06:00:00Z,10.70,122.40
WP312025,JTWC,2025-11-03T06:00:00Z,36,2025-11-04T18:00:00Z,11.30,119.90
WP312025,JTWC,2025-11-03T12:00:00Z,12,2025-11-04T00:00:00Z,10.80,123.50
WP312025,JTWC,2025-11-03T12:00:00Z,24,2025-11-04T12:00:00Z,11.30,121.00
WP312025,JTWC,2025-11-03T12:00:00Z,36,2025-11-05T00:00:00Z,11.80,118.50
WP312025,JTWC,2025-11-03T18:00:00Z,12,2025-11-04T06:00:00Z,11.40,121.80
WP312025,JTWC,2025-11-03T18:00:00Z,24,2025-11-04T18:00:00Z,11.80,119.30
WP312025,JTWC,2025-11-03T18:00:00Z,36,2025-11-05T06:00:00Z,12.30,117.00
WP312025,JTWC,2025-11-04T00:00:00Z,12,2025-11-04T12:00:00Z,11.00,120.70
WP312025,JTWC,2025-11-04T00:00:00Z,24,2025-11-05T00:00:00Z,11.40,118.50
WP312025,JTWC,2025-11-04T00:00:00Z,36,2025-11-05T12:00:00Z,12.00,115.90
WP312025,JTWC,2025-11-04T06:00:00Z,12,2025-11-04T18:00:00Z,10.90,119.70
WP312025,JTWC,2025-11-04T06:00:00Z,24,2025-11-05T06:00:00Z,11.50,117.50
WP312025,JTWC,2025-11-04T06:00:00Z,36,2025-11-05T18:00:00Z,12.10,115.30
WP312025,JTWC,2025-11-04T12:00:00Z,12,2025-11-05T00:00:00Z,11.30,118.60
WP312025,JTWC,2025-11-04T12:00:00Z,24,2025-11-05T12:00:00Z,11.90,116.00
WP312025,JTWC,2025-11-04T12:00:00Z,36,2025-11-06T00:00:00Z,12.70,113.00
WP312025,JTWC,2025-11-04T18:00:00Z,12,2025-11-05T06:00:00Z,11.70,117.80
WP312025,JTWC,2025-11-04T18:00:00Z,24,2025-11-05T18:00:00Z,12.50,114.70
WP312025,JTWC,2025-11-04T18:00:00Z,36,2025-11-06T06:00:00Z,13.00,111.80
WP312025,JTWC,2025-11-05T00:00:00Z,12,2025-11-05T12:00:00Z,12.20,116.50
WP312025,JTWC,2025-11-05T00:00:00Z,24,2025-11-06T00:00:00Z,13.00,113.40
WP312025,JTWC,2025-11-05T00:00:00Z,36,2025-11-06T12:00:00Z,13.80,110.30
WP312025,JTWC,2025-11-05T06:00:00Z,12,2025-11-05T18:00:00Z,12.90,114.20
WP312025,JTWC,2025-11-05T06:00:00Z,24,2025-11-06T06:00:00Z,13.70,111.20
WP312025,JTWC,2025-11-05T06:00:00Z,36,2025-11-06T18:00:00Z,14.60,108.30
WP312025,JTWC,2025-11-05T12:00:00Z,12,2025-11-06T00:00:00Z,13.30,113.00
WP312025,JTWC,2025-11-05T12:00:00Z,24,2025-11-06T12:00:00Z,14.10,110.00
WP312025,JTWC,2025-11-05T12:00:00Z,36,2025-11-07T00:00:00Z,15.00,107.40
WP312025,JTWC,2025-11-05T18:00:00Z,12,2025-11-06T06:00:00Z,14.00,111.40
WP312025,JTWC,2025-11-05T18:00:00Z,24,2025-11-06T18:00:00Z,14.80,108.60
WP312025,JTWC,2025-11-05T18:00:00Z,36,2025-11-07T06:00:00Z,15.60,106.10
WP312025,JTWC,2025-11-06T00:00:00Z,12,2025-11-06T12:00:00Z,14.00,109.10
WP312025,JTWC,2025-11-06T00:00:00Z,24,2025-11-07T00:00:00Z,14.90,106.20
WP312025,JTWC,2025-11-06T06:00:00Z,12,2025-11-06T18:00:00Z,14.30,107.70
WP312025,JTWC,2025-11-06T06:00:00Z,24,2025-11-07T06:00:00Z,15.40,105.20
WP312025,JTWC,2025-11-06T12:00:00Z,12,2025-11-07T00:00:00Z,14.70,106.40
WP312025,JTWC,2025-11-06T12:00:00Z,24,2025-11-07T12:00:00Z,15.70,104.20
WP322025,JTWC,2025-11-04T06:00:00Z,12,2025-11-04T18:00:00Z,9.20,142.00
WP322025,JTWC,2025-11-04T06:00:00Z,24,2025-11-05T06:00:00Z,9.20,141.50
WP322025,JTWC,2025-11-04T06:00:00Z,36,2025-11-05T18:00:00Z,10.00,140.90
WP322025,JTWC,2025-11-04T12:00:00Z,12,2025-11-05T00:00:00Z,8.70,141.40
WP322025,JTWC,2025-11-04T12:00:00Z,24,2025-11-05T12:00:00Z,9.60,141.00
WP322025,JTWC,2025-11-04T12:00:00Z,36,2025-11-06T00:00:00Z,10.80,140.10
WP322025,JTWC,2025-11-04T18:00:00Z,12,2025-11-05T06:00:00Z,8.80,141.40
WP322025,JTWC,2025-11-04T18:00:00Z,24,2025-11-05T18:00:00Z,9.70,141.00
WP322025,JTWC,2025-11-04T18:00:00Z,36,2025-11-06T06:00:00Z,10.70,140.10
WP322025,JTWC,2025-11-05T00:00:00Z,12,2025-11-05T12:00:00Z,9.20,142.90
WP322025,JTWC,2025-11-05T00:00:00Z,24,2025-11-06T00:00:00Z,10.10,142.10
WP322025,JTWC,2025-11-05T00:00:00Z,36,2025-11-06T12:00:00Z,11.10,140.90
WP322025,JTWC,2025-11-05T06:00:00Z,12,2025-11-05T18:00:00Z,9.50,142.50
WP322025,JTWC,2025-11-05T06:00:00Z,24,2025-11-06T06:00:00Z,10.50,141.50
WP322025,JTWC,2025-11-05T06:00:00Z,36,2025-11-06T18:00:00Z,11.60,140.00
WP322025,JTWC,2025-11-05T12:00:00Z,12,2025-11-06T00:00:00Z,9.60,141.60
WP322025,JTWC,2025-11-05T12:00:00Z,24,2025-11-06T12:00:00Z,10.80,140.20
WP322025,JTWC,2025-11-05T12:00:00Z,36,2025-11-07T00:00:00Z,11.50,138.60
WP322025,JTWC,2025-11-05T18:00:00Z,12,2025-11-06T06:00:00Z,10.60,139.50
WP322025,JTWC,2025-11-05T18:00:00Z,24,2025-11-06T18:00:00Z,11.30,137.90
WP322025,JTWC,2025-11-05T18:00:00Z,36,2025-11-07T06:00:00Z,11.90,136.00
WP322025,JTWC,2025-11-06T00:00:00Z,12,2025-11-06T12:00:00Z,11.20,138.40
WP322025,JTWC,2025-11-06T00:00:00Z,24,2025-11-07T00:00:00Z,11.90,136.80
WP322025,JTWC,2025-11-06T00:00:00Z,36,2025-11-07T12:00:00Z,12.50,134.30
WP322025,JTWC,2025-11-06T06:00:00Z,12,2025-11-06T18:00:00Z,10.40,139.20
WP322025,JTWC,2025-11-06T06:00:00Z,24,2025-11-07T06:00:00Z,11.20,137.00
WP322025,JTWC,2025-11-06T06:00:00Z,36,2025-11-07T18:00:00Z,11.80,134.30
WP322025,JTWC,2025-11-06T12:00:00Z,12,2025-11-07T00:00:00Z,11.20,137.70
WP322025,JTWC,2025-11-06T12:00:00Z,24,2025-11-07T12:00:00Z,11.90,135.30
WP322025,JTWC,2025-11-06T12:00:00Z,36,2025-11-08T00:00:00Z,12.50,132.50
WP322025,JTWC,2025-11-06T18:00:00Z,12,2025-11-07T06:00:00Z,11.70,136.50
WP322025,JTWC,2025-11-06T18:00:00Z,24,2025-11-07T18:00:00Z,12.30,133.90
WP322025,JTWC,2025-11-06T18:00:00Z,36,2025-11-08T06:00:00Z,12.90,130.70
WP322025,JTWC,2025-11-07T00:00:00Z,12,2025-11-07T12:00:00Z,12.20,135.60
WP322025,JTWC,2025-11-07T00:00:00Z,24,2025-11-08T00:00:00Z,12.70,132.70
WP322025,JTWC,2025-11-07T00:00:00Z,36,2025-11-08T12:00:00Z,13.50,129.30
WP322025,JTWC,2025-11-07T06:00:00Z,12,2025-11-07T18:00:00Z,12.20,133.90
WP322025,JTWC,2025-11-07T06:00:00Z,24,2025-11-08T06:00:00Z,13.00,130.50
WP322025,JTWC,2025-11-07T06:00:00Z,36,2025-11-08T18:00:00Z,13.80,127.10
WP322025,JTWC,2025-11-07T12:00:00Z,12,2025-11-08T00:00:00Z,12.50,132.40
WP322025,JTWC,2025-11-07T12:00:00Z,24,2025-11-08T12:00:00Z,13.40,129.00
WP322025,JTWC,2025-11-07T12:00:00Z,36,2025-11-09T00:00:00Z,14.40,125.50
WP322025,JTWC,2025-11-07T18:00:00Z,12,2025-11-08T06:00:00Z,12.80,130.70
WP322025,JTWC,2025-11-07T18:00:00Z,24,2025-11-08T18:00:00Z,13.70,127.30
WP322025,JTWC,2025-11-07T18:00:00Z,36,2025-11-09T06:00:00Z,14.90,124.30
WP322025,JTWC,2025-11-08T00:00:00Z,12,2025-11-08T12:00:00Z,13.30,128.80
WP322025,JTWC,2025-11-08T00:00:00Z,24,2025-11-09T00:00:00Z,14.40,125.30
WP322025,JTWC,2025-11-08T00:00:00Z,36,2025-11-09T12:00:00Z,15.70,122.40
WP322025,JTWC,2025-11-08T06:00:00Z,12,2025-11-08T18:00:00Z,14.00,127.20
WP322025,JTWC,2025-11-08T06:00:00Z,24,2025-11-09T06:00:00Z,15.10,124.10
WP322025,JTWC,2025-11-08T06:00:00Z,36,2025-11-09T18:00:00Z,16.20,121.60
WP322025,JTWC,2025-11-08T12:00:00Z,12,2025-11-09T00:00:00Z,14.40,124.90
WP322025,JTWC,2025-11-08T12:00:00Z,24,2025-11-09T12:00:00Z,15.40,122.10
WP322025,JTWC,2025-11-08T12:00:00Z,36,2025-11-10T00:00:00Z,16.50,120.10
WP322025,JTWC,2025-11-08T18:00:00Z,12,2025-11-09T06:00:00Z,14.90,123.50
WP322025,JTWC,2025-11-08T18:00:00Z,24,2025-11-09T18:00:00Z,16.30,120.80
WP322025,JTWC,2025-11-08T18:00:00Z,36,2025-11-10T06:00:00Z,17.40,119.00
WP322025,JTWC,2025-11-09T00:00:00Z,12,2025-11-09T12:00:00Z,15.40,121.80
WP322025,JTWC,2025-11-09T00:00:00Z,24,2025-11-10T00:00:00Z,16.70,119.50
WP322025,JTWC,2025-11-09T00:00:00Z,36,2025-11-10T12:00:00Z,17.70,118.40
WP322025,JTWC,2025-11-09T06:00:00Z,12,2025-11-09T18:00:00Z,16.20,120.60
WP322025,JTWC,2025-11-09T06:00:00Z,24,2025-11-10T06:00:00Z,17.40,118.90
WP322025,JTWC,2025-11-09T06:00:00Z,36,2025-11-10T18:00:00Z,18.40,118.00
WP322025,JTWC,2025-11-09T12:00:00Z,12,2025-11-10T00:00:00Z,17.30,119.70
WP322025,JTWC,2025-11-09T12:00:00Z,24,2025-11-10T12:00:00Z,18.30,118.40
WP322025,JTWC,2025-11-09T12:00:00Z,36,2025-11-11T00:00:00Z,19.50,117.90
WP322025,JTWC,2025-11-09T18:00:00Z,12,2025-11-10T06:00:00Z,17.50,118.60
WP322025,JTWC,2025-11-09T18:00:00Z,24,2025-11-10T18:00:00Z,18.60,117.80
WP322025,JTWC,2025-11-09T18:00:00Z,36,2025-11-11T06:00:00Z,19.80,117.60
WP322025,JTWC,2025-11-10T00:00:00Z,12,2025-11-10T12:00:00Z,18.40,118.20
WP322025,JTWC,2025-11-10T00:00:00Z,24,2025-11-11T00:00:00Z,19.50,117.90
WP322025,JTWC,2025-11-10T00:00:00Z,36,2025-11-11T12:00:00Z,20.90,118.10
WP322025,JTWC,2025-11-10T06:00:00Z,12,2025-11-10T18:00:00Z,18.70,118.20
WP322025,JTWC,2025-11-10T06:00:00Z,24,2025-11-11T06:00:00Z,19.90,118.10
WP322025,JTWC,2025-11-10T06:00:00Z,36,2025-11-11T18:00:00Z,21.30,118.40
WP322025,JTWC,2025-11-10T12:00:00Z,12,2025-11-11T00:00:00Z,19.70,118.20
WP322025,JTWC,2025-11-10T12:00:00Z,24,2025-11-11T12:00:00Z,21.00,118.30
WP322025,JTWC,2025-11-10T12:00:00Z,36,2025-11-12T00:00:00Z,22.40,119.00
WP322025,JTWC,2025-11-10T18:00:00Z,12,2025-11-11T06:00:00Z,20.00,118.30
WP322025,JTWC,2025-11-10T18:00:00Z,24,2025-11-11T18:00:00Z,21.10,118.60
WP322025,JTWC,2025-11-10T18:00:00Z,36,2025-11-12T06:00:00Z,22.30,119.50
WP322025,JTWC,2025-11-11T00:00:00Z,12,2025-11-11T12:00:00Z,20.50,118.60
WP322025,JTWC,2025-11-11T00:00:00Z,24,2025-11-12T00:00:00Z,21.60,119.40
WP322025,JTWC,2025-11-11T00:00:00Z,36,2025-11-12T12:00:00Z,22.80,120.50
WP322025,JTWC,2025-11-11T06:00:00Z,12,2025-11-11T18:00:00Z,21.20,119.10
WP322025,JTWC,2025-11-11T06:00:00Z,24,2025-11-12T06:00:00Z,22.20,120.10
WP322025,JTWC,2025-11-11T06:00:00Z,36,2025-11-12T18:00:00Z,23.70,122.10
WP322025,JTWC,2025-11-11T12:00:00Z,12,2025-11-12T00:00:00Z,21.50,119.90
WP322025,JTWC,2025-11-11T12:00:00Z,24,2025-11-12T12:00:00Z,22.40,121.10
WP322025,JTWC,2025-11-11T12:00:00Z,36,2025-11-13T00:00:00Z,24.00,123.30
WP322025,JTWC,2025-11-11T18:00:00Z,12,2025-11-12T06:00:00Z,22.10,120.00
WP322025,JTWC,2025-11-11T18:00:00Z,24,2025-11-12T18:00:00Z,23.50,121.90
WP322025,JTWC,2025-11-11T18:00:00Z,36,2025-11-13T06:00:00Z,25.00,124.40
WP322025,JTWC,2025-11-12T00:00:00Z,12,2025-11-12T12:00:00Z,22.30,120.40
WP322025,JTWC,2025-11-12T00:00:00Z,24,2025-11-13T00:00:00Z,23.80,122.60
WP322025,JTWC,2025-11-12T00:00:00Z,36,2025-11-13T12:00:00Z,25.20,125.40
WP322025,JTWC,2025-11-12T06:00:00Z,12,2025-11-12T18:00:00Z,23.20,121.80
WP322025,JTWC,2025-11-12T06:00:00Z,24,2025-11-13T06:00:00Z,25.00,124.90
WP322025,JTWC,2025-11-12T06:00:00Z,36,2025-11-13T18:00:00Z,25.80,128.60
WP322025,JTWC,2025-11-12T12:00:00Z,12,2025-11-13T00:00:00Z,24.00,123.10
WP322025,JTWC,2025-11-12T12:00:00Z,24,2025-11-13T12:00:00Z,25.30,126.40
WP322025,JTWC,2025-11-12T12:00:00Z,36,2025-11-14T00:00:00Z,25.50,129.60
WP322025,JTWC,2025-11-12T18:00:00Z,12,2025-11-13T06:00:00Z,24.70,124.70
WP322025,JTWC,2025-11-12T18:00:00Z,24,2025-11-13T18:00:00Z,25.30,127.90
WP322025,JTWC,2025-11-13T00:00:00Z,12,2025-11-13T12:00:00Z,25.40,125.80
WP322025,JTWC,2025-11-13T00:00:00Z,24,2025-11-14T00:00:00Z,25.20,128.00
WP322025,JTWC,2025-11-13T06:00:00Z,12,2025-11-13T18:00:00Z,25.70,128.20
WP322025,JTWC,2025-11-13T06:00:00Z,24,2025-11-14T06:00:00Z,25.40,129.60
WP322025,JTWC,2025-11-13T12:00:00Z,12,2025-11-14T00:00:00Z,25.90,130.20
WP322025,JTWC,2025-11-13T12:00:00Z,24,2025-11-14T12:00:00Z,24.80,131.00
WP332025,JTWC,2025-11-24T18:00:00Z,12,2025-11-25T06:00:00Z,10.60,121.10
WP332025,JTWC,2025-11-24T18:00:00Z,24,2025-11-25T18:00:00Z,11.50,118.90
WP332025,JTWC,2025-11-24T18:00:00Z,36,2025-11-26T06:00:00Z,12.20,116.80
WP332025,JTWC,2025-11-25T00:00:00Z,12,2025-11-25T12:00:00Z,11.70,120.10
WP332025,JTWC,2025-11-25T00:00:00Z,24,2025-11-26T00:00:00Z,12.50,117.90
WP332025,JTWC,2025-11-25T00:00:00Z,36,2025-11-26T12:00:00Z,12.90,116.00
WP332025,JTWC,2025-11-25T06:00:00Z,12,2025-11-25T18:00:00Z,12.00,118.90
WP332025,JTWC,2025-11-25T06:00:00Z,24,2025-11-26T06:00:00Z,12.70,116.80
WP332025,JTWC,2025-11-25T06:00:00Z,36,2025-11-26T18:00:00Z,12.90,115.20
WP332025,JTWC,2025-11-25T12:00:00Z,12,2025-11-26T00:00:00Z,12.30,117.60
WP332025,JTWC,2025-11-25T12:00:00Z,24,2025-11-26T12:00:00Z,12.70,115.50
WP332025,JTWC,2025-11-25T12:00:00Z,36,2025-11-27T00:00:00Z,12.60,114.10
WP332025,JTWC,2025-11-25T18:00:00Z,12,2025-11-26T06:00:00Z,12.90,117.10
WP332025,JTWC,2025-11-25T18:00:00Z,24,2025-11-26T18:00:00Z,13.10,115.50
WP332025,JTWC,2025-11-25T18:00:00Z,36,2025-11-27T06:00:00Z,12.90,114.60
WP332025,JTWC,2025-11-26T00:00:00Z,12,2025-11-26T12:00:00Z,13.00,115.70
WP332025,JTWC,2025-11-26T00:00:00Z,24,2025-11-27T00:00:00Z,13.10,114.40
WP332025,JTWC,2025-11-26T00:00:00Z,36,2025-11-27T12:00:00Z,12.80,113.60
WP332025,JTWC,2025-11-26T06:00:00Z,12,2025-11-26T18:00:00Z,12.10,114.70
WP332025,JTWC,2025-11-26T06:00:00Z,24,2025-11-27T06:00:00Z,12.10,113.60
WP332025,JTWC,2025-11-26T06:00:00Z,36,2025-11-27T18:00:00Z,11.90,112.90
WP332025,JTWC,2025-11-26T12:00:00Z,12,2025-11-27T00:00:00Z,12.80,114.00
WP332025,JTWC,2025-11-26T12:00:00Z,24,2025-11-27T12:00:00Z,12.60,113.20
WP332025,JTWC,2025-11-26T12:00:00Z,36,2025-11-28T00:00:00Z,12.50,112.50
WP332025,JTWC,2025-11-26T18:00:00Z,12,2025-11-27T06:00:00Z,13.30,113.70
WP332025,JTWC,2025-11-26T18:00:00Z,24,2025-11-27T18:00:00Z,13.00,113.20
WP332025,JTWC,2025-11-26T18:00:00Z,36,2025-11-28T06:00:00Z,13.00,112.80
WP332025,JTWC,2025-11-27T00:00:00Z,12,2025-11-27T12:00:00Z,13.00,113.20
WP332025,JTWC,2025-11-27T00:00:00Z,24,2025-11-28T00:00:00Z,12.80,112.70
WP332025,JTWC,2025-11-27T00:00:00Z,36,2025-11-28T12:00:00Z,12.90,112.30
WP332025,JTWC,2025-11-27T06:00:00Z,12,2025-11-27T18:00:00Z,12.80,113.30
WP332025,JTWC,2025-11-27T06:00:00Z,24,2025-11-28T06:00:00Z,12.90,112.80
WP332025,JTWC,2025-11-27T06:00:00Z,36,2025-11-28T18:00:00Z,13.20,112.50
WP332025,JTWC,2025-11-27T12:00:00Z,12,2025-11-28T00:00:00Z,12.70,113.30
WP332025,JTWC,2025-11-27T12:00:00Z,24,2025-11-28T12:00:00Z,12.90,112.90
WP332025,JTWC,2025-11-27T12:00:00Z,36,2025-11-29T00:00:00Z,13.20,112.70
WP332025,JTWC,2025-11-27T18:00:00Z,12,2025-11-28T06:00:00Z,12.10,113.20
WP332025,JTWC,2025-11-27T18:00:00Z,24,2025-11-28T18:00:00Z,12.50,112.80
WP332025,JTWC,2025-11-27T18:00:00Z,36,2025-11-29T06:00:00Z,13.00,112.60
WP332025,JTWC,2025-11-28T00:00:00Z,12,2025-11-28T12:00:00Z,12.50,112.50
WP332025,JTWC,2025-11-28T00:00:00Z,24,2025-11-29T00:00:00Z,12.90,112.20
WP332025,JTWC,2025-11-28T00:00:00Z,36,2025-11-29T12:00:00Z,13.30,112.10
WP332025,JTWC,2025-11-28T06:00:00Z,12,2025-11-28T18:00:00Z,12.80,112.30
WP332025,JTWC,2025-11-28T06:00:00Z,24,2025-11-29T06:00:00Z,13.40,112.00
WP332025,JTWC,2025-11-28T06:00:00Z,36,2025-11-29T18:00:00Z,14.00,111.80
WP332025,JTWC,2025-11-28T12:00:00Z,12,2025-11-29T00:00:00Z,13.20,112.10
WP332025,JTWC,2025-11-28T12:00:00Z,24,2025-11-29T12:00:00Z,13.70,112.00
WP332025,JTWC,2025-11-28T12:00:00Z,36,2025-11-30T00:00:00Z,14.10,112.00
WP332025,JTWC,2025-11-28T18:00:00Z,12,2025-11-29T06:00:00Z,13.30,112.30
WP332025,JTWC,2025-11-28T18:00:00Z,24,2025-11-29T18:00:00Z,13.80,112.40
WP332025,JTWC,2025-11-28T18:00:00Z,36,2025-11-30T06:00:00Z,14.20,112.50
WP332025,JTWC,2025-11-29T00:00:00Z,12,2025-11-29T12:00:00Z,13.40,112.10
WP332025,JTWC,2025-11-29T00:00:00Z,24,2025-11-30T00:00:00Z,13.70,112.20
WP332025,JTWC,2025-11-29T00:00:00Z,36,2025-11-30T12:00:00Z,14.10,112.30
WP332025,JTWC,2025-11-29T06:00:00Z,12,2025-11-29T18:00:00Z,13.80,112.00
WP332025,JTWC,2025-11-29T06:00:00Z,24,2025-11-30T06:00:00Z,14.10,112.10
WP332025,JTWC,2025-11-29T06:00:00Z,36,2025-11-30T18:00:00Z,14.30,112.00
WP332025,JTWC,2025-11-29T12:00:00Z,12,2025-11-30T00:00:00Z,13.90,112.20
WP332025,JTWC,2025-11-29T12:00:00Z,24,2025-11-30T12:00:00Z,14.20,112.10
WP332025,JTWC,2025-11-29T12:00:00Z,36,2025-12-01T00:00:00Z,14.20,111.80
WP332025,JTWC,2025-11-29T18:00:00Z,12,2025-11-30T06:00:00Z,14.10,112.30
WP332025,JTWC,2025-11-29T18:00:00Z,24,2025-11-30T18:00:00Z,14.30,112.30
WP332025,JTWC,2025-11-29T18:00:00Z,36,2025-12-01T06:00:00Z,14.20,111.70
WP332025,JTWC,2025-11-30T00:00:00Z,12,2025-11-30T12:00:00Z,14.30,112.50
WP332025,JTWC,2025-11-30T00:00:00Z,24,2025-12-01T00:00:00Z,14.40,112.10
WP332025,JTWC,2025-11-30T00:00:00Z,36,2025-12-01T12:00:00Z,14.10,111.50
WP332025,JTWC,2025-11-30T06:00:00Z,12,2025-11-30T18:00:00Z,14.50,112.10
WP332025,JTWC,2025-11-30T06:00:00Z,24,2025-12-01T06:00:00Z,14.50,111.70
WP332025,JTWC,2025-11-30T06:00:00Z,36,2025-12-01T18:00:00Z,14.30,111.40
WP332025,JTWC,2025-11-30T12:00:00Z,12,2025-12-01T00:00:00Z,14.50,112.00
WP332025,JTWC,2025-11-30T12:00:00Z,24,2025-12-01T12:00:00Z,14.40,111.80
WP332025,JTWC,2025-11-30T12:00:00Z,36,2025-12-02T00:00:00Z,14.20,111.60
WP332025,JTWC,2025-11-30T18:00:00Z,12,2025-12-01T06:00:00Z,15.00,111.60
WP332025,JTWC,2025-11-30T18:00:00Z,24,2025-12-01T18:00:00Z,14.80,111.40
WP332025,JTWC,2025-11-30T18:00:00Z,36,2025-12-02T06:00:00Z,14.40,111.30
WP332025,JTWC,2025-12-01T00:00:00Z,12,2025-12-01T12:00:00Z,14.60,111.40
WP332025,JTWC,2025-12-01T00:00:00Z,24,2025-12-02T00:00:00Z,14.20,111.20
WP332025,JTWC,2025-12-01T00:00:00Z,36,2025-12-02T12:00:00Z,13.90,111.00
WP332025,JTWC,2025-12-01T06:00:00Z,12,2025-12-01T18:00:00Z,14.30,111.40
WP332025,JTWC,2025-12-01T06:00:00Z,24,2025-12-02T06:00:00Z,14.00,111.30
WP332025,JTWC,2025-12-01T06:00:00Z,36,2025-12-02T18:00:00Z,13.40,111.00
WP332025,JTWC,2025-12-01T12:00:00Z,12,2025-12-02T00:00:00Z,14.20,111.40
WP332025,JTWC,2025-12-01T12:00:00Z,24,2025-12-02T12:00:00Z,13.80,111.30
WP332025,JTWC,2025-12-01T12:00:00Z,36,2025-12-03T00:00:00Z,12.90,110.70
WP332025,JTWC,2025-12-01T18:00:00Z,12,2025-12-02T06:00:00Z,13.90,111.10
WP332025,JTWC,2025-12-01T18:00:00Z,24,2025-12-02T18:00:00Z,13.30,110.80
WP332025,JTWC,2025-12-01T18:00:00Z,36,2025-12-03T06:00:00Z,12.30,110.00
WP332025,JTWC,2025-12-02T00:00:00Z,12,2025-12-02T12:00:00Z,13.50,111.30
WP332025,JTWC,2025-12-02T00:00:00Z,24,2025-12-03T00:00:00Z,12.70,110.70
