storm_id,agency,issue_time_utc,lead_hours,valid_time_utc,forecast_lat,forecast_lon,truth_lat,truth_lon,truth_gap_h,error_km
WP012025,JTWC,2025-06-10T12:00:00Z,12,2025-06-11T00:00:00Z,15.30,112.80,16.20,113.90,0.0,154.5
WP012025,JTWC,2025-06-10T12:00:00Z,24,2025-06-11T12:00:00Z,15.50,111.70,16.40,111.40,0.0,105.1
WP012025,JTWC,2025-06-10T12:00:00Z,36,2025-06-12T00:00:00Z,16.30,110.80,17.00,110.30,0.0,94.3
WP012025,JTWC,2025-06-10T18:00:00Z,12,2025-06-11T06:00:00Z,15.50,113.30,16.70,112.40,0.0,164.5
WP012025,JTWC,2025-06-10T18:00:00Z,24,2025-06-11T18:00:00Z,16.00,112.10,16.60,110.90,0.0,144.4
WP012025,JTWC,2025-06-10T18:00:00Z,36,2025-06-12T06:00:00Z,16.60,111.10,17.20,109.90,0.0,144.1
WP012025,JTWC,2025-06-11T00:00:00Z,12,2025-06-11T12:00:00Z,16.70,112.60,16.40,111.40,0.0,132.2
WP012025,JTWC,2025-06-11T00:00:00Z,24,2025-06-12T00:00:00Z,17.30,111.50,17.00,110.30,0.0,131.8
WP012025,JTWC,2025-06-11T00:00:00Z,36,2025-06-12T12:00:00Z,18.20,110.60,17.30,109.60,0.0,145.7
WP012025,JTWC,2025-06-11T06:00:00Z,12,2025-06-11T18:00:00Z,17.20,111.10,16.60,110.90,0.0,70.0
WP012025,JTWC,2025-06-11T06:00:00Z,24,2025-06-12T06:00:00Z,17.90,110.00,17.20,109.90,0.0,78.6
WP012025,JTWC,2025-06-11T06:00:00Z,36,2025-06-12T18:00:00Z,18.70,109.20,17.80,109.10,0.0,100.6
WP012025,JTWC,2025-06-11T12:00:00Z,12,2025-06-12T00:00:00Z,17.00,110.30,17.00,110.30,0.0,0.0
WP012025,JTWC,2025-06-11T12:00:00Z,24,2025-06-12T12:00:00Z,17.70,109.40,17.30,109.60,0.0,49.3
WP012025,JTWC,2025-06-11T12:00:00Z,36,2025-06-13T00:00:00Z,18.80,108.90,18.30,108.60,0.0,64.0
WP012025,JTWC,2025-06-11T18:00:00Z,12,2025-06-12T06:00:00Z,16.90,109.90,17.20,109.90,0.0,33.4
WP012025,JTWC,2025-06-11T18:00:00Z,24,2025-06-12T18:00:00Z,17.70,109.20,17.80,109.10,0.0,15.4
WP012025,JTWC,2025-06-11T18:00:00Z,36,2025-06-13T06:00:00Z,18.80,108.90,18.60,108.30,0.0,67.0
WP012025,JTWC,2025-06-12T00:00:00Z,12,2025-06-12T12:00:00Z,17.80,109.40,17.30,109.60,0.0,59.5
WP012025,JTWC,2025-06-12T00:00:00Z,24,2025-06-13T00:00:00Z,18.70,109.00,18.30,108.60,0.0,61.3
WP012025,JTWC,2025-06-12T00:00:00Z,36,2025-06-13T12:00:00Z,19.80,109.00,18.80,108.40,0.0,127.8
WP012025,JTWC,2025-06-12T06:00:00Z,12,2025-06-12T18:00:00Z,17.90,109.20,17.80,109.10,0.0,15.4
WP012025,JTWC,2025-06-12T06:00:00Z,24,2025-06-13T06:00:00Z,18.90,108.90,18.60,108.30,0.0,71.4
WP012025,JTWC,2025-06-12T06:00:00Z,36,2025-06-13T18:00:00Z,20.10,109.20,19.70,108.80,0.0,61.1
WP012025,JTWC,2025-06-12T12:00:00Z,12,2025-06-13T00:00:00Z,18.20,108.60,18.30,108.60,0.0,11.1
WP012025,JTWC,2025-06-12T12:00:00Z,24,2025-06-13T12:00:00Z,19.30,108.60,18.80,108.40,0.0,59.4
WP012025,JTWC,2025-06-12T12:00:00Z,36,2025-06-14T00:00:00Z,20.50,109.10,20.30,109.10,0.0,22.2
WP012025,JTWC,2025-06-12T18:00:00Z,12,2025-06-13T06:00:00Z,18.70,108.50,18.60,108.30,0.0,23.8
WP012025,JTWC,2025-06-12T18:00:00Z,24,2025-06-13T18:00:00Z,19.80,108.70,19.70,108.80,0.0,15.3
WP012025,JTWC,2025-06-12T18:00:00Z,36,2025-06-14T06:00:00Z,21.20,109.50,21.30,109.90,0.0,42.9
WP012025,JTWC,2025-06-13T00:00:00Z,12,2025-06-13T12:00:00Z,19.40,108.30,18.80,108.40,0.0,67.5
WP012025,JTWC,2025-06-13T00:00:00Z,24,2025-06-14T00:00:00Z,20.60,108.80,20.30,109.10,0.0,45.7
WP012025,JTWC,2025-06-13T06:00:00Z,12,2025-06-13T18:00:00Z,19.90,108.50,19.70,108.80,0.0,38.5
WP012025,JTWC,2025-06-13T06:00:00Z,24,2025-06-14T06:00:00Z,21.30,109.30,21.30,109.90,0.0,62.2
WP012025,JTWC,2025-06-13T12:00:00Z,12,2025-06-14T00:00:00Z,20.10,108.90,20.30,109.10,0.0,30.5
WP012025,JTWC,2025-06-13T18:00:00Z,12,2025-06-14T06:00:00Z,21.30,109.90,21.30,109.90,0.0,0.0
WP022025,JTWC,2025-06-22T12:00:00Z,12,2025-06-23T00:00:00Z,25.00,144.30,24.60,144.70,0.0,60.1
WP022025,JTWC,2025-06-22T12:00:00Z,24,2025-06-23T12:00:00Z,27.10,142.60,27.00,143.00,0.0,41.1
WP022025,JTWC,2025-06-22T12:00:00Z,36,2025-06-24T00:00:00Z,29.00,141.00,29.30,141.00,0.0,33.4
WP022025,JTWC,2025-06-22T18:00:00Z,12,2025-06-23T06:00:00Z,25.60,143.80,25.80,144.00,0.0,29.9
WP022025,JTWC,2025-06-22T18:00:00Z,24,2025-06-23T18:00:00Z,27.70,142.10,28.40,141.90,0.0,80.3
WP022025,JTWC,2025-06-22T18:00:00Z,36,2025-06-24T06:00:00Z,29.60,140.90,30.00,140.40,0.0,65.6
WP022025,JTWC,2025-06-23T00:00:00Z,12,2025-06-23T12:00:00Z,26.60,143.20,27.00,143.00,0.0,48.7
WP022025,JTWC,2025-06-23T00:00:00Z,24,2025-06-24T00:00:00Z,28.60,141.90,29.30,141.00,0.0,117.2
WP022025,JTWC,2025-06-23T00:00:00Z,36,2025-06-24T12:00:00Z,30.40,141.00,30.50,140.10,0.0,87.0
WP022025,JTWC,2025-06-23T06:00:00Z,12,2025-06-23T18:00:00Z,28.10,142.20,28.40,141.90,0.0,44.5
WP022025,JTWC,2025-06-23T06:00:00Z,24,2025-06-24T06:00:00Z,30.20,140.90,30.00,140.40,0.0,53.0
WP022025,JTWC,2025-06-23T06:00:00Z,36,2025-06-24T18:00:00Z,31.80,140.20,31.30,139.80,0.0,67.3
WP022025,JTWC,2025-06-23T12:00:00Z,12,2025-06-24T00:00:00Z,29.10,141.40,29.30,141.00,0.0,44.7
WP022025,JTWC,2025-06-23T12:00:00Z,24,2025-06-24T12:00:00Z,30.90,140.30,30.50,140.10,0.0,48.4
WP022025,JTWC,2025-06-23T12:00:00Z,36,2025-06-25T00:00:00Z,32.40,139.80,32.00,139.50,0.0,52.7
WP022025,JTWC,2025-06-23T18:00:00Z,12,2025-06-24T06:00:00Z,30.30,140.50,30.00,140.40,0.0,34.7
WP022025,JTWC,2025-06-23T18:00:00Z,24,2025-06-24T18:00:00Z,31.90,139.60,31.30,139.80,0.0,69.4
WP022025,JTWC,2025-06-23T18:00:00Z,36,2025-06-25T06:00:00Z,33.50,139.60,32.80,139.60,0.0,77.8
WP022025,JTWC,2025-06-24T00:00:00Z,12,2025-06-24T12:00:00Z,31.00,139.90,30.50,140.10,0.0,58.8
WP022025,JTWC,2025-06-24T00:00:00Z,24,2025-06-25T00:00:00Z,32.50,139.40,32.00,139.50,0.0,56.4
WP022025,JTWC,2025-06-24T00:00:00Z,36,2025-06-25T12:00:00Z,34.20,139.90,33.50,139.70,0.0,80.0
WP022025,JTWC,2025-06-24T06:00:00Z,12,2025-06-24T18:00:00Z,31.30,139.70,31.30,139.80,0.0,9.5
WP022025,JTWC,2025-06-24T06:00:00Z,24,2025-06-25T06:00:00Z,32.90,139.60,32.80,139.60,0.0,11.1
WP022025,JTWC,2025-06-24T06:00:00Z,36,2025-06-25T18:00:00Z,34.50,140.00,34.50,140.30,0.0,27.5
WP022025,JTWC,2025-06-24T12:00:00Z,12,2025-06-25T00:00:00Z,31.90,139.70,32.00,139.50,0.0,21.9
WP022025,JTWC,2025-06-24T12:00:00Z,24,2025-06-25T12:00:00Z,33.40,139.70,33.50,139.70,0.0,11.1
WP022025,JTWC,2025-06-24T12:00:00Z,36,2025-06-26T00:00:00Z,35.10,140.80,35.80,141.40,0.0,94.9
WP022025,JTWC,2025-06-24T18:00:00Z,12,2025-06-25T06:00:00Z,32.90,139.70,32.80,139.60,0.0,14.5
WP022025,JTWC,2025-06-24T18:00:00Z,24,2025-06-25T18:00:00Z,34.70,140.40,34.50,140.30,0.0,24.0
WP022025,JTWC,2025-06-24T18:00:00Z,36,2025-06-26T06:00:00Z,37.10,142.30,37.10,143.60,0.0,115.3
WP022025,JTWC,2025-06-25T00:00:00Z,12,2025-06-25T12:00:00Z,33.40,139.60,33.50,139.70,0.0,14.5
WP022025,JTWC,2025-06-25T00:00:00Z,24,2025-06-26T00:00:00Z,35.70,141.00,35.80,141.40,0.0,37.8
WP022025,JTWC,2025-06-25T06:00:00Z,12,2025-06-25T18:00:00Z,34.50,140.30,34.50,140.30,0.0,0.0
WP022025,JTWC,2025-06-25T06:00:00Z,24,2025-06-26T06:00:00Z,37.00,142.90,37.10,143.60,0.0,63.1
WP022025,JTWC,2025-06-25T12:00:00Z,12,2025-06-26T00:00:00Z,35.90,141.40,35.80,141.40,0.0,11.1
WP022025,JTWC,2025-06-25T18:00:00Z,12,2025-06-26T06:00:00Z,37.20,142.80,37.10,143.60,0.0,71.8
WP032025,JTWC,2025-06-25T06:00:00Z,12,2025-06-25T18:00:00Z,19.80,111.70,19.40,111.50,0.0,49.2
WP032025,JTWC,2025-06-25T06:00:00Z,24,2025-06-26T06:00:00Z,21.10,110.50,20.90,110.20,0.0,38.3
WP032025,JTWC,2025-06-25T12:00:00Z,12,2025-06-26T00:00:00Z,20.40,110.90,20.20,110.70,0.0,30.5
WP032025,JTWC,2025-06-25T12:00:00Z,24,2025-06-26T12:00:00Z,21.60,109.90,21.60,109.80,0.0,10.3
WP032025,JTWC,2025-06-25T18:00:00Z,12,2025-06-26T06:00:00Z,20.60,110.30,20.90,110.20,0.0,34.9
WP032025,JTWC,2025-06-26T00:00:00Z,12,2025-06-26T12:00:00Z,21.40,109.80,21.60,109.80,0.0,22.2
WP042025,JTWC,2025-07-01T18:00:00Z,12,2025-07-02T06:00:00Z,25.90,146.60,25.60,146.80,0.0,38.9
WP042025,JTWC,2025-07-01T18:00:00Z,24,2025-07-02T18:00:00Z,27.10,145.80,26.60,145.80,0.0,55.6
WP042025,JTWC,2025-07-01T18:00:00Z,36,2025-07-03T06:00:00Z,28.20,145.30,27.60,145.40,0.0,67.4
WP042025,JTWC,2025-07-02T00:00:00Z,12,2025-07-02T12:00:00Z,26.40,146.40,26.10,146.30,0.0,34.8
WP042025,JTWC,2025-07-02T00:00:00Z,24,2025-07-03T00:00:00Z,27.50,145.50,26.80,145.40,0.0,78.5
WP042025,JTWC,2025-07-02T00:00:00Z,36,2025-07-03T12:00:00Z,28.60,145.00,28.40,145.40,0.0,45.0
WP042025,JTWC,2025-07-02T06:00:00Z,12,2025-07-02T18:00:00Z,26.90,145.80,26.60,145.80,0.0,33.4
WP042025,JTWC,2025-07-02T06:00:00Z,24,2025-07-03T06:00:00Z,28.00,145.20,27.60,145.40,0.0,48.6
WP042025,JTWC,2025-07-02T06:00:00Z,36,2025-07-03T18:00:00Z,29.10,145.00,29.00,145.10,0.0,14.8
WP042025,JTWC,2025-07-02T12:00:00Z,12,2025-07-03T00:00:00Z,27.20,145.40,26.80,145.40,0.0,44.5
WP042025,JTWC,2025-07-02T12:00:00Z,24,2025-07-03T12:00:00Z,28.30,145.00,28.40,145.40,0.0,40.7
WP042025,JTWC,2025-07-02T12:00:00Z,36,2025-07-04T00:00:00Z,29.40,145.10,29.60,145.20,0.0,24.3
WP042025,JTWC,2025-07-02T18:00:00Z,12,2025-07-03T06:00:00Z,27.90,145.10,27.60,145.40,0.0,44.5
WP042025,JTWC,2025-07-02T18:00:00Z,24,2025-07-03T18:00:00Z,29.10,144.90,29.00,145.10,0.0,22.4
WP042025,JTWC,2025-07-02T18:00:00Z,36,2025-07-04T06:00:00Z,29.90,145.30,30.10,145.40,0.0,24.2
WP042025,JTWC,2025-07-03T00:00:00Z,12,2025-07-03T12:00:00Z,28.10,145.10,28.40,145.40,0.0,44.5
WP042025,JTWC,2025-07-03T00:00:00Z,24,2025-07-04T00:00:00Z,29.20,145.00,29.60,145.20,0.0,48.5
WP042025,JTWC,2025-07-03T00:00:00Z,36,2025-07-04T12:00:00Z,30.00,145.60,30.60,145.70,0.0,67.4
WP042025,JTWC,2025-07-03T06:00:00Z,12,2025-07-03T18:00:00Z,28.70,145.10,29.00,145.10,0.0,33.4
WP042025,JTWC,2025-07-03T06:00:00Z,24,2025-07-04T06:00:00Z,29.70,145.30,30.10,145.40,0.0,45.5
WP042025,JTWC,2025-07-03T06:00:00Z,36,2025-07-04T18:00:00Z,30.50,146.40,30.90,145.90,0.0,65.3
WP042025,JTWC,2025-07-03T12:00:00Z,12,2025-07-04T00:00:00Z,29.30,145.60,29.60,145.20,0.0,51.1
WP042025,JTWC,2025-07-03T12:00:00Z,24,2025-07-04T12:00:00Z,30.20,146.10,30.60,145.70,0.0,58.7
WP042025,JTWC,2025-07-03T12:00:00Z,36,2025-07-05T00:00:00Z,31.00,147.10,31.10,146.30,0.0,77.0
WP042025,JTWC,2025-07-03T18:00:00Z,12,2025-07-04T06:00:00Z,30.10,145.20,30.10,145.40,0.0,19.2
WP042025,JTWC,2025-07-03T18:00:00Z,24,2025-07-04T18:00:00Z,30.90,146.20,30.90,145.90,0.0,28.6
WP042025,JTWC,2025-07-03T18:00:00Z,36,2025-07-05T06:00:00Z,31.50,147.40,31.00,147.00,0.0,67.4
WP042025,JTWC,2025-07-04T00:00:00Z,12,2025-07-04T12:00:00Z,30.60,145.10,30.60,145.70,0.0,57.4
WP042025,JTWC,2025-07-04T00:00:00Z,24,2025-07-05T00:00:00Z,31.30,146.60,31.10,146.30,0.0,36.2
WP042025,JTWC,2025-07-04T00:00:00Z,36,2025-07-05T12:00:00Z,31.90,147.80,31.30,147.90,0.0,67.4
WP042025,JTWC,2025-07-04T06:00:00Z,12,2025-07-04T18:00:00Z,30.90,145.80,30.90,145.90,0.0,9.5
WP042025,JTWC,2025-07-04T06:00:00Z,24,2025-07-05T06:00:00Z,31.60,147.20,31.00,147.00,0.0,69.4
WP042025,JTWC,2025-07-04T06:00:00Z,36,2025-07-05T18:00:00Z,32.40,148.40,31.70,148.70,0.0,82.8
WP042025,JTWC,2025-07-04T12:00:00Z,12,2025-07-05T00:00:00Z,31.00,146.40,31.10,146.30,0.0,14.6
WP042025,JTWC,2025-07-04T12:00:00Z,24,2025-07-05T12:00:00Z,31.60,147.80,31.30,147.90,0.0,34.7
WP042025,JTWC,2025-07-04T12:00:00Z,36,2025-07-06T00:00:00Z,32.40,149.10,32.20,149.10,0.0,22.2
WP042025,JTWC,2025-07-04T18:00:00Z,12,2025-07-05T06:00:00Z,31.20,147.30,31.00,147.00,0.0,36.2
WP042025,JTWC,2025-07-04T18:00:00Z,24,2025-07-05T18:00:00Z,31.80,148.70,31.70,148.70,0.0,11.1
WP042025,JTWC,2025-07-04T18:00:00Z,36,2025-07-06T06:00:00Z,32.70,149.50,32.60,149.50,0.0,11.1
WP042025,JTWC,2025-07-05T00:00:00Z,12,2025-07-05T12:00:00Z,31.50,147.70,31.30,147.90,0.0,29.2
WP042025,JTWC,2025-07-05T00:00:00Z,24,2025-07-06T00:00:00Z,32.10,148.80,32.20,149.10,0.0,30.4
WP042025,JTWC,2025-07-05T00:00:00Z,36,2025-07-06T12:00:00Z,33.20,149.20,33.40,149.60,0.0,43.3
WP042025,JTWC,2025-07-05T06:00:00Z,12,2025-07-05T18:00:00Z,31.60,148.50,31.70,148.70,0.0,22.0
WP042025,JTWC,2025-07-05T06:00:00Z,24,2025-07-06T06:00:00Z,32.40,149.30,32.60,149.50,0.0,29.1
WP042025,JTWC,2025-07-05T06:00:00Z,36,2025-07-06T18:00:00Z,33.80,149.10,33.90,149.50,0.0,38.6
WP042025,JTWC,2025-07-05T12:00:00Z,12,2025-07-06T00:00:00Z,32.00,149.30,32.20,149.10,0.0,29.1
WP042025,JTWC,2025-07-05T12:00:00Z,24,2025-07-06T12:00:00Z,33.10,149.60,33.40,149.60,0.0,33.4
WP042025,JTWC,2025-07-05T12:00:00Z,36,2025-07-07T00:00:00Z,34.50,148.90,34.70,148.90,0.0,22.2
WP042025,JTWC,2025-07-05T18:00:00Z,12,2025-07-06T06:00:00Z,32.70,149.60,32.60,149.50,0.0,14.5
WP042025,JTWC,2025-07-05T18:00:00Z,24,2025-07-06T18:00:00Z,34.10,149.50,33.90,149.50,0.0,22.2
WP042025,JTWC,2025-07-05T18:00:00Z,36,2025-07-07T06:00:00Z,35.80,148.60,35.70,148.40,0.0,21.2
WP042025,JTWC,2025-07-06T00:00:00Z,12,2025-07-06T12:00:00Z,33.40,149.50,33.40,149.60,0.0,9.3
WP042025,JTWC,2025-07-06T00:00:00Z,24,2025-07-07T00:00:00Z,35.00,148.80,34.70,148.90,0.0,34.6
WP042025,JTWC,2025-07-06T00:00:00Z,36,2025-07-07T12:00:00Z,37.00,148.00,36.70,148.00,0.0,33.4
WP042025,JTWC,2025-07-06T06:00:00Z,12,2025-07-06T18:00:00Z,34.30,149.30,33.90,149.50,0.0,48.1
WP042025,JTWC,2025-07-06T06:00:00Z,24,2025-07-07T06:00:00Z,36.10,148.40,35.70,148.40,0.0,44.5
WP042025,JTWC,2025-07-06T06:00:00Z,36,2025-07-07T18:00:00Z,38.30,148.40,38.10,148.30,0.0,23.9
WP042025,JTWC,2025-07-06T12:00:00Z,12,2025-07-07T00:00:00Z,35.10,149.00,34.70,148.90,0.0,45.4
WP042025,JTWC,2025-07-06T12:00:00Z,24,2025-07-07T12:00:00Z,37.10,148.40,36.70,148.00,0.0,57.0
WP042025,JTWC,2025-07-06T12:00:00Z,36,2025-07-08T00:00:00Z,39.30,149.00,39.30,149.10,0.0,8.6
WP042025,JTWC,2025-07-06T18:00:00Z,12,2025-07-07T06:00:00Z,35.80,148.50,35.70,148.40,0.0,14.3
WP042025,JTWC,2025-07-06T18:00:00Z,24,2025-07-07T18:00:00Z,38.00,148.40,38.10,148.30,0.0,14.2
WP042025,JTWC,2025-07-07T00:00:00Z,12,2025-07-07T12:00:00Z,36.90,148.20,36.70,148.00,0.0,28.5
WP042025,JTWC,2025-07-07T00:00:00Z,24,2025-07-08T00:00:00Z,39.20,148.90,39.30,149.10,0.0,20.5
WP042025,JTWC,2025-07-07T06:00:00Z,12,2025-07-07T18:00:00Z,37.90,148.20,38.10,148.30,0.0,23.9
WP042025,JTWC,2025-07-07T12:00:00Z,12,2025-07-08T00:00:00Z,39.10,148.90,39.30,149.10,0.0,28.1
WP052025,JTWC,2025-07-04T00:00:00Z,12,2025-07-04T12:00:00Z,19.90,118.10,20.00,117.70,0.0,43.3
WP052025,JTWC,2025-07-04T00:00:00Z,24,2025-07-05T00:00:00Z,20.20,117.60,20.20,117.50,0.0,10.4
WP052025,JTWC,2025-07-04T00:00:00Z,36,2025-07-05T12:00:00Z,20.80,117.50,20.70,117.80,0.0,33.1
WP052025,JTWC,2025-07-04T06:00:00Z,12,2025-07-04T18:00:00Z,19.90,117.70,20.10,117.50,0.0,30.5
WP052025,JTWC,2025-07-04T06:00:00Z,24,2025-07-05T06:00:00Z,20.30,117.40,20.50,117.70,0.0,38.4
WP052025,JTWC,2025-07-04T06:00:00Z,36,2025-07-05T18:00:00Z,21.00,117.70,21.00,118.00,0.0,31.1
WP052025,JTWC,2025-07-04T12:00:00Z,12,2025-07-05T00:00:00Z,20.70,117.60,20.20,117.50,0.0,56.6
WP052025,JTWC,2025-07-04T12:00:00Z,24,2025-07-05T12:00:00Z,21.20,117.70,20.70,117.80,0.0,56.6
WP052025,JTWC,2025-07-04T12:00:00Z,36,2025-07-06T00:00:00Z,22.20,118.20,21.60,118.20,0.0,66.7
WP052025,JTWC,2025-07-04T18:00:00Z,12,2025-07-05T06:00:00Z,20.40,117.20,20.50,117.70,0.0,53.3
WP052025,JTWC,2025-07-04T18:00:00Z,24,2025-07-05T18:00:00Z,21.00,117.40,21.00,118.00,0.0,62.3
WP052025,JTWC,2025-07-04T18:00:00Z,36,2025-07-06T06:00:00Z,22.00,118.10,22.10,118.80,0.0,73.0
WP052025,JTWC,2025-07-05T00:00:00Z,12,2025-07-05T12:00:00Z,20.70,117.50,20.70,117.80,0.0,31.2
WP052025,JTWC,2025-07-05T00:00:00Z,24,2025-07-06T00:00:00Z,21.80,118.20,21.60,118.20,0.0,22.2
WP052025,JTWC,2025-07-05T00:00:00Z,36,2025-07-06T12:00:00Z,23.30,119.10,22.90,119.60,0.0,67.8
WP052025,JTWC,2025-07-05T06:00:00Z,12,2025-07-05T18:00:00Z,21.30,118.20,21.00,118.00,0.0,39.3
WP052025,JTWC,2025-07-05T06:00:00Z,24,2025-07-06T06:00:00Z,22.40,118.80,22.10,118.80,0.0,33.4
WP052025,JTWC,2025-07-05T06:00:00Z,36,2025-07-06T18:00:00Z,23.90,119.70,24.00,120.70,0.0,102.2
WP052025,JTWC,2025-07-05T12:00:00Z,12,2025-07-06T00:00:00Z,21.80,118.50,21.60,118.20,0.0,38.1
WP052025,JTWC,2025-07-05T12:00:00Z,24,2025-07-06T12:00:00Z,23.20,119.40,22.90,119.60,0.0,39.1
WP052025,JTWC,2025-07-05T12:00:00Z,36,2025-07-07T00:00:00Z,24.80,120.40,25.70,121.10,0.0,122.4
WP052025,JTWC,2025-07-05T18:00:00Z,12,2025-07-06T06:00:00Z,22.30,118.80,22.10,118.80,0.0,22.2
WP052025,JTWC,2025-07-05T18:00:00Z,24,2025-07-06T18:00:00Z,24.20,120.20,24.00,120.70,0.0,55.4
WP052025,JTWC,2025-07-05T18:00:00Z,36,2025-07-07T06:00:00Z,26.20,121.50,26.50,121.40,0.0,34.8
WP052025,JTWC,2025-07-06T00:00:00Z,12,2025-07-06T12:00:00Z,23.10,119.40,22.90,119.60,0.0,30.2
WP052025,JTWC,2025-07-06T00:00:00Z,24,2025-07-07T00:00:00Z,25.30,120.90,25.70,121.10,0.0,48.8
WP052025,JTWC,2025-07-06T00:00:00Z,36,2025-07-07T12:00:00Z,26.90,121.90,27.00,121.80,0.0,14.9
WP052025,JTWC,2025-07-06T06:00:00Z,12,2025-07-06T18:00:00Z,23.80,120.50,24.00,120.70,0.0,30.1
WP052025,JTWC,2025-07-06T06:00:00Z,24,2025-07-07T06:00:00Z,25.90,121.80,26.50,121.40,0.0,77.7
WP052025,JTWC,2025-07-06T06:00:00Z,36,2025-07-07T18:00:00Z,27.20,122.40,27.60,122.40,0.0,44.5
WP052025,JTWC,2025-07-06T12:00:00Z,12,2025-07-07T00:00:00Z,25.00,121.30,25.70,121.10,0.0,80.4
WP052025,JTWC,2025-07-06T12:00:00Z,24,2025-07-07T12:00:00Z,26.70,122.40,27.00,121.80,0.0,68.2
WP052025,JTWC,2025-07-06T12:00:00Z,36,2025-07-08T00:00:00Z,27.70,122.60,28.00,122.30,0.0,44.5
WP052025,JTWC,2025-07-06T18:00:00Z,12,2025-07-07T06:00:00Z,26.00,121.90,26.50,121.40,0.0,74.7
WP052025,JTWC,2025-07-06T18:00:00Z,24,2025-07-07T18:00:00Z,27.50,122.40,27.60,122.40,0.0,11.1
WP052025,JTWC,2025-07-06T18:00:00Z,36,2025-07-08T06:00:00Z,28.10,121.60,28.00,121.90,0.0,31.5
WP052025,JTWC,2025-07-07T00:00:00Z,12,2025-07-07T12:00:00Z,27.30,122.30,27.00,121.80,0.0,59.7
WP052025,JTWC,2025-07-07T00:00:00Z,24,2025-07-08T00:00:00Z,28.10,122.20,28.00,122.30,0.0,14.8
WP052025,JTWC,2025-07-07T00:00:00Z,36,2025-07-08T12:00:00Z,28.30,120.80,27.80,121.40,0.0,81.0
WP052025,JTWC,2025-07-07T06:00:00Z,12,2025-07-07T18:00:00Z,28.10,122.20,27.60,122.40,0.0,59.0
WP052025,JTWC,2025-07-07T06:00:00Z,24,2025-07-08T06:00:00Z,28.50,121.80,28.00,121.90,0.0,56.5
WP052025,JTWC,2025-07-07T06:00:00Z,36,2025-07-08T18:00:00Z,28.30,120.40,27.40,120.10,0.0,104.3
WP052025,JTWC,2025-07-07T12:00:00Z,12,2025-07-08T00:00:00Z,27.80,121.90,28.00,122.30,0.0,45.2
WP052025,JTWC,2025-07-07T12:00:00Z,24,2025-07-08T12:00:00Z,28.00,120.90,27.80,121.40,0.0,53.9
WP052025,JTWC,2025-07-07T18:00:00Z,12,2025-07-08T06:00:00Z,28.30,121.60,28.00,121.90,0.0,44.5
WP052025,JTWC,2025-07-07T18:00:00Z,24,2025-07-08T18:00:00Z,28.00,120.20,27.40,120.10,0.0,67.4
WP052025,JTWC,2025-07-08T00:00:00Z,12,2025-07-08T12:00:00Z,28.20,121.20,27.80,121.40,0.0,48.6
WP052025,JTWC,2025-07-08T06:00:00Z,12,2025-07-08T18:00:00Z,27.70,120.50,27.40,120.10,0.0,51.7
WP062025,JTWC,2025-07-11T00:00:00Z,12,2025-07-11T12:00:00Z,26.00,140.50,25.10,140.00,0.0,111.9
WP062025,JTWC,2025-07-11T00:00:00Z,24,2025-07-12T00:00:00Z,26.80,140.80,25.00,140.50,0.0,202.4
WP062025,JTWC,2025-07-11T00:00:00Z,36,2025-07-12T12:00:00Z,27.60,141.50,25.00,141.80,0.0,290.6
WP062025,JTWC,2025-07-11T06:00:00Z,12,2025-07-11T18:00:00Z,25.80,140.00,25.20,140.10,0.0,67.5
WP062025,JTWC,2025-07-11T06:00:00Z,24,2025-07-12T06:00:00Z,26.30,140.40,24.80,141.40,0.0,194.6
WP062025,JTWC,2025-07-11T06:00:00Z,36,2025-07-12T18:00:00Z,27.20,141.40,25.30,142.10,0.0,222.5
WP062025,JTWC,2025-07-11T12:00:00Z,12,2025-07-12T00:00:00Z,25.50,140.40,25.00,140.50,0.0,56.5
WP062025,JTWC,2025-07-11T12:00:00Z,24,2025-07-12T12:00:00Z,25.90,141.00,25.00,141.80,0.0,128.3
WP062025,JTWC,2025-07-11T12:00:00Z,36,2025-07-13T00:00:00Z,27.40,142.00,26.00,142.50,0.0,163.4
WP062025,JTWC,2025-07-11T18:00:00Z,12,2025-07-12T06:00:00Z,25.60,140.50,24.80,141.40,0.0,126.9
WP062025,JTWC,2025-07-11T18:00:00Z,24,2025-07-12T18:00:00Z,26.20,141.10,25.30,142.10,0.0,141.6
WP062025,JTWC,2025-07-11T18:00:00Z,36,2025-07-13T06:00:00Z,28.30,141.90,27.60,143.10,0.0,141.2
WP062025,JTWC,2025-07-12T00:00:00Z,12,2025-07-12T12:00:00Z,25.60,141.20,25.00,141.80,0.0,89.9
WP062025,JTWC,2025-07-12T00:00:00Z,24,2025-07-13T00:00:00Z,27.00,141.90,26.00,142.50,0.0,126.2
WP062025,JTWC,2025-07-12T00:00:00Z,36,2025-07-13T12:00:00Z,29.90,142.00,30.00,143.00,0.0,97.0
WP062025,JTWC,2025-07-12T06:00:00Z,12,2025-07-12T18:00:00Z,25.60,142.10,25.30,142.10,0.0,33.4
WP062025,JTWC,2025-07-12T06:00:00Z,24,2025-07-13T06:00:00Z,27.50,142.30,27.60,143.10,0.0,79.6
WP062025,JTWC,2025-07-12T06:00:00Z,36,2025-07-13T18:00:00Z,31.20,141.80,32.30,142.00,0.0,123.8
WP062025,JTWC,2025-07-12T12:00:00Z,12,2025-07-13T00:00:00Z,26.50,142.30,26.00,142.50,0.0,59.1
WP062025,JTWC,2025-07-12T12:00:00Z,24,2025-07-13T12:00:00Z,29.60,142.40,30.00,143.00,0.0,73.0
WP062025,JTWC,2025-07-12T12:00:00Z,36,2025-07-14T00:00:00Z,33.20,141.70,34.10,142.20,0.0,110.3
WP062025,JTWC,2025-07-12T18:00:00Z,12,2025-07-13T06:00:00Z,27.60,142.80,27.60,143.10,0.0,29.6
WP062025,JTWC,2025-07-12T18:00:00Z,24,2025-07-13T18:00:00Z,31.40,142.30,32.30,142.00,0.0,104.0
WP062025,JTWC,2025-07-12T18:00:00Z,36,2025-07-14T06:00:00Z,35.20,141.80,36.70,142.60,0.0,181.7
WP062025,JTWC,2025-07-13T00:00:00Z,12,2025-07-13T12:00:00Z,29.60,142.60,30.00,143.00,0.0,58.9
WP062025,JTWC,2025-07-13T00:00:00Z,24,2025-07-14T00:00:00Z,33.80,142.00,34.10,142.20,0.0,38.1
WP062025,JTWC,2025-07-13T00:00:00Z,36,2025-07-14T12:00:00Z,38.10,142.00,39.70,142.70,0.0,187.9
WP062025,JTWC,2025-07-13T06:00:00Z,12,2025-07-13T18:00:00Z,31.30,142.40,32.30,142.00,0.0,117.4
WP062025,JTWC,2025-07-13T06:00:00Z,24,2025-07-14T06:00:00Z,35.60,141.90,36.70,142.60,0.0,137.5
WP062025,JTWC,2025-07-13T06:00:00Z,36,2025-07-14T18:00:00Z,40.30,142.70,42.50,143.40,0.0,251.5
WP062025,JTWC,2025-07-13T12:00:00Z,12,2025-07-14T00:00:00Z,34.40,142.60,34.10,142.20,0.0,49.6
WP062025,JTWC,2025-07-13T12:00:00Z,24,2025-07-14T12:00:00Z,39.10,142.90,39.70,142.70,0.0,68.9
WP062025,JTWC,2025-07-13T18:00:00Z,12,2025-07-14T06:00:00Z,36.40,142.90,36.70,142.60,0.0,42.8
WP062025,JTWC,2025-07-13T18:00:00Z,24,2025-07-14T18:00:00Z,41.60,144.10,42.50,143.40,0.0,115.6
WP062025,JTWC,2025-07-14T00:00:00Z,12,2025-07-14T12:00:00Z,38.90,142.80,39.70,142.70,0.0,89.4
WP062025,JTWC,2025-07-14T06:00:00Z,12,2025-07-14T18:00:00Z,42.00,144.10,42.50,143.40,0.0,80.1
WP072025,JTWC,2025-07-12T18:00:00Z,12,2025-07-13T06:00:00Z,31.40,125.60,31.00,125.90,0.0,52.8
WP072025,JTWC,2025-07-12T18:00:00Z,24,2025-07-13T18:00:00Z,33.20,128.00,31.90,129.70,0.0,215.1
WP072025,JTWC,2025-07-13T00:00:00Z,12,2025-07-13T12:00:00Z,32.20,127.20,31.30,127.50,0.0,104.0
WP072025,JTWC,2025-07-13T00:00:00Z,24,2025-07-14T00:00:00Z,34.80,129.30,33.10,131.20,0.0,257.8
WP072025,JTWC,2025-07-13T06:00:00Z,12,2025-07-13T18:00:00Z,32.50,128.80,31.90,129.70,0.0,107.8
WP072025,JTWC,2025-07-13T12:00:00Z,12,2025-07-14T00:00:00Z,32.40,130.50,33.10,131.20,0.0,101.7
WP092025,JTWC,2025-07-18T12:00:00Z,12,2025-07-19T00:00:00Z,20.30,120.30,20.10,119.90,0.0,47.3
WP092025,JTWC,2025-07-18T12:00:00Z,24,2025-07-19T12:00:00Z,21.30,118.00,21.20,117.60,0.0,42.9
WP092025,JTWC,2025-07-18T12:00:00Z,36,2025-07-20T00:00:00Z,21.90,115.40,21.60,114.70,0.0,79.6
WP092025,JTWC,2025-07-18T18:00:00Z,12,2025-07-19T06:00:00Z,20.70,118.60,20.50,119.00,0.0,47.2
WP092025,JTWC,2025-07-18T18:00:00Z,24,2025-07-19T18:00:00Z,21.50,116.20,21.60,116.10,0.0,15.2
WP092025,JTWC,2025-07-18T18:00:00Z,36,2025-07-20T06:00:00Z,21.80,113.50,21.80,113.40,0.0,10.3
WP092025,JTWC,2025-07-19T00:00:00Z,12,2025-07-19T12:00:00Z,21.00,117.40,21.20,117.60,0.0,30.4
WP092025,JTWC,2025-07-19T00:00:00Z,24,2025-07-20T00:00:00Z,21.50,114.80,21.60,114.70,0.0,15.2
WP092025,JTWC,2025-07-19T00:00:00Z,36,2025-07-20T12:00:00Z,21.40,112.40,21.60,112.30,0.0,24.5
WP092025,JTWC,2025-07-19T06:00:00Z,12,2025-07-19T18:00:00Z,21.30,116.30,21.60,116.10,0.0,39.3
WP092025,JTWC,2025-07-19T06:00:00Z,24,2025-07-20T06:00:00Z,21.50,113.60,21.80,113.40,0.0,39.2
WP092025,JTWC,2025-07-19T06:00:00Z,36,2025-07-20T18:00:00Z,21.30,111.50,21.60,111.00,0.0,61.6
WP092025,JTWC,2025-07-19T12:00:00Z,12,2025-07-20T00:00:00Z,21.50,115.10,21.60,114.70,0.0,42.8
WP092025,JTWC,2025-07-19T12:00:00Z,24,2025-07-20T12:00:00Z,21.40,112.50,21.60,112.30,0.0,30.4
WP092025,JTWC,2025-07-19T12:00:00Z,36,2025-07-21T00:00:00Z,21.10,110.40,21.20,109.90,0.0,53.0
WP092025,JTWC,2025-07-19T18:00:00Z,12,2025-07-20T06:00:00Z,21.80,113.00,21.80,113.40,0.0,41.3
WP092025,JTWC,2025-07-19T18:00:00Z,24,2025-07-20T18:00:00Z,21.40,110.60,21.60,111.00,0.0,47.0
WP092025,JTWC,2025-07-19T18:00:00Z,36,2025-07-21T06:00:00Z,20.80,108.90,21.00,109.10,0.0,30.4
WP092025,JTWC,2025-07-20T00:00:00Z,12,2025-07-20T12:00:00Z,21.60,111.90,21.60,112.30,0.0,41.4
WP092025,JTWC,2025-07-20T00:00:00Z,24,2025-07-21T00:00:00Z,21.10,109.70,21.20,109.90,0.0,23.5
WP092025,JTWC,2025-07-20T00:00:00Z,36,2025-07-21T12:00:00Z,20.60,108.10,21.00,108.40,0.0,54.3
WP092025,JTWC,2025-07-20T06:00:00Z,12,2025-07-20T18:00:00Z,21.70,110.80,21.60,111.00,0.0,23.5
WP092025,JTWC,2025-07-20T06:00:00Z,24,2025-07-21T06:00:00Z,21.20,109.00,21.00,109.10,0.0,24.5
WP092025,JTWC,2025-07-20T06:00:00Z,36,2025-07-21T18:00:00Z,20.80,107.60,20.90,107.70,0.0,15.2
WP092025,JTWC,2025-07-20T12:00:00Z,12,2025-07-21T00:00:00Z,21.30,109.70,21.20,109.90,0.0,23.5
WP092025,JTWC,2025-07-20T12:00:00Z,24,2025-07-21T12:00:00Z,20.90,108.30,21.00,108.40,0.0,15.2
WP092025,JTWC,2025-07-20T12:00:00Z,36,2025-07-22T00:00:00Z,20.60,107.10,20.60,106.80,0.0,31.2
WP092025,JTWC,2025-07-20T18:00:00Z,12,2025-07-21T06:00:00Z,21.10,109.10,21.00,109.10,0.0,11.1
WP092025,JTWC,2025-07-20T18:00:00Z,24,2025-07-21T18:00:00Z,20.80,108.00,20.90,107.70,0.0,33.1
WP092025,JTWC,2025-07-20T18:00:00Z,36,2025-07-22T06:00:00Z,20.50,106.80,20.20,106.10,0.0,80.2
WP092025,JTWC,2025-07-21T00:00:00Z,12,2025-07-21T12:00:00Z,21.10,108.00,21.00,108.40,0.0,43.0
WP092025,JTWC,2025-07-21T00:00:00Z,24,2025-07-22T00:00:00Z,20.80,106.90,20.60,106.80,0.0,24.6
WP092025,JTWC,2025-07-21T00:00:00Z,36,2025-07-22T12:00:00Z,20.60,105.20,19.70,105.00,0.0,102.2
WP092025,JTWC,2025-07-21T06:00:00Z,12,2025-07-21T18:00:00Z,21.00,107.70,20.90,107.70,0.0,11.1
WP092025,JTWC,2025-07-21T06:00:00Z,24,2025-07-22T06:00:00Z,20.80,106.50,20.20,106.10,0.0,78.7
WP092025,JTWC,2025-07-21T12:00:00Z,12,2025-07-22T00:00:00Z,20.90,107.10,20.60,106.80,0.0,45.7
WP092025,JTWC,2025-07-21T12:00:00Z,24,2025-07-22T12:00:00Z,20.70,105.80,19.70,105.00,0.0,139.0
WP092025,JTWC,2025-07-21T18:00:00Z,12,2025-07-22T06:00:00Z,20.60,106.20,20.20,106.10,0.0,45.7
WP092025,JTWC,2025-07-22T00:00:00Z,12,2025-07-22T12:00:00Z,20.30,105.40,19.70,105.00,0.0,78.7
WP102025,JTWC,2025-07-22T06:00:00Z,12,2025-07-22T18:00:00Z,19.90,131.70,19.90,131.20,0.0,52.3
WP102025,JTWC,2025-07-22T06:00:00Z,24,2025-07-23T06:00:00Z,21.60,130.50,21.80,129.70,0.0,85.6
WP102025,JTWC,2025-07-22T06:00:00Z,36,2025-07-23T18:00:00Z,23.40,129.30,23.10,128.20,0.0,117.2
WP102025,JTWC,2025-07-22T12:00:00Z,12,2025-07-23T00:00:00Z,21.60,130.60,20.70,130.30,0.0,104.8
WP102025,JTWC,2025-07-22T12:00:00Z,24,2025-07-23T12:00:00Z,23.20,129.30,22.50,128.90,0.0,88.0
WP102025,JTWC,2025-07-22T12:00:00Z,36,2025-07-24T00:00:00Z,24.80,128.00,24.10,127.90,0.0,78.5
WP102025,JTWC,2025-07-22T18:00:00Z,12,2025-07-23T06:00:00Z,21.50,130.00,21.80,129.70,0.0,45.5
WP102025,JTWC,2025-07-22T18:00:00Z,24,2025-07-23T18:00:00Z,23.00,129.10,23.10,128.20,0.0,92.8
WP102025,JTWC,2025-07-22T18:00:00Z,36,2025-07-24T06:00:00Z,24.40,127.80,24.80,127.90,0.0,45.6
WP102025,JTWC,2025-07-23T00:00:00Z,12,2025-07-23T12:00:00Z,22.30,129.00,22.50,128.90,0.0,24.5
WP102025,JTWC,2025-07-23T00:00:00Z,24,2025-07-24T00:00:00Z,23.80,127.90,24.10,127.90,0.0,33.4
WP102025,JTWC,2025-07-23T00:00:00Z,36,2025-07-24T12:00:00Z,25.20,126.60,25.80,127.20,0.0,89.9
WP102025,JTWC,2025-07-23T06:00:00Z,12,2025-07-23T18:00:00Z,23.50,128.80,23.10,128.20,0.0,75.7
WP102025,JTWC,2025-07-23T06:00:00Z,24,2025-07-24T06:00:00Z,25.30,127.50,24.80,127.90,0.0,68.7
WP102025,JTWC,2025-07-23T06:00:00Z,36,2025-07-24T18:00:00Z,26.30,125.70,26.40,125.60,0.0,14.9
WP102025,JTWC,2025-07-23T12:00:00Z,12,2025-07-24T00:00:00Z,24.10,128.40,24.10,127.90,0.0,50.8
WP102025,JTWC,2025-07-23T12:00:00Z,24,2025-07-24T12:00:00Z,25.60,126.50,25.80,127.20,0.0,73.6
WP102025,JTWC,2025-07-23T12:00:00Z,36,2025-07-25T00:00:00Z,26.30,124.50,26.60,123.80,0.0,77.3
WP102025,JTWC,2025-07-23T18:00:00Z,12,2025-07-24T06:00:00Z,25.00,126.80,24.80,127.90,0.0,113.2
WP102025,JTWC,2025-07-23T18:00:00Z,24,2025-07-24T18:00:00Z,26.10,125.00,26.40,125.60,0.0,68.5
WP102025,JTWC,2025-07-23T18:00:00Z,36,2025-07-25T06:00:00Z,26.60,122.80,26.60,122.70,0.0,9.9
WP102025,JTWC,2025-07-24T00:00:00Z,12,2025-07-24T12:00:00Z,25.80,126.50,25.80,127.20,0.0,70.1
WP102025,JTWC,2025-07-24T00:00:00Z,24,2025-07-25T00:00:00Z,26.40,124.40,26.60,123.80,0.0,63.7
WP102025,JTWC,2025-07-24T00:00:00Z,36,2025-07-25T12:00:00Z,26.70,122.70,26.40,121.90,0.0,86.3
WP102025,JTWC,2025-07-24T06:00:00Z,12,2025-07-24T18:00:00Z,26.20,125.80,26.40,125.60,0.0,29.9
WP102025,JTWC,2025-07-24T06:00:00Z,24,2025-07-25T06:00:00Z,26.70,124.00,26.60,122.70,0.0,129.7
WP102025,JTWC,2025-07-24T06:00:00Z,36,2025-07-25T18:00:00Z,27.10,122.40,26.40,121.20,0.0,142.3
WP102025,JTWC,2025-07-24T12:00:00Z,12,2025-07-25T00:00:00Z,26.90,125.10,26.60,123.80,0.0,133.3
WP102025,JTWC,2025-07-24T12:00:00Z,24,2025-07-25T12:00:00Z,27.30,123.40,26.40,121.90,0.0,179.3
WP102025,JTWC,2025-07-24T12:00:00Z,36,2025-07-26T00:00:00Z,27.60,122.60,26.60,120.70,0.0,218.5
WP102025,JTWC,2025-07-24T18:00:00Z,12,2025-07-25T06:00:00Z,27.20,122.50,26.60,122.70,0.0,69.6
WP102025,JTWC,2025-07-24T18:00:00Z,24,2025-07-25T18:00:00Z,26.80,121.50,26.40,121.20,0.0,53.6
WP102025,JTWC,2025-07-24T18:00:00Z,36,2025-07-26T06:00:00Z,26.30,121.10,26.50,120.20,0.0,92.4
WP102025,JTWC,2025-07-25T00:00:00Z,12,2025-07-25T12:00:00Z,26.60,122.00,26.40,121.90,0.0,24.4
WP102025,JTWC,2025-07-25T00:00:00Z,24,2025-07-26T00:00:00Z,26.30,121.30,26.60,120.70,0.0,68.4
WP102025,JTWC,2025-07-25T00:00:00Z,36,2025-07-26T12:00:00Z,25.90,121.90,26.30,119.60,0.0,233.9
WP102025,JTWC,2025-07-25T06:00:00Z,12,2025-07-25T18:00:00Z,26.40,121.40,26.40,121.20,0.0,19.9
WP102025,JTWC,2025-07-25T06:00:00Z,24,2025-07-26T06:00:00Z,26.30,120.70,26.50,120.20,0.0,54.5
WP102025,JTWC,2025-07-25T12:00:00Z,12,2025-07-26T00:00:00Z,26.10,120.70,26.60,120.70,0.0,55.6
WP102025,JTWC,2025-07-25T12:00:00Z,24,2025-07-26T12:00:00Z,26.10,120.20,26.30,119.60,0.0,63.9
WP112025,JTWC,2025-07-23T00:00:00Z,12,2025-07-23T12:00:00Z,17.80,119.10,17.70,118.90,0.0,23.9
WP112025,JTWC,2025-07-23T00:00:00Z,24,2025-07-24T00:00:00Z,17.00,118.70,16.50,118.40,0.0,64.1
WP112025,JTWC,2025-07-23T00:00:00Z,36,2025-07-24T12:00:00Z,17.10,120.10,16.00,119.30,0.0,149.1
WP112025,JTWC,2025-07-23T06:00:00Z,12,2025-07-23T18:00:00Z,16.80,118.80,17.10,118.20,0.0,72.0
WP112025,JTWC,2025-07-23T06:00:00Z,24,2025-07-24T06:00:00Z,16.30,119.10,16.20,118.80,0.0,33.9
WP112025,JTWC,2025-07-23T06:00:00Z,36,2025-07-24T18:00:00Z,16.80,120.00,16.70,120.10,0.0,15.4
WP112025,JTWC,2025-07-23T12:00:00Z,12,2025-07-24T00:00:00Z,17.00,118.60,16.50,118.40,0.0,59.5
WP112025,JTWC,2025-07-23T12:00:00Z,24,2025-07-24T12:00:00Z,17.00,119.40,16.00,119.30,0.0,111.7
WP112025,JTWC,2025-07-23T12:00:00Z,36,2025-07-25T00:00:00Z,18.20,120.70,17.80,120.50,0.0,49.3
WP112025,JTWC,2025-07-23T18:00:00Z,12,2025-07-24T06:00:00Z,16.30,118.60,16.20,118.80,0.0,24.1
WP112025,JTWC,2025-07-23T18:00:00Z,24,2025-07-24T18:00:00Z,17.50,120.10,16.70,120.10,0.0,89.0
WP112025,JTWC,2025-07-23T18:00:00Z,36,2025-07-25T06:00:00Z,19.60,121.70,19.60,121.30,0.0,41.9
WP112025,JTWC,2025-07-24T00:00:00Z,12,2025-07-24T12:00:00Z,16.30,119.40,16.00,119.30,0.0,35.0
WP112025,JTWC,2025-07-24T00:00:00Z,24,2025-07-25T00:00:00Z,18.30,120.90,17.80,120.50,0.0,69.9
WP112025,JTWC,2025-07-24T00:00:00Z,36,2025-07-25T12:00:00Z,21.00,123.20,21.90,123.20,0.0,100.1
WP112025,JTWC,2025-07-24T06:00:00Z,12,2025-07-24T18:00:00Z,16.90,120.70,16.70,120.10,0.0,67.6
WP112025,JTWC,2025-07-24T06:00:00Z,24,2025-07-25T06:00:00Z,19.50,122.70,19.60,121.30,0.0,147.1
WP112025,JTWC,2025-07-24T06:00:00Z,36,2025-07-25T18:00:00Z,22.30,124.70,23.40,124.80,0.0,122.7
WP112025,JTWC,2025-07-24T12:00:00Z,12,2025-07-25T00:00:00Z,18.10,121.40,17.80,120.50,0.0,100.9
WP112025,JTWC,2025-07-24T12:00:00Z,24,2025-07-25T12:00:00Z,20.70,123.30,21.90,123.20,0.0,133.8
WP112025,JTWC,2025-07-24T12:00:00Z,36,2025-07-26T00:00:00Z,23.30,124.60,25.20,125.70,0.0,238.9
WP112025,JTWC,2025-07-24T18:00:00Z,12,2025-07-25T06:00:00Z,19.70,121.80,19.60,121.30,0.0,53.5
WP112025,JTWC,2025-07-24T18:00:00Z,24,2025-07-25T18:00:00Z,22.60,123.60,23.40,124.80,0.0,151.7
WP112025,JTWC,2025-07-24T18:00:00Z,36,2025-07-26T06:00:00Z,25.20,124.90,26.30,126.30,0.0,186.1
WP112025,JTWC,2025-07-25T00:00:00Z,12,2025-07-25T12:00:00Z,20.30,122.20,21.90,123.20,0.0,205.9
WP112025,JTWC,2025-07-25T00:00:00Z,24,2025-07-26T00:00:00Z,23.50,124.20,25.20,125.70,0.0,242.5
WP112025,JTWC,2025-07-25T00:00:00Z,36,2025-07-26T12:00:00Z,25.30,125.40,26.80,126.60,0.0,205.4
WP112025,JTWC,2025-07-25T06:00:00Z,12,2025-07-25T18:00:00Z,22.70,122.60,23.40,124.80,0.0,238.2
WP112025,JTWC,2025-07-25T06:00:00Z,24,2025-07-26T06:00:00Z,25.20,124.10,26.30,126.30,0.0,252.0
WP112025,JTWC,2025-07-25T06:00:00Z,36,2025-07-26T18:00:00Z,26.10,124.90,26.70,127.30,0.0,248.2
WP112025,JTWC,2025-07-25T12:00:00Z,12,2025-07-26T00:00:00Z,25.00,124.90,25.20,125.70,0.0,83.6
WP112025,JTWC,2025-07-25T12:00:00Z,24,2025-07-26T12:00:00Z,26.50,125.70,26.80,126.60,0.0,95.5
WP112025,JTWC,2025-07-25T12:00:00Z,36,2025-07-27T00:00:00Z,27.00,126.80,26.60,127.70,0.0,99.8
WP112025,JTWC,2025-07-25T18:00:00Z,12,2025-07-26T06:00:00Z,25.80,126.00,26.30,126.30,0.0,63.2
WP112025,JTWC,2025-07-25T18:00:00Z,24,2025-07-26T18:00:00Z,26.90,127.00,26.70,127.30,0.0,37.2
WP112025,JTWC,2025-07-26T00:00:00Z,12,2025-07-26T12:00:00Z,26.90,126.70,26.80,126.60,0.0,14.9
WP112025,JTWC,2025-07-26T00:00:00Z,24,2025-07-27T00:00:00Z,27.50,127.40,26.60,127.70,0.0,104.4
WP112025,JTWC,2025-07-26T06:00:00Z,12,2025-07-26T18:00:00Z,27.20,127.50,26.70,127.30,0.0,59.0
WP112025,JTWC,2025-07-26T06:00:00Z,24,2025-07-27T06:00:00Z,27.40,128.00,26.50,128.20,0.0,102.0
WP112025,JTWC,2025-07-26T12:00:00Z,12,2025-07-27T00:00:00Z,27.40,127.70,26.60,127.70,0.0,89.0
WP112025,JTWC,2025-07-26T12:00:00Z,24,2025-07-27T12:00:00Z,28.00,128.20,26.50,128.60,0.0,171.4
WP112025,JTWC,2025-07-26T18:00:00Z,12,2025-07-27T06:00:00Z,27.00,128.30,26.50,128.20,0.0,56.5
WP112025,JTWC,2025-07-26T18:00:00Z,24,2025-07-27T18:00:00Z,27.30,128.00,26.40,128.30,0.0,104.4
WP112025,JTWC,2025-07-26T18:00:00Z,36,2025-07-28T06:00:00Z,28.00,126.10,26.60,128.20,0.0,259.4
WP112025,JTWC,2025-07-27T00:00:00Z,12,2025-07-27T12:00:00Z,26.90,128.00,26.50,128.60,0.0,74.4
WP112025,JTWC,2025-07-27T00:00:00Z,24,2025-07-28T00:00:00Z,27.40,127.00,26.30,128.00,0.0,157.5
WP112025,JTWC,2025-07-27T00:00:00Z,36,2025-07-28T12:00:00Z,28.10,125.20,26.80,126.70,0.0,206.9
WP112025,JTWC,2025-07-27T06:00:00Z,12,2025-07-27T18:00:00Z,27.10,129.20,26.40,128.30,0.0,118.5
WP112025,JTWC,2025-07-27T06:00:00Z,24,2025-07-28T06:00:00Z,27.60,127.40,26.60,128.20,0.0,136.5
WP112025,JTWC,2025-07-27T06:00:00Z,36,2025-07-28T18:00:00Z,28.30,125.00,27.00,125.60,0.0,156.2
WP112025,JTWC,2025-07-27T12:00:00Z,12,2025-07-28T00:00:00Z,27.30,126.80,26.30,128.00,0.0,162.9
WP112025,JTWC,2025-07-27T12:00:00Z,24,2025-07-28T12:00:00Z,28.10,124.60,26.80,126.70,0.0,252.6
WP112025,JTWC,2025-07-27T12:00:00Z,36,2025-07-29T00:00:00Z,28.70,122.40,27.30,124.80,0.0,282.4
WP112025,JTWC,2025-07-27T18:00:00Z,12,2025-07-28T06:00:00Z,27.20,127.10,26.60,128.20,0.0,127.9
WP112025,JTWC,2025-07-27T18:00:00Z,24,2025-07-28T18:00:00Z,27.90,125.20,27.00,125.60,0.0,107.6
WP112025,JTWC,2025-07-27T18:00:00Z,36,2025-07-29T06:00:00Z,28.60,123.40,28.00,124.10,0.0,95.6
WP112025,JTWC,2025-07-28T00:00:00Z,12,2025-07-28T12:00:00Z,26.90,126.00,26.80,126.70,0.0,70.3
WP112025,JTWC,2025-07-28T00:00:00Z,24,2025-07-29T00:00:00Z,27.70,124.30,27.30,124.80,0.0,66.4
WP112025,JTWC,2025-07-28T00:00:00Z,36,2025-07-29T12:00:00Z,28.40,122.80,28.70,123.40,0.0,67.4
WP112025,JTWC,2025-07-28T06:00:00Z,12,2025-07-28T18:00:00Z,27.10,126.00,27.00,125.60,0.0,41.1
WP112025,JTWC,2025-07-28T06:00:00Z,24,2025-07-29T06:00:00Z,27.80,124.40,28.00,124.10,0.0,36.9
WP112025,JTWC,2025-07-28T06:00:00Z,36,2025-07-29T18:00:00Z,28.60,123.30,29.60,122.80,0.0,121.3
WP112025,JTWC,2025-07-28T12:00:00Z,12,2025-07-29T00:00:00Z,27.80,125.40,27.30,124.80,0.0,81.2
WP112025,JTWC,2025-07-28T12:00:00Z,24,2025-07-29T12:00:00Z,28.40,124.10,28.70,123.40,0.0,76.1
WP112025,JTWC,2025-07-28T12:00:00Z,36,2025-07-30T00:00:00Z,29.60,123.10,30.10,122.20,0.0,103.1
WP112025,JTWC,2025-07-28T18:00:00Z,12,2025-07-29T06:00:00Z,27.80,123.40,28.00,124.10,0.0,72.3
WP112025,JTWC,2025-07-28T18:00:00Z,24,2025-07-29T18:00:00Z,28.90,122.50,29.60,122.80,0.0,83.1
WP112025,JTWC,2025-07-28T18:00:00Z,36,2025-07-30T06:00:00Z,30.10,121.40,30.60,121.90,0.0,73.4
WP112025,JTWC,2025-07-29T00:00:00Z,12,2025-07-29T12:00:00Z,28.40,123.50,28.70,123.40,0.0,34.8
WP112025,JTWC,2025-07-29T00:00:00Z,24,2025-07-30T00:00:00Z,29.60,122.60,30.10,122.20,0.0,67.7
WP112025,JTWC,2025-07-29T00:00:00Z,36,2025-07-30T12:00:00Z,30.80,121.40,31.10,121.00,0.0,50.7
WP112025,JTWC,2025-07-29T06:00:00Z,12,2025-07-29T18:00:00Z,29.30,123.20,29.60,122.80,0.0,51.1
WP112025,JTWC,2025-07-29T06:00:00Z,24,2025-07-30T06:00:00Z,30.70,122.20,30.60,121.90,0.0,30.8
WP112025,JTWC,2025-07-29T06:00:00Z,36,2025-07-30T18:00:00Z,31.70,121.00,31.20,120.30,0.0,86.6
WP112025,JTWC,2025-07-29T12:00:00Z,12,2025-07-30T00:00:00Z,29.90,122.30,30.10,122.20,0.0,24.2
WP112025,JTWC,2025-07-29T12:00:00Z,24,2025-07-30T12:00:00Z,31.30,121.30,31.10,121.00,0.0,36.2
WP112025,JTWC,2025-07-29T12:00:00Z,36,2025-07-31T00:00:00Z,32.10,120.10,31.50,119.80,0.0,72.5
WP112025,JTWC,2025-07-29T18:00:00Z,12,2025-07-30T06:00:00Z,30.60,121.90,30.60,121.90,0.0,0.0
WP112025,JTWC,2025-07-29T18:00:00Z,24,2025-07-30T18:00:00Z,31.60,120.80,31.20,120.30,0.0,65.0
WP112025,JTWC,2025-07-29T18:00:00Z,36,2025-07-31T06:00:00Z,32.20,119.70,31.90,119.10,0.0,65.7
WP112025,JTWC,2025-07-30T00:00:00Z,12,2025-07-30T12:00:00Z,31.10,121.30,31.10,121.00,0.0,28.6
WP112025,JTWC,2025-07-30T00:00:00Z,24,2025-07-31T00:00:00Z,31.80,120.20,31.50,119.80,0.0,50.5
WP112025,JTWC,2025-07-30T00:00:00Z,36,2025-07-31T12:00:00Z,32.30,119.30,31.70,118.50,0.0,100.7
WP112025,JTWC,2025-07-30T06:00:00Z,12,2025-07-30T18:00:00Z,31.50,120.70,31.20,120.30,0.0,50.6
WP112025,JTWC,2025-07-30T06:00:00Z,24,2025-07-31T06:00:00Z,32.10,119.50,31.90,119.10,0.0,43.8
WP112025,JTWC,2025-07-30T06:00:00Z,36,2025-07-31T18:00:00Z,32.40,118.60,31.80,117.90,0.0,93.8
WP112025,JTWC,2025-07-30T12:00:00Z,12,2025-07-31T00:00:00Z,31.90,120.10,31.50,119.80,0.0,52.8
WP112025,JTWC,2025-07-30T12:00:00Z,24,2025-07-31T12:00:00Z,32.30,119.00,31.70,118.50,0.0,81.7
WP112025,JTWC,2025-07-30T12:00:00Z,36,2025-08-01T00:00:00Z,32.50,118.30,31.80,117.70,0.0,96.2
WP122025,JTWC,2025-07-23T18:00:00Z,12,2025-07-24T06:00:00Z,14.50,143.70,15.10,143.60,0.0,67.6
WP122025,JTWC,2025-07-23T18:00:00Z,24,2025-07-24T18:00:00Z,15.80,143.40,16.50,143.50,0.0,78.6
WP122025,JTWC,2025-07-23T18:00:00Z,36,2025-07-25T06:00:00Z,16.90,143.40,17.30,143.40,0.0,44.5
WP122025,JTWC,2025-07-24T00:00:00Z,12,2025-07-24T12:00:00Z,15.00,143.50,15.80,143.50,0.0,89.0
WP122025,JTWC,2025-07-24T00:00:00Z,24,2025-07-25T00:00:00Z,16.30,143.50,16.90,143.50,0.0,66.7
WP122025,JTWC,2025-07-24T00:00:00Z,36,2025-07-25T12:00:00Z,17.30,143.70,17.40,143.60,0.0,15.4
WP122025,JTWC,2025-07-24T06:00:00Z,12,2025-07-24T18:00:00Z,16.50,143.40,16.50,143.50,0.0,10.7
WP122025,JTWC,2025-07-24T06:00:00Z,24,2025-07-25T06:00:00Z,17.60,143.60,17.30,143.40,0.0,39.5
WP122025,JTWC,2025-07-24T06:00:00Z,36,2025-07-25T18:00:00Z,18.60,144.00,17.50,143.70,0.0,126.4
WP122025,JTWC,2025-07-24T12:00:00Z,12,2025-07-25T00:00:00Z,17.40,143.70,16.90,143.50,0.0,59.5
WP122025,JTWC,2025-07-24T12:00:00Z,24,2025-07-25T12:00:00Z,18.30,144.00,17.40,143.60,0.0,108.7
WP122025,JTWC,2025-07-24T12:00:00Z,36,2025-07-26T00:00:00Z,19.30,144.40,17.70,143.90,0.0,185.6
WP122025,JTWC,2025-07-24T18:00:00Z,12,2025-07-25T06:00:00Z,17.30,143.60,17.30,143.40,0.0,21.2
WP122025,JTWC,2025-07-24T18:00:00Z,24,2025-07-25T18:00:00Z,18.10,144.00,17.50,143.70,0.0,73.9
WP122025,JTWC,2025-07-24T18:00:00Z,36,2025-07-26T06:00:00Z,19.00,144.40,18.00,144.20,0.0,113.2
WP122025,JTWC,2025-07-25T00:00:00Z,12,2025-07-25T12:00:00Z,17.80,143.70,17.40,143.60,0.0,45.7
WP122025,JTWC,2025-07-25T00:00:00Z,24,2025-07-26T00:00:00Z,18.70,144.20,17.70,143.90,0.0,115.6
WP122025,JTWC,2025-07-25T00:00:00Z,36,2025-07-26T12:00:00Z,20.00,144.70,18.50,144.50,0.0,168.1
WP122025,JTWC,2025-07-25T06:00:00Z,12,2025-07-25T18:00:00Z,18.00,143.80,17.50,143.70,0.0,56.6
WP122025,JTWC,2025-07-25T06:00:00Z,24,2025-07-26T06:00:00Z,19.00,144.30,18.00,144.20,0.0,111.7
WP122025,JTWC,2025-07-25T06:00:00Z,36,2025-07-26T18:00:00Z,20.60,144.90,19.50,145.10,0.0,124.1
WP122025,JTWC,2025-07-25T12:00:00Z,12,2025-07-26T00:00:00Z,18.70,144.20,17.70,143.90,0.0,115.6
WP122025,JTWC,2025-07-25T12:00:00Z,24,2025-07-26T12:00:00Z,20.10,144.90,18.50,144.50,0.0,182.8
WP122025,JTWC,2025-07-25T12:00:00Z,36,2025-07-27T00:00:00Z,22.00,145.40,20.60,145.30,0.0,156.0
WP122025,JTWC,2025-07-25T18:00:00Z,12,2025-07-26T06:00:00Z,18.90,144.00,18.00,144.20,0.0,102.3
WP122025,JTWC,2025-07-25T18:00:00Z,24,2025-07-26T18:00:00Z,20.60,144.60,19.50,145.10,0.0,133.0
WP122025,JTWC,2025-07-25T18:00:00Z,36,2025-07-27T06:00:00Z,22.60,145.00,21.50,145.50,0.0,132.7
WP122025,JTWC,2025-07-26T00:00:00Z,12,2025-07-26T12:00:00Z,19.10,144.30,18.50,144.50,0.0,70.0
WP122025,JTWC,2025-07-26T00:00:00Z,24,2025-07-27T00:00:00Z,21.10,144.80,20.60,145.30,0.0,76.1
WP122025,JTWC,2025-07-26T00:00:00Z,36,2025-07-27T12:00:00Z,23.10,145.20,23.00,145.60,0.0,42.4
WP122025,JTWC,2025-07-26T06:00:00Z,12,2025-07-26T18:00:00Z,19.60,144.80,19.50,145.10,0.0,33.3
WP122025,JTWC,2025-07-26T06:00:00Z,24,2025-07-27T06:00:00Z,21.80,145.10,21.50,145.50,0.0,53.1
WP122025,JTWC,2025-07-26T06:00:00Z,36,2025-07-27T18:00:00Z,24.10,145.10,24.20,145.50,0.0,42.1
WP122025,JTWC,2025-07-26T12:00:00Z,12,2025-07-27T00:00:00Z,20.50,145.10,20.60,145.30,0.0,23.6
WP122025,JTWC,2025-07-26T12:00:00Z,24,2025-07-27T12:00:00Z,22.80,145.20,23.00,145.60,0.0,46.6
WP122025,JTWC,2025-07-26T12:00:00Z,36,2025-07-28T00:00:00Z,25.00,145.10,25.80,145.10,0.0,89.0
WP122025,JTWC,2025-07-26T18:00:00Z,12,2025-07-27T06:00:00Z,21.40,145.10,21.50,145.50,0.0,42.9
WP122025,JTWC,2025-07-26T18:00:00Z,24,2025-07-27T18:00:00Z,23.60,145.30,24.20,145.50,0.0,69.7
WP122025,JTWC,2025-07-26T18:00:00Z,36,2025-07-28T06:00:00Z,25.60,144.90,26.80,144.50,0.0,139.3
WP122025,JTWC,2025-07-27T00:00:00Z,12,2025-07-27T12:00:00Z,22.30,145.40,23.00,145.60,0.0,80.5
WP122025,JTWC,2025-07-27T00:00:00Z,24,2025-07-28T00:00:00Z,24.40,145.30,25.80,145.10,0.0,157.0
WP122025,JTWC,2025-07-27T00:00:00Z,36,2025-07-28T12:00:00Z,25.90,144.80,27.30,144.10,0.0,170.5
WP122025,JTWC,2025-07-27T06:00:00Z,12,2025-07-27T18:00:00Z,24.00,145.10,24.20,145.50,0.0,46.3
WP122025,JTWC,2025-07-27T06:00:00Z,24,2025-07-28T06:00:00Z,26.10,144.60,26.80,144.50,0.0,78.5
WP122025,JTWC,2025-07-27T06:00:00Z,36,2025-07-28T18:00:00Z,27.50,143.90,27.80,143.60,0.0,44.6
WP122025,JTWC,2025-07-27T12:00:00Z,12,2025-07-28T00:00:00Z,25.10,145.20,25.80,145.10,0.0,78.5
WP122025,JTWC,2025-07-27T12:00:00Z,24,2025-07-28T12:00:00Z,26.90,144.50,27.30,144.10,0.0,59.5
WP122025,JTWC,2025-07-27T12:00:00Z,36,2025-07-29T00:00:00Z,27.80,144.00,28.20,143.20,0.0,90.3
WP122025,JTWC,2025-07-27T18:00:00Z,12,2025-07-28T06:00:00Z,26.50,144.90,26.80,144.50,0.0,51.9
WP122025,JTWC,2025-07-27T18:00:00Z,24,2025-07-28T18:00:00Z,27.80,144.30,27.80,143.60,0.0,68.9
WP122025,JTWC,2025-07-27T18:00:00Z,36,2025-07-29T06:00:00Z,28.50,144.00,28.50,142.90,0.0,107.5
WP122025,JTWC,2025-07-28T00:00:00Z,12,2025-07-28T12:00:00Z,27.40,144.30,27.30,144.10,0.0,22.7
WP122025,JTWC,2025-07-28T00:00:00Z,24,2025-07-29T00:00:00Z,28.20,143.30,28.20,143.20,0.0,9.8
WP122025,JTWC,2025-07-28T00:00:00Z,36,2025-07-29T12:00:00Z,28.60,143.10,28.60,142.90,0.0,19.5
WP122025,JTWC,2025-07-28T06:00:00Z,12,2025-07-28T18:00:00Z,28.00,143.40,27.80,143.60,0.0,29.7
WP122025,JTWC,2025-07-28T06:00:00Z,24,2025-07-29T06:00:00Z,28.60,142.80,28.50,142.90,0.0,14.8
WP122025,JTWC,2025-07-28T06:00:00Z,36,2025-07-29T18:00:00Z,28.70,142.70,28.70,142.90,0.0,19.5
WP122025,JTWC,2025-07-28T12:00:00Z,12,2025-07-29T00:00:00Z,28.40,142.80,28.20,143.20,0.0,45.0
WP122025,JTWC,2025-07-28T12:00:00Z,24,2025-07-29T12:00:00Z,28.60,142.60,28.60,142.90,0.0,29.3
WP122025,JTWC,2025-07-28T12:00:00Z,36,2025-07-30T00:00:00Z,28.80,142.60,28.80,142.90,0.0,29.2
WP122025,JTWC,2025-07-28T18:00:00Z,12,2025-07-29T06:00:00Z,28.60,142.60,28.50,142.90,0.0,31.3
WP122025,JTWC,2025-07-28T18:00:00Z,24,2025-07-29T18:00:00Z,28.90,142.50,28.70,142.90,0.0,44.9
WP122025,JTWC,2025-07-28T18:00:00Z,36,2025-07-30T06:00:00Z,29.10,142.50,29.00,143.20,0.0,68.9
WP122025,JTWC,2025-07-29T00:00:00Z,12,2025-07-29T12:00:00Z,28.80,142.70,28.60,142.90,0.0,29.6
WP122025,JTWC,2025-07-29T00:00:00Z,24,2025-07-30T00:00:00Z,29.10,142.60,28.80,142.90,0.0,44.3
WP122025,JTWC,2025-07-29T00:00:00Z,36,2025-07-30T12:00:00Z,29.30,142.50,29.30,143.20,0.0,67.9
WP122025,JTWC,2025-07-29T06:00:00Z,12,2025-07-29T18:00:00Z,28.70,142.90,28.70,142.90,0.0,0.0
WP122025,JTWC,2025-07-29T06:00:00Z,24,2025-07-30T06:00:00Z,28.90,142.90,29.00,143.20,0.0,31.2
WP122025,JTWC,2025-07-29T06:00:00Z,36,2025-07-30T18:00:00Z,29.20,142.90,29.60,143.10,0.0,48.5
WP122025,JTWC,2025-07-29T12:00:00Z,12,2025-07-30T00:00:00Z,28.70,143.00,28.80,142.90,0.0,14.8
WP122025,JTWC,2025-07-29T12:00:00Z,24,2025-07-30T12:00:00Z,28.90,143.10,29.30,143.20,0.0,45.5
WP122025,JTWC,2025-07-29T12:00:00Z,36,2025-07-31T00:00:00Z,29.40,143.10,30.00,143.00,0.0,67.4
WP122025,JTWC,2025-07-29T18:00:00Z,12,2025-07-30T06:00:00Z,28.90,142.90,29.00,143.20,0.0,31.2
WP122025,JTWC,2025-07-29T18:00:00Z,24,2025-07-30T18:00:00Z,29.30,142.90,29.60,143.10,0.0,38.6
WP122025,JTWC,2025-07-29T18:00:00Z,36,2025-07-31T06:00:00Z,30.00,142.60,30.60,142.70,0.0,67.4
WP122025,JTWC,2025-07-30T00:00:00Z,12,2025-07-30T12:00:00Z,29.00,142.80,29.30,143.20,0.0,51.2
WP122025,JTWC,2025-07-30T00:00:00Z,24,2025-07-31T00:00:00Z,29.60,142.60,30.00,143.00,0.0,58.9
WP122025,JTWC,2025-07-30T00:00:00Z,36,2025-07-31T12:00:00Z,30.60,141.90,31.10,142.40,0.0,73.3
WP122025,JTWC,2025-07-30T06:00:00Z,12,2025-07-30T18:00:00Z,29.40,143.20,29.60,143.10,0.0,24.3
WP122025,JTWC,2025-07-30T06:00:00Z,24,2025-07-31T06:00:00Z,30.20,142.70,30.60,142.70,0.0,44.5
WP122025,JTWC,2025-07-30T06:00:00Z,36,2025-07-31T18:00:00Z,31.20,141.80,31.70,142.10,0.0,62.5
WP122025,JTWC,2025-07-30T12:00:00Z,12,2025-07-31T00:00:00Z,29.70,143.00,30.00,143.00,0.0,33.4
WP122025,JTWC,2025-07-30T12:00:00Z,24,2025-07-31T12:00:00Z,30.80,142.20,31.10,142.40,0.0,38.4
WP122025,JTWC,2025-07-30T12:00:00Z,36,2025-08-01T00:00:00Z,32.10,141.00,32.50,141.80,0.0,87.4
WP122025,JTWC,2025-07-30T18:00:00Z,12,2025-07-31T06:00:00Z,30.30,142.70,30.60,142.70,0.0,33.4
WP122025,JTWC,2025-07-30T18:00:00Z,24,2025-07-31T18:00:00Z,31.60,141.70,31.70,142.10,0.0,39.5
WP122025,JTWC,2025-07-30T18:00:00Z,36,2025-08-01T06:00:00Z,33.00,140.60,33.80,141.40,0.0,115.9
WP122025,JTWC,2025-07-31T00:00:00Z,12,2025-07-31T12:00:00Z,31.30,142.30,31.10,142.40,0.0,24.2
WP122025,JTWC,2025-07-31T00:00:00Z,24,2025-08-01T00:00:00Z,32.70,141.50,32.50,141.80,0.0,35.8
WP122025,JTWC,2025-07-31T00:00:00Z,36,2025-08-01T12:00:00Z,34.30,141.20,34.50,141.30,0.0,24.1
WP122025,JTWC,2025-07-31T06:00:00Z,12,2025-07-31T18:00:00Z,31.50,142.00,31.70,142.10,0.0,24.2
WP122025,JTWC,2025-07-31T06:00:00Z,24,2025-08-01T06:00:00Z,33.00,141.40,33.80,141.40,0.0,89.0
WP122025,JTWC,2025-07-31T06:00:00Z,36,2025-08-01T18:00:00Z,34.50,141.50,35.20,141.60,0.0,78.4
WP122025,JTWC,2025-07-31T12:00:00Z,12,2025-08-01T00:00:00Z,32.30,141.70,32.50,141.80,0.0,24.1
WP122025,JTWC,2025-07-31T12:00:00Z,24,2025-08-01T12:00:00Z,33.80,141.40,34.50,141.30,0.0,78.4
WP122025,JTWC,2025-07-31T12:00:00Z,36,2025-08-02T00:00:00Z,35.10,142.50,36.40,142.70,0.0,145.7
WP122025,JTWC,2025-07-31T18:00:00Z,12,2025-08-01T06:00:00Z,33.10,141.50,33.80,141.40,0.0,78.4
WP122025,JTWC,2025-07-31T18:00:00Z,24,2025-08-01T18:00:00Z,34.80,142.00,35.20,141.60,0.0,57.5
WP122025,JTWC,2025-07-31T18:00:00Z,36,2025-08-02T06:00:00Z,36.30,144.00,37.50,143.90,0.0,133.7
WP122025,JTWC,2025-08-01T00:00:00Z,12,2025-08-01T12:00:00Z,34.30,141.60,34.50,141.30,0.0,35.4
WP122025,JTWC,2025-08-01T00:00:00Z,24,2025-08-02T00:00:00Z,35.90,142.90,36.40,142.70,0.0,58.4
WP122025,JTWC,2025-08-01T00:00:00Z,36,2025-08-02T12:00:00Z,37.30,145.80,38.40,146.10,0.0,125.1
WP122025,JTWC,2025-08-01T06:00:00Z,12,2025-08-01T18:00:00Z,35.40,141.80,35.20,141.60,0.0,28.7
WP122025,JTWC,2025-08-01T06:00:00Z,24,2025-08-02T06:00:00Z,37.20,144.10,37.50,143.90,0.0,37.8
WP122025,JTWC,2025-08-01T06:00:00Z,36,2025-08-02T18:00:00Z,38.60,148.20,39.00,148.20,0.0,44.5
WP122025,JTWC,2025-08-01T12:00:00Z,12,2025-08-02T00:00:00Z,35.90,142.60,36.40,142.70,0.0,56.3
WP122025,JTWC,2025-08-01T12:00:00Z,24,2025-08-02T12:00:00Z,37.60,145.70,38.40,146.10,0.0,95.6
WP122025,JTWC,2025-08-01T12:00:00Z,36,2025-08-03T00:00:00Z,39.00,150.40,39.80,151.30,0.0,117.9
WP122025,JTWC,2025-08-01T18:00:00Z,12,2025-08-02T06:00:00Z,36.80,143.90,37.50,143.90,0.0,77.8
WP122025,JTWC,2025-08-01T18:00:00Z,24,2025-08-02T18:00:00Z,38.40,148.00,39.00,148.20,0.0,68.9
WP122025,JTWC,2025-08-01T18:00:00Z,36,2025-08-03T06:00:00Z,39.80,153.10,40.60,154.50,0.0,148.5
WP122025,JTWC,2025-08-02T00:00:00Z,12,2025-08-02T12:00:00Z,38.00,145.60,38.40,146.10,0.0,62.3
WP122025,JTWC,2025-08-02T00:00:00Z,24,2025-08-03T00:00:00Z,39.70,150.50,39.80,151.30,0.0,69.3
WP122025,JTWC,2025-08-02T00:00:00Z,36,2025-08-03T12:00:00Z,41.00,156.10,41.30,157.80,0.0,146.2
WP122025,JTWC,2025-08-02T06:00:00Z,12,2025-08-02T18:00:00Z,39.30,148.30,39.00,148.20,0.0,34.5
WP122025,JTWC,2025-08-02T06:00:00Z,24,2025-08-03T06:00:00Z,40.70,154.00,40.60,154.50,0.0,43.6
WP122025,JTWC,2025-08-02T06:00:00Z,36,2025-08-03T18:00:00Z,41.80,159.20,42.00,161.30,0.0,175.2
WP122025,JTWC,2025-08-02T12:00:00Z,12,2025-08-03T00:00:00Z,39.90,150.80,39.80,151.30,0.0,44.1
WP122025,JTWC,2025-08-02T12:00:00Z,24,2025-08-03T12:00:00Z,41.20,156.70,41.30,157.80,0.0,92.6
WP122025,JTWC,2025-08-02T12:00:00Z,36,2025-08-04T00:00:00Z,42.30,162.30,42.60,163.30,0.0,88.6
WP122025,JTWC,2025-08-02T18:00:00Z,12,2025-08-03T06:00:00Z,40.50,153.30,40.60,154.50,0.0,102.0
WP122025,JTWC,2025-08-02T18:00:00Z,24,2025-08-03T18:00:00Z,41.50,159.00,42.00,161.30,0.0,198.7
WP122025,JTWC,2025-08-03T00:00:00Z,12,2025-08-03T12:00:00Z,41.20,156.50,41.30,157.80,0.0,109.2
WP122025,JTWC,2025-08-03T00:00:00Z,24,2025-08-04T00:00:00Z,42.40,162.20,42.60,163.30,0.0,92.9
WP122025,JTWC,2025-08-03T06:00:00Z,12,2025-08-03T18:00:00Z,42.00,160.80,42.00,161.30,0.0,41.3
WP122025,JTWC,2025-08-03T12:00:00Z,12,2025-08-04T00:00:00Z,42.60,163.50,42.60,163.30,0.0,16.4
WP132025,JTWC,2025-08-02T00:00:00Z,12,2025-08-02T12:00:00Z,30.30,139.10,30.30,138.90,0.0,19.2
WP132025,JTWC,2025-08-02T00:00:00Z,24,2025-08-03T00:00:00Z,32.70,141.60,33.10,141.40,0.0,48.2
WP132025,JTWC,2025-08-02T00:00:00Z,36,2025-08-03T12:00:00Z,34.70,145.20,35.70,145.30,0.0,111.6
WP132025,JTWC,2025-08-02T06:00:00Z,12,2025-08-02T18:00:00Z,30.80,140.80,31.70,140.10,0.0,120.2
WP132025,JTWC,2025-08-02T06:00:00Z,24,2025-08-03T06:00:00Z,33.70,143.90,34.50,143.60,0.0,93.1
WP132025,JTWC,2025-08-02T06:00:00Z,36,2025-08-03T18:00:00Z,35.60,148.10,36.70,147.60,0.0,130.3
WP132025,JTWC,2025-08-02T12:00:00Z,12,2025-08-03T00:00:00Z,32.60,141.80,33.10,141.40,0.0,67.0
WP132025,JTWC,2025-08-02T12:00:00Z,24,2025-08-03T12:00:00Z,35.00,145.50,35.70,145.30,0.0,79.9
WP132025,JTWC,2025-08-02T12:00:00Z,36,2025-08-04T00:00:00Z,36.50,149.70,37.10,149.70,0.0,66.7
WP132025,JTWC,2025-08-02T18:00:00Z,12,2025-08-03T06:00:00Z,33.70,143.40,34.50,143.60,0.0,90.8
WP132025,JTWC,2025-08-02T18:00:00Z,24,2025-08-03T18:00:00Z,35.40,147.00,36.70,147.60,0.0,154.3
WP132025,JTWC,2025-08-02T18:00:00Z,36,2025-08-04T06:00:00Z,36.40,151.30,37.40,151.70,0.0,116.7
WP132025,JTWC,2025-08-03T00:00:00Z,12,2025-08-03T12:00:00Z,35.80,145.00,35.70,145.30,0.0,29.3
WP132025,JTWC,2025-08-03T00:00:00Z,24,2025-08-04T00:00:00Z,37.00,149.00,37.10,149.70,0.0,63.1
WP132025,JTWC,2025-08-03T00:00:00Z,36,2025-08-04T12:00:00Z,37.30,153.30,37.60,153.70,0.0,48.6
WP132025,JTWC,2025-08-03T06:00:00Z,12,2025-08-03T18:00:00Z,36.50,147.70,36.70,147.60,0.0,24.0
WP132025,JTWC,2025-08-03T06:00:00Z,24,2025-08-04T06:00:00Z,37.20,151.80,37.40,151.70,0.0,23.9
WP132025,JTWC,2025-08-03T06:00:00Z,36,2025-08-04T18:00:00Z,37.50,155.30,37.90,155.90,0.0,69.0
WP132025,JTWC,2025-08-03T12:00:00Z,12,2025-08-04T00:00:00Z,37.50,149.80,37.10,149.70,0.0,45.3
WP132025,JTWC,2025-08-03T12:00:00Z,24,2025-08-04T12:00:00Z,37.80,153.50,37.60,153.70,0.0,28.4
WP132025,JTWC,2025-08-03T12:00:00Z,36,2025-08-05T00:00:00Z,38.20,156.80,38.10,157.10,0.0,28.5
WP132025,JTWC,2025-08-03T18:00:00Z,12,2025-08-04T06:00:00Z,37.60,151.40,37.40,151.70,0.0,34.6
WP132025,JTWC,2025-08-03T18:00:00Z,24,2025-08-04T18:00:00Z,38.00,155.00,37.90,155.90,0.0,79.7
WP132025,JTWC,2025-08-03T18:00:00Z,36,2025-08-05T06:00:00Z,38.60,157.70,38.70,158.20,0.0,44.8
WP132025,JTWC,2025-08-04T00:00:00Z,12,2025-08-04T12:00:00Z,37.70,153.60,37.60,153.70,0.0,14.2
WP132025,JTWC,2025-08-04T00:00:00Z,24,2025-08-05T00:00:00Z,38.10,156.60,38.10,157.10,0.0,43.8
WP132025,JTWC,2025-08-04T00:00:00Z,36,2025-08-05T12:00:00Z,38.90,159.10,39.20,159.10,0.0,33.4
WP132025,JTWC,2025-08-04T06:00:00Z,12,2025-08-04T18:00:00Z,37.60,155.30,37.90,155.90,0.0,62.4
WP132025,JTWC,2025-08-04T06:00:00Z,24,2025-08-05T06:00:00Z,38.40,158.40,38.70,158.20,0.0,37.6
WP132025,JTWC,2025-08-04T06:00:00Z,36,2025-08-05T18:00:00Z,39.90,160.90,39.80,160.40,0.0,44.1
WP132025,JTWC,2025-08-04T12:00:00Z,12,2025-08-05T00:00:00Z,38.00,157.60,38.10,157.10,0.0,45.2
WP132025,JTWC,2025-08-04T12:00:00Z,24,2025-08-05T12:00:00Z,39.40,160.40,39.20,159.10,0.0,114.0
WP132025,JTWC,2025-08-04T12:00:00Z,36,2025-08-06T00:00:00Z,40.90,162.90,40.20,161.80,0.0,121.2
WP132025,JTWC,2025-08-04T18:00:00Z,12,2025-08-05T06:00:00Z,38.90,158.40,38.70,158.20,0.0,28.2
WP132025,JTWC,2025-08-04T18:00:00Z,24,2025-08-05T18:00:00Z,40.30,160.90,39.80,160.40,0.0,70.0
WP132025,JTWC,2025-08-05T00:00:00Z,12,2025-08-05T12:00:00Z,39.20,159.70,39.20,159.10,0.0,51.7
WP132025,JTWC,2025-08-05T00:00:00Z,24,2025-08-06T00:00:00Z,41.00,162.50,40.20,161.80,0.0,106.8
WP132025,JTWC,2025-08-05T06:00:00Z,12,2025-08-05T18:00:00Z,39.90,161.40,39.80,160.40,0.0,86.1
WP132025,JTWC,2025-08-05T12:00:00Z,12,2025-08-06T00:00:00Z,41.00,162.90,40.20,161.80,0.0,128.6
WP152025,JTWC,2025-08-06T00:00:00Z,12,2025-08-06T12:00:00Z,30.20,156.90,29.90,157.20,0.0,44.1
WP152025,JTWC,2025-08-06T00:00:00Z,24,2025-08-07T00:00:00Z,32.50,156.80,32.90,156.60,0.0,48.3
WP152025,JTWC,2025-08-06T06:00:00Z,12,2025-08-06T18:00:00Z,30.50,156.60,31.10,156.90,0.0,72.6
WP152025,JTWC,2025-08-06T12:00:00Z,12,2025-08-07T00:00:00Z,32.00,156.70,32.90,156.60,0.0,100.5
WP162025,JTWC,2025-08-07T00:00:00Z,12,2025-08-07T12:00:00Z,18.80,147.10,18.90,147.00,0.0,15.3
WP162025,JTWC,2025-08-07T00:00:00Z,24,2025-08-08T00:00:00Z,19.40,146.20,20.10,145.70,0.0,93.8
WP162025,JTWC,2025-08-07T00:00:00Z,36,2025-08-08T12:00:00Z,20.10,145.10,20.80,144.40,0.0,106.7
WP162025,JTWC,2025-08-07T06:00:00Z,12,2025-08-07T18:00:00Z,19.20,146.90,19.40,146.30,0.0,66.8
WP162025,JTWC,2025-08-07T06:00:00Z,24,2025-08-08T06:00:00Z,20.10,145.70,20.50,145.20,0.0,68.5
WP162025,JTWC,2025-08-07T06:00:00Z,36,2025-08-08T18:00:00Z,20.60,144.00,21.10,143.50,0.0,76.1
WP162025,JTWC,2025-08-07T12:00:00Z,12,2025-08-08T00:00:00Z,19.90,145.80,20.10,145.70,0.0,24.6
WP162025,JTWC,2025-08-07T12:00:00Z,24,2025-08-08T12:00:00Z,20.50,144.30,20.80,144.40,0.0,34.9
WP162025,JTWC,2025-08-07T12:00:00Z,36,2025-08-09T00:00:00Z,21.00,142.70,21.30,142.80,0.0,34.9
WP162025,JTWC,2025-08-07T18:00:00Z,12,2025-08-08T06:00:00Z,20.40,144.80,20.50,145.20,0.0,43.1
WP162025,JTWC,2025-08-07T18:00:00Z,24,2025-08-08T18:00:00Z,20.90,143.20,21.10,143.50,0.0,38.3
WP162025,JTWC,2025-08-07T18:00:00Z,36,2025-08-09T06:00:00Z,21.30,141.50,21.50,142.10,0.0,66.0
WP162025,JTWC,2025-08-08T00:00:00Z,12,2025-08-08T12:00:00Z,21.10,144.30,20.80,144.40,0.0,34.9
WP162025,JTWC,2025-08-08T00:00:00Z,24,2025-08-09T00:00:00Z,21.60,142.80,21.30,142.80,0.0,33.4
WP162025,JTWC,2025-08-08T00:00:00Z,36,2025-08-09T12:00:00Z,21.90,141.00,21.60,141.00,0.0,33.4
WP162025,JTWC,2025-08-08T06:00:00Z,12,2025-08-08T18:00:00Z,21.30,143.60,21.10,143.50,0.0,24.5
WP162025,JTWC,2025-08-08T06:00:00Z,24,2025-08-09T06:00:00Z,21.80,142.00,21.50,142.10,0.0,34.9
WP162025,JTWC,2025-08-08T06:00:00Z,36,2025-08-09T18:00:00Z,22.00,139.80,21.60,140.00,0.0,49.0
WP162025,JTWC,2025-08-08T12:00:00Z,12,2025-08-09T00:00:00Z,21.40,142.50,21.30,142.80,0.0,33.0
WP162025,JTWC,2025-08-08T12:00:00Z,24,2025-08-09T12:00:00Z,21.80,140.80,21.60,141.00,0.0,30.4
WP162025,JTWC,2025-08-08T12:00:00Z,36,2025-08-10T00:00:00Z,21.90,138.40,21.50,138.60,0.0,49.0
WP162025,JTWC,2025-08-08T18:00:00Z,12,2025-08-09T06:00:00Z,21.60,141.70,21.50,142.10,0.0,42.8
WP162025,JTWC,2025-08-08T18:00:00Z,24,2025-08-09T18:00:00Z,21.90,139.50,21.60,140.00,0.0,61.5
WP162025,JTWC,2025-08-08T18:00:00Z,36,2025-08-10T06:00:00Z,22.00,137.10,21.50,137.30,0.0,59.3
WP162025,JTWC,2025-08-09T00:00:00Z,12,2025-08-09T12:00:00Z,21.90,141.00,21.60,141.00,0.0,33.4
WP162025,JTWC,2025-08-09T00:00:00Z,24,2025-08-10T00:00:00Z,22.10,138.70,21.50,138.60,0.0,67.5
WP162025,JTWC,2025-08-09T00:00:00Z,36,2025-08-10T12:00:00Z,22.40,136.50,21.30,136.00,0.0,132.8
WP162025,JTWC,2025-08-09T06:00:00Z,12,2025-08-09T18:00:00Z,21.90,139.90,21.60,140.00,0.0,34.9
WP162025,JTWC,2025-08-09T06:00:00Z,24,2025-08-10T06:00:00Z,22.20,137.40,21.50,137.30,0.0,78.5
WP162025,JTWC,2025-08-09T06:00:00Z,36,2025-08-10T18:00:00Z,22.40,135.00,21.20,134.90,0.0,133.8
WP162025,JTWC,2025-08-09T12:00:00Z,12,2025-08-10T00:00:00Z,21.80,138.70,21.50,138.60,0.0,34.9
WP162025,JTWC,2025-08-09T12:00:00Z,24,2025-08-10T12:00:00Z,21.90,136.30,21.30,136.00,0.0,73.6
WP162025,JTWC,2025-08-09T12:00:00Z,36,2025-08-11T00:00:00Z,21.90,133.60,21.10,133.40,0.0,91.3
WP162025,JTWC,2025-08-09T18:00:00Z,12,2025-08-10T06:00:00Z,21.60,137.90,21.50,137.30,0.0,63.0
WP162025,JTWC,2025-08-09T18:00:00Z,24,2025-08-10T18:00:00Z,21.50,135.20,21.20,134.90,0.0,45.6
WP162025,JTWC,2025-08-09T18:00:00Z,36,2025-08-11T06:00:00Z,21.50,132.60,20.80,132.20,0.0,88.2
WP162025,JTWC,2025-08-10T00:00:00Z,12,2025-08-10T12:00:00Z,21.60,136.10,21.30,136.00,0.0,34.9
WP162025,JTWC,2025-08-10T00:00:00Z,24,2025-08-11T00:00:00Z,21.40,133.50,21.10,133.40,0.0,34.9
WP162025,JTWC,2025-08-10T00:00:00Z,36,2025-08-11T12:00:00Z,21.50,130.90,20.80,130.90,0.0,77.8
WP162025,JTWC,2025-08-10T06:00:00Z,12,2025-08-10T18:00:00Z,21.60,135.10,21.20,134.90,0.0,49.1
WP162025,JTWC,2025-08-10T06:00:00Z,24,2025-08-11T06:00:00Z,21.70,132.40,20.80,132.20,0.0,102.2
WP162025,JTWC,2025-08-10T06:00:00Z,36,2025-08-11T18:00:00Z,22.00,129.90,20.70,129.30,0.0,157.3
WP162025,JTWC,2025-08-10T12:00:00Z,12,2025-08-11T00:00:00Z,21.60,133.40,21.10,133.40,0.0,55.6
WP162025,JTWC,2025-08-10T12:00:00Z,24,2025-08-11T12:00:00Z,21.80,130.70,20.80,130.90,0.0,113.1
WP162025,JTWC,2025-08-10T12:00:00Z,36,2025-08-12T00:00:00Z,22.20,128.10,21.00,128.00,0.0,133.8
WP162025,JTWC,2025-08-10T18:00:00Z,12,2025-08-11T06:00:00Z,21.30,132.00,20.80,132.20,0.0,59.3
WP162025,JTWC,2025-08-10T18:00:00Z,24,2025-08-11T18:00:00Z,21.60,129.40,20.70,129.30,0.0,100.6
WP162025,JTWC,2025-08-10T18:00:00Z,36,2025-08-12T06:00:00Z,22.20,126.90,21.30,126.60,0.0,104.8
WP162025,JTWC,2025-08-11T00:00:00Z,12,2025-08-11T12:00:00Z,21.30,130.70,20.80,130.90,0.0,59.3
WP162025,JTWC,2025-08-11T00:00:00Z,24,2025-08-12T00:00:00Z,21.80,128.20,21.00,128.00,0.0,91.3
WP162025,JTWC,2025-08-11T00:00:00Z,36,2025-08-12T12:00:00Z,22.70,125.50,21.70,125.00,0.0,122.5
WP162025,JTWC,2025-08-11T06:00:00Z,12,2025-08-11T18:00:00Z,20.90,129.80,20.70,129.30,0.0,56.5
WP162025,JTWC,2025-08-11T06:00:00Z,24,2025-08-12T06:00:00Z,21.60,127.10,21.30,126.60,0.0,61.6
WP162025,JTWC,2025-08-11T06:00:00Z,36,2025-08-12T18:00:00Z,22.60,124.20,22.00,123.30,0.0,114.1
WP162025,JTWC,2025-08-11T12:00:00Z,12,2025-08-12T00:00:00Z,21.40,128.20,21.00,128.00,0.0,49.1
WP162025,JTWC,2025-08-11T12:00:00Z,24,2025-08-12T12:00:00Z,22.20,125.60,21.70,125.00,0.0,83.2
WP162025,JTWC,2025-08-11T12:00:00Z,36,2025-08-13T00:00:00Z,23.30,122.70,22.00,122.00,0.0,161.4
WP162025,JTWC,2025-08-11T18:00:00Z,12,2025-08-12T06:00:00Z,21.20,126.40,21.30,126.60,0.0,23.5
WP162025,JTWC,2025-08-11T18:00:00Z,24,2025-08-12T18:00:00Z,21.90,123.50,22.00,123.30,0.0,23.4
WP162025,JTWC,2025-08-11T18:00:00Z,36,2025-08-13T06:00:00Z,22.90,120.60,22.80,120.60,0.0,11.1
WP162025,JTWC,2025-08-12T00:00:00Z,12,2025-08-12T12:00:00Z,21.60,125.20,21.70,125.00,0.0,23.5
WP162025,JTWC,2025-08-12T00:00:00Z,24,2025-08-13T00:00:00Z,22.40,122.30,22.00,122.00,0.0,54.1
WP162025,JTWC,2025-08-12T00:00:00Z,36,2025-08-13T12:00:00Z,23.60,119.20,23.40,119.00,0.0,30.2
WP162025,JTWC,2025-08-12T06:00:00Z,12,2025-08-12T18:00:00Z,22.00,123.60,22.00,123.30,0.0,30.9
WP162025,JTWC,2025-08-12T06:00:00Z,24,2025-08-13T06:00:00Z,23.00,120.40,22.80,120.60,0.0,30.2
WP162025,JTWC,2025-08-12T12:00:00Z,12,2025-08-13T00:00:00Z,22.40,121.90,22.00,122.00,0.0,45.7
WP162025,JTWC,2025-08-12T12:00:00Z,24,2025-08-13T12:00:00Z,23.60,118.90,23.40,119.00,0.0,24.5
WP162025,JTWC,2025-08-12T18:00:00Z,12,2025-08-13T06:00:00Z,23.00,120.30,22.80,120.60,0.0,37.9
WP162025,JTWC,2025-08-13T00:00:00Z,12,2025-08-13T12:00:00Z,23.10,118.80,23.40,119.00,0.0,39.1
WP172025,JTWC,2025-08-18T06:00:00Z,12,2025-08-18T18:00:00Z,20.60,107.10,20.80,107.60,0.0,56.6
WP182025,JTWC,2025-08-19T06:00:00Z,12,2025-08-19T18:00:00Z,29.00,127.20,28.50,127.00,0.0,58.9
WP182025,JTWC,2025-08-19T06:00:00Z,24,2025-08-20T06:00:00Z,30.70,127.40,30.40,127.80,0.0,50.8
WP182025,JTWC,2025-08-19T06:00:00Z,36,2025-08-20T18:00:00Z,32.00,127.80,31.80,128.70,0.0,87.8
WP182025,JTWC,2025-08-19T12:00:00Z,12,2025-08-20T00:00:00Z,29.50,127.00,29.20,127.40,0.0,51.1
WP182025,JTWC,2025-08-19T12:00:00Z,24,2025-08-20T12:00:00Z,31.10,127.50,31.20,128.00,0.0,48.9
WP182025,JTWC,2025-08-19T12:00:00Z,36,2025-08-21T00:00:00Z,32.10,128.00,32.00,129.40,0.0,132.4
WP182025,JTWC,2025-08-19T18:00:00Z,12,2025-08-20T06:00:00Z,30.30,127.20,30.40,127.80,0.0,58.6
WP182025,JTWC,2025-08-19T18:00:00Z,24,2025-08-20T18:00:00Z,31.60,127.60,31.80,128.70,0.0,106.4
WP182025,JTWC,2025-08-19T18:00:00Z,36,2025-08-21T06:00:00Z,32.40,128.10,31.60,130.00,0.0,200.0
WP182025,JTWC,2025-08-20T00:00:00Z,12,2025-08-20T12:00:00Z,30.90,127.90,31.20,128.00,0.0,34.7
WP182025,JTWC,2025-08-20T00:00:00Z,24,2025-08-21T00:00:00Z,32.20,128.60,32.00,129.40,0.0,78.6
WP182025,JTWC,2025-08-20T00:00:00Z,36,2025-08-21T12:00:00Z,33.00,129.20,31.60,130.80,0.0,216.4
WP182025,JTWC,2025-08-20T06:00:00Z,12,2025-08-20T18:00:00Z,31.70,128.50,31.80,128.70,0.0,21.9
WP182025,JTWC,2025-08-20T06:00:00Z,24,2025-08-21T06:00:00Z,32.60,129.10,31.60,130.00,0.0,139.8
WP182025,JTWC,2025-08-20T06:00:00Z,36,2025-08-21T18:00:00Z,33.20,129.70,31.70,131.40,0.0,230.8
WP182025,JTWC,2025-08-20T12:00:00Z,12,2025-08-21T00:00:00Z,32.20,128.70,32.00,129.40,0.0,69.6
WP182025,JTWC,2025-08-20T12:00:00Z,24,2025-08-21T12:00:00Z,32.70,129.60,31.60,130.80,0.0,166.5
WP182025,JTWC,2025-08-20T12:00:00Z,36,2025-08-22T00:00:00Z,33.10,130.50,32.10,132.00,0.0,179.2
WP182025,JTWC,2025-08-20T18:00:00Z,12,2025-08-21T06:00:00Z,32.30,129.80,31.60,130.00,0.0,80.1
WP182025,JTWC,2025-08-20T18:00:00Z,24,2025-08-21T18:00:00Z,32.50,130.60,31.70,131.40,0.0,116.6
WP182025,JTWC,2025-08-20T18:00:00Z,36,2025-08-22T06:00:00Z,32.80,131.60,32.50,132.50,0.0,90.6
WP182025,JTWC,2025-08-21T00:00:00Z,12,2025-08-21T12:00:00Z,32.10,130.30,31.60,130.80,0.0,72.9
WP182025,JTWC,2025-08-21T00:00:00Z,24,2025-08-22T00:00:00Z,32.40,131.60,32.10,132.00,0.0,50.3
WP182025,JTWC,2025-08-21T00:00:00Z,36,2025-08-22T12:00:00Z,32.70,132.90,32.50,133.10,0.0,29.1
WP182025,JTWC,2025-08-21T06:00:00Z,12,2025-08-21T18:00:00Z,31.80,130.80,31.70,131.40,0.0,57.8
WP182025,JTWC,2025-08-21T06:00:00Z,24,2025-08-22T06:00:00Z,32.20,132.20,32.50,132.50,0.0,43.7
WP182025,JTWC,2025-08-21T12:00:00Z,12,2025-08-22T00:00:00Z,31.90,132.10,32.10,132.00,0.0,24.2
WP182025,JTWC,2025-08-21T12:00:00Z,24,2025-08-22T12:00:00Z,32.30,133.10,32.50,133.10,0.0,22.2
WP182025,JTWC,2025-08-21T18:00:00Z,12,2025-08-22T06:00:00Z,32.50,132.40,32.50,132.50,0.0,9.4
WP182025,JTWC,2025-08-22T00:00:00Z,12,2025-08-22T12:00:00Z,32.60,133.10,32.50,133.10,0.0,11.1
WP192025,JTWC,2025-08-22T12:00:00Z,12,2025-08-23T00:00:00Z,17.00,116.50,17.20,116.70,0.0,30.8
WP192025,JTWC,2025-08-22T12:00:00Z,24,2025-08-23T12:00:00Z,17.30,114.00,17.50,113.40,0.0,67.4
WP192025,JTWC,2025-08-22T12:00:00Z,36,2025-08-24T00:00:00Z,17.70,111.40,17.20,111.30,0.0,56.6
WP192025,JTWC,2025-08-22T18:00:00Z,12,2025-08-23T06:00:00Z,17.40,114.30,17.50,115.00,0.0,75.1
WP192025,JTWC,2025-08-22T18:00:00Z,24,2025-08-23T18:00:00Z,17.70,111.40,17.40,112.30,0.0,101.1
WP192025,JTWC,2025-08-22T18:00:00Z,36,2025-08-24T06:00:00Z,17.90,109.40,17.40,110.40,0.0,119.7
WP192025,JTWC,2025-08-23T00:00:00Z,12,2025-08-23T12:00:00Z,17.90,113.80,17.50,113.40,0.0,61.4
WP192025,JTWC,2025-08-23T00:00:00Z,24,2025-08-24T00:00:00Z,18.20,111.20,17.20,111.30,0.0,111.7
WP192025,JTWC,2025-08-23T00:00:00Z,36,2025-08-24T12:00:00Z,18.40,109.10,17.90,109.30,0.0,59.5
WP192025,JTWC,2025-08-23T06:00:00Z,12,2025-08-23T18:00:00Z,17.80,112.40,17.40,112.30,0.0,45.7
WP192025,JTWC,2025-08-23T06:00:00Z,24,2025-08-24T06:00:00Z,18.10,110.10,17.40,110.40,0.0,84.1
WP192025,JTWC,2025-08-23T06:00:00Z,36,2025-08-24T18:00:00Z,18.40,108.00,18.10,108.20,0.0,39.5
WP192025,JTWC,2025-08-23T12:00:00Z,12,2025-08-24T00:00:00Z,18.10,111.20,17.20,111.30,0.0,100.6
WP192025,JTWC,2025-08-23T12:00:00Z,24,2025-08-24T12:00:00Z,18.40,109.00,17.90,109.30,0.0,64.0
WP192025,JTWC,2025-08-23T12:00:00Z,36,2025-08-25T00:00:00Z,18.70,106.90,18.30,107.30,0.0,61.3
WP192025,JTWC,2025-08-23T18:00:00Z,12,2025-08-24T06:00:00Z,17.50,110.00,17.40,110.40,0.0,43.9
WP192025,JTWC,2025-08-23T18:00:00Z,24,2025-08-24T18:00:00Z,17.70,107.80,18.10,108.20,0.0,61.4
WP192025,JTWC,2025-08-23T18:00:00Z,36,2025-08-25T06:00:00Z,17.90,105.60,18.40,106.30,0.0,92.5
WP192025,JTWC,2025-08-24T00:00:00Z,12,2025-08-24T12:00:00Z,17.50,109.00,17.90,109.30,0.0,54.7
WP192025,JTWC,2025-08-24T00:00:00Z,24,2025-08-25T00:00:00Z,17.80,107.00,18.30,107.30,0.0,64.0
WP192025,JTWC,2025-08-24T00:00:00Z,36,2025-08-25T12:00:00Z,18.10,105.20,18.40,105.80,0.0,71.6
WP192025,JTWC,2025-08-24T06:00:00Z,12,2025-08-24T18:00:00Z,17.90,108.30,18.10,108.20,0.0,24.6
WP192025,JTWC,2025-08-24T06:00:00Z,24,2025-08-25T06:00:00Z,18.30,106.30,18.40,106.30,0.0,11.1
WP192025,JTWC,2025-08-24T12:00:00Z,12,2025-08-25T00:00:00Z,18.40,107.30,18.30,107.30,0.0,11.1
WP192025,JTWC,2025-08-24T12:00:00Z,24,2025-08-25T12:00:00Z,18.80,105.00,18.40,105.80,0.0,95.3
WP192025,JTWC,2025-08-24T18:00:00Z,12,2025-08-25T06:00:00Z,18.60,106.40,18.40,106.30,0.0,24.6
WP192025,JTWC,2025-08-25T00:00:00Z,12,2025-08-25T12:00:00Z,18.60,105.40,18.40,105.80,0.0,47.7
WP202025,JTWC,2025-08-28T06:00:00Z,12,2025-08-28T18:00:00Z,15.60,114.40,15.90,114.10,0.0,46.3
WP202025,JTWC,2025-08-28T06:00:00Z,24,2025-08-29T06:00:00Z,16.50,112.60,16.50,112.20,0.0,42.6
WP202025,JTWC,2025-08-28T06:00:00Z,36,2025-08-29T18:00:00Z,17.20,110.30,17.60,109.50,0.0,95.8
WP202025,JTWC,2025-08-28T12:00:00Z,12,2025-08-29T00:00:00Z,16.10,113.30,16.20,113.00,0.0,33.9
WP202025,JTWC,2025-08-28T12:00:00Z,24,2025-08-29T12:00:00Z,16.90,111.30,17.30,111.20,0.0,45.7
WP202025,JTWC,2025-08-28T12:00:00Z,36,2025-08-30T00:00:00Z,17.40,108.80,17.80,107.90,0.0,105.3
WP202025,JTWC,2025-08-28T18:00:00Z,12,2025-08-29T06:00:00Z,16.40,112.30,16.50,112.20,0.0,15.4
WP202025,JTWC,2025-08-28T18:00:00Z,24,2025-08-29T18:00:00Z,17.20,109.90,17.60,109.50,0.0,61.5
WP202025,JTWC,2025-08-28T18:00:00Z,36,2025-08-30T06:00:00Z,17.60,107.40,17.90,106.80,0.0,71.8
WP202025,JTWC,2025-08-29T00:00:00Z,12,2025-08-29T12:00:00Z,16.90,111.20,17.30,111.20,0.0,44.5
WP202025,JTWC,2025-08-29T00:00:00Z,24,2025-08-30T00:00:00Z,17.40,108.70,17.80,107.90,0.0,95.7
WP202025,JTWC,2025-08-29T00:00:00Z,36,2025-08-30T12:00:00Z,17.70,105.50,18.10,105.40,0.0,45.7
WP202025,JTWC,2025-08-29T06:00:00Z,12,2025-08-29T18:00:00Z,17.00,109.60,17.60,109.50,0.0,67.6
WP202025,JTWC,2025-08-29T06:00:00Z,24,2025-08-30T06:00:00Z,17.40,106.90,17.90,106.80,0.0,56.6
WP202025,JTWC,2025-08-29T12:00:00Z,12,2025-08-30T00:00:00Z,17.70,108.50,17.80,107.90,0.0,64.5
WP202025,JTWC,2025-08-29T12:00:00Z,24,2025-08-30T12:00:00Z,17.90,105.70,18.10,105.40,0.0,38.7
WP202025,JTWC,2025-08-29T18:00:00Z,12,2025-08-30T06:00:00Z,17.70,106.20,17.90,106.80,0.0,67.3
WP202025,JTWC,2025-08-30T00:00:00Z,12,2025-08-30T12:00:00Z,17.70,104.80,18.10,105.40,0.0,77.5
WP212025,JTWC,2025-09-03T12:00:00Z,12,2025-09-04T00:00:00Z,30.00,131.20,29.70,131.00,0.0,38.5
WP212025,JTWC,2025-09-03T12:00:00Z,24,2025-09-04T12:00:00Z,32.80,132.10,32.70,132.10,0.0,11.1
WP212025,JTWC,2025-09-03T12:00:00Z,36,2025-09-05T00:00:00Z,34.00,134.20,33.90,135.20,0.0,92.9
WP212025,JTWC,2025-09-03T18:00:00Z,12,2025-09-04T06:00:00Z,30.60,131.30,31.30,131.50,0.0,80.1
WP212025,JTWC,2025-09-03T18:00:00Z,24,2025-09-04T18:00:00Z,32.80,133.00,33.40,133.00,0.0,66.7
WP212025,JTWC,2025-09-03T18:00:00Z,36,2025-09-05T06:00:00Z,34.40,136.90,34.90,139.20,0.0,217.6
WP212025,JTWC,2025-09-04T00:00:00Z,12,2025-09-04T12:00:00Z,32.00,132.10,32.70,132.10,0.0,77.8
WP212025,JTWC,2025-09-04T00:00:00Z,24,2025-09-05T00:00:00Z,34.00,135.00,33.90,135.20,0.0,21.5
WP212025,JTWC,2025-09-04T00:00:00Z,36,2025-09-05T12:00:00Z,34.90,138.80,35.90,143.30,0.0,422.7
WP212025,JTWC,2025-09-04T06:00:00Z,12,2025-09-04T18:00:00Z,33.40,133.80,33.40,133.00,0.0,74.3
WP212025,JTWC,2025-09-04T06:00:00Z,24,2025-09-05T06:00:00Z,34.80,138.00,34.90,139.20,0.0,110.1
WP212025,JTWC,2025-09-04T12:00:00Z,12,2025-09-05T00:00:00Z,34.20,135.40,33.90,135.20,0.0,38.1
WP212025,JTWC,2025-09-04T12:00:00Z,24,2025-09-05T12:00:00Z,35.20,140.30,35.90,143.30,0.0,282.3
WP212025,JTWC,2025-09-04T18:00:00Z,12,2025-09-05T06:00:00Z,34.30,137.10,34.90,139.20,0.0,203.5
WP212025,JTWC,2025-09-05T00:00:00Z,12,2025-09-05T12:00:00Z,34.80,141.40,35.90,143.30,0.0,211.3
WP222025,JTWC,2025-09-06T06:00:00Z,12,2025-09-06T18:00:00Z,18.90,115.30,18.50,115.00,0.0,54.6
WP222025,JTWC,2025-09-06T06:00:00Z,24,2025-09-07T06:00:00Z,19.90,114.10,19.00,114.00,0.0,100.6
WP222025,JTWC,2025-09-06T06:00:00Z,36,2025-09-07T18:00:00Z,20.90,112.90,20.80,113.20,0.0,33.1
WP222025,JTWC,2025-09-06T12:00:00Z,12,2025-09-07T00:00:00Z,19.10,114.30,18.60,114.60,0.0,63.9
WP222025,JTWC,2025-09-06T12:00:00Z,24,2025-09-07T12:00:00Z,20.20,113.40,19.90,113.60,0.0,39.4
WP222025,JTWC,2025-09-06T12:00:00Z,36,2025-09-08T00:00:00Z,21.30,112.20,21.70,112.60,0.0,60.8
WP222025,JTWC,2025-09-06T18:00:00Z,12,2025-09-07T06:00:00Z,19.40,113.50,19.00,114.00,0.0,68.8
WP222025,JTWC,2025-09-06T18:00:00Z,24,2025-09-07T18:00:00Z,20.80,112.70,20.80,113.20,0.0,52.0
WP222025,JTWC,2025-09-07T00:00:00Z,12,2025-09-07T12:00:00Z,19.50,113.50,19.90,113.60,0.0,45.7
WP222025,JTWC,2025-09-07T00:00:00Z,24,2025-09-08T00:00:00Z,21.00,112.40,21.70,112.60,0.0,80.5
WP222025,JTWC,2025-09-07T06:00:00Z,12,2025-09-07T18:00:00Z,20.80,113.00,20.80,113.20,0.0,20.8
WP222025,JTWC,2025-09-07T12:00:00Z,12,2025-09-08T00:00:00Z,21.60,112.70,21.70,112.60,0.0,15.2
WP232025,JTWC,2025-09-16T06:00:00Z,12,2025-09-16T18:00:00Z,16.60,122.60,16.00,122.30,0.0,74.0
WP232025,JTWC,2025-09-16T06:00:00Z,24,2025-09-17T06:00:00Z,18.00,121.60,17.60,121.00,0.0,77.5
WP232025,JTWC,2025-09-16T06:00:00Z,36,2025-09-17T18:00:00Z,19.10,120.80,19.10,119.20,0.0,168.1
WP232025,JTWC,2025-09-16T12:00:00Z,12,2025-09-17T00:00:00Z,17.20,122.00,16.70,121.50,0.0,76.9
WP232025,JTWC,2025-09-16T12:00:00Z,24,2025-09-17T12:00:00Z,18.50,121.00,18.20,120.10,0.0,100.7
WP232025,JTWC,2025-09-16T12:00:00Z,36,2025-09-18T00:00:00Z,19.70,119.80,19.60,118.60,0.0,126.2
WP232025,JTWC,2025-09-16T18:00:00Z,12,2025-09-17T06:00:00Z,17.50,121.20,17.60,121.00,0.0,23.9
WP232025,JTWC,2025-09-16T18:00:00Z,24,2025-09-17T18:00:00Z,18.90,119.80,19.10,119.20,0.0,66.9
WP232025,JTWC,2025-09-16T18:00:00Z,36,2025-09-18T06:00:00Z,20.10,118.40,19.90,118.20,0.0,30.5
WP232025,JTWC,2025-09-17T00:00:00Z,12,2025-09-17T12:00:00Z,18.40,120.70,18.20,120.10,0.0,67.1
WP232025,JTWC,2025-09-17T00:00:00Z,24,2025-09-18T00:00:00Z,19.60,119.20,19.60,118.60,0.0,62.9
WP232025,JTWC,2025-09-17T00:00:00Z,36,2025-09-18T12:00:00Z,20.70,117.70,20.50,117.30,0.0,47.2
WP232025,JTWC,2025-09-17T06:00:00Z,12,2025-09-17T18:00:00Z,19.30,120.00,19.10,119.20,0.0,86.9
WP232025,JTWC,2025-09-17T06:00:00Z,24,2025-09-18T06:00:00Z,20.50,118.70,19.90,118.20,0.0,84.7
WP232025,JTWC,2025-09-17T06:00:00Z,36,2025-09-18T18:00:00Z,21.70,117.20,21.10,116.50,0.0,98.5
WP232025,JTWC,2025-09-17T12:00:00Z,12,2025-09-18T00:00:00Z,20.00,119.30,19.60,118.60,0.0,85.7
WP232025,JTWC,2025-09-17T12:00:00Z,24,2025-09-18T12:00:00Z,21.00,117.80,20.50,117.30,0.0,76.1
WP232025,JTWC,2025-09-17T12:00:00Z,36,2025-09-19T00:00:00Z,22.00,116.60,22.20,115.80,0.0,85.4
WP232025,JTWC,2025-09-17T18:00:00Z,12,2025-09-18T06:00:00Z,19.90,118.70,19.90,118.20,0.0,52.3
WP232025,JTWC,2025-09-17T18:00:00Z,24,2025-09-18T18:00:00Z,21.00,117.20,21.10,116.50,0.0,73.5
WP232025,JTWC,2025-09-17T18:00:00Z,36,2025-09-19T06:00:00Z,22.10,115.70,22.60,115.50,0.0,59.3
WP232025,JTWC,2025-09-18T00:00:00Z,12,2025-09-18T12:00:00Z,20.90,117.50,20.50,117.30,0.0,49.1
WP232025,JTWC,2025-09-18T00:00:00Z,24,2025-09-19T00:00:00Z,22.00,116.10,22.20,115.80,0.0,38.1
WP232025,JTWC,2025-09-18T00:00:00Z,36,2025-09-19T12:00:00Z,22.80,114.80,23.10,114.90,0.0,34.9
WP232025,JTWC,2025-09-18T06:00:00Z,12,2025-09-18T18:00:00Z,21.00,116.10,21.10,116.50,0.0,43.0
WP232025,JTWC,2025-09-18T06:00:00Z,24,2025-09-19T06:00:00Z,22.00,114.90,22.60,115.50,0.0,90.9
WP232025,JTWC,2025-09-18T12:00:00Z,12,2025-09-19T00:00:00Z,21.30,115.70,22.20,115.80,0.0,100.6
WP232025,JTWC,2025-09-18T12:00:00Z,24,2025-09-19T12:00:00Z,22.20,114.70,23.10,114.90,0.0,102.2
WP232025,JTWC,2025-09-18T18:00:00Z,12,2025-09-19T06:00:00Z,22.40,115.30,22.60,115.50,0.0,30.3
WP232025,JTWC,2025-09-19T00:00:00Z,12,2025-09-19T12:00:00Z,23.10,114.70,23.10,114.90,0.0,20.5
WP242025,JTWC,2025-09-18T12:00:00Z,12,2025-09-19T00:00:00Z,16.20,131.80,16.00,131.30,0.0,57.9
WP242025,JTWC,2025-09-18T12:00:00Z,24,2025-09-19T12:00:00Z,16.40,130.90,16.20,130.30,0.0,67.8
WP242025,JTWC,2025-09-18T12:00:00Z,36,2025-09-20T00:00:00Z,16.80,130.20,16.40,129.60,0.0,77.9
WP242025,JTWC,2025-09-18T18:00:00Z,12,2025-09-19T06:00:00Z,16.50,131.30,16.10,130.70,0.0,78.0
WP242025,JTWC,2025-09-18T18:00:00Z,24,2025-09-19T18:00:00Z,16.80,130.50,16.30,130.00,0.0,77.0
WP242025,JTWC,2025-09-18T18:00:00Z,36,2025-09-20T06:00:00Z,17.20,129.90,16.80,129.00,0.0,105.5
WP242025,JTWC,2025-09-19T00:00:00Z,12,2025-09-19T12:00:00Z,16.20,130.40,16.20,130.30,0.0,10.7
WP242025,JTWC,2025-09-19T00:00:00Z,24,2025-09-20T00:00:00Z,16.40,129.70,16.40,129.60,0.0,10.7
WP242025,JTWC,2025-09-19T00:00:00Z,36,2025-09-20T12:00:00Z,17.10,129.00,17.30,128.60,0.0,48.0
WP242025,JTWC,2025-09-19T06:00:00Z,12,2025-09-19T18:00:00Z,16.40,129.90,16.30,130.00,0.0,15.4
WP242025,JTWC,2025-09-19T06:00:00Z,24,2025-09-20T06:00:00Z,16.90,128.90,16.80,129.00,0.0,15.4
WP242025,JTWC,2025-09-19T06:00:00Z,36,2025-09-20T18:00:00Z,17.70,127.80,17.80,127.80,0.0,11.1
WP242025,JTWC,2025-09-19T12:00:00Z,12,2025-09-20T00:00:00Z,16.70,129.20,16.40,129.60,0.0,54.1
WP242025,JTWC,2025-09-19T12:00:00Z,24,2025-09-20T12:00:00Z,17.40,128.10,17.30,128.60,0.0,54.2
WP242025,JTWC,2025-09-19T12:00:00Z,36,2025-09-21T00:00:00Z,18.10,126.90,17.90,127.00,0.0,24.6
WP242025,JTWC,2025-09-19T18:00:00Z,12,2025-09-20T06:00:00Z,16.80,129.10,16.80,129.00,0.0,10.6
WP242025,JTWC,2025-09-19T18:00:00Z,24,2025-09-20T18:00:00Z,17.50,128.00,17.80,127.80,0.0,39.5
WP242025,JTWC,2025-09-19T18:00:00Z,36,2025-09-21T06:00:00Z,18.20,126.60,18.40,126.30,0.0,38.7
WP242025,JTWC,2025-09-20T00:00:00Z,12,2025-09-20T12:00:00Z,17.10,128.60,17.30,128.60,0.0,22.2
WP242025,JTWC,2025-09-20T00:00:00Z,24,2025-09-21T00:00:00Z,17.80,127.40,17.90,127.00,0.0,43.8
WP242025,JTWC,2025-09-20T00:00:00Z,36,2025-09-21T12:00:00Z,18.60,125.80,18.80,125.40,0.0,47.6
WP242025,JTWC,2025-09-20T06:00:00Z,12,2025-09-20T18:00:00Z,17.60,128.00,17.80,127.80,0.0,30.7
WP242025,JTWC,2025-09-20T06:00:00Z,24,2025-09-21T06:00:00Z,18.30,126.50,18.40,126.30,0.0,23.9
WP242025,JTWC,2025-09-20T06:00:00Z,36,2025-09-21T18:00:00Z,19.10,124.60,19.20,124.20,0.0,43.5
WP242025,JTWC,2025-09-20T12:00:00Z,12,2025-09-21T00:00:00Z,18.00,127.40,17.90,127.00,0.0,43.7
WP242025,JTWC,2025-09-20T12:00:00Z,24,2025-09-21T12:00:00Z,18.80,125.70,18.80,125.40,0.0,31.6
WP242025,JTWC,2025-09-20T12:00:00Z,36,2025-09-22T00:00:00Z,19.40,123.70,19.30,123.00,0.0,74.3
WP242025,JTWC,2025-09-20T18:00:00Z,12,2025-09-21T06:00:00Z,18.70,126.30,18.40,126.30,0.0,33.4
WP242025,JTWC,2025-09-20T18:00:00Z,24,2025-09-21T18:00:00Z,19.30,124.40,19.20,124.20,0.0,23.8
WP242025,JTWC,2025-09-20T18:00:00Z,36,2025-09-22T06:00:00Z,19.80,122.10,19.40,121.80,0.0,54.5
WP242025,JTWC,2025-09-21T00:00:00Z,12,2025-09-21T12:00:00Z,18.70,125.20,18.80,125.40,0.0,23.8
WP242025,JTWC,2025-09-21T00:00:00Z,24,2025-09-22T00:00:00Z,19.20,123.10,19.30,123.00,0.0,15.3
WP242025,JTWC,2025-09-21T00:00:00Z,36,2025-09-22T12:00:00Z,19.60,120.70,19.50,120.60,0.0,15.3
WP242025,JTWC,2025-09-21T06:00:00Z,12,2025-09-21T18:00:00Z,19.00,124.30,19.20,124.20,0.0,24.6
WP242025,JTWC,2025-09-21T06:00:00Z,24,2025-09-22T06:00:00Z,19.40,122.00,19.40,121.80,0.0,21.0
WP242025,JTWC,2025-09-21T06:00:00Z,36,2025-09-22T18:00:00Z,19.80,119.50,19.60,119.30,0.0,30.5
WP242025,JTWC,2025-09-21T12:00:00Z,12,2025-09-22T00:00:00Z,19.50,123.20,19.30,123.00,0.0,30.6
WP242025,JTWC,2025-09-21T12:00:00Z,24,2025-09-22T12:00:00Z,19.80,120.80,19.50,120.60,0.0,39.4
WP242025,JTWC,2025-09-21T12:00:00Z,36,2025-09-23T00:00:00Z,20.20,118.50,19.90,118.30,0.0,39.4
WP242025,JTWC,2025-09-21T18:00:00Z,12,2025-09-22T06:00:00Z,19.60,121.80,19.40,121.80,0.0,22.2
WP242025,JTWC,2025-09-21T18:00:00Z,24,2025-09-22T18:00:00Z,19.90,119.50,19.60,119.30,0.0,39.4
WP242025,JTWC,2025-09-21T18:00:00Z,36,2025-09-23T06:00:00Z,20.40,117.20,20.30,117.20,0.0,11.1
WP242025,JTWC,2025-09-22T00:00:00Z,12,2025-09-22T12:00:00Z,19.70,120.60,19.50,120.60,0.0,22.2
WP242025,JTWC,2025-09-22T00:00:00Z,24,2025-09-23T00:00:00Z,20.10,118.30,19.90,118.30,0.0,22.2
WP242025,JTWC,2025-09-22T00:00:00Z,36,2025-09-23T12:00:00Z,20.70,116.10,20.80,116.10,0.0,11.1
WP242025,JTWC,2025-09-22T06:00:00Z,12,2025-09-22T18:00:00Z,19.70,119.40,19.60,119.30,0.0,15.3
WP242025,JTWC,2025-09-22T06:00:00Z,24,2025-09-23T06:00:00Z,20.30,117.30,20.30,117.20,0.0,10.4
WP242025,JTWC,2025-09-22T06:00:00Z,36,2025-09-23T18:00:00Z,21.00,115.00,21.10,114.90,0.0,15.2
WP242025,JTWC,2025-09-22T12:00:00Z,12,2025-09-23T00:00:00Z,19.90,118.30,19.90,118.30,0.0,0.0
WP242025,JTWC,2025-09-22T12:00:00Z,24,2025-09-23T12:00:00Z,20.60,116.20,20.80,116.10,0.0,24.6
WP242025,JTWC,2025-09-22T12:00:00Z,36,2025-09-24T00:00:00Z,21.20,114.00,21.20,113.80,0.0,20.7
WP242025,JTWC,2025-09-22T18:00:00Z,12,2025-09-23T06:00:00Z,20.30,117.20,20.30,117.20,0.0,0.0
WP242025,JTWC,2025-09-22T18:00:00Z,24,2025-09-23T18:00:00Z,20.90,114.90,21.10,114.90,0.0,22.2
WP242025,JTWC,2025-09-22T18:00:00Z,36,2025-09-24T06:00:00Z,21.40,112.40,21.60,112.60,0.0,30.4
WP242025,JTWC,2025-09-23T00:00:00Z,12,2025-09-23T12:00:00Z,20.90,116.00,20.80,116.10,0.0,15.2
WP242025,JTWC,2025-09-23T00:00:00Z,24,2025-09-24T00:00:00Z,21.40,113.70,21.20,113.80,0.0,24.5
WP242025,JTWC,2025-09-23T00:00:00Z,36,2025-09-24T12:00:00Z,21.80,111.20,21.60,111.20,0.0,22.2
WP242025,JTWC,2025-09-23T06:00:00Z,12,2025-09-23T18:00:00Z,21.10,114.90,21.10,114.90,0.0,0.0
WP242025,JTWC,2025-09-23T06:00:00Z,24,2025-09-24T06:00:00Z,21.60,112.40,21.60,112.60,0.0,20.7
WP242025,JTWC,2025-09-23T12:00:00Z,12,2025-09-24T00:00:00Z,21.40,113.70,21.20,113.80,0.0,24.5
WP242025,JTWC,2025-09-23T12:00:00Z,24,2025-09-24T12:00:00Z,21.70,111.10,21.60,111.20,0.0,15.2
WP242025,JTWC,2025-09-23T18:00:00Z,12,2025-09-24T06:00:00Z,21.50,112.40,21.60,112.60,0.0,23.5
WP242025,JTWC,2025-09-24T00:00:00Z,12,2025-09-24T12:00:00Z,21.50,111.30,21.60,111.20,0.0,15.2
WP252025,JTWC,2025-09-18T12:00:00Z,12,2025-09-19T00:00:00Z,23.50,161.10,23.80,161.30,0.0,39.1
WP252025,JTWC,2025-09-18T12:00:00Z,24,2025-09-19T12:00:00Z,24.10,159.20,24.70,159.10,0.0,67.5
WP252025,JTWC,2025-09-18T12:00:00Z,36,2025-09-20T00:00:00Z,24.80,157.10,25.40,156.80,0.0,73.2
WP252025,JTWC,2025-09-18T18:00:00Z,12,2025-09-19T06:00:00Z,24.00,160.40,24.10,160.30,0.0,15.1
WP252025,JTWC,2025-09-18T18:00:00Z,24,2025-09-19T18:00:00Z,24.70,158.30,25.10,158.10,0.0,48.8
WP252025,JTWC,2025-09-18T18:00:00Z,36,2025-09-20T06:00:00Z,25.30,156.50,25.90,156.00,0.0,83.5
WP252025,JTWC,2025-09-19T00:00:00Z,12,2025-09-19T12:00:00Z,24.40,159.30,24.70,159.10,0.0,39.0
WP252025,JTWC,2025-09-19T00:00:00Z,24,2025-09-20T00:00:00Z,25.10,157.10,25.40,156.80,0.0,45.0
WP252025,JTWC,2025-09-19T00:00:00Z,36,2025-09-20T12:00:00Z,25.80,155.10,26.30,155.00,0.0,56.5
WP252025,JTWC,2025-09-19T06:00:00Z,12,2025-09-19T18:00:00Z,24.80,158.10,25.10,158.10,0.0,33.4
WP252025,JTWC,2025-09-19T06:00:00Z,24,2025-09-20T06:00:00Z,25.40,156.00,25.90,156.00,0.0,55.6
WP252025,JTWC,2025-09-19T06:00:00Z,36,2025-09-20T18:00:00Z,26.10,153.90,26.80,153.80,0.0,78.5
WP252025,JTWC,2025-09-19T12:00:00Z,12,2025-09-20T00:00:00Z,25.40,157.00,25.40,156.80,0.0,20.1
WP252025,JTWC,2025-09-19T12:00:00Z,24,2025-09-20T12:00:00Z,25.90,155.00,26.30,155.00,0.0,44.5
WP252025,JTWC,2025-09-19T12:00:00Z,36,2025-09-21T00:00:00Z,26.80,152.90,27.30,152.70,0.0,59.0
WP252025,JTWC,2025-09-19T18:00:00Z,12,2025-09-20T06:00:00Z,25.80,155.90,25.90,156.00,0.0,15.0
WP252025,JTWC,2025-09-19T18:00:00Z,24,2025-09-20T18:00:00Z,26.50,153.80,26.80,153.80,0.0,33.4
WP252025,JTWC,2025-09-19T18:00:00Z,36,2025-09-21T06:00:00Z,27.60,151.90,27.80,151.80,0.0,24.3
WP252025,JTWC,2025-09-20T00:00:00Z,12,2025-09-20T12:00:00Z,26.20,154.80,26.30,155.00,0.0,22.8
WP252025,JTWC,2025-09-20T00:00:00Z,24,2025-09-21T00:00:00Z,27.10,152.90,27.30,152.70,0.0,29.8
WP252025,JTWC,2025-09-20T00:00:00Z,36,2025-09-21T12:00:00Z,28.30,151.20,28.50,151.30,0.0,24.3
WP252025,JTWC,2025-09-20T06:00:00Z,12,2025-09-20T18:00:00Z,26.70,154.00,26.80,153.80,0.0,22.8
WP252025,JTWC,2025-09-20T06:00:00Z,24,2025-09-21T06:00:00Z,28.00,152.20,27.80,151.80,0.0,45.2
WP252025,JTWC,2025-09-20T06:00:00Z,36,2025-09-21T18:00:00Z,29.10,151.30,29.30,150.90,0.0,44.7
WP252025,JTWC,2025-09-20T12:00:00Z,12,2025-09-21T00:00:00Z,27.20,152.90,27.30,152.70,0.0,22.7
WP252025,JTWC,2025-09-20T12:00:00Z,24,2025-09-21T12:00:00Z,28.30,151.50,28.50,151.30,0.0,29.6
WP252025,JTWC,2025-09-20T12:00:00Z,36,2025-09-22T00:00:00Z,29.50,151.10,29.70,151.00,0.0,24.2
WP252025,JTWC,2025-09-20T18:00:00Z,12,2025-09-21T06:00:00Z,28.00,152.10,27.80,151.80,0.0,36.9
WP252025,JTWC,2025-09-20T18:00:00Z,24,2025-09-21T18:00:00Z,29.20,151.10,29.30,150.90,0.0,22.4
WP252025,JTWC,2025-09-20T18:00:00Z,36,2025-09-22T06:00:00Z,30.10,151.50,30.20,151.70,0.0,22.2
WP252025,JTWC,2025-09-21T00:00:00Z,12,2025-09-21T12:00:00Z,28.40,151.40,28.50,151.30,0.0,14.8
WP252025,JTWC,2025-09-21T00:00:00Z,24,2025-09-22T00:00:00Z,29.40,151.10,29.70,151.00,0.0,34.7
WP252025,JTWC,2025-09-21T00:00:00Z,36,2025-09-22T12:00:00Z,30.20,151.60,30.40,152.30,0.0,70.8
WP252025,JTWC,2025-09-21T06:00:00Z,12,2025-09-21T18:00:00Z,28.90,151.00,29.30,150.90,0.0,45.5
WP252025,JTWC,2025-09-21T06:00:00Z,24,2025-09-22T06:00:00Z,29.70,151.10,30.20,151.70,0.0,80.2
WP252025,JTWC,2025-09-21T06:00:00Z,36,2025-09-22T18:00:00Z,30.30,151.80,30.40,152.80,0.0,96.6
WP252025,JTWC,2025-09-21T12:00:00Z,12,2025-09-22T00:00:00Z,29.60,151.20,29.70,151.00,0.0,22.3
WP252025,JTWC,2025-09-21T12:00:00Z,24,2025-09-22T12:00:00Z,30.20,151.70,30.40,152.30,0.0,61.7
WP252025,JTWC,2025-09-21T12:00:00Z,36,2025-09-23T00:00:00Z,30.70,152.20,30.50,153.20,0.0,98.3
WP252025,JTWC,2025-09-21T18:00:00Z,12,2025-09-22T06:00:00Z,30.10,151.10,30.20,151.70,0.0,58.8
WP252025,JTWC,2025-09-21T18:00:00Z,24,2025-09-22T18:00:00Z,30.60,151.80,30.40,152.80,0.0,98.4
WP252025,JTWC,2025-09-21T18:00:00Z,36,2025-09-23T06:00:00Z,30.90,152.50,30.60,153.40,0.0,92.2
WP252025,JTWC,2025-09-22T00:00:00Z,12,2025-09-22T12:00:00Z,30.20,151.70,30.40,152.30,0.0,61.7
WP252025,JTWC,2025-09-22T00:00:00Z,24,2025-09-23T00:00:00Z,30.50,152.60,30.50,153.20,0.0,57.5
WP252025,JTWC,2025-09-22T00:00:00Z,36,2025-09-23T12:00:00Z,30.70,153.50,30.60,153.60,0.0,14.7
WP252025,JTWC,2025-09-22T06:00:00Z,12,2025-09-22T18:00:00Z,30.50,152.70,30.40,152.80,0.0,14.7
WP252025,JTWC,2025-09-22T06:00:00Z,24,2025-09-23T06:00:00Z,30.60,153.30,30.60,153.40,0.0,9.6
WP252025,JTWC,2025-09-22T06:00:00Z,36,2025-09-23T18:00:00Z,30.80,154.10,30.50,153.90,0.0,38.5
WP252025,JTWC,2025-09-22T12:00:00Z,12,2025-09-23T00:00:00Z,30.40,153.50,30.50,153.20,0.0,30.8
WP252025,JTWC,2025-09-22T12:00:00Z,24,2025-09-23T12:00:00Z,30.50,154.30,30.60,153.60,0.0,67.9
WP252025,JTWC,2025-09-22T12:00:00Z,36,2025-09-24T00:00:00Z,30.70,155.20,30.40,154.50,0.0,74.9
WP252025,JTWC,2025-09-22T18:00:00Z,12,2025-09-23T06:00:00Z,30.60,153.30,30.60,153.40,0.0,9.6
WP252025,JTWC,2025-09-22T18:00:00Z,24,2025-09-23T18:00:00Z,30.90,154.30,30.50,153.90,0.0,58.7
WP252025,JTWC,2025-09-22T18:00:00Z,36,2025-09-24T06:00:00Z,31.60,156.10,30.60,155.40,0.0,129.6
WP252025,JTWC,2025-09-23T00:00:00Z,12,2025-09-23T12:00:00Z,30.70,153.80,30.60,153.60,0.0,22.1
WP252025,JTWC,2025-09-23T00:00:00Z,24,2025-09-24T00:00:00Z,31.10,154.90,30.40,154.50,0.0,86.7
WP252025,JTWC,2025-09-23T00:00:00Z,36,2025-09-24T12:00:00Z,32.10,156.20,31.20,156.60,0.0,107.0
WP252025,JTWC,2025-09-23T06:00:00Z,12,2025-09-23T18:00:00Z,30.90,154.20,30.50,153.90,0.0,52.9
WP252025,JTWC,2025-09-23T06:00:00Z,24,2025-09-24T06:00:00Z,31.40,155.80,30.60,155.40,0.0,96.8
WP252025,JTWC,2025-09-23T06:00:00Z,36,2025-09-24T18:00:00Z,32.30,156.80,32.30,157.40,0.0,56.4
WP252025,JTWC,2025-09-23T12:00:00Z,12,2025-09-24T00:00:00Z,30.80,154.40,30.40,154.50,0.0,45.5
WP252025,JTWC,2025-09-23T12:00:00Z,24,2025-09-24T12:00:00Z,31.50,156.20,31.20,156.60,0.0,50.6
WP252025,JTWC,2025-09-23T12:00:00Z,36,2025-09-25T00:00:00Z,32.20,156.50,33.00,157.10,0.0,105.2
WP252025,JTWC,2025-09-23T18:00:00Z,12,2025-09-24T06:00:00Z,30.80,155.10,30.60,155.40,0.0,36.3
WP252025,JTWC,2025-09-23T18:00:00Z,24,2025-09-24T18:00:00Z,31.70,156.10,32.30,157.40,0.0,139.6
WP252025,JTWC,2025-09-23T18:00:00Z,36,2025-09-25T06:00:00Z,32.00,155.40,32.90,156.00,0.0,114.8
WP252025,JTWC,2025-09-24T00:00:00Z,12,2025-09-24T12:00:00Z,31.00,155.40,31.20,156.60,0.0,116.4
WP252025,JTWC,2025-09-24T00:00:00Z,24,2025-09-25T00:00:00Z,31.60,155.80,33.00,157.10,0.0,197.9
WP252025,JTWC,2025-09-24T00:00:00Z,36,2025-09-25T12:00:00Z,31.70,154.80,32.40,154.90,0.0,78.4
WP252025,JTWC,2025-09-24T06:00:00Z,12,2025-09-24T18:00:00Z,31.60,156.70,32.30,157.40,0.0,102.1
WP252025,JTWC,2025-09-24T06:00:00Z,24,2025-09-25T06:00:00Z,31.80,155.60,32.90,156.00,0.0,128.0
WP252025,JTWC,2025-09-24T06:00:00Z,36,2025-09-25T18:00:00Z,31.60,154.30,32.00,154.00,0.0,52.7
WP252025,JTWC,2025-09-24T12:00:00Z,12,2025-09-25T00:00:00Z,31.80,157.00,33.00,157.10,0.0,133.8
WP252025,JTWC,2025-09-24T12:00:00Z,24,2025-09-25T12:00:00Z,32.10,156.10,32.40,154.90,0.0,117.7
WP252025,JTWC,2025-09-24T12:00:00Z,36,2025-09-26T00:00:00Z,32.10,154.70,31.80,153.80,0.0,91.2
WP252025,JTWC,2025-09-24T18:00:00Z,12,2025-09-25T06:00:00Z,32.60,156.90,32.90,156.00,0.0,90.5
WP252025,JTWC,2025-09-24T18:00:00Z,24,2025-09-25T18:00:00Z,32.50,156.00,32.00,154.00,0.0,196.1
WP252025,JTWC,2025-09-24T18:00:00Z,36,2025-09-26T06:00:00Z,32.50,155.20,32.10,153.60,0.0,156.8
WP252025,JTWC,2025-09-25T00:00:00Z,12,2025-09-25T12:00:00Z,32.90,156.60,32.40,154.90,0.0,168.6
WP252025,JTWC,2025-09-25T00:00:00Z,24,2025-09-26T00:00:00Z,32.90,155.90,31.80,153.80,0.0,232.1
WP252025,JTWC,2025-09-25T00:00:00Z,36,2025-09-26T12:00:00Z,33.20,156.50,31.90,153.90,0.0,283.3
WP252025,JTWC,2025-09-25T06:00:00Z,12,2025-09-25T18:00:00Z,32.70,154.60,32.00,154.00,0.0,96.1
WP252025,JTWC,2025-09-25T06:00:00Z,24,2025-09-26T06:00:00Z,32.50,154.20,32.10,153.60,0.0,71.8
WP252025,JTWC,2025-09-25T06:00:00Z,36,2025-09-26T18:00:00Z,32.60,155.10,31.70,154.30,0.0,125.2
WP252025,JTWC,2025-09-25T12:00:00Z,12,2025-09-26T00:00:00Z,32.00,153.80,31.80,153.80,0.0,22.2
WP252025,JTWC,2025-09-25T12:00:00Z,24,2025-09-26T12:00:00Z,31.80,154.00,31.90,153.90,0.0,14.6
WP252025,JTWC,2025-09-25T12:00:00Z,36,2025-09-27T00:00:00Z,32.10,155.80,31.50,155.50,0.0,72.5
WP252025,JTWC,2025-09-25T18:00:00Z,12,2025-09-26T06:00:00Z,31.80,153.80,32.10,153.60,0.0,38.3
WP252025,JTWC,2025-09-25T18:00:00Z,24,2025-09-26T18:00:00Z,31.90,154.80,31.70,154.30,0.0,52.2
WP252025,JTWC,2025-09-25T18:00:00Z,36,2025-09-27T06:00:00Z,32.70,157.20,31.80,157.10,0.0,100.5
WP252025,JTWC,2025-09-26T00:00:00Z,12,2025-09-26T12:00:00Z,31.90,154.10,31.90,153.90,0.0,18.9
WP252025,JTWC,2025-09-26T00:00:00Z,24,2025-09-27T00:00:00Z,32.40,155.80,31.50,155.50,0.0,104.0
WP252025,JTWC,2025-09-26T00:00:00Z,36,2025-09-27T12:00:00Z,33.90,159.00,32.30,158.60,0.0,181.8
WP252025,JTWC,2025-09-26T06:00:00Z,12,2025-09-26T18:00:00Z,32.10,154.70,31.70,154.30,0.0,58.3
WP252025,JTWC,2025-09-26T06:00:00Z,24,2025-09-27T06:00:00Z,32.80,157.30,31.80,157.10,0.0,112.8
WP252025,JTWC,2025-09-26T06:00:00Z,36,2025-09-27T18:00:00Z,34.30,160.80,33.20,160.40,0.0,127.8
WP252025,JTWC,2025-09-26T12:00:00Z,12,2025-09-27T00:00:00Z,32.20,155.70,31.50,155.50,0.0,80.1
WP252025,JTWC,2025-09-26T12:00:00Z,24,2025-09-27T12:00:00Z,33.20,158.70,32.30,158.60,0.0,100.5
WP252025,JTWC,2025-09-26T12:00:00Z,36,2025-09-28T00:00:00Z,35.50,162.80,34.30,162.40,0.0,138.3
WP252025,JTWC,2025-09-26T18:00:00Z,12,2025-09-27T06:00:00Z,32.20,157.10,31.80,157.10,0.0,44.5
WP252025,JTWC,2025-09-26T18:00:00Z,24,2025-09-27T18:00:00Z,33.90,160.60,33.20,160.40,0.0,80.0
WP252025,JTWC,2025-09-26T18:00:00Z,36,2025-09-28T06:00:00Z,36.90,165.30,35.80,164.70,0.0,133.6
WP252025,JTWC,2025-09-27T00:00:00Z,12,2025-09-27T12:00:00Z,32.60,158.50,32.30,158.60,0.0,34.7
WP252025,JTWC,2025-09-27T00:00:00Z,24,2025-09-28T00:00:00Z,34.50,162.20,34.30,162.40,0.0,28.8
WP252025,JTWC,2025-09-27T00:00:00Z,36,2025-09-28T12:00:00Z,37.80,167.00,38.00,167.40,0.0,41.5
WP252025,JTWC,2025-09-27T06:00:00Z,12,2025-09-27T18:00:00Z,33.50,160.50,33.20,160.40,0.0,34.6
WP252025,JTWC,2025-09-27T06:00:00Z,24,2025-09-28T06:00:00Z,36.30,164.60,35.80,164.70,0.0,56.3
WP252025,JTWC,2025-09-27T06:00:00Z,36,2025-09-28T18:00:00Z,39.90,169.40,40.40,169.80,0.0,65.2
WP252025,JTWC,2025-09-27T12:00:00Z,12,2025-09-28T00:00:00Z,34.50,162.60,34.30,162.40,0.0,28.8
WP252025,JTWC,2025-09-27T12:00:00Z,24,2025-09-28T12:00:00Z,37.90,167.10,38.00,167.40,0.0,28.6
WP252025,JTWC,2025-09-27T12:00:00Z,36,2025-09-29T00:00:00Z,41.50,172.30,42.30,172.20,0.0,89.3
WP252025,JTWC,2025-09-27T18:00:00Z,12,2025-09-28T06:00:00Z,36.10,164.80,35.80,164.70,0.0,34.6
WP252025,JTWC,2025-09-27T18:00:00Z,24,2025-09-28T18:00:00Z,40.00,169.70,40.40,169.80,0.0,45.3
WP252025,JTWC,2025-09-28T00:00:00Z,12,2025-09-28T12:00:00Z,37.80,167.00,38.00,167.40,0.0,41.5
WP252025,JTWC,2025-09-28T00:00:00Z,24,2025-09-29T00:00:00Z,41.30,172.00,42.30,172.20,0.0,112.4
WP252025,JTWC,2025-09-28T06:00:00Z,12,2025-09-28T18:00:00Z,39.60,169.70,40.40,169.80,0.0,89.4
WP252025,JTWC,2025-09-28T12:00:00Z,12,2025-09-29T00:00:00Z,41.70,172.50,42.30,172.20,0.0,71.2
WP262025,JTWC,2025-09-23T12:00:00Z,12,2025-09-24T00:00:00Z,9.80,132.80,9.80,132.80,0.0,0.0
WP262025,JTWC,2025-09-23T12:00:00Z,24,2025-09-24T12:00:00Z,10.40,131.40,10.30,131.10,0.0,34.6
WP262025,JTWC,2025-09-23T12:00:00Z,36,2025-09-25T00:00:00Z,11.30,129.60,11.00,129.00,0.0,73.5
WP262025,JTWC,2025-09-23T18:00:00Z,12,2025-09-24T06:00:00Z,9.70,132.40,10.00,131.90,0.0,64.1
WP262025,JTWC,2025-09-23T18:00:00Z,24,2025-09-24T18:00:00Z,10.50,130.70,10.70,130.00,0.0,79.7
WP262025,JTWC,2025-09-23T18:00:00Z,36,2025-09-25T06:00:00Z,11.50,128.60,11.20,128.00,0.0,73.4
WP262025,JTWC,2025-09-24T00:00:00Z,12,2025-09-24T12:00:00Z,10.10,131.30,10.30,131.10,0.0,31.2
WP262025,JTWC,2025-09-24T00:00:00Z,24,2025-09-25T00:00:00Z,11.10,129.40,11.00,129.00,0.0,45.0
WP262025,JTWC,2025-09-24T00:00:00Z,36,2025-09-25T12:00:00Z,12.10,127.20,11.60,126.80,0.0,70.6
WP262025,JTWC,2025-09-24T06:00:00Z,12,2025-09-24T18:00:00Z,10.80,130.00,10.70,130.00,0.0,11.1
WP262025,JTWC,2025-09-24T06:00:00Z,24,2025-09-25T06:00:00Z,11.80,128.00,11.20,128.00,0.0,66.7
WP262025,JTWC,2025-09-24T06:00:00Z,36,2025-09-25T18:00:00Z,12.70,125.40,12.10,124.80,0.0,93.3
WP262025,JTWC,2025-09-24T12:00:00Z,12,2025-09-25T00:00:00Z,11.20,129.10,11.00,129.00,0.0,24.8
WP262025,JTWC,2025-09-24T12:00:00Z,24,2025-09-25T12:00:00Z,12.20,126.90,11.60,126.80,0.0,67.6
WP262025,JTWC,2025-09-24T12:00:00Z,36,2025-09-26T00:00:00Z,13.10,123.90,12.30,122.70,0.0,157.7
WP262025,JTWC,2025-09-24T18:00:00Z,12,2025-09-25T06:00:00Z,11.60,128.00,11.20,128.00,0.0,44.5
WP262025,JTWC,2025-09-24T18:00:00Z,24,2025-09-25T18:00:00Z,12.50,125.40,12.10,124.80,0.0,78.9
WP262025,JTWC,2025-09-24T18:00:00Z,36,2025-09-26T06:00:00Z,13.40,122.40,12.80,121.00,0.0,165.7
WP262025,JTWC,2025-09-25T00:00:00Z,12,2025-09-25T12:00:00Z,12.10,126.80,11.60,126.80,0.0,55.6
WP262025,JTWC,2025-09-25T00:00:00Z,24,2025-09-26T00:00:00Z,13.00,124.10,12.30,122.70,0.0,170.7
WP262025,JTWC,2025-09-25T00:00:00Z,36,2025-09-26T12:00:00Z,13.80,121.20,13.20,119.20,0.0,226.3
WP262025,JTWC,2025-09-25T06:00:00Z,12,2025-09-25T18:00:00Z,12.30,125.30,12.10,124.80,0.0,58.7
WP262025,JTWC,2025-09-25T06:00:00Z,24,2025-09-26T06:00:00Z,13.20,121.80,12.80,121.00,0.0,97.4
WP262025,JTWC,2025-09-25T06:00:00Z,36,2025-09-26T18:00:00Z,14.10,118.10,13.80,117.40,0.0,82.6
WP262025,JTWC,2025-09-25T12:00:00Z,12,2025-09-26T00:00:00Z,13.00,123.50,12.30,122.70,0.0,116.6
WP262025,JTWC,2025-09-25T12:00:00Z,24,2025-09-26T12:00:00Z,14.00,119.60,13.20,119.20,0.0,98.9
WP262025,JTWC,2025-09-25T12:00:00Z,36,2025-09-27T00:00:00Z,14.90,115.60,14.60,115.60,0.0,33.4
WP262025,JTWC,2025-09-25T18:00:00Z,12,2025-09-26T06:00:00Z,13.10,121.90,12.80,121.00,0.0,103.1
WP262025,JTWC,2025-09-25T18:00:00Z,24,2025-09-26T18:00:00Z,14.00,118.00,13.80,117.40,0.0,68.5
WP262025,JTWC,2025-09-25T18:00:00Z,36,2025-09-27T06:00:00Z,14.90,114.40,15.20,113.80,0.0,72.6
WP262025,JTWC,2025-09-26T00:00:00Z,12,2025-09-26T12:00:00Z,13.30,119.60,13.20,119.20,0.0,44.7
WP262025,JTWC,2025-09-26T00:00:00Z,24,2025-09-27T00:00:00Z,14.20,115.90,14.60,115.60,0.0,55.0
WP262025,JTWC,2025-09-26T00:00:00Z,36,2025-09-27T12:00:00Z,15.10,112.50,15.70,112.20,0.0,74.1
WP262025,JTWC,2025-09-26T06:00:00Z,12,2025-09-26T18:00:00Z,13.90,116.70,13.80,117.40,0.0,76.4
WP262025,JTWC,2025-09-26T06:00:00Z,24,2025-09-27T06:00:00Z,14.70,113.10,15.20,113.80,0.0,93.5
WP262025,JTWC,2025-09-26T06:00:00Z,36,2025-09-27T18:00:00Z,15.60,110.20,16.00,110.70,0.0,69.6
WP262025,JTWC,2025-09-26T12:00:00Z,12,2025-09-27T00:00:00Z,14.20,115.60,14.60,115.60,0.0,44.5
WP262025,JTWC,2025-09-26T12:00:00Z,24,2025-09-27T12:00:00Z,15.00,112.20,15.70,112.20,0.0,77.8
WP262025,JTWC,2025-09-26T12:00:00Z,36,2025-09-28T00:00:00Z,15.90,109.60,16.50,109.40,0.0,70.1
WP262025,JTWC,2025-09-26T18:00:00Z,12,2025-09-27T06:00:00Z,15.00,113.60,15.20,113.80,0.0,30.9
WP262025,JTWC,2025-09-26T18:00:00Z,24,2025-09-27T18:00:00Z,15.80,110.60,16.00,110.70,0.0,24.7
WP262025,JTWC,2025-09-26T18:00:00Z,36,2025-09-28T06:00:00Z,16.90,108.30,17.10,108.10,0.0,30.8
WP262025,JTWC,2025-09-27T00:00:00Z,12,2025-09-27T12:00:00Z,15.90,111.70,15.70,112.20,0.0,57.9
WP262025,JTWC,2025-09-27T00:00:00Z,24,2025-09-28T00:00:00Z,16.90,109.10,16.50,109.40,0.0,54.8
WP262025,JTWC,2025-09-27T00:00:00Z,36,2025-09-28T12:00:00Z,18.00,106.70,17.70,107.10,0.0,53.9
WP262025,JTWC,2025-09-27T06:00:00Z,12,2025-09-27T18:00:00Z,16.20,110.80,16.00,110.70,0.0,24.7
WP262025,JTWC,2025-09-27T06:00:00Z,24,2025-09-28T06:00:00Z,17.30,108.50,17.10,108.10,0.0,48.0
WP262025,JTWC,2025-09-27T06:00:00Z,36,2025-09-28T18:00:00Z,18.40,106.30,18.20,106.20,0.0,24.6
WP262025,JTWC,2025-09-27T12:00:00Z,12,2025-09-28T00:00:00Z,16.90,109.50,16.50,109.40,0.0,45.7
WP262025,JTWC,2025-09-27T12:00:00Z,24,2025-09-28T12:00:00Z,18.10,107.10,17.70,107.10,0.0,44.5
WP262025,JTWC,2025-09-27T18:00:00Z,12,2025-09-28T06:00:00Z,16.80,108.10,17.10,108.10,0.0,33.4
WP262025,JTWC,2025-09-27T18:00:00Z,24,2025-09-28T18:00:00Z,18.10,105.70,18.20,106.20,0.0,54.0
WP262025,JTWC,2025-09-28T00:00:00Z,12,2025-09-28T12:00:00Z,17.60,107.10,17.70,107.10,0.0,11.1
WP262025,JTWC,2025-09-28T06:00:00Z,12,2025-09-28T18:00:00Z,18.10,105.70,18.20,106.20,0.0,54.0
WP272025,JTWC,2025-10-01T06:00:00Z,12,2025-10-01T18:00:00Z,15.30,128.90,14.90,128.40,0.0,69.7
WP272025,JTWC,2025-10-01T06:00:00Z,24,2025-10-02T06:00:00Z,16.10,126.60,15.20,126.30,0.0,105.1
WP272025,JTWC,2025-10-01T06:00:00Z,36,2025-10-02T18:00:00Z,16.90,124.20,15.90,123.90,0.0,115.7
WP272025,JTWC,2025-10-01T12:00:00Z,12,2025-10-02T00:00:00Z,15.20,127.70,15.00,127.30,0.0,48.4
WP272025,JTWC,2025-10-01T12:00:00Z,24,2025-10-02T12:00:00Z,16.00,125.20,15.60,125.10,0.0,45.7
WP272025,JTWC,2025-10-01T12:00:00Z,36,2025-10-03T00:00:00Z,16.90,122.50,16.40,122.60,0.0,56.6
WP272025,JTWC,2025-10-01T18:00:00Z,12,2025-10-02T06:00:00Z,15.40,126.20,15.20,126.30,0.0,24.7
WP272025,JTWC,2025-10-01T18:00:00Z,24,2025-10-02T18:00:00Z,16.30,123.50,15.90,123.90,0.0,61.7
WP272025,JTWC,2025-10-01T18:00:00Z,36,2025-10-03T06:00:00Z,17.20,120.80,16.80,121.10,0.0,54.7
WP272025,JTWC,2025-10-02T00:00:00Z,12,2025-10-02T12:00:00Z,16.10,124.50,15.60,125.10,0.0,84.9
WP272025,JTWC,2025-10-02T00:00:00Z,24,2025-10-03T00:00:00Z,17.00,122.00,16.40,122.60,0.0,92.4
WP272025,JTWC,2025-10-02T00:00:00Z,36,2025-10-03T12:00:00Z,17.90,118.70,17.40,119.40,0.0,92.7
WP272025,JTWC,2025-10-02T06:00:00Z,12,2025-10-02T18:00:00Z,15.90,124.10,15.90,123.90,0.0,21.4
WP272025,JTWC,2025-10-02T06:00:00Z,24,2025-10-03T06:00:00Z,16.80,121.60,16.80,121.10,0.0,53.2
WP272025,JTWC,2025-10-02T06:00:00Z,36,2025-10-03T18:00:00Z,17.60,118.60,17.70,118.00,0.0,64.5
WP272025,JTWC,2025-10-02T12:00:00Z,12,2025-10-03T00:00:00Z,16.40,122.40,16.40,122.60,0.0,21.3
WP272025,JTWC,2025-10-02T12:00:00Z,24,2025-10-03T12:00:00Z,17.30,119.60,17.40,119.40,0.0,24.0
WP272025,JTWC,2025-10-02T12:00:00Z,36,2025-10-04T00:00:00Z,18.10,116.70,18.10,116.50,0.0,21.1
WP272025,JTWC,2025-10-02T18:00:00Z,12,2025-10-03T06:00:00Z,16.90,120.90,16.80,121.10,0.0,24.0
WP272025,JTWC,2025-10-02T18:00:00Z,24,2025-10-03T18:00:00Z,17.60,118.10,17.70,118.00,0.0,15.4
WP272025,JTWC,2025-10-02T18:00:00Z,36,2025-10-04T06:00:00Z,18.40,115.30,18.30,115.30,0.0,11.1
WP272025,JTWC,2025-10-03T00:00:00Z,12,2025-10-03T12:00:00Z,17.20,119.80,17.40,119.40,0.0,47.9
WP272025,JTWC,2025-10-03T00:00:00Z,24,2025-10-04T00:00:00Z,17.90,117.00,18.10,116.50,0.0,57.4
WP272025,JTWC,2025-10-03T00:00:00Z,36,2025-10-04T12:00:00Z,18.90,114.20,18.90,114.10,0.0,10.5
WP272025,JTWC,2025-10-03T06:00:00Z,12,2025-10-03T18:00:00Z,17.80,118.00,17.70,118.00,0.0,11.1
WP272025,JTWC,2025-10-03T06:00:00Z,24,2025-10-04T06:00:00Z,18.60,115.30,18.30,115.30,0.0,33.4
WP272025,JTWC,2025-10-03T06:00:00Z,36,2025-10-04T18:00:00Z,19.60,112.80,19.60,112.80,0.0,0.0
WP272025,JTWC,2025-10-03T12:00:00Z,12,2025-10-04T00:00:00Z,18.20,116.60,18.10,116.50,0.0,15.3
WP272025,JTWC,2025-10-03T12:00:00Z,24,2025-10-04T12:00:00Z,19.10,114.00,18.90,114.10,0.0,24.6
WP272025,JTWC,2025-10-03T12:00:00Z,36,2025-10-05T00:00:00Z,20.10,111.60,20.10,111.70,0.0,10.4
WP272025,JTWC,2025-10-03T18:00:00Z,12,2025-10-04T06:00:00Z,18.50,115.50,18.30,115.30,0.0,30.7
WP272025,JTWC,2025-10-03T18:00:00Z,24,2025-10-04T18:00:00Z,19.50,113.00,19.60,112.80,0.0,23.7
WP272025,JTWC,2025-10-03T18:00:00Z,36,2025-10-05T06:00:00Z,20.50,110.80,20.70,110.50,0.0,38.3
WP272025,JTWC,2025-10-04T00:00:00Z,12,2025-10-04T12:00:00Z,19.10,114.10,18.90,114.10,0.0,22.2
WP272025,JTWC,2025-10-04T00:00:00Z,24,2025-10-05T00:00:00Z,20.10,111.80,20.10,111.70,0.0,10.4
WP272025,JTWC,2025-10-04T00:00:00Z,36,2025-10-05T12:00:00Z,21.40,109.60,21.20,109.40,0.0,30.4
WP272025,JTWC,2025-10-04T06:00:00Z,12,2025-10-04T18:00:00Z,19.20,112.80,19.60,112.80,0.0,44.5
WP272025,JTWC,2025-10-04T06:00:00Z,24,2025-10-05T06:00:00Z,20.40,110.60,20.70,110.50,0.0,34.9
WP272025,JTWC,2025-10-04T06:00:00Z,36,2025-10-05T18:00:00Z,21.50,108.50,21.80,108.30,0.0,39.2
WP272025,JTWC,2025-10-04T12:00:00Z,12,2025-10-05T00:00:00Z,20.30,111.70,20.10,111.70,0.0,22.2
WP272025,JTWC,2025-10-04T12:00:00Z,24,2025-10-05T12:00:00Z,21.40,109.50,21.20,109.40,0.0,24.5
WP272025,JTWC,2025-10-04T18:00:00Z,12,2025-10-05T06:00:00Z,21.00,110.60,20.70,110.50,0.0,34.9
WP272025,JTWC,2025-10-04T18:00:00Z,24,2025-10-05T18:00:00Z,22.00,108.50,21.80,108.30,0.0,30.3
WP272025,JTWC,2025-10-05T00:00:00Z,12,2025-10-05T12:00:00Z,21.30,109.50,21.20,109.40,0.0,15.2
WP272025,JTWC,2025-10-05T06:00:00Z,12,2025-10-05T18:00:00Z,21.80,108.40,21.80,108.30,0.0,10.3
WP282025,JTWC,2025-10-04T12:00:00Z,12,2025-10-05T00:00:00Z,24.90,142.50,24.80,142.60,0.0,15.0
WP282025,JTWC,2025-10-04T12:00:00Z,24,2025-10-05T12:00:00Z,25.00,141.80,25.10,142.30,0.0,51.6
WP282025,JTWC,2025-10-04T12:00:00Z,36,2025-10-06T00:00:00Z,25.00,140.50,25.40,141.30,0.0,92.0
WP282025,JTWC,2025-10-04T18:00:00Z,12,2025-10-05T06:00:00Z,25.00,141.70,24.90,142.40,0.0,71.4
WP282025,JTWC,2025-10-04T18:00:00Z,24,2025-10-05T18:00:00Z,25.00,140.60,25.30,141.70,0.0,115.6
WP282025,JTWC,2025-10-04T18:00:00Z,36,2025-10-06T06:00:00Z,25.10,139.10,25.70,140.80,0.0,183.3
WP282025,JTWC,2025-10-05T00:00:00Z,12,2025-10-05T12:00:00Z,24.90,141.70,25.10,142.30,0.0,64.4
WP282025,JTWC,2025-10-05T00:00:00Z,24,2025-10-06T00:00:00Z,25.00,140.40,25.40,141.30,0.0,100.9
WP282025,JTWC,2025-10-05T00:00:00Z,36,2025-10-06T12:00:00Z,25.10,138.60,26.10,140.10,0.0,187.1
WP282025,JTWC,2025-10-05T06:00:00Z,12,2025-10-05T18:00:00Z,25.10,141.30,25.30,141.70,0.0,46.0
WP282025,JTWC,2025-10-05T06:00:00Z,24,2025-10-06T06:00:00Z,25.30,139.90,25.70,140.80,0.0,100.7
WP282025,JTWC,2025-10-05T06:00:00Z,36,2025-10-06T18:00:00Z,25.70,138.20,26.50,139.20,0.0,133.7
WP282025,JTWC,2025-10-05T12:00:00Z,12,2025-10-06T00:00:00Z,25.50,141.30,25.40,141.30,0.0,11.1
WP282025,JTWC,2025-10-05T12:00:00Z,24,2025-10-06T12:00:00Z,25.90,139.80,26.10,140.10,0.0,37.3
WP282025,JTWC,2025-10-05T12:00:00Z,36,2025-10-07T00:00:00Z,26.50,138.10,26.80,138.70,0.0,68.3
WP282025,JTWC,2025-10-05T18:00:00Z,12,2025-10-06T06:00:00Z,25.90,140.60,25.70,140.80,0.0,29.9
WP282025,JTWC,2025-10-05T18:00:00Z,24,2025-10-06T18:00:00Z,26.40,139.00,26.50,139.20,0.0,22.8
WP282025,JTWC,2025-10-05T18:00:00Z,36,2025-10-07T06:00:00Z,27.20,137.40,27.60,138.00,0.0,74.1
WP282025,JTWC,2025-10-06T00:00:00Z,12,2025-10-06T12:00:00Z,26.10,140.10,26.10,140.10,0.0,0.0
WP282025,JTWC,2025-10-06T00:00:00Z,24,2025-10-07T00:00:00Z,26.70,138.50,26.80,138.70,0.0,22.8
WP282025,JTWC,2025-10-06T00:00:00Z,36,2025-10-07T12:00:00Z,27.80,137.10,28.10,137.30,0.0,38.7
WP282025,JTWC,2025-10-06T06:00:00Z,12,2025-10-06T18:00:00Z,26.40,139.40,26.50,139.20,0.0,22.8
WP282025,JTWC,2025-10-06T06:00:00Z,24,2025-10-07T06:00:00Z,27.30,137.90,27.60,138.00,0.0,34.8
WP282025,JTWC,2025-10-06T06:00:00Z,36,2025-10-07T18:00:00Z,28.60,136.90,28.80,136.90,0.0,22.2
WP282025,JTWC,2025-10-06T12:00:00Z,12,2025-10-07T00:00:00Z,27.10,138.30,26.80,138.70,0.0,51.8
WP282025,JTWC,2025-10-06T12:00:00Z,24,2025-10-07T12:00:00Z,28.30,137.10,28.10,137.30,0.0,29.6
WP282025,JTWC,2025-10-06T12:00:00Z,36,2025-10-08T00:00:00Z,29.70,136.70,29.50,137.00,0.0,36.5
WP282025,JTWC,2025-10-06T18:00:00Z,12,2025-10-07T06:00:00Z,27.60,137.80,27.60,138.00,0.0,19.7
WP282025,JTWC,2025-10-06T18:00:00Z,24,2025-10-07T18:00:00Z,28.90,136.80,28.80,136.90,0.0,14.8
WP282025,JTWC,2025-10-06T18:00:00Z,36,2025-10-08T06:00:00Z,30.40,136.90,30.50,137.70,0.0,77.5
WP282025,JTWC,2025-10-07T00:00:00Z,12,2025-10-07T12:00:00Z,28.10,137.50,28.10,137.30,0.0,19.6
WP282025,JTWC,2025-10-07T00:00:00Z,24,2025-10-08T00:00:00Z,29.30,136.90,29.50,137.00,0.0,24.3
WP282025,JTWC,2025-10-07T00:00:00Z,36,2025-10-08T12:00:00Z,31.00,137.70,31.30,138.50,0.0,83.1
WP282025,JTWC,2025-10-07T06:00:00Z,12,2025-10-07T18:00:00Z,28.90,137.00,28.80,136.90,0.0,14.8
WP282025,JTWC,2025-10-07T06:00:00Z,24,2025-10-08T06:00:00Z,30.40,137.20,30.50,137.70,0.0,49.2
WP282025,JTWC,2025-10-07T06:00:00Z,36,2025-10-08T18:00:00Z,31.80,138.70,32.40,139.40,0.0,93.8
WP282025,JTWC,2025-10-07T12:00:00Z,12,2025-10-08T00:00:00Z,29.50,137.00,29.50,137.00,0.0,0.0
WP282025,JTWC,2025-10-07T12:00:00Z,24,2025-10-08T12:00:00Z,31.00,137.80,31.30,138.50,0.0,74.5
WP282025,JTWC,2025-10-07T12:00:00Z,36,2025-10-09T00:00:00Z,32.50,140.30,32.90,141.00,0.0,79.2
WP282025,JTWC,2025-10-07T18:00:00Z,12,2025-10-08T06:00:00Z,30.40,137.40,30.50,137.70,0.0,30.8
WP282025,JTWC,2025-10-07T18:00:00Z,24,2025-10-08T18:00:00Z,32.10,139.10,32.40,139.40,0.0,43.7
WP282025,JTWC,2025-10-07T18:00:00Z,36,2025-10-09T06:00:00Z,33.30,142.70,33.60,143.60,0.0,89.9
WP282025,JTWC,2025-10-08T00:00:00Z,12,2025-10-08T12:00:00Z,31.40,138.20,31.30,138.50,0.0,30.6
WP282025,JTWC,2025-10-08T00:00:00Z,24,2025-10-09T00:00:00Z,32.90,140.70,32.90,141.00,0.0,28.0
WP282025,JTWC,2025-10-08T00:00:00Z,36,2025-10-09T12:00:00Z,33.80,145.00,34.00,146.90,0.0,176.8
WP282025,JTWC,2025-10-08T06:00:00Z,12,2025-10-08T18:00:00Z,32.10,139.70,32.40,139.40,0.0,43.7
WP282025,JTWC,2025-10-08T06:00:00Z,24,2025-10-09T06:00:00Z,33.30,143.10,33.60,143.60,0.0,57.1
WP282025,JTWC,2025-10-08T06:00:00Z,36,2025-10-09T18:00:00Z,34.00,148.40,34.20,150.00,0.0,149.0
WP282025,JTWC,2025-10-08T12:00:00Z,12,2025-10-09T00:00:00Z,32.90,141.30,32.90,141.00,0.0,28.0
WP282025,JTWC,2025-10-08T12:00:00Z,24,2025-10-09T12:00:00Z,33.90,145.60,34.00,146.90,0.0,120.4
WP282025,JTWC,2025-10-08T12:00:00Z,36,2025-10-10T00:00:00Z,34.70,151.60,34.50,155.00,0.0,312.0
WP282025,JTWC,2025-10-08T18:00:00Z,12,2025-10-09T06:00:00Z,33.70,143.00,33.60,143.60,0.0,56.6
WP282025,JTWC,2025-10-08T18:00:00Z,24,2025-10-09T18:00:00Z,34.50,148.90,34.20,150.00,0.0,106.3
WP282025,JTWC,2025-10-08T18:00:00Z,36,2025-10-10T06:00:00Z,35.00,157.20,34.70,159.00,0.0,167.6
WP282025,JTWC,2025-10-09T00:00:00Z,12,2025-10-09T12:00:00Z,34.00,146.00,34.00,146.90,0.0,83.0
WP282025,JTWC,2025-10-09T00:00:00Z,24,2025-10-10T00:00:00Z,34.40,153.10,34.50,155.00,0.0,174.6
WP282025,JTWC,2025-10-09T06:00:00Z,12,2025-10-09T18:00:00Z,34.30,150.00,34.20,150.00,0.0,11.1
WP282025,JTWC,2025-10-09T06:00:00Z,24,2025-10-10T06:00:00Z,34.80,157.70,34.70,159.00,0.0,119.3
WP282025,JTWC,2025-10-09T12:00:00Z,12,2025-10-10T00:00:00Z,34.40,154.00,34.50,155.00,0.0,92.4
WP282025,JTWC,2025-10-09T18:00:00Z,12,2025-10-10T06:00:00Z,34.60,157.60,34.70,159.00,0.0,128.5
WP292025,JTWC,2025-10-08T06:00:00Z,12,2025-10-08T18:00:00Z,21.00,137.00,21.70,136.30,0.0,106.4
WP292025,JTWC,2025-10-08T06:00:00Z,24,2025-10-09T06:00:00Z,22.90,135.70,24.00,134.80,0.0,152.9
WP292025,JTWC,2025-10-08T06:00:00Z,36,2025-10-09T18:00:00Z,24.40,134.40,25.70,133.60,0.0,165.5
WP292025,JTWC,2025-10-08T12:00:00Z,12,2025-10-09T00:00:00Z,22.40,135.90,22.90,135.70,0.0,59.3
WP292025,JTWC,2025-10-08T12:00:00Z,24,2025-10-09T12:00:00Z,24.10,134.60,24.70,134.30,0.0,73.3
WP292025,JTWC,2025-10-08T12:00:00Z,36,2025-10-10T00:00:00Z,25.50,133.30,26.80,132.70,0.0,156.5
WP292025,JTWC,2025-10-08T18:00:00Z,12,2025-10-09T06:00:00Z,23.60,135.00,24.00,134.80,0.0,48.9
WP292025,JTWC,2025-10-08T18:00:00Z,24,2025-10-09T18:00:00Z,25.10,133.70,25.70,133.60,0.0,67.5
WP292025,JTWC,2025-10-08T18:00:00Z,36,2025-10-10T06:00:00Z,26.30,132.40,27.10,131.60,0.0,119.3
WP292025,JTWC,2025-10-09T00:00:00Z,12,2025-10-09T12:00:00Z,24.40,134.20,24.70,134.30,0.0,34.9
WP292025,JTWC,2025-10-09T00:00:00Z,24,2025-10-10T00:00:00Z,25.80,132.50,26.80,132.70,0.0,113.0
WP292025,JTWC,2025-10-09T00:00:00Z,36,2025-10-10T12:00:00Z,27.00,131.10,26.90,130.90,0.0,22.7
WP292025,JTWC,2025-10-09T06:00:00Z,12,2025-10-09T18:00:00Z,25.50,133.10,25.70,133.60,0.0,54.9
WP292025,JTWC,2025-10-09T06:00:00Z,24,2025-10-10T06:00:00Z,26.60,131.50,27.10,131.60,0.0,56.5
WP292025,JTWC,2025-10-09T06:00:00Z,36,2025-10-10T18:00:00Z,27.70,130.30,26.60,130.30,0.0,122.3
WP292025,JTWC,2025-10-09T12:00:00Z,12,2025-10-10T00:00:00Z,25.80,132.80,26.80,132.70,0.0,111.6
WP292025,JTWC,2025-10-09T12:00:00Z,24,2025-10-10T12:00:00Z,26.80,131.10,26.90,130.90,0.0,22.7
WP292025,JTWC,2025-10-09T12:00:00Z,36,2025-10-11T00:00:00Z,27.70,130.40,27.20,130.30,0.0,56.5
WP292025,JTWC,2025-10-09T18:00:00Z,12,2025-10-10T06:00:00Z,26.90,132.70,27.10,131.60,0.0,111.2
WP292025,JTWC,2025-10-09T18:00:00Z,24,2025-10-10T18:00:00Z,27.90,131.50,26.60,130.30,0.0,187.0
WP292025,JTWC,2025-10-09T18:00:00Z,36,2025-10-11T06:00:00Z,28.90,131.20,27.80,131.00,0.0,123.9
WP292025,JTWC,2025-10-10T00:00:00Z,12,2025-10-10T12:00:00Z,27.80,131.20,26.90,130.90,0.0,104.4
WP292025,JTWC,2025-10-10T00:00:00Z,24,2025-10-11T00:00:00Z,29.20,130.90,27.20,130.30,0.0,230.0
WP292025,JTWC,2025-10-10T00:00:00Z,36,2025-10-11T12:00:00Z,30.10,131.80,28.70,131.30,0.0,163.0
WP292025,JTWC,2025-10-10T06:00:00Z,12,2025-10-10T18:00:00Z,27.80,130.50,26.60,130.30,0.0,134.9
WP292025,JTWC,2025-10-10T06:00:00Z,24,2025-10-11T06:00:00Z,29.00,130.80,27.80,131.00,0.0,134.9
WP292025,JTWC,2025-10-10T06:00:00Z,36,2025-10-11T18:00:00Z,30.60,132.50,29.40,132.30,0.0,134.8
WP292025,JTWC,2025-10-10T12:00:00Z,12,2025-10-11T00:00:00Z,27.20,130.50,27.20,130.30,0.0,19.8
WP292025,JTWC,2025-10-10T12:00:00Z,24,2025-10-11T12:00:00Z,28.30,130.80,28.70,131.30,0.0,66.1
WP292025,JTWC,2025-10-10T12:00:00Z,36,2025-10-12T00:00:00Z,29.70,132.90,30.00,133.70,0.0,84.1
WP292025,JTWC,2025-10-10T18:00:00Z,12,2025-10-11T06:00:00Z,28.00,130.90,27.80,131.00,0.0,24.3
WP292025,JTWC,2025-10-10T18:00:00Z,24,2025-10-11T18:00:00Z,29.60,132.40,29.40,132.30,0.0,24.3
WP292025,JTWC,2025-10-10T18:00:00Z,36,2025-10-12T06:00:00Z,30.80,134.80,31.00,135.10,0.0,36.2
WP292025,JTWC,2025-10-11T00:00:00Z,12,2025-10-11T12:00:00Z,28.70,131.30,28.70,131.30,0.0,0.0
WP292025,JTWC,2025-10-11T00:00:00Z,24,2025-10-12T00:00:00Z,30.30,133.40,30.00,133.70,0.0,44.1
WP292025,JTWC,2025-10-11T00:00:00Z,36,2025-10-12T12:00:00Z,31.50,136.60,31.60,136.50,0.0,14.6
WP292025,JTWC,2025-10-11T06:00:00Z,12,2025-10-11T18:00:00Z,29.20,132.60,29.40,132.30,0.0,36.6
WP292025,JTWC,2025-10-11T06:00:00Z,24,2025-10-12T06:00:00Z,30.70,135.10,31.00,135.10,0.0,33.4
WP292025,JTWC,2025-10-11T06:00:00Z,36,2025-10-12T18:00:00Z,32.00,138.90,32.30,138.40,0.0,57.7
WP292025,JTWC,2025-10-11T12:00:00Z,12,2025-10-12T00:00:00Z,30.20,133.40,30.00,133.70,0.0,36.4
WP292025,JTWC,2025-10-11T12:00:00Z,24,2025-10-12T12:00:00Z,31.60,136.40,31.60,136.50,0.0,9.5
WP292025,JTWC,2025-10-11T12:00:00Z,36,2025-10-13T00:00:00Z,32.70,139.70,33.00,140.30,0.0,65.2
WP292025,JTWC,2025-10-11T18:00:00Z,12,2025-10-12T06:00:00Z,30.80,134.40,31.00,135.10,0.0,70.4
WP292025,JTWC,2025-10-11T18:00:00Z,24,2025-10-12T18:00:00Z,32.10,137.60,32.30,138.40,0.0,78.5
WP292025,JTWC,2025-10-11T18:00:00Z,36,2025-10-13T06:00:00Z,33.20,142.10,33.60,142.70,0.0,71.3
WP292025,JTWC,2025-10-12T00:00:00Z,12,2025-10-12T12:00:00Z,31.40,136.40,31.60,136.50,0.0,24.2
WP292025,JTWC,2025-10-12T00:00:00Z,24,2025-10-13T00:00:00Z,32.60,140.20,33.00,140.30,0.0,45.4
WP292025,JTWC,2025-10-12T00:00:00Z,36,2025-10-13T12:00:00Z,33.70,144.90,34.00,145.30,0.0,49.8
WP292025,JTWC,2025-10-12T06:00:00Z,12,2025-10-12T18:00:00Z,32.10,138.40,32.30,138.40,0.0,22.2
WP292025,JTWC,2025-10-12T06:00:00Z,24,2025-10-13T06:00:00Z,33.20,142.40,33.60,142.70,0.0,52.5
WP292025,JTWC,2025-10-12T06:00:00Z,36,2025-10-13T18:00:00Z,34.10,147.00,34.30,148.00,0.0,94.6
WP292025,JTWC,2025-10-12T12:00:00Z,12,2025-10-13T00:00:00Z,32.80,140.10,33.00,140.30,0.0,29.0
WP292025,JTWC,2025-10-12T12:00:00Z,24,2025-10-13T12:00:00Z,33.80,144.40,34.00,145.30,0.0,86.0
WP292025,JTWC,2025-10-12T12:00:00Z,36,2025-10-14T00:00:00Z,34.60,149.20,34.60,151.40,0.0,201.4
WP292025,JTWC,2025-10-12T18:00:00Z,12,2025-10-13T06:00:00Z,33.30,142.30,33.60,142.70,0.0,49.9
WP292025,JTWC,2025-10-12T18:00:00Z,24,2025-10-13T18:00:00Z,34.40,147.30,34.30,148.00,0.0,65.2
WP292025,JTWC,2025-10-12T18:00:00Z,36,2025-10-14T06:00:00Z,35.00,152.60,35.00,154.70,0.0,191.3
WP292025,JTWC,2025-10-13T00:00:00Z,12,2025-10-13T12:00:00Z,34.30,145.20,34.00,145.30,0.0,34.6
WP292025,JTWC,2025-10-13T00:00:00Z,24,2025-10-14T00:00:00Z,35.10,150.60,34.60,151.40,0.0,91.8
WP292025,JTWC,2025-10-13T00:00:00Z,36,2025-10-14T12:00:00Z,35.60,156.40,35.60,158.00,0.0,144.7
WP292025,JTWC,2025-10-13T06:00:00Z,12,2025-10-13T18:00:00Z,34.80,148.00,34.30,148.00,0.0,55.6
WP292025,JTWC,2025-10-13T06:00:00Z,24,2025-10-14T06:00:00Z,35.40,153.60,35.00,154.70,0.0,109.4
WP292025,JTWC,2025-10-13T06:00:00Z,36,2025-10-14T18:00:00Z,35.90,159.70,35.80,161.30,0.0,144.6
WP292025,JTWC,2025-10-13T12:00:00Z,12,2025-10-14T00:00:00Z,35.10,150.70,34.60,151.40,0.0,84.7
WP292025,JTWC,2025-10-13T12:00:00Z,24,2025-10-14T12:00:00Z,35.70,156.60,35.60,158.00,0.0,127.0
WP292025,JTWC,2025-10-13T18:00:00Z,12,2025-10-14T06:00:00Z,34.70,153.40,35.00,154.70,0.0,123.2
WP292025,JTWC,2025-10-13T18:00:00Z,24,2025-10-14T18:00:00Z,35.10,159.40,35.80,161.30,0.0,188.9
WP292025,JTWC,2025-10-14T00:00:00Z,12,2025-10-14T12:00:00Z,35.30,156.90,35.60,158.00,0.0,105.1
WP292025,JTWC,2025-10-14T06:00:00Z,12,2025-10-14T18:00:00Z,35.40,161.10,35.80,161.30,0.0,48.0
WP302025,JTWC,2025-10-18T00:00:00Z,12,2025-10-18T12:00:00Z,13.60,123.80,13.50,123.50,0.0,34.3
WP302025,JTWC,2025-10-18T00:00:00Z,24,2025-10-19T00:00:00Z,15.10,121.80,14.20,121.40,0.0,108.9
WP302025,JTWC,2025-10-18T00:00:00Z,36,2025-10-19T12:00:00Z,16.60,119.90,16.00,119.00,0.0,116.9
WP302025,JTWC,2025-10-18T06:00:00Z,12,2025-10-18T18:00:00Z,14.20,122.90,13.90,122.50,0.0,54.5
WP302025,JTWC,2025-10-18T06:00:00Z,24,2025-10-19T06:00:00Z,15.90,120.70,15.00,119.90,0.0,131.8
WP302025,JTWC,2025-10-18T06:00:00Z,36,2025-10-19T18:00:00Z,17.50,118.10,17.20,117.70,0.0,54.0
WP302025,JTWC,2025-10-18T12:00:00Z,12,2025-10-19T00:00:00Z,15.20,122.00,14.20,121.40,0.0,128.6
WP302025,JTWC,2025-10-18T12:00:00Z,24,2025-10-19T12:00:00Z,16.80,119.60,16.00,119.00,0.0,109.6
WP302025,JTWC,2025-10-18T12:00:00Z,36,2025-10-20T00:00:00Z,17.90,117.50,18.00,116.70,0.0,85.4
WP302025,JTWC,2025-10-18T18:00:00Z,12,2025-10-19T06:00:00Z,15.50,120.10,15.00,119.90,0.0,59.6
WP302025,JTWC,2025-10-18T18:00:00Z,24,2025-10-19T18:00:00Z,17.00,117.80,17.20,117.70,0.0,24.6
WP302025,JTWC,2025-10-18T18:00:00Z,36,2025-10-20T06:00:00Z,17.80,116.10,18.40,115.60,0.0,85.1
WP302025,JTWC,2025-10-19T00:00:00Z,12,2025-10-19T12:00:00Z,15.70,119.10,16.00,119.00,0.0,35.0
WP302025,JTWC,2025-10-19T00:00:00Z,24,2025-10-20T00:00:00Z,16.80,117.10,18.00,116.70,0.0,140.0
WP302025,JTWC,2025-10-19T00:00:00Z,36,2025-10-20T12:00:00Z,17.70,115.70,18.50,114.30,0.0,172.6
WP302025,JTWC,2025-10-19T06:00:00Z,12,2025-10-19T18:00:00Z,16.60,117.80,17.20,117.70,0.0,67.6
WP302025,JTWC,2025-10-19T06:00:00Z,24,2025-10-20T06:00:00Z,17.50,115.70,18.40,115.60,0.0,100.6
WP302025,JTWC,2025-10-19T06:00:00Z,36,2025-10-20T18:00:00Z,17.90,114.00,18.10,113.20,0.0,87.5
WP302025,JTWC,2025-10-19T12:00:00Z,12,2025-10-20T00:00:00Z,17.70,116.70,18.00,116.70,0.0,33.4
WP302025,JTWC,2025-10-19T12:00:00Z,24,2025-10-20T12:00:00Z,18.20,114.60,18.50,114.30,0.0,46.0
WP302025,JTWC,2025-10-19T12:00:00Z,36,2025-10-21T00:00:00Z,18.30,113.20,18.00,112.80,0.0,53.8
WP302025,JTWC,2025-10-19T18:00:00Z,12,2025-10-20T06:00:00Z,18.30,115.40,18.40,115.60,0.0,23.9
WP302025,JTWC,2025-10-19T18:00:00Z,24,2025-10-20T18:00:00Z,18.60,113.70,18.10,113.20,0.0,76.7
WP302025,JTWC,2025-10-19T18:00:00Z,36,2025-10-21T06:00:00Z,18.40,112.40,17.80,112.30,0.0,67.5
WP302025,JTWC,2025-10-20T00:00:00Z,12,2025-10-20T12:00:00Z,18.60,114.80,18.50,114.30,0.0,53.9
WP302025,JTWC,2025-10-20T00:00:00Z,24,2025-10-21T00:00:00Z,18.70,113.30,18.00,112.80,0.0,94.0
WP302025,JTWC,2025-10-20T00:00:00Z,36,2025-10-21T12:00:00Z,18.30,112.10,17.60,111.80,0.0,84.1
WP302025,JTWC,2025-10-20T06:00:00Z,12,2025-10-20T18:00:00Z,18.70,113.50,18.10,113.20,0.0,73.8
WP302025,JTWC,2025-10-20T06:00:00Z,24,2025-10-21T06:00:00Z,18.60,112.40,17.80,112.30,0.0,89.6
WP302025,JTWC,2025-10-20T06:00:00Z,36,2025-10-21T18:00:00Z,18.10,111.20,17.50,111.40,0.0,70.0
WP302025,JTWC,2025-10-20T12:00:00Z,12,2025-10-21T00:00:00Z,18.40,112.70,18.00,112.80,0.0,45.7
WP302025,JTWC,2025-10-20T12:00:00Z,24,2025-10-21T12:00:00Z,17.90,111.70,17.60,111.80,0.0,35.0
WP302025,JTWC,2025-10-20T12:00:00Z,36,2025-10-22T00:00:00Z,17.20,110.70,17.50,111.00,0.0,46.1
WP302025,JTWC,2025-10-20T18:00:00Z,12,2025-10-21T06:00:00Z,17.50,111.80,17.80,112.30,0.0,62.6
WP302025,JTWC,2025-10-20T18:00:00Z,24,2025-10-21T18:00:00Z,16.90,110.70,17.50,111.40,0.0,99.9
WP302025,JTWC,2025-10-20T18:00:00Z,36,2025-10-22T06:00:00Z,16.20,109.60,17.30,110.20,0.0,138.0
WP302025,JTWC,2025-10-21T00:00:00Z,12,2025-10-21T12:00:00Z,16.90,111.50,17.60,111.80,0.0,84.1
WP302025,JTWC,2025-10-21T00:00:00Z,24,2025-10-22T00:00:00Z,16.30,110.40,17.50,111.00,0.0,147.9
WP302025,JTWC,2025-10-21T00:00:00Z,36,2025-10-22T12:00:00Z,15.80,109.20,16.70,109.60,0.0,108.8
WP302025,JTWC,2025-10-21T06:00:00Z,12,2025-10-21T18:00:00Z,16.40,110.50,17.50,111.40,0.0,155.3
WP302025,JTWC,2025-10-21T06:00:00Z,24,2025-10-22T06:00:00Z,16.00,109.50,17.30,110.20,0.0,162.7
WP302025,JTWC,2025-10-21T06:00:00Z,36,2025-10-22T18:00:00Z,15.40,108.00,16.20,109.00,0.0,139.1
WP302025,JTWC,2025-10-21T12:00:00Z,12,2025-10-22T00:00:00Z,16.40,110.30,17.50,111.00,0.0,143.2
WP302025,JTWC,2025-10-21T12:00:00Z,24,2025-10-22T12:00:00Z,15.80,109.10,16.70,109.60,0.0,113.4
WP302025,JTWC,2025-10-21T12:00:00Z,36,2025-10-23T00:00:00Z,15.20,107.80,16.10,108.50,0.0,125.0
WP302025,JTWC,2025-10-21T18:00:00Z,12,2025-10-22T06:00:00Z,16.80,110.90,17.30,110.20,0.0,92.9
WP302025,JTWC,2025-10-21T18:00:00Z,24,2025-10-22T18:00:00Z,16.20,109.80,16.20,109.00,0.0,85.4
WP302025,JTWC,2025-10-22T00:00:00Z,12,2025-10-22T12:00:00Z,16.70,110.80,16.70,109.60,0.0,127.8
WP302025,JTWC,2025-10-22T00:00:00Z,24,2025-10-23T00:00:00Z,16.20,109.60,16.10,108.50,0.0,118.0
WP302025,JTWC,2025-10-22T06:00:00Z,12,2025-10-22T18:00:00Z,16.90,109.00,16.20,109.00,0.0,77.8
WP302025,JTWC,2025-10-22T12:00:00Z,12,2025-10-23T00:00:00Z,16.50,108.40,16.10,108.50,0.0,45.7
WP312025,JTWC,2025-11-01T06:00:00Z,12,2025-11-01T18:00:00Z,10.60,136.20,10.60,135.90,0.0,32.8
WP312025,JTWC,2025-11-01T06:00:00Z,24,2025-11-02T06:00:00Z,11.10,134.00,11.10,133.40,0.0,65.5
WP312025,JTWC,2025-11-01T06:00:00Z,36,2025-11-02T18:00:00Z,11.20,131.40,10.80,130.00,0.0,159.2
WP312025,JTWC,2025-11-01T12:00:00Z,12,2025-11-02T00:00:00Z,10.90,135.10,10.90,134.90,0.0,21.8
WP312025,JTWC,2025-11-01T12:00:00Z,24,2025-11-02T12:00:00Z,11.30,132.60,11.10,131.70,0.0,100.7
WP312025,JTWC,2025-11-01T12:00:00Z,36,2025-11-03T00:00:00Z,11.20,129.80,10.50,128.80,0.0,134.1
WP312025,JTWC,2025-11-01T18:00:00Z,12,2025-11-02T06:00:00Z,11.10,134.10,11.10,133.40,0.0,76.4
WP312025,JTWC,2025-11-01T18:00:00Z,24,2025-11-02T18:00:00Z,11.10,131.80,10.80,130.00,0.0,199.3
WP312025,JTWC,2025-11-01T18:00:00Z,36,2025-11-03T06:00:00Z,11.00,128.80,10.40,127.70,0.0,137.5
WP312025,JTWC,2025-11-02T00:00:00Z,12,2025-11-02T12:00:00Z,11.00,132.80,11.10,131.70,0.0,120.6
WP312025,JTWC,2025-11-02T00:00:00Z,24,2025-11-03T00:00:00Z,10.80,129.80,10.50,128.80,0.0,114.3
WP312025,JTWC,2025-11-02T00:00:00Z,36,2025-11-03T12:00:00Z,10.70,127.40,10.60,126.20,0.0,131.6
WP312025,JTWC,2025-11-02T06:00:00Z,12,2025-11-02T18:00:00Z,11.30,130.50,10.80,130.00,0.0,77.9
WP312025,JTWC,2025-11-02T06:00:00Z,24,2025-11-03T06:00:00Z,11.00,127.50,10.40,127.70,0.0,70.2
WP312025,JTWC,2025-11-02T06:00:00Z,36,2025-11-03T18:00:00Z,10.90,124.90,10.60,124.40,0.0,64.0
WP312025,JTWC,2025-11-02T12:00:00Z,12,2025-11-03T00:00:00Z,11.10,128.90,10.50,128.80,0.0,67.6
WP312025,JTWC,2025-11-02T12:00:00Z,24,2025-11-03T12:00:00Z,11.00,126.10,10.60,126.20,0.0,45.8
WP312025,JTWC,2025-11-02T12:00:00Z,36,2025-11-04T00:00:00Z,11.00,123.50,10.80,123.00,0.0,59.0
WP312025,JTWC,2025-11-02T18:00:00Z,12,2025-11-03T06:00:00Z,10.60,127.50,10.40,127.70,0.0,31.2
WP312025,JTWC,2025-11-02T18:00:00Z,24,2025-11-03T18:00:00Z,10.50,124.80,10.60,124.40,0.0,45.1
WP312025,JTWC,2025-11-02T18:00:00Z,36,2025-11-04T06:00:00Z,10.80,122.30,10.40,122.00,0.0,55.3
WP312025,JTWC,2025-11-03T00:00:00Z,12,2025-11-03T12:00:00Z,10.30,126.30,10.60,126.20,0.0,35.1
WP312025,JTWC,2025-11-03T00:00:00Z,24,2025-11-04T00:00:00Z,10.40,123.60,10.80,123.00,0.0,79.2
WP312025,JTWC,2025-11-03T00:00:00Z,36,2025-11-04T12:00:00Z,10.80,121.20,10.80,120.80,0.0,43.7
WP312025,JTWC,2025-11-03T06:00:00Z,12,2025-11-03T18:00:00Z,10.50,125.00,10.60,124.40,0.0,66.5
WP312025,JTWC,2025-11-03T06:00:00Z,24,2025-11-04T06:00:00Z,10.70,122.40,10.40,122.00,0.0,55.0
WP312025,JTWC,2025-11-03T06:00:00Z,36,2025-11-04T18:00:00Z,11.30,119.90,11.00,119.80,0.0,35.1
WP312025,JTWC,2025-11-03T12:00:00Z,12,2025-11-04T00:00:00Z,10.80,123.50,10.80,123.00,0.0,54.6
WP312025,JTWC,2025-11-03T12:00:00Z,24,2025-11-04T12:00:00Z,11.30,121.00,10.80,120.80,0.0,59.7
WP312025,JTWC,2025-11-03T12:00:00Z,36,2025-11-05T00:00:00Z,11.80,118.50,11.40,119.10,0.0,79.1
WP312025,JTWC,2025-11-03T18:00:00Z,12,2025-11-04T06:00:00Z,11.40,121.80,10.40,122.00,0.0,113.3
WP312025,JTWC,2025-11-03T18:00:00Z,24,2025-11-04T18:00:00Z,11.80,119.30,11.00,119.80,0.0,104.3
WP312025,JTWC,2025-11-03T18:00:00Z,36,2025-11-05T06:00:00Z,12.30,117.00,11.90,117.50,0.0,70.2
WP312025,JTWC,2025-11-04T00:00:00Z,12,2025-11-04T12:00:00Z,11.00,120.70,10.80,120.80,0.0,24.8
WP312025,JTWC,2025-11-04T00:00:00Z,24,2025-11-05T00:00:00Z,11.40,118.50,11.40,119.10,0.0,65.4
WP312025,JTWC,2025-11-04T00:00:00Z,36,2025-11-05T12:00:00Z,12.00,115.90,12.50,116.10,0.0,59.7
WP312025,JTWC,2025-11-04T06:00:00Z,12,2025-11-04T18:00:00Z,10.90,119.70,11.00,119.80,0.0,15.6
WP312025,JTWC,2025-11-04T06:00:00Z,24,2025-11-05T06:00:00Z,11.50,117.50,11.90,117.50,0.0,44.5
WP312025,JTWC,2025-11-04T06:00:00Z,36,2025-11-05T18:00:00Z,12.10,115.30,13.20,114.30,0.0,163.5
WP312025,JTWC,2025-11-04T12:00:00Z,12,2025-11-05T00:00:00Z,11.30,118.60,11.40,119.10,0.0,55.6
WP312025,JTWC,2025-11-04T12:00:00Z,24,2025-11-05T12:00:00Z,11.90,116.00,12.50,116.10,0.0,67.6
WP312025,JTWC,2025-11-04T12:00:00Z,36,2025-11-06T00:00:00Z,12.70,113.00,13.10,112.20,0.0,97.5
WP312025,JTWC,2025-11-04T18:00:00Z,12,2025-11-05T06:00:00Z,11.70,117.80,11.90,117.50,0.0,39.5
WP312025,JTWC,2025-11-04T18:00:00Z,24,2025-11-05T18:00:00Z,12.50,114.70,13.20,114.30,0.0,89.1
WP312025,JTWC,2025-11-04T18:00:00Z,36,2025-11-06T06:00:00Z,13.00,111.80,13.30,110.60,0.0,134.1
WP312025,JTWC,2025-11-05T00:00:00Z,12,2025-11-05T12:00:00Z,12.20,116.50,12.50,116.10,0.0,54.8
WP312025,JTWC,2025-11-05T00:00:00Z,24,2025-11-06T00:00:00Z,13.00,113.40,13.10,112.20,0.0,130.5
WP312025,JTWC,2025-11-05T00:00:00Z,36,2025-11-06T12:00:00Z,13.80,110.30,13.70,109.10,0.0,130.1
WP312025,JTWC,2025-11-05T06:00:00Z,12,2025-11-05T18:00:00Z,12.90,114.20,13.20,114.30,0.0,35.1
WP312025,JTWC,2025-11-05T06:00:00Z,24,2025-11-06T06:00:00Z,13.70,111.20,13.30,110.60,0.0,78.7
WP312025,JTWC,2025-11-05T12:00:00Z,12,2025-11-06T00:00:00Z,13.30,113.00,13.10,112.20,0.0,89.4
WP312025,JTWC,2025-11-05T12:00:00Z,24,2025-11-06T12:00:00Z,14.10,110.00,13.70,109.10,0.0,106.8
WP312025,JTWC,2025-11-05T18:00:00Z,12,2025-11-06T06:00:00Z,14.00,111.40,13.30,110.60,0.0,116.3
WP312025,JTWC,2025-11-06T00:00:00Z,12,2025-11-06T12:00:00Z,14.00,109.10,13.70,109.10,0.0,33.4
WP322025,JTWC,2025-11-04T06:00:00Z,24,2025-11-05T06:00:00Z,9.20,141.50,8.70,142.70,0.0,143.1
WP322025,JTWC,2025-11-04T06:00:00Z,36,2025-11-05T18:00:00Z,10.00,140.90,9.50,141.30,0.0,70.8
WP322025,JTWC,2025-11-04T12:00:00Z,12,2025-11-05T00:00:00Z,8.70,141.40,8.20,143.20,0.0,205.6
WP322025,JTWC,2025-11-04T12:00:00Z,24,2025-11-05T12:00:00Z,9.60,141.00,9.10,141.70,0.0,94.8
WP322025,JTWC,2025-11-04T12:00:00Z,36,2025-11-06T00:00:00Z,10.80,140.10,10.00,140.80,0.0,117.4
WP322025,JTWC,2025-11-04T18:00:00Z,12,2025-11-05T06:00:00Z,8.80,141.40,8.70,142.70,0.0,143.3
WP322025,JTWC,2025-11-04T18:00:00Z,24,2025-11-05T18:00:00Z,9.70,141.00,9.50,141.30,0.0,39.7
WP322025,JTWC,2025-11-04T18:00:00Z,36,2025-11-06T06:00:00Z,10.70,140.10,10.10,140.20,0.0,67.6
WP322025,JTWC,2025-11-05T00:00:00Z,12,2025-11-05T12:00:00Z,9.20,142.90,9.10,141.70,0.0,132.2
WP322025,JTWC,2025-11-05T00:00:00Z,24,2025-11-06T00:00:00Z,10.10,142.10,10.00,140.80,0.0,142.8
WP322025,JTWC,2025-11-05T00:00:00Z,36,2025-11-06T12:00:00Z,11.10,140.90,10.40,139.40,0.0,181.4
WP322025,JTWC,2025-11-05T06:00:00Z,12,2025-11-05T18:00:00Z,9.50,142.50,9.50,141.30,0.0,131.6
WP322025,JTWC,2025-11-05T06:00:00Z,24,2025-11-06T06:00:00Z,10.50,141.50,10.10,140.20,0.0,149.0
WP322025,JTWC,2025-11-05T06:00:00Z,36,2025-11-06T18:00:00Z,11.60,140.00,10.80,138.80,0.0,158.3
WP322025,JTWC,2025-11-05T12:00:00Z,12,2025-11-06T00:00:00Z,9.60,141.60,10.00,140.80,0.0,98.3
WP322025,JTWC,2025-11-05T12:00:00Z,24,2025-11-06T12:00:00Z,10.80,140.20,10.40,139.40,0.0,98.1
WP322025,JTWC,2025-11-05T12:00:00Z,36,2025-11-07T00:00:00Z,11.50,138.60,11.40,138.10,0.0,55.6
WP322025,JTWC,2025-11-05T18:00:00Z,12,2025-11-06T06:00:00Z,10.60,139.50,10.10,140.20,0.0,94.6
WP322025,JTWC,2025-11-05T18:00:00Z,24,2025-11-06T18:00:00Z,11.30,137.90,10.80,138.80,0.0,112.9
WP322025,JTWC,2025-11-05T18:00:00Z,36,2025-11-07T06:00:00Z,11.90,136.00,11.80,136.60,0.0,66.2
WP322025,JTWC,2025-11-06T00:00:00Z,12,2025-11-06T12:00:00Z,11.20,138.40,10.40,139.40,0.0,140.9
WP322025,JTWC,2025-11-06T00:00:00Z,24,2025-11-07T00:00:00Z,11.90,136.80,11.40,138.10,0.0,152.1
WP322025,JTWC,2025-11-06T00:00:00Z,36,2025-11-07T12:00:00Z,12.50,134.30,12.00,135.40,0.0,131.8
WP322025,JTWC,2025-11-06T06:00:00Z,12,2025-11-06T18:00:00Z,10.40,139.20,10.80,138.80,0.0,62.4
WP322025,JTWC,2025-11-06T06:00:00Z,24,2025-11-07T06:00:00Z,11.20,137.00,11.80,136.60,0.0,79.7
WP322025,JTWC,2025-11-06T06:00:00Z,36,2025-11-07T18:00:00Z,11.80,134.30,12.10,134.30,0.0,33.4
WP322025,JTWC,2025-11-06T12:00:00Z,12,2025-11-07T00:00:00Z,11.20,137.70,11.40,138.10,0.0,49.0
WP322025,JTWC,2025-11-06T12:00:00Z,24,2025-11-07T12:00:00Z,11.90,135.30,12.00,135.40,0.0,15.6
WP322025,JTWC,2025-11-06T12:00:00Z,36,2025-11-08T00:00:00Z,12.50,132.50,12.60,132.30,0.0,24.4
WP322025,JTWC,2025-11-06T18:00:00Z,12,2025-11-07T06:00:00Z,11.70,136.50,11.80,136.60,0.0,15.6
WP322025,JTWC,2025-11-06T18:00:00Z,24,2025-11-07T18:00:00Z,12.30,133.90,12.10,134.30,0.0,48.8
WP322025,JTWC,2025-11-06T18:00:00Z,36,2025-11-08T06:00:00Z,12.90,130.70,13.00,130.70,0.0,11.1
WP322025,JTWC,2025-11-07T00:00:00Z,12,2025-11-07T12:00:00Z,12.20,135.60,12.00,135.40,0.0,31.1
WP322025,JTWC,2025-11-07T00:00:00Z,24,2025-11-08T00:00:00Z,12.70,132.70,12.60,132.30,0.0,44.8
WP322025,JTWC,2025-11-07T00:00:00Z,36,2025-11-08T12:00:00Z,13.50,129.30,13.30,128.30,0.0,110.4
WP322025,JTWC,2025-11-07T06:00:00Z,12,2025-11-07T18:00:00Z,12.20,133.90,12.10,134.30,0.0,44.9
WP322025,JTWC,2025-11-07T06:00:00Z,24,2025-11-08T06:00:00Z,13.00,130.50,13.00,130.70,0.0,21.7
WP322025,JTWC,2025-11-07T06:00:00Z,36,2025-11-08T18:00:00Z,13.80,127.10,13.80,126.40,0.0,75.6
WP322025,JTWC,2025-11-07T12:00:00Z,12,2025-11-08T00:00:00Z,12.50,132.40,12.60,132.30,0.0,15.5
WP322025,JTWC,2025-11-07T12:00:00Z,24,2025-11-08T12:00:00Z,13.40,129.00,13.30,128.30,0.0,76.5
WP322025,JTWC,2025-11-07T12:00:00Z,36,2025-11-09T00:00:00Z,14.40,125.50,14.30,124.80,0.0,76.2
WP322025,JTWC,2025-11-07T18:00:00Z,12,2025-11-08T06:00:00Z,12.80,130.70,13.00,130.70,0.0,22.2
WP322025,JTWC,2025-11-07T18:00:00Z,24,2025-11-08T18:00:00Z,13.70,127.30,13.80,126.40,0.0,97.8
WP322025,JTWC,2025-11-07T18:00:00Z,36,2025-11-09T06:00:00Z,14.90,124.30,14.90,123.30,0.0,107.5
WP322025,JTWC,2025-11-08T00:00:00Z,12,2025-11-08T12:00:00Z,13.30,128.80,13.30,128.30,0.0,54.1
WP322025,JTWC,2025-11-08T00:00:00Z,24,2025-11-09T00:00:00Z,14.40,125.30,14.30,124.80,0.0,55.0
WP322025,JTWC,2025-11-08T00:00:00Z,36,2025-11-09T12:00:00Z,15.70,122.40,15.90,121.90,0.0,57.9
WP322025,JTWC,2025-11-08T06:00:00Z,12,2025-11-08T18:00:00Z,14.00,127.20,13.80,126.40,0.0,89.2
WP322025,JTWC,2025-11-08T06:00:00Z,24,2025-11-09T06:00:00Z,15.10,124.10,14.90,123.30,0.0,88.8
WP322025,JTWC,2025-11-08T06:00:00Z,36,2025-11-09T18:00:00Z,16.20,121.60,16.60,120.00,0.0,176.4
WP322025,JTWC,2025-11-08T12:00:00Z,12,2025-11-09T00:00:00Z,14.40,124.90,14.30,124.80,0.0,15.5
WP322025,JTWC,2025-11-08T12:00:00Z,24,2025-11-09T12:00:00Z,15.40,122.10,15.90,121.90,0.0,59.6
WP322025,JTWC,2025-11-08T12:00:00Z,36,2025-11-10T00:00:00Z,16.50,120.10,17.10,119.20,0.0,116.7
WP322025,JTWC,2025-11-08T18:00:00Z,12,2025-11-09T06:00:00Z,14.90,123.50,14.90,123.30,0.0,21.5
WP322025,JTWC,2025-11-08T18:00:00Z,24,2025-11-09T18:00:00Z,16.30,120.80,16.60,120.00,0.0,91.6
WP322025,JTWC,2025-11-08T18:00:00Z,36,2025-11-10T06:00:00Z,17.40,119.00,17.60,118.80,0.0,30.7
WP322025,JTWC,2025-11-09T00:00:00Z,12,2025-11-09T12:00:00Z,15.40,121.80,15.90,121.90,0.0,56.6
WP322025,JTWC,2025-11-09T00:00:00Z,24,2025-11-10T00:00:00Z,16.70,119.50,17.10,119.20,0.0,54.7
WP322025,JTWC,2025-11-09T00:00:00Z,36,2025-11-10T12:00:00Z,17.70,118.40,18.20,118.50,0.0,56.6
WP322025,JTWC,2025-11-09T06:00:00Z,12,2025-11-09T18:00:00Z,16.20,120.60,16.60,120.00,0.0,77.9
WP322025,JTWC,2025-11-09T06:00:00Z,24,2025-11-10T06:00:00Z,17.40,118.90,17.60,118.80,0.0,24.6
WP322025,JTWC,2025-11-09T06:00:00Z,36,2025-11-10T18:00:00Z,18.40,118.00,19.00,118.30,0.0,73.8
WP322025,JTWC,2025-11-09T12:00:00Z,12,2025-11-10T00:00:00Z,17.30,119.70,17.10,119.20,0.0,57.6
WP322025,JTWC,2025-11-09T12:00:00Z,24,2025-11-10T12:00:00Z,18.30,118.40,18.20,118.50,0.0,15.3
WP322025,JTWC,2025-11-09T12:00:00Z,36,2025-11-11T00:00:00Z,19.50,117.90,19.50,118.20,0.0,31.4
WP322025,JTWC,2025-11-09T18:00:00Z,12,2025-11-10T06:00:00Z,17.50,118.60,17.60,118.80,0.0,23.9
WP322025,JTWC,2025-11-09T18:00:00Z,24,2025-11-10T18:00:00Z,18.60,117.80,19.00,118.30,0.0,68.9
WP322025,JTWC,2025-11-09T18:00:00Z,36,2025-11-11T06:00:00Z,19.80,117.60,20.20,118.50,0.0,104.0
WP322025,JTWC,2025-11-10T00:00:00Z,12,2025-11-10T12:00:00Z,18.40,118.20,18.20,118.50,0.0,38.7
WP322025,JTWC,2025-11-10T00:00:00Z,24,2025-11-11T00:00:00Z,19.50,117.90,19.50,118.20,0.0,31.4
WP322025,JTWC,2025-11-10T00:00:00Z,36,2025-11-11T12:00:00Z,20.90,118.10,20.70,118.80,0.0,76.1
WP322025,JTWC,2025-11-10T06:00:00Z,12,2025-11-10T18:00:00Z,18.70,118.20,19.00,118.30,0.0,35.0
WP322025,JTWC,2025-11-10T06:00:00Z,24,2025-11-11T06:00:00Z,19.90,118.10,20.20,118.50,0.0,53.5
WP322025,JTWC,2025-11-10T06:00:00Z,36,2025-11-11T18:00:00Z,21.30,118.40,21.20,118.90,0.0,53.0
WP322025,JTWC,2025-11-10T12:00:00Z,12,2025-11-11T00:00:00Z,19.70,118.20,19.50,118.20,0.0,22.2
WP322025,JTWC,2025-11-10T12:00:00Z,24,2025-11-11T12:00:00Z,21.00,118.30,20.70,118.80,0.0,61.7
WP322025,JTWC,2025-11-10T12:00:00Z,36,2025-11-12T00:00:00Z,22.40,119.00,21.50,119.20,0.0,102.2
WP322025,JTWC,2025-11-10T18:00:00Z,12,2025-11-11T06:00:00Z,20.00,118.30,20.20,118.50,0.0,30.5
WP322025,JTWC,2025-11-10T18:00:00Z,24,2025-11-11T18:00:00Z,21.10,118.60,21.20,118.90,0.0,33.0
WP322025,JTWC,2025-11-10T18:00:00Z,36,2025-11-12T06:00:00Z,22.30,119.50,21.80,119.90,0.0,69.2
WP322025,JTWC,2025-11-11T00:00:00Z,12,2025-11-11T12:00:00Z,20.50,118.60,20.70,118.80,0.0,30.5
WP322025,JTWC,2025-11-11T00:00:00Z,24,2025-11-12T00:00:00Z,21.60,119.40,21.50,119.20,0.0,23.5
WP322025,JTWC,2025-11-11T00:00:00Z,36,2025-11-12T12:00:00Z,22.80,120.50,22.10,120.80,0.0,83.7
WP322025,JTWC,2025-11-11T06:00:00Z,12,2025-11-11T18:00:00Z,21.20,119.10,21.20,118.90,0.0,20.7
WP322025,JTWC,2025-11-11T06:00:00Z,24,2025-11-12T06:00:00Z,22.20,120.10,21.80,119.90,0.0,49.0
WP322025,JTWC,2025-11-11T06:00:00Z,36,2025-11-12T18:00:00Z,23.70,122.10,23.10,121.80,0.0,73.4
WP322025,JTWC,2025-11-11T12:00:00Z,12,2025-11-12T00:00:00Z,21.50,119.90,21.50,119.20,0.0,72.4
WP322025,JTWC,2025-11-11T12:00:00Z,24,2025-11-12T12:00:00Z,22.40,121.10,22.10,120.80,0.0,45.5
WP322025,JTWC,2025-11-11T12:00:00Z,36,2025-11-13T00:00:00Z,24.00,123.30,24.80,123.00,0.0,94.0
WP322025,JTWC,2025-11-11T18:00:00Z,12,2025-11-12T06:00:00Z,22.10,120.00,21.80,119.90,0.0,34.9
WP322025,JTWC,2025-11-11T18:00:00Z,24,2025-11-12T18:00:00Z,23.50,121.90,23.10,121.80,0.0,45.6
WP322025,JTWC,2025-11-11T18:00:00Z,36,2025-11-13T06:00:00Z,25.00,124.40,25.40,124.80,0.0,60.0
WP322025,JTWC,2025-11-12T00:00:00Z,12,2025-11-12T12:00:00Z,22.30,120.40,22.10,120.80,0.0,46.8
WP322025,JTWC,2025-11-12T00:00:00Z,24,2025-11-13T00:00:00Z,23.80,122.60,24.80,123.00,0.0,118.4
WP322025,JTWC,2025-11-12T00:00:00Z,36,2025-11-13T12:00:00Z,25.20,125.40,25.80,126.90,0.0,164.7
WP322025,JTWC,2025-11-12T06:00:00Z,12,2025-11-12T18:00:00Z,23.20,121.80,23.10,121.80,0.0,11.1
WP322025,JTWC,2025-11-12T06:00:00Z,24,2025-11-13T06:00:00Z,25.00,124.90,25.40,124.80,0.0,45.6
WP322025,JTWC,2025-11-12T12:00:00Z,12,2025-11-13T00:00:00Z,24.00,123.10,24.80,123.00,0.0,89.5
WP322025,JTWC,2025-11-12T12:00:00Z,24,2025-11-13T12:00:00Z,25.30,126.40,25.80,126.90,0.0,74.9
WP322025,JTWC,2025-11-12T18:00:00Z,12,2025-11-13T06:00:00Z,24.70,124.70,25.40,124.80,0.0,78.5
WP322025,JTWC,2025-11-13T00:00:00Z,12,2025-11-13T12:00:00Z,25.40,125.80,25.80,126.90,0.0,118.9
WP332025,JTWC,2025-11-24T18:00:00Z,12,2025-11-25T06:00:00Z,10.60,121.10,10.70,121.10,0.0,11.1
WP332025,JTWC,2025-11-24T18:00:00Z,24,2025-11-25T18:00:00Z,11.50,118.90,11.80,119.20,0.0,46.7
WP332025,JTWC,2025-11-24T18:00:00Z,36,2025-11-26T06:00:00Z,12.20,116.80,12.10,116.50,0.0,34.5
WP332025,JTWC,2025-11-25T00:00:00Z,12,2025-11-25T12:00:00Z,11.70,120.10,11.40,120.20,0.0,35.1
WP332025,JTWC,2025-11-25T00:00:00Z,24,2025-11-26T00:00:00Z,12.50,117.90,12.20,117.60,0.0,46.6
WP332025,JTWC,2025-11-25T00:00:00Z,36,2025-11-26T12:00:00Z,12.90,116.00,12.50,115.40,0.0,78.8
WP332025,JTWC,2025-11-25T06:00:00Z,12,2025-11-25T18:00:00Z,12.00,118.90,11.80,119.20,0.0,39.5
WP332025,JTWC,2025-11-25T06:00:00Z,24,2025-11-26T06:00:00Z,12.70,116.80,12.10,116.50,0.0,74.2
WP332025,JTWC,2025-11-25T06:00:00Z,36,2025-11-26T18:00:00Z,12.90,115.20,13.00,114.80,0.0,44.8
WP332025,JTWC,2025-11-25T12:00:00Z,12,2025-11-26T00:00:00Z,12.30,117.60,12.20,117.60,0.0,11.1
WP332025,JTWC,2025-11-25T12:00:00Z,24,2025-11-26T12:00:00Z,12.70,115.50,12.50,115.40,0.0,24.7
WP332025,JTWC,2025-11-25T12:00:00Z,36,2025-11-27T00:00:00Z,12.60,114.10,13.20,114.10,0.0,66.7
WP332025,JTWC,2025-11-25T18:00:00Z,12,2025-11-26T06:00:00Z,12.90,117.10,12.10,116.50,0.0,110.3
WP332025,JTWC,2025-11-25T18:00:00Z,24,2025-11-26T18:00:00Z,13.10,115.50,13.00,114.80,0.0,76.6
WP332025,JTWC,2025-11-25T18:00:00Z,36,2025-11-27T06:00:00Z,12.90,114.60,13.10,113.60,0.0,110.6
WP332025,JTWC,2025-11-26T00:00:00Z,12,2025-11-26T12:00:00Z,13.00,115.70,12.50,115.40,0.0,64.4
WP332025,JTWC,2025-11-26T00:00:00Z,24,2025-11-27T00:00:00Z,13.10,114.40,13.20,114.10,0.0,34.3
WP332025,JTWC,2025-11-26T00:00:00Z,36,2025-11-27T12:00:00Z,12.80,113.60,12.70,113.50,0.0,15.5
WP332025,JTWC,2025-11-26T06:00:00Z,12,2025-11-26T18:00:00Z,12.10,114.70,13.00,114.80,0.0,100.7
WP332025,JTWC,2025-11-26T06:00:00Z,24,2025-11-27T06:00:00Z,12.10,113.60,13.10,113.60,0.0,111.2
WP332025,JTWC,2025-11-26T06:00:00Z,36,2025-11-27T18:00:00Z,11.90,112.90,12.40,113.30,0.0,70.6
WP332025,JTWC,2025-11-26T12:00:00Z,12,2025-11-27T00:00:00Z,12.80,114.00,13.20,114.10,0.0,45.8
WP332025,JTWC,2025-11-26T12:00:00Z,24,2025-11-27T12:00:00Z,12.60,113.20,12.70,113.50,0.0,34.4
WP332025,JTWC,2025-11-26T12:00:00Z,36,2025-11-28T00:00:00Z,12.50,112.50,12.40,113.00,0.0,55.4
WP332025,JTWC,2025-11-26T18:00:00Z,12,2025-11-27T06:00:00Z,13.30,113.70,13.10,113.60,0.0,24.7
WP332025,JTWC,2025-11-26T18:00:00Z,24,2025-11-27T18:00:00Z,13.00,113.20,12.40,113.30,0.0,67.6
WP332025,JTWC,2025-11-26T18:00:00Z,36,2025-11-28T06:00:00Z,13.00,112.80,12.50,112.70,0.0,56.6
WP332025,JTWC,2025-11-27T00:00:00Z,12,2025-11-27T12:00:00Z,13.00,113.20,12.70,113.50,0.0,46.6
WP332025,JTWC,2025-11-27T00:00:00Z,24,2025-11-28T00:00:00Z,12.80,112.70,12.40,113.00,0.0,55.1
WP332025,JTWC,2025-11-27T00:00:00Z,36,2025-11-28T12:00:00Z,12.90,112.30,12.70,112.50,0.0,31.1
WP332025,JTWC,2025-11-27T06:00:00Z,12,2025-11-27T18:00:00Z,12.80,113.30,12.40,113.30,0.0,44.5
WP332025,JTWC,2025-11-27T06:00:00Z,24,2025-11-28T06:00:00Z,12.90,112.80,12.50,112.70,0.0,45.8
WP332025,JTWC,2025-11-27T06:00:00Z,36,2025-11-28T18:00:00Z,13.20,112.50,13.00,112.30,0.0,31.0
WP332025,JTWC,2025-11-27T12:00:00Z,12,2025-11-28T00:00:00Z,12.70,113.30,12.40,113.00,0.0,46.6
WP332025,JTWC,2025-11-27T12:00:00Z,24,2025-11-28T12:00:00Z,12.90,112.90,12.70,112.50,0.0,48.7
WP332025,JTWC,2025-11-27T12:00:00Z,36,2025-11-29T00:00:00Z,13.20,112.70,13.20,112.20,0.0,54.1
WP332025,JTWC,2025-11-27T18:00:00Z,12,2025-11-28T06:00:00Z,12.10,113.20,12.50,112.70,0.0,70.2
WP332025,JTWC,2025-11-27T18:00:00Z,24,2025-11-28T18:00:00Z,12.50,112.80,13.00,112.30,0.0,77.7
WP332025,JTWC,2025-11-27T18:00:00Z,36,2025-11-29T06:00:00Z,13.00,112.60,13.30,112.00,0.0,73.0
WP332025,JTWC,2025-11-28T00:00:00Z,12,2025-11-28T12:00:00Z,12.50,112.50,12.70,112.50,0.0,22.2
WP332025,JTWC,2025-11-28T00:00:00Z,24,2025-11-29T00:00:00Z,12.90,112.20,13.20,112.20,0.0,33.4
WP332025,JTWC,2025-11-28T00:00:00Z,36,2025-11-29T12:00:00Z,13.30,112.10,13.40,112.10,0.0,11.1
WP332025,JTWC,2025-11-28T06:00:00Z,12,2025-11-28T18:00:00Z,12.80,112.30,13.00,112.30,0.0,22.2
WP332025,JTWC,2025-11-28T06:00:00Z,24,2025-11-29T06:00:00Z,13.40,112.00,13.30,112.00,0.0,11.1
WP332025,JTWC,2025-11-28T06:00:00Z,36,2025-11-29T18:00:00Z,14.00,111.80,13.80,112.20,0.0,48.6
WP332025,JTWC,2025-11-28T12:00:00Z,12,2025-11-29T00:00:00Z,13.20,112.10,13.20,112.20,0.0,10.8
WP332025,JTWC,2025-11-28T12:00:00Z,24,2025-11-29T12:00:00Z,13.70,112.00,13.40,112.10,0.0,35.1
WP332025,JTWC,2025-11-28T12:00:00Z,36,2025-11-30T00:00:00Z,14.10,112.00,14.00,112.30,0.0,34.2
WP332025,JTWC,2025-11-28T18:00:00Z,12,2025-11-29T06:00:00Z,13.30,112.30,13.30,112.00,0.0,32.5
WP332025,JTWC,2025-11-28T18:00:00Z,24,2025-11-29T18:00:00Z,13.80,112.40,13.80,112.20,0.0,21.6
WP332025,JTWC,2025-11-28T18:00:00Z,36,2025-11-30T06:00:00Z,14.20,112.50,14.20,112.30,0.0,21.6
WP332025,JTWC,2025-11-29T00:00:00Z,12,2025-11-29T12:00:00Z,13.40,112.10,13.40,112.10,0.0,0.0
WP332025,JTWC,2025-11-29T00:00:00Z,24,2025-11-30T00:00:00Z,13.70,112.20,14.00,112.30,0.0,35.1
WP332025,JTWC,2025-11-29T00:00:00Z,36,2025-11-30T12:00:00Z,14.10,112.30,14.30,112.20,0.0,24.7
WP332025,JTWC,2025-11-29T06:00:00Z,12,2025-11-29T18:00:00Z,13.80,112.00,13.80,112.20,0.0,21.6
WP332025,JTWC,2025-11-29T06:00:00Z,24,2025-11-30T06:00:00Z,14.10,112.10,14.20,112.30,0.0,24.3
WP332025,JTWC,2025-11-29T06:00:00Z,36,2025-11-30T18:00:00Z,14.30,112.00,14.50,112.00,0.0,22.2
WP332025,JTWC,2025-11-29T12:00:00Z,12,2025-11-30T00:00:00Z,13.90,112.20,14.00,112.30,0.0,15.5
WP332025,JTWC,2025-11-29T12:00:00Z,24,2025-11-30T12:00:00Z,14.20,112.10,14.30,112.20,0.0,15.5
WP332025,JTWC,2025-11-29T12:00:00Z,36,2025-12-01T00:00:00Z,14.20,111.80,14.70,111.60,0.0,59.6
WP332025,JTWC,2025-11-29T18:00:00Z,12,2025-11-30T06:00:00Z,14.10,112.30,14.20,112.30,0.0,11.1
WP332025,JTWC,2025-11-29T18:00:00Z,24,2025-11-30T18:00:00Z,14.30,112.30,14.50,112.00,0.0,39.2
WP332025,JTWC,2025-11-29T18:00:00Z,36,2025-12-01T06:00:00Z,14.20,111.70,14.70,111.50,0.0,59.6
WP332025,JTWC,2025-11-30T00:00:00Z,12,2025-11-30T12:00:00Z,14.30,112.50,14.30,112.20,0.0,32.3
WP332025,JTWC,2025-11-30T00:00:00Z,24,2025-12-01T00:00:00Z,14.40,112.10,14.70,111.60,0.0,63.3
WP332025,JTWC,2025-11-30T00:00:00Z,36,2025-12-01T12:00:00Z,14.10,111.50,14.50,111.50,0.0,44.5
WP332025,JTWC,2025-11-30T06:00:00Z,12,2025-11-30T18:00:00Z,14.50,112.10,14.50,112.00,0.0,10.8
WP332025,JTWC,2025-11-30T06:00:00Z,24,2025-12-01T06:00:00Z,14.50,111.70,14.70,111.50,0.0,30.9
WP332025,JTWC,2025-11-30T06:00:00Z,36,2025-12-01T18:00:00Z,14.30,111.40,14.40,111.30,0.0,15.5
WP332025,JTWC,2025-11-30T12:00:00Z,12,2025-12-01T00:00:00Z,14.50,112.00,14.70,111.60,0.0,48.4
WP332025,JTWC,2025-11-30T12:00:00Z,24,2025-12-01T12:00:00Z,14.40,111.80,14.50,111.50,0.0,34.2
WP332025,JTWC,2025-11-30T12:00:00Z,36,2025-12-02T00:00:00Z,14.20,111.60,14.20,111.50,0.0,10.8
WP332025,JTWC,2025-11-30T18:00:00Z,12,2025-12-01T06:00:00Z,15.00,111.60,14.70,111.50,0.0,35.0
WP332025,JTWC,2025-11-30T18:00:00Z,24,2025-12-01T18:00:00Z,14.80,111.40,14.40,111.30,0.0,45.8
WP332025,JTWC,2025-11-30T18:00:00Z,36,2025-12-02T06:00:00Z,14.40,111.30,14.10,111.70,0.0,54.5
WP332025,JTWC,2025-12-01T00:00:00Z,12,2025-12-01T12:00:00Z,14.60,111.40,14.50,111.50,0.0,15.5
WP332025,JTWC,2025-12-01T00:00:00Z,24,2025-12-02T00:00:00Z,14.20,111.20,14.20,111.50,0.0,32.3
WP332025,JTWC,2025-12-01T00:00:00Z,36,2025-12-02T12:00:00Z,13.90,111.00,13.90,111.70,0.0,75.6
WP332025,JTWC,2025-12-01T06:00:00Z,12,2025-12-01T18:00:00Z,14.30,111.40,14.40,111.30,0.0,15.5
WP332025,JTWC,2025-12-01T06:00:00Z,24,2025-12-02T06:00:00Z,14.00,111.30,14.10,111.70,0.0,44.6
WP332025,JTWC,2025-12-01T06:00:00Z,36,2025-12-02T18:00:00Z,13.40,111.00,13.70,111.10,0.0,35.1
WP332025,JTWC,2025-12-01T12:00:00Z,12,2025-12-02T00:00:00Z,14.20,111.40,14.20,111.50,0.0,10.8
WP332025,JTWC,2025-12-01T12:00:00Z,24,2025-12-02T12:00:00Z,13.80,111.30,13.90,111.70,0.0,44.6
WP332025,JTWC,2025-12-01T12:00:00Z,36,2025-12-03T00:00:00Z,12.90,110.70,13.20,110.50,0.0,39.8
WP332025,JTWC,2025-12-01T18:00:00Z,12,2025-12-02T06:00:00Z,13.90,111.10,14.10,111.70,0.0,68.4
WP332025,JTWC,2025-12-01T18:00:00Z,24,2025-12-02T18:00:00Z,13.30,110.80,13.70,111.10,0.0,55.0
WP332025,JTWC,2025-12-02T00:00:00Z,12,2025-12-02T12:00:00Z,13.50,111.30,13.90,111.70,0.0,62.0
WP332025,JTWC,2025-12-02T00:00:00Z,24,2025-12-03T00:00:00Z,12.70,110.70,13.20,110.50,0.0,59.7
